url_length,hostname_length,path_length,query_length,dot_count,subdomain_count,hyphen_count,digit_count,special_char_count,has_at_symbol,has_ip_hostname,suspicious_token_count,url_entropy,has_encoding,has_punycode,digit_letter_ratio,path_token_count,query_param_count,label,domain,url
20,13,0,0,1,0,1,0,0,False,False,0,3.6842,False,False,0.0,0,0,0,al-adtech.com,http://al-adtech.com
16,9,0,0,1,0,0,0,0,False,False,0,3.5,False,False,0.0,0,0,0,freep.com,http://freep.com
16,9,0,0,1,0,0,1,0,False,False,0,3.5,False,False,0.08333333333333333,0,0,0,dome9.com,http://dome9.com
20,13,0,0,1,0,1,0,0,False,False,0,3.7842,False,False,0.0,0,0,0,e-volution.ai,http://e-volution.ai
24,17,0,0,1,0,0,0,0,False,False,0,3.6368,False,False,0.0,0,0,0,mcusercontent.com,http://mcusercontent.com
21,14,0,0,1,0,0,0,0,False,False,0,3.7849,False,False,0.0,0,0,0,cntraveler.com,http://cntraveler.com
23,16,0,0,1,0,0,0,0,False,False,0,3.6212,False,False,0.0,0,0,0,moneycontrol.com,http://moneycontrol.com
17,10,0,0,1,0,0,0,0,False,False,0,3.6169,False,False,0.0,0,0,0,simply.com,http://simply.com
18,11,0,0,1,0,0,0,0,False,False,0,3.6835,False,False,0.0,0,0,0,blinkit.com,http://blinkit.com
20,13,0,0,1,0,0,0,0,False,False,0,3.6842,False,False,0.0,0,0,0,pimpbunny.com,http://pimpbunny.com
25,18,0,0,1,0,0,0,0,False,False,0,3.9435,False,False,0.0,0,0,0,classificadosx.net,http://classificadosx.net
23,14,1,0,1,0,0,0,0,False,False,0,3.8492,False,False,0.0,0,0,1,nexusqal.homes,https://nexusqal.homes/
24,17,0,0,1,0,0,0,0,False,False,0,3.9183,False,False,0.0,0,0,0,mysterium.network,http://mysterium.network
16,9,0,0,1,0,1,0,0,False,False,0,3.625,False,False,0.0,0,0,0,ko-fi.com,http://ko-fi.com
18,11,0,0,1,0,0,0,0,False,False,0,3.3921,False,False,0.0,0,0,0,mydnspt.net,http://mydnspt.net
19,12,0,0,1,0,1,0,0,False,False,0,3.8269,False,False,0.0,0,0,0,kwai-pro.com,http://kwai-pro.com
15,8,0,0,1,0,0,0,0,False,False,0,3.5069,False,False,0.0,0,0,0,auone.jp,http://auone.jp
20,13,0,0,1,0,0,0,0,False,False,0,3.6842,False,False,0.0,0,0,0,holodisks.com,http://holodisks.com
13,6,0,0,1,0,0,0,0,False,False,0,3.1808,False,False,0.0,0,0,0,ntv.ru,http://ntv.ru
17,10,0,0,1,0,0,6,0,False,False,0,3.4992,False,False,0.75,0,0,0,550909.com,http://550909.com
17,10,0,0,1,0,0,0,0,False,False,0,3.4548,False,False,0.0,0,0,0,criteo.com,http://criteo.com
18,11,0,0,1,0,0,0,0,False,False,0,3.6144,False,False,0.0,0,0,0,fawanews.sc,http://fawanews.sc
18,11,0,0,1,0,0,1,0,False,False,0,3.4613,False,False,0.07142857142857142,0,0,0,kompoz2.com,http://kompoz2.com
14,7,0,0,1,0,0,0,0,False,False,0,3.3249,False,False,0.0,0,0,0,fubo.tv,http://fubo.tv
22,15,0,0,1,0,0,0,0,False,False,0,3.7322,False,False,0.0,0,0,0,dexscreener.com,http://dexscreener.com
15,8,0,0,1,0,0,2,0,False,False,0,3.5069,False,False,0.2,0,0,0,20min.ch,http://20min.ch
19,12,0,0,1,0,0,0,0,False,False,0,3.5766,False,False,0.0,0,0,0,desipussy.in,http://desipussy.in
24,17,0,0,1,0,1,0,0,False,False,0,3.7721,False,False,0.0,0,0,0,research-panel.jp,http://research-panel.jp
16,9,0,0,1,0,0,0,0,False,False,0,3.3278,False,False,0.0,0,0,0,dmcdn.net,http://dmcdn.net
21,14,0,0,1,0,0,0,0,False,False,0,3.8209,False,False,0.0,0,0,0,studentaid.gov,http://studentaid.gov
27,20,0,0,1,0,0,0,0,False,False,0,3.9121,False,False,0.0,0,0,0,impervasecuredns.net,http://impervasecuredns.net
19,12,0,0,1,0,0,0,0,False,False,0,3.8269,False,False,0.0,0,0,0,cyberark.com,http://cyberark.com
23,16,0,0,1,0,0,0,0,False,False,0,3.5884,False,False,0.0,0,0,0,gravitational.io,http://gravitational.io
19,12,0,0,1,0,0,0,0,False,False,0,3.2608,False,False,0.0,0,0,0,tiktokio.com,http://tiktokio.com
19,12,0,0,1,0,0,0,0,False,False,0,3.7871,False,False,0.0,0,0,0,ubereats.com,http://ubereats.com
19,12,0,0,1,0,0,0,0,False,False,0,3.8269,False,False,0.0,0,0,0,euronews.com,http://euronews.com
16,9,0,0,1,0,0,0,0,False,False,0,3.5778,False,False,0.0,0,0,0,france.tv,http://france.tv
25,18,0,0,1,0,0,0,0,False,False,0,3.8635,False,False,0.0,0,0,0,mercantilbanco.com,http://mercantilbanco.com
18,11,0,0,1,0,1,0,0,False,False,0,3.6835,False,False,0.0,0,0,0,iot-dns.com,http://iot-dns.com
22,15,0,0,1,0,0,0,0,False,False,0,3.7888,False,False,0.0,0,0,0,dinahosting.com,http://dinahosting.com
19,12,0,0,1,0,0,0,0,False,False,0,3.6819,False,False,0.0,0,0,0,exhentai.org,http://exhentai.org
20,13,0,0,1,0,0,0,0,False,False,0,3.5464,False,False,0.0,0,0,0,sportpesa.com,http://sportpesa.com
23,16,0,0,1,0,0,0,0,False,False,0,3.7081,False,False,0.0,0,0,0,sharethrough.com,http://sharethrough.com
25,18,0,0,1,0,0,0,0,False,False,0,3.8635,False,False,0.0,0,0,0,coinmastergame.com,http://coinmastergame.com
26,19,0,0,1,0,0,0,0,False,False,0,3.8441,False,False,0.0,0,0,0,cricketwireless.com,http://cricketwireless.com
20,13,0,0,1,0,1,2,0,False,False,0,4.0219,False,False,0.14285714285714285,0,0,0,awsdns-02.com,http://awsdns-02.com
13,6,0,0,1,0,0,0,0,False,False,0,3.1808,False,False,0.0,0,0,0,bt.com,http://bt.com
17,10,0,0,1,0,0,0,0,False,False,0,3.6169,False,False,0.0,0,0,0,newegg.com,http://newegg.com
21,14,0,0,1,0,1,0,0,False,False,0,3.749,False,False,0.0,0,0,0,rocket-cdn.com,http://rocket-cdn.com
15,8,0,0,1,0,0,0,0,False,False,0,3.5069,False,False,0.0,0,0,0,code.org,http://code.org
22,6,8,0,1,0,0,1,0,False,False,0,3.8454,False,False,0.058823529411764705,1,0,1,goo.su,https://goo.su/8lkOJBz
15,8,0,0,2,0,0,0,0,False,False,0,3.5069,False,False,0.0,0,0,0,nu.or.id,http://nu.or.id
16,9,0,0,1,0,0,1,0,False,False,0,3.75,False,False,0.08333333333333333,0,0,0,dnse4.com,http://dnse4.com
16,9,0,0,1,0,0,0,0,False,False,0,3.3278,False,False,0.0,0,0,0,mywot.com,http://mywot.com
16,9,0,0,1,0,0,0,0,False,False,0,3.625,False,False,0.0,0,0,0,cigna.com,http://cigna.com
21,14,0,0,1,0,0,0,0,False,False,0,3.8209,False,False,0.0,0,0,0,mywellness.com,http://mywellness.com
23,16,0,0,1,0,0,0,0,False,False,0,3.882,False,False,0.0,0,0,0,xxxvideosind.com,http://xxxvideosind.com
22,15,0,0,1,0,0,0,0,False,False,0,3.5338,False,False,0.0,0,0,0,tdatamaster.com,http://tdatamaster.com
21,14,0,0,1,0,0,0,0,False,False,0,3.9161,False,False,0.0,0,0,0,lifehacker.com,http://lifehacker.com
23,16,0,0,1,0,0,0,0,False,False,0,4.0888,False,False,0.0,0,0,0,verywellmind.com,http://verywellmind.com
17,10,0,0,1,0,0,0,0,False,False,0,3.6169,False,False,0.0,0,0,0,rogers.com,http://rogers.com
17,10,0,0,1,0,0,0,0,False,False,0,3.7345,False,False,0.0,0,0,0,signal.org,http://signal.org
23,16,0,0,1,0,0,0,0,False,False,0,3.8492,False,False,0.0,0,0,0,webofscience.com,http://webofscience.com
21,14,0,0,1,0,1,0,0,False,False,0,3.8802,False,False,0.0,0,0,0,onetag-sys.com,http://onetag-sys.com
15,8,0,0,1,0,0,0,0,False,False,0,3.6402,False,False,0.0,0,0,0,idnes.cz,http://idnes.cz
20,13,0,0,1,0,1,0,0,False,False,0,3.8219,False,False,0.0,0,0,0,myq-cloud.com,http://myq-cloud.com
14,7,0,0,1,0,0,0,0,False,False,0,3.3788,False,False,0.0,0,0,0,news.cn,http://news.cn
14,7,0,0,1,0,0,0,0,False,False,0,3.5216,False,False,0.0,0,0,0,medu.ir,http://medu.ir
16,9,0,0,1,0,0,0,0,False,False,0,3.625,False,False,0.0,0,0,0,orange.mg,http://orange.mg
21,14,0,0,1,0,0,0,0,False,False,0,3.6304,False,False,0.0,0,0,0,bookmyshow.com,http://bookmyshow.com
16,9,0,0,1,0,0,0,0,False,False,0,3.625,False,False,0.0,0,0,0,axios.com,http://axios.com
16,9,0,0,1,0,0,0,0,False,False,0,3.25,False,False,0.0,0,0,0,fujoho.jp,http://fujoho.jp
19,12,0,0,1,0,0,4,0,False,False,0,3.8924,False,False,0.3333333333333333,0,0,0,1024tera.com,http://1024tera.com
25,18,0,0,1,0,0,0,0,False,False,0,3.8333,False,False,0.0,0,0,0,seondnsresolve.com,http://seondnsresolve.com
17,10,0,0,1,0,0,0,0,False,False,0,3.8522,False,False,0.0,0,0,0,qureka.com,http://qureka.com
21,14,0,0,1,0,0,0,0,False,False,0,3.8802,False,False,0.0,0,0,0,tubegalore.com,http://tubegalore.com
17,10,0,0,1,0,0,0,0,False,False,0,3.4104,False,False,0.0,0,0,0,telenor.se,http://telenor.se
17,10,0,0,1,0,0,0,0,False,False,0,3.8522,False,False,0.0,0,0,0,redfin.com,http://redfin.com
22,15,0,0,2,0,1,2,0,False,False,0,4.0049,False,False,0.13333333333333333,0,0,0,awsdns-33.co.uk,http://awsdns-33.co.uk
19,12,0,0,1,0,1,0,0,False,False,0,3.6819,False,False,0.0,0,0,0,t-mobile.com,http://t-mobile.com
16,9,0,0,1,0,0,0,0,False,False,0,3.375,False,False,0.0,0,0,0,chron.com,http://chron.com
21,14,0,0,2,0,0,0,0,False,False,0,3.9161,False,False,0.0,0,0,0,guardian.co.uk,http://guardian.co.uk
17,10,0,0,2,0,0,0,0,False,False,0,3.6169,False,False,0.0,0,0,0,ole.com.ar,http://ole.com.ar
18,11,0,0,2,0,0,0,0,False,False,0,3.7255,False,False,0.0,0,0,0,demon.co.uk,http://demon.co.uk
23,16,0,0,1,0,0,0,0,False,False,0,4.056,False,False,0.0,0,0,0,servicewebly.com,http://servicewebly.com
14,7,0,0,1,0,0,0,0,False,False,0,3.5216,False,False,0.0,0,0,0,quay.io,http://quay.io
20,13,0,0,1,0,0,0,0,False,False,0,3.7219,False,False,0.0,0,0,0,bitbucket.org,http://bitbucket.org
28,20,1,0,2,1,0,3,0,False,False,0,3.9852,False,False,0.15,0,0,1,icefactory.cl,http://8aa68b.icefactory.cl/
19,12,0,0,1,0,0,0,0,False,False,0,3.5766,False,False,0.0,0,0,0,xhaccess.com,http://xhaccess.com
21,14,0,0,1,0,0,0,0,False,False,0,3.7849,False,False,0.0,0,0,0,prreqcroab.icu,http://prreqcroab.icu
20,13,0,0,1,0,0,0,0,False,False,0,3.7842,False,False,0.0,0,0,0,lgsmartad.com,http://lgsmartad.com
18,11,0,0,1,0,0,0,0,False,False,0,3.3083,False,False,0.0,0,0,0,dotvndns.vn,http://dotvndns.vn
24,17,0,0,1,0,0,0,0,False,False,0,3.7516,False,False,0.0,0,0,0,standardnotes.com,http://standardnotes.com
15,8,0,0,1,0,0,0,0,False,False,0,3.1899,False,False,0.0,0,0,0,hover.to,http://hover.to
18,11,0,0,1,0,0,0,0,False,False,0,3.0588,False,False,0.0,0,0,0,hosttech.ch,http://hosttech.ch
17,10,0,0,1,0,0,0,0,False,False,0,3.7345,False,False,0.0,0,0,0,maersk.com,http://maersk.com
22,15,0,0,1,0,0,0,0,False,False,0,3.8797,False,False,0.0,0,0,0,duosecurity.com,http://duosecurity.com
17,10,0,0,1,0,0,0,0,False,False,0,3.2928,False,False,0.0,0,0,0,fotmob.com,http://fotmob.com
20,13,0,0,1,0,0,0,0,False,False,0,3.6842,False,False,0.0,0,0,0,xhamster.desi,http://xhamster.desi
19,12,0,0,1,0,1,0,0,False,False,0,3.8269,False,False,0.0,0,0,0,uc-share.com,http://uc-share.com
17,10,0,0,1,0,0,0,0,False,False,0,3.5725,False,False,0.0,0,0,0,njavtv.com,http://njavtv.com
22,15,0,0,2,0,1,2,0,False,False,0,4.0958,False,False,0.13333333333333333,0,0,0,awsdns-14.co.uk,http://awsdns-14.co.uk
19,12,0,0,1,0,0,0,0,False,False,0,3.9321,False,False,0.0,0,0,0,midasbuy.com,http://midasbuy.com
17,10,0,0,1,0,0,0,0,False,False,0,3.2195,False,False,0.0,0,0,0,tiscali.it,http://tiscali.it
20,13,0,0,1,0,0,0,0,False,False,0,3.8219,False,False,0.0,0,0,0,jamfcloud.com,http://jamfcloud.com
17,10,0,0,1,0,0,0,0,False,False,0,3.7345,False,False,0.0,0,0,0,allegro.cz,http://allegro.cz
24,17,0,0,2,0,1,0,0,False,False,0,3.9702,False,False,0.0,0,0,0,rakuten-sec.co.jp,http://rakuten-sec.co.jp
20,13,0,0,1,0,1,0,0,False,False,0,3.6842,False,False,0.0,0,0,0,opera-api.com,http://opera-api.com
25,18,0,0,1,0,0,0,0,False,False,0,3.7337,False,False,0.0,0,0,0,websitewelcome.com,http://websitewelcome.com
16,9,0,0,1,0,0,0,0,False,False,0,3.625,False,False,0.0,0,0,0,forbes.ru,http://forbes.ru
17,10,0,0,1,0,0,0,0,False,False,0,3.7345,False,False,0.0,0,0,0,minkabu.jp,http://minkabu.jp
15,8,0,0,1,0,0,0,0,False,False,0,3.5069,False,False,0.0,0,0,0,mass.gov,http://mass.gov
19,12,0,0,1,0,0,0,0,False,False,0,3.7871,False,False,0.0,0,0,0,xtracloud.cn,http://xtracloud.cn
19,12,0,0,1,0,0,0,0,False,False,0,3.8269,False,False,0.0,0,0,0,kunlunaq.com,http://kunlunaq.com
20,13,0,0,1,0,0,0,0,False,False,0,3.3464,False,False,0.0,0,0,0,ttwstatic.com,http://ttwstatic.com
14,7,0,0,1,0,0,0,0,False,False,0,3.2359,False,False,0.0,0,0,0,moz.com,http://moz.com
25,18,0,0,2,0,0,0,0,False,False,0,3.7035,False,False,0.0,0,0,0,maharashtra.gov.in,http://maharashtra.gov.in
21,14,0,0,1,0,0,0,0,False,False,0,3.5226,False,False,0.0,0,0,0,xxxpostpic.org,http://xxxpostpic.org
22,15,0,0,1,0,0,0,0,False,False,0,3.6635,False,False,0.0,0,0,0,ipredictive.com,http://ipredictive.com
15,8,0,0,1,0,0,0,0,False,False,0,3.1899,False,False,0.0,0,0,0,ddizi.im,http://ddizi.im
16,9,0,0,2,0,0,0,0,False,False,0,3.5,False,False,0.0,0,0,0,sh.gov.cn,http://sh.gov.cn
17,10,0,0,2,0,0,0,0,False,False,0,3.5725,False,False,0.0,0,0,0,ynet.co.il,http://ynet.co.il
21,14,0,0,1,0,0,0,0,False,False,0,3.7257,False,False,0.0,0,0,0,nashjournal.ru,http://nashjournal.ru
13,6,0,0,1,0,0,1,0,False,False,0,3.3927,False,False,0.1111111111111111,0,0,0,f5.com,http://f5.com
17,10,0,0,1,0,0,0,0,False,False,0,3.6169,False,False,0.0,0,0,0,wscdns.com,http://wscdns.com
15,8,0,0,1,0,0,2,0,False,False,0,3.5069,False,False,0.2,0,0,0,rmf24.pl,http://rmf24.pl
17,10,0,0,1,0,0,0,0,False,False,0,3.2928,False,False,0.0,0,0,0,dotomi.com,http://dotomi.com
14,7,0,0,1,0,0,0,0,False,False,0,3.3249,False,False,0.0,0,0,0,list.am,http://list.am
21,14,0,0,1,0,0,0,0,False,False,0,3.7849,False,False,0.0,0,0,0,tradplusad.com,http://tradplusad.com
23,16,0,0,1,0,0,0,0,False,False,0,3.9149,False,False,0.0,0,0,0,trafficjunky.net,http://trafficjunky.net
23,16,0,0,1,0,1,0,0,False,False,0,3.969,False,False,0.0,0,0,0,annas-archive.gl,http://annas-archive.gl
15,8,0,0,1,0,0,0,0,False,False,0,3.5069,False,False,0.0,0,0,0,undp.org,http://undp.org
18,11,0,0,1,0,0,0,0,False,False,0,3.5033,False,False,0.0,0,0,0,lapresse.ca,http://lapresse.ca
20,13,0,0,1,0,1,2,0,False,False,0,3.7842,False,False,0.14285714285714285,0,0,0,awsdns-20.net,http://awsdns-20.net
27,20,0,0,1,0,0,0,0,False,False,0,4.0043,False,False,0.0,0,0,0,technologyreview.com,http://technologyreview.com
21,14,0,0,1,0,0,0,0,False,False,0,3.8209,False,False,0.0,0,0,0,allrecipes.com,http://allrecipes.com
16,9,0,0,1,0,0,0,0,False,False,0,3.0306,False,False,0.0,0,0,0,gamma.app,http://gamma.app
23,16,0,0,1,0,0,0,0,False,False,0,3.6753,False,False,0.0,0,0,0,thermofisher.com,http://thermofisher.com
20,13,0,0,1,0,1,0,0,False,False,0,3.7842,False,False,0.0,0,0,0,proof-dns.com,http://proof-dns.com
16,9,0,0,1,0,0,0,0,False,False,0,3.4528,False,False,0.0,0,0,0,clara.net,http://clara.net
19,12,0,0,1,0,0,0,0,False,False,0,3.4316,False,False,0.0,0,0,0,portfolio.hu,http://portfolio.hu
15,8,0,0,1,0,0,1,0,False,False,0,3.1899,False,False,0.09090909090909091,0,0,0,6opo.com,http://6opo.com
18,11,0,0,2,0,0,0,0,False,False,0,3.7255,False,False,0.0,0,0,0,javhd.co.uk,http://javhd.co.uk
21,14,0,0,1,0,0,0,0,False,False,0,3.7849,False,False,0.0,0,0,0,gamesradar.com,http://gamesradar.com
19,12,0,0,1,0,0,0,0,False,False,0,3.6819,False,False,0.0,0,0,0,kingbokep.tv,http://kingbokep.tv
17,10,0,0,1,0,0,0,0,False,False,0,3.3816,False,False,0.0,0,0,0,intuit.com,http://intuit.com
16,9,0,0,1,0,0,0,0,False,False,0,3.125,False,False,0.0,0,0,0,kahoot.it,http://kahoot.it
17,10,0,0,1,0,0,0,0,False,False,0,3.4992,False,False,0.0,0,0,0,office.com,http://office.com
21,14,0,0,1,0,0,0,0,False,False,0,3.6897,False,False,0.0,0,0,0,chinatimes.com,http://chinatimes.com
18,11,0,0,1,0,0,0,0,False,False,0,3.7255,False,False,0.0,0,0,0,feverup.com,http://feverup.com
20,13,0,0,1,0,0,0,0,False,False,0,3.9219,False,False,0.0,0,0,0,serverbid.com,http://serverbid.com
13,6,0,0,1,0,0,0,0,False,False,0,3.3927,False,False,0.0,0,0,0,uva.nl,http://uva.nl
24,17,0,0,2,0,0,0,0,False,False,0,3.6887,False,False,0.0,0,0,0,nregastrep.nic.in,http://nregastrep.nic.in
23,16,0,0,1,0,0,0,0,False,False,0,3.6753,False,False,0.0,0,0,0,shopeemobile.com,http://shopeemobile.com
16,9,0,0,1,0,0,0,0,False,False,0,3.125,False,False,0.0,0,0,0,esteri.it,http://esteri.it
19,12,0,0,1,0,0,0,0,False,False,0,3.3211,False,False,0.0,0,0,0,fortinet.net,http://fortinet.net
17,10,0,0,1,0,0,0,0,False,False,0,3.7345,False,False,0.0,0,0,0,wcdnga.com,http://wcdnga.com
13,6,0,0,1,0,0,0,0,False,False,0,3.3927,False,False,0.0,0,0,0,cwi.nl,http://cwi.nl
49,40,1,0,2,1,5,3,0,False,False,0,4.4128,False,False,0.08333333333333333,0,0,1,pages.dev,https://sp22ct-nemur-biz-kavi-zaru-k3u.pages.dev/
17,10,0,0,1,0,0,0,0,False,False,0,3.4548,False,False,0.0,0,0,0,lothar.com,http://lothar.com
31,24,0,0,1,0,0,0,0,False,False,0,3.9779,False,False,0.0,0,0,0,timeshighereducation.com,http://timeshighereducation.com
14,7,0,0,1,0,0,0,0,False,False,0,3.182,False,False,0.0,0,0,0,dv.tech,http://dv.tech
19,12,0,0,1,0,0,0,0,False,False,0,3.5111,False,False,0.0,0,0,0,lomanovo.com,http://lomanovo.com
14,7,0,0,1,0,0,0,0,False,False,0,3.3788,False,False,0.0,0,0,0,nyu.edu,http://nyu.edu
20,13,0,0,1,0,0,0,0,False,False,0,3.6842,False,False,0.0,0,0,0,opentable.com,http://opentable.com
15,8,0,0,1,0,0,0,0,False,False,0,3.3736,False,False,0.0,0,0,0,divar.ir,http://divar.ir
17,10,0,0,1,0,1,0,0,False,False,0,3.6901,False,False,0.0,0,0,0,l-tike.com,http://l-tike.com
13,6,0,0,1,0,0,0,0,False,False,0,3.027,False,False,0.0,0,0,0,rtl.fr,http://rtl.fr
18,11,0,0,1,0,0,0,0,False,False,0,3.5724,False,False,0.0,0,0,0,gamestar.de,http://gamestar.de
19,12,0,0,2,0,0,0,0,False,False,0,3.5766,False,False,0.0,0,0,0,google.co.kr,http://google.co.kr
18,11,0,0,1,0,0,0,0,False,False,0,3.6835,False,False,0.0,0,0,0,milfporn.tv,http://milfporn.tv
22,15,0,0,1,0,0,0,0,False,False,0,3.8454,False,False,0.0,0,0,0,bitdefender.com,http://bitdefender.com
17,10,0,0,1,0,0,0,0,False,False,0,3.7345,False,False,0.0,0,0,0,schema.org,http://schema.org
28,21,0,0,1,0,0,0,0,False,False,0,3.9947,False,False,0.0,0,0,0,sportradarserving.com,http://sportradarserving.com
15,8,0,0,1,0,0,0,0,False,False,0,3.6402,False,False,0.0,0,0,0,basf.com,http://basf.com
15,8,0,0,1,0,0,0,0,False,False,0,3.3232,False,False,0.0,0,0,0,java.net,http://java.net
29,22,0,0,1,0,0,0,0,False,False,0,3.9783,False,False,0.0,0,0,0,healthfusionclaims.com,http://healthfusionclaims.com
20,13,0,0,1,0,0,0,0,False,False,0,3.6842,False,False,0.0,0,0,0,rackspace.com,http://rackspace.com
34,27,0,0,2,0,0,0,0,False,False,0,4.0767,False,False,0.0,0,0,0,manchestereveningnews.co.uk,http://manchestereveningnews.co.uk
19,12,0,0,1,0,0,0,0,False,False,0,3.3264,False,False,0.0,0,0,0,hostpapa.com,http://hostpapa.com
21,14,0,0,1,0,0,0,0,False,False,0,3.4399,False,False,0.0,0,0,0,dondominio.com,http://dondominio.com
18,11,0,0,1,0,0,0,0,False,False,0,3.7255,False,False,0.0,0,0,0,holadns.com,http://holadns.com
14,7,0,0,1,0,0,0,0,False,False,0,3.2359,False,False,0.0,0,0,0,hpe.com,http://hpe.com
19,12,0,0,1,0,1,0,0,False,False,0,3.6163,False,False,0.0,0,0,0,second-ns.de,http://second-ns.de
16,9,0,0,1,0,0,0,0,False,False,0,3.5,False,False,0.0,0,0,0,chewy.com,http://chewy.com
16,9,0,0,1,0,0,2,0,False,False,0,3.5778,False,False,0.18181818181818182,0,0,0,tk0x1.com,http://tk0x1.com
13,6,0,0,1,0,0,0,0,False,False,0,3.3927,False,False,0.0,0,0,0,max.ru,http://max.ru
15,8,0,0,1,0,0,0,0,False,False,0,3.4566,False,False,0.0,0,0,0,zeasn.tv,http://zeasn.tv
17,10,0,0,1,0,0,0,0,False,False,0,3.6169,False,False,0.0,0,0,0,awswaf.com,http://awswaf.com
23,16,0,0,1,0,0,0,0,False,False,0,3.654,False,False,0.0,0,0,0,msauthimages.net,http://msauthimages.net
18,11,0,0,1,0,0,0,0,False,False,0,3.4194,False,False,0.0,0,0,0,caliente.pe,http://caliente.pe
19,12,0,0,1,0,0,0,0,False,False,0,3.7216,False,False,0.0,0,0,0,congress.gov,http://congress.gov
19,12,0,0,1,0,0,0,0,False,False,0,3.5369,False,False,0.0,0,0,0,appcenter.ms,http://appcenter.ms
17,10,0,0,1,0,0,0,0,False,False,0,3.7345,False,False,0.0,0,0,0,xundns.com,http://xundns.com
21,14,0,0,1,0,0,0,0,False,False,0,3.8802,False,False,0.0,0,0,0,warthunder.com,http://warthunder.com
17,10,0,0,1,0,0,0,0,False,False,0,3.6169,False,False,0.0,0,0,0,carfax.com,http://carfax.com
15,8,0,0,1,0,0,0,0,False,False,0,3.5069,False,False,0.0,0,0,0,dmoz.org,http://dmoz.org
18,11,0,0,1,0,0,0,0,False,False,0,3.5724,False,False,0.0,0,0,0,momvids.com,http://momvids.com
16,9,0,0,1,0,0,0,0,False,False,0,3.3278,False,False,0.0,0,0,0,google.it,http://google.it
15,8,0,0,1,0,0,3,0,False,False,0,3.4566,False,False,0.3333333333333333,0,0,0,w390.net,http://w390.net
19,12,0,0,2,0,0,0,0,False,False,0,3.6819,False,False,0.0,0,0,0,iskur.gov.tr,http://iskur.gov.tr
65,57,1,0,2,1,4,12,0,False,False,1,4.4566,False,False,0.2727272727272727,0,0,1,weeblysite.com,http://btinternet-maintenace-update-109591-105397.weeblysite.com/
16,9,0,0,1,0,0,0,0,False,False,0,3.5,False,False,0.0,0,0,0,google.ad,http://google.ad
16,9,0,0,1,0,0,0,0,False,False,0,3.5,False,False,0.0,0,0,0,nebo.mobi,http://nebo.mobi
15,8,0,0,1,0,0,0,0,False,False,0,3.5069,False,False,0.0,0,0,0,yelp.com,http://yelp.com
14,7,0,0,1,0,0,0,0,False,False,0,3.3249,False,False,0.0,0,0,0,kit.edu,http://kit.edu
20,13,0,0,2,0,0,0,0,False,False,0,3.6842,False,False,0.0,0,0,0,lazada.com.my,http://lazada.com.my
15,8,0,0,1,0,0,0,0,False,False,0,3.3232,False,False,0.0,0,0,0,stern.de,http://stern.de
18,11,0,0,1,0,0,0,0,False,False,0,3.5724,False,False,0.0,0,0,0,djatoya.com,http://djatoya.com
21,14,0,0,1,0,0,0,0,False,False,0,3.7849,False,False,0.0,0,0,0,melonstube.com,http://melonstube.com
20,13,0,0,1,0,0,0,0,False,False,0,3.3842,False,False,0.0,0,0,0,episerver.net,http://episerver.net
19,12,0,0,1,0,0,0,0,False,False,0,3.5369,False,False,0.0,0,0,0,football.com,http://football.com
20,13,0,0,1,0,0,0,0,False,False,0,3.8219,False,False,0.0,0,0,0,kadencewp.com,http://kadencewp.com
22,15,0,0,1,0,0,0,0,False,False,0,3.6978,False,False,0.0,0,0,0,elperiodico.com,http://elperiodico.com
20,13,0,0,1,0,0,0,0,False,False,0,3.5842,False,False,0.0,0,0,0,observeit.net,http://observeit.net
16,9,0,0,1,0,0,0,0,False,False,0,3.375,False,False,0.0,0,0,0,ncore.pro,http://ncore.pro
20,13,0,0,1,0,1,2,0,False,False,0,3.7842,False,False,0.14285714285714285,0,0,0,awsdns-63.net,http://awsdns-63.net
20,13,0,0,2,0,0,0,0,False,False,0,3.5842,False,False,0.0,0,0,0,google.com.pk,http://google.com.pk
19,12,0,0,1,0,0,0,0,False,False,0,3.7871,False,False,0.0,0,0,0,btloader.com,http://btloader.com
17,10,0,0,1,0,0,0,0,False,False,0,3.4992,False,False,0.0,0,0,0,carmax.com,http://carmax.com
23,16,0,0,1,0,0,0,0,False,False,0,3.654,False,False,0.0,0,0,0,thepiratebay.org,http://thepiratebay.org
20,13,0,0,1,0,0,0,0,False,False,0,3.9219,False,False,0.0,0,0,0,cambridge.org,http://cambridge.org
17,10,0,0,1,0,0,0,0,False,False,0,3.5725,False,False,0.0,0,0,0,plista.com,http://plista.com
20,13,0,0,1,0,1,2,0,False,False,0,4.0219,False,False,0.14285714285714285,0,0,0,awsdns-23.com,http://awsdns-23.com
15,8,0,0,1,0,0,0,0,False,False,0,3.6402,False,False,0.0,0,0,0,xing.com,http://xing.com
35,21,6,0,1,0,0,9,0,False,False,0,4.1287,False,False,0.4090909090909091,1,0,1,eurostarshoms7824.com,https://eurostarshoms7824.com/14984
16,9,0,0,1,0,0,0,0,False,False,0,3.5,False,False,0.0,0,0,0,ixigo.com,http://ixigo.com
14,7,0,0,1,0,0,0,0,False,False,0,2.7534,False,False,0.0,0,0,0,tutu.ru,http://tutu.ru
21,14,0,0,1,0,0,0,0,False,False,0,3.6304,False,False,0.0,0,0,0,paramount.tech,http://paramount.tech
17,10,0,0,1,0,0,0,0,False,False,0,2.7719,False,False,0.0,0,0,0,gapgpt.app,http://gapgpt.app
19,12,0,0,1,0,0,0,0,False,False,0,3.8269,False,False,0.0,0,0,0,leboncoin.fr,http://leboncoin.fr
20,13,0,0,1,0,0,0,0,False,False,0,3.7842,False,False,0.0,0,0,0,smartnews.com,http://smartnews.com
18,11,0,0,1,0,0,0,0,False,False,0,3.5724,False,False,0.0,0,0,0,emarsys.net,http://emarsys.net
18,11,0,0,1,0,0,0,0,False,False,0,3.8366,False,False,0.0,0,0,0,idlixku.com,http://idlixku.com
18,11,0,0,1,0,0,0,0,False,False,0,3.5033,False,False,0.0,0,0,0,bttrack.com,http://bttrack.com
17,10,0,0,1,0,0,0,0,False,False,0,3.2195,False,False,0.0,0,0,0,toyota.com,http://toyota.com
17,10,0,0,1,0,0,0,0,False,False,0,3.7345,False,False,0.0,0,0,0,usnews.com,http://usnews.com
34,26,1,0,2,1,0,0,0,False,False,0,4.0209,False,False,0.0,0,0,1,webflow.io,http://kraknkrakenlogn.webflow.io/
21,14,0,0,1,0,0,0,0,False,False,0,3.6538,False,False,0.0,0,0,0,healthline.com,http://healthline.com
15,8,0,0,1,0,0,0,0,False,False,0,3.2402,False,False,0.0,0,0,0,peer.run,http://peer.run
20,13,0,0,1,0,0,0,0,False,False,0,3.7219,False,False,0.0,0,0,0,smartclip.net,http://smartclip.net
18,11,0,0,1,0,0,0,0,False,False,0,3.1916,False,False,0.0,0,0,0,gazzetta.it,http://gazzetta.it
19,12,0,0,1,0,0,0,0,False,False,0,3.5766,False,False,0.0,0,0,0,telegraaf.nl,http://telegraaf.nl
16,9,0,0,1,0,0,0,0,False,False,0,3.375,False,False,0.0,0,0,0,google.nl,http://google.nl
16,9,0,0,1,0,0,0,0,False,False,0,3.75,False,False,0.0,0,0,0,sejda.com,http://sejda.com
16,9,0,0,1,0,0,0,0,False,False,0,3.3278,False,False,0.0,0,0,0,ndcpp.com,http://ndcpp.com
18,11,0,0,1,0,0,0,0,False,False,0,3.6144,False,False,0.0,0,0,0,example.com,http://example.com
28,21,0,0,1,0,0,0,0,False,False,0,3.7943,False,False,0.0,0,0,0,usercontent.microsoft,http://usercontent.microsoft
21,14,0,0,1,0,0,0,0,False,False,0,3.6897,False,False,0.0,0,0,0,simontokx.asia,http://simontokx.asia
15,8,0,0,1,0,0,0,0,False,False,0,3.5069,False,False,0.0,0,0,0,zalan.do,http://zalan.do
20,13,0,0,2,0,0,0,0,False,False,0,3.8219,False,False,0.0,0,0,0,carview.co.jp,http://carview.co.jp
16,9,0,0,1,0,0,1,0,False,False,0,3.625,False,False,0.08333333333333333,0,0,0,4chan.org,http://4chan.org
17,10,0,0,1,0,0,0,0,False,False,0,3.4992,False,False,0.0,0,0,0,takbet.com,http://takbet.com
27,20,0,0,1,0,0,0,0,False,False,0,3.9862,False,False,0.0,0,0,0,expiredwixdomain.com,http://expiredwixdomain.com
20,13,0,0,1,0,0,0,0,False,False,0,3.6464,False,False,0.0,0,0,0,atlassian.com,http://atlassian.com
17,10,0,0,1,0,0,0,0,False,False,0,3.3816,False,False,0.0,0,0,0,ollama.com,http://ollama.com
14,7,0,0,1,0,0,0,0,False,False,0,3.2359,False,False,0.0,0,0,0,hrw.org,http://hrw.org
13,6,0,0,1,0,0,0,0,False,False,0,3.3927,False,False,0.0,0,0,0,sdn.cz,http://sdn.cz
17,10,0,0,2,0,0,0,0,False,False,0,3.4992,False,False,0.0,0,0,0,mesh.ad.jp,http://mesh.ad.jp
14,7,0,0,1,0,0,0,0,False,False,0,3.3788,False,False,0.0,0,0,0,mbga.jp,http://mbga.jp
20,13,0,0,1,0,0,0,0,False,False,0,3.6219,False,False,0.0,0,0,0,webempresa.eu,http://webempresa.eu
20,13,0,0,1,0,1,0,0,False,False,0,3.6464,False,False,0.0,0,0,0,ero-video.net,http://ero-video.net
19,12,0,0,1,0,0,0,0,False,False,0,3.7216,False,False,0.0,0,0,0,bluecore.com,http://bluecore.com
14,7,0,0,1,0,0,0,0,False,False,0,3.5216,False,False,0.0,0,0,0,nova.rs,http://nova.rs
18,11,0,0,1,0,0,0,0,False,False,0,3.6835,False,False,0.0,0,0,0,nytimes.com,http://nytimes.com
31,24,0,0,1,0,0,0,0,False,False,0,4.0911,False,False,0.0,0,0,0,questionablequesting.com,http://questionablequesting.com
19,12,0,0,1,0,0,0,0,False,False,0,3.6819,False,False,0.0,0,0,0,puzztake.com,http://puzztake.com
20,13,0,0,1,0,0,0,0,False,False,0,3.5842,False,False,0.0,0,0,0,nespresso.com,http://nespresso.com
17,10,0,0,1,0,0,0,0,False,False,0,3.4548,False,False,0.0,0,0,0,transip.nl,http://transip.nl
24,17,0,0,1,0,0,0,0,False,False,0,3.9702,False,False,0.0,0,0,0,alipayobjects.com,http://alipayobjects.com
21,14,0,0,1,0,0,0,0,False,False,0,3.8209,False,False,0.0,0,0,0,wampserver.com,http://wampserver.com
18,11,0,0,1,0,0,0,0,False,False,0,3.4194,False,False,0.0,0,0,0,lefrecce.it,http://lefrecce.it
21,14,0,0,2,0,0,0,0,False,False,0,3.6538,False,False,0.0,0,0,0,blogspot.co.uk,http://blogspot.co.uk
21,14,0,0,1,0,0,0,0,False,False,0,3.9161,False,False,0.0,0,0,0,eksisozluk.com,http://eksisozluk.com
15,8,0,0,1,0,0,0,0,False,False,0,3.6402,False,False,0.0,0,0,0,bing.com,http://bing.com
16,9,0,0,1,0,0,0,0,False,False,0,3.625,False,False,0.0,0,0,0,sporza.be,http://sporza.be
21,14,0,0,1,0,0,0,0,False,False,0,3.7257,False,False,0.0,0,0,0,shopifysvc.com,http://shopifysvc.com
16,9,0,0,1,0,0,0,0,False,False,0,3.625,False,False,0.0,0,0,0,plrm.zone,http://plrm.zone
16,9,0,0,2,0,0,0,0,False,False,0,3.625,False,False,0.0,0,0,0,yna.co.kr,http://yna.co.kr
19,12,0,0,1,0,0,0,0,False,False,0,3.5766,False,False,0.0,0,0,0,academia.edu,http://academia.edu
15,8,0,0,1,0,0,0,0,False,False,0,3.6402,False,False,0.0,0,0,0,esri.com,http://esri.com
16,9,0,0,1,0,0,0,0,False,False,0,3.375,False,False,0.0,0,0,0,ipsos.com,http://ipsos.com
15,8,0,0,1,0,0,3,0,False,False,0,3.3232,False,False,0.3333333333333333,0,0,0,c212.net,http://c212.net
20,13,0,0,1,0,0,0,0,False,False,0,3.7842,False,False,0.0,0,0,0,wikipedia.org,http://wikipedia.org
17,10,0,0,1,0,0,0,0,False,False,0,3.2928,False,False,0.0,0,0,0,health.mil,http://health.mil
17,10,0,0,1,0,0,0,0,False,False,0,3.4548,False,False,0.0,0,0,0,yandex.net,http://yandex.net
14,7,0,0,1,0,0,0,0,False,False,0,3.3788,False,False,0.0,0,0,0,dhl.com,http://dhl.com
20,13,0,0,1,0,0,0,0,False,False,0,3.6219,False,False,0.0,0,0,0,weplayapp.com,http://weplayapp.com
24,17,0,0,1,0,0,0,0,False,False,0,4.0016,False,False,0.0,0,0,0,globalsigncdn.com,http://globalsigncdn.com
16,9,0,0,1,0,0,2,0,False,False,0,3.75,False,False,0.18181818181818182,0,0,0,krx18.com,http://krx18.com
22,15,0,0,1,0,1,0,0,False,False,0,4.0958,False,False,0.0,0,0,0,svr-algorix.com,http://svr-algorix.com
19,12,0,0,1,0,0,0,0,False,False,0,3.5766,False,False,0.0,0,0,0,connectad.io,http://connectad.io
14,7,0,0,1,0,0,1,0,False,False,0,3.5216,False,False,0.1,0,0,0,3ds.com,http://3ds.com
28,21,0,0,1,0,1,0,0,False,False,0,4.0661,False,False,0.0,0,0,0,manulife-sinochem.com,http://manulife-sinochem.com
17,10,0,0,1,0,0,0,0,False,False,0,3.0072,False,False,0.0,0,0,0,wetest.net,http://wetest.net
22,15,0,0,1,0,0,0,0,False,False,0,3.4594,False,False,0.0,0,0,0,pantheonsite.io,http://pantheonsite.io
29,20,1,0,2,1,0,4,0,False,False,0,4.2282,False,False,0.2,0,0,1,icefactory.cl,https://3577db.icefactory.cl/
18,11,0,0,1,0,0,0,0,False,False,0,3.5033,False,False,0.0,0,0,0,gstatic.com,http://gstatic.com
15,8,0,0,1,0,0,0,0,False,False,0,3.2402,False,False,0.0,0,0,0,avito.st,http://avito.st
19,12,0,0,1,0,0,0,0,False,False,0,3.8924,False,False,0.0,0,0,0,ultradns.biz,http://ultradns.biz
16,9,0,0,1,0,0,0,0,False,False,0,3.375,False,False,0.0,0,0,0,strato.de,http://strato.de
27,20,0,0,1,0,0,0,0,False,False,0,4.0141,False,False,0.0,0,0,0,slobodnadalmacija.hr,http://slobodnadalmacija.hr
21,14,0,0,1,0,1,0,0,False,False,0,3.749,False,False,0.0,0,0,0,rfc-editor.org,http://rfc-editor.org
12,5,0,0,1,0,0,0,0,False,False,0,3.085,False,False,0.0,0,0,0,ns.se,http://ns.se
21,14,0,0,2,0,0,0,0,False,False,0,3.6897,False,False,0.0,0,0,0,joongang.co.kr,http://joongang.co.kr
16,9,0,0,1,0,0,0,0,False,False,0,3.5,False,False,0.0,0,0,0,shell.com,http://shell.com
17,10,0,0,1,0,0,0,0,False,False,0,3.6169,False,False,0.0,0,0,0,heroku.com,http://heroku.com
26,19,0,0,1,0,0,0,0,False,False,0,3.8441,False,False,0.0,0,0,0,womenshealthmag.com,http://womenshealthmag.com
18,11,0,0,1,0,0,0,0,False,False,0,3.6144,False,False,0.0,0,0,0,medallia.eu,http://medallia.eu
17,10,0,0,1,0,1,0,0,False,False,0,3.8522,False,False,0.0,0,0,0,e-jumbo.gr,http://e-jumbo.gr
35,27,1,0,2,1,2,0,0,False,False,0,3.9929,False,False,0.0,0,0,1,netlify.app,http://amazon-clone-ep.netlify.app/
16,9,0,0,1,0,1,0,0,False,False,0,3.5,False,False,0.0,0,0,0,p-cdn.com,http://p-cdn.com
28,21,0,0,1,0,0,0,0,False,False,0,3.9947,False,False,0.0,0,0,0,codefusion.technology,http://codefusion.technology
21,14,0,0,1,0,0,0,0,False,False,0,3.9754,False,False,0.0,0,0,0,urldefense.com,http://urldefense.com
14,7,0,0,1,0,0,0,0,False,False,0,3.5216,False,False,0.0,0,0,0,rei.com,http://rei.com
16,9,0,0,1,0,0,0,0,False,False,0,3.75,False,False,0.0,0,0,0,maven.org,http://maven.org
13,6,0,0,1,0,0,1,0,False,False,0,3.1808,False,False,0.1111111111111111,0,0,0,a1.net,http://a1.net
22,15,0,0,1,0,0,0,0,False,False,0,3.6635,False,False,0.0,0,0,0,motherjones.com,http://motherjones.com
26,19,0,0,1,0,0,0,0,False,False,0,3.4595,False,False,0.0,0,0,0,msftconnecttest.com,http://msftconnecttest.com
19,12,0,0,1,0,0,0,0,False,False,0,3.8269,False,False,0.0,0,0,0,modsfire.com,http://modsfire.com
16,9,0,0,1,0,0,0,0,False,False,0,3.625,False,False,0.0,0,0,0,mrgcdn.ru,http://mrgcdn.ru
17,10,0,0,1,0,0,0,0,False,False,0,3.7345,False,False,0.0,0,0,0,kremlin.ru,http://kremlin.ru
16,9,0,0,1,0,0,0,0,False,False,0,3.75,False,False,0.0,0,0,0,zebra.com,http://zebra.com
18,11,0,0,1,0,0,1,0,False,False,0,3.4613,False,False,0.07142857142857142,0,0,0,3bmeteo.com,http://3bmeteo.com
17,10,0,0,1,0,0,0,0,False,False,0,3.4992,False,False,0.0,0,0,0,pullcf.com,http://pullcf.com
19,12,0,0,1,0,1,0,0,False,False,0,3.6421,False,False,0.0,0,0,0,c-msedge.net,http://c-msedge.net
16,9,0,0,1,0,0,0,0,False,False,0,3.5,False,False,0.0,0,0,0,amazon.nl,http://amazon.nl
19,12,0,0,2,0,0,0,0,False,False,0,3.6163,False,False,0.0,0,0,0,sbisec.co.jp,http://sbisec.co.jp
20,13,0,0,1,0,0,0,0,False,False,0,3.5219,False,False,0.0,0,0,0,namecheap.com,http://namecheap.com
22,15,0,0,2,0,0,0,0,False,False,0,3.6412,False,False,0.0,0,0,0,turkcell.com.tr,http://turkcell.com.tr
17,10,0,0,1,0,0,0,0,False,False,0,3.1019,False,False,0.0,0,0,0,cernet.net,http://cernet.net
14,7,0,0,1,0,0,0,0,False,False,0,3.5216,False,False,0.0,0,0,0,kde.org,http://kde.org
13,6,0,0,1,0,0,1,0,False,False,0,2.9312,False,False,0.1111111111111111,0,0,0,tv3.lt,http://tv3.lt
17,10,0,0,1,0,0,0,0,False,False,0,3.6169,False,False,0.0,0,0,0,bsclink.cn,http://bsclink.cn
19,12,0,0,1,0,0,0,0,False,False,0,3.5766,False,False,0.0,0,0,0,spectrum.com,http://spectrum.com
17,10,0,0,1,0,0,0,0,False,False,0,3.8522,False,False,0.0,0,0,0,sudinfo.be,http://sudinfo.be
16,9,0,0,1,0,0,0,0,False,False,0,3.1556,False,False,0.0,0,0,0,goethe.de,http://goethe.de
18,11,0,0,1,0,0,0,0,False,False,0,3.5033,False,False,0.0,0,0,0,lgtviot.com,http://lgtviot.com
21,14,0,0,1,0,0,0,0,False,False,0,3.9161,False,False,0.0,0,0,0,dallasnews.com,http://dallasnews.com
19,12,0,0,1,0,0,0,0,False,False,0,3.6819,False,False,0.0,0,0,0,yieldlab.net,http://yieldlab.net
20,13,0,0,1,0,0,0,0,False,False,0,3.5842,False,False,0.0,0,0,0,alarabiya.net,http://alarabiya.net
19,12,0,0,1,0,0,0,0,False,False,0,3.6819,False,False,0.0,0,0,0,playtika.com,http://playtika.com
18,11,0,0,1,0,0,0,0,False,False,0,3.6835,False,False,0.0,0,0,0,zscaler.net,http://zscaler.net
26,19,0,0,2,0,0,0,0,False,False,0,3.8731,False,False,0.0,0,0,0,mercadolibre.com.co,http://mercadolibre.com.co
15,8,0,0,1,0,0,0,0,False,False,0,3.2402,False,False,0.0,0,0,0,amap.com,http://amap.com
19,12,0,0,1,0,0,0,0,False,False,0,3.8269,False,False,0.0,0,0,0,digikala.com,http://digikala.com
27,20,0,0,2,0,0,0,0,False,False,0,4.1343,False,False,0.0,0,0,0,magazineluiza.com.br,http://magazineluiza.com.br
17,10,0,0,1,0,0,0,0,False,False,0,3.4548,False,False,0.0,0,0,0,paypal.com,http://paypal.com
17,10,0,0,1,0,0,0,0,False,False,0,3.5725,False,False,0.0,0,0,0,redhat.com,http://redhat.com
20,13,0,0,1,0,0,0,0,False,False,0,3.3414,False,False,0.0,0,0,0,protechts.net,http://protechts.net
23,16,0,0,1,0,0,0,0,False,False,0,3.9149,False,False,0.0,0,0,0,dynamicyield.com,http://dynamicyield.com
13,6,0,0,1,0,0,0,0,False,False,0,3.2389,False,False,0.0,0,0,0,gsp.ro,http://gsp.ro
23,16,0,0,2,0,0,0,0,False,False,0,3.6753,False,False,0.0,0,0,0,webmotors.com.br,http://webmotors.com.br
25,18,0,0,1,0,0,0,0,False,False,0,3.8439,False,False,0.0,0,0,0,boardgamearena.com,http://boardgamearena.com
18,11,0,0,2,0,0,0,0,False,False,0,3.5033,False,False,0.0,0,0,0,homes.co.jp,http://homes.co.jp
21,14,0,0,1,0,0,0,0,False,False,0,3.6897,False,False,0.0,0,0,0,allawntech.com,http://allawntech.com
24,17,0,0,1,0,0,1,0,False,False,0,3.6846,False,False,0.05,0,0,0,edge2befaster.net,http://edge2befaster.net
17,10,0,0,1,0,0,0,0,False,False,0,3.4992,False,False,0.0,0,0,0,bpexch.xyz,http://bpexch.xyz
20,13,0,0,1,0,0,0,0,False,False,0,3.6464,False,False,0.0,0,0,0,akamaized.net,http://akamaized.net
13,6,0,0,1,0,0,0,0,False,False,0,3.2389,False,False,0.0,0,0,0,cn.com,http://cn.com
13,6,0,0,1,0,0,0,0,False,False,0,3.3927,False,False,0.0,0,0,0,nic.fr,http://nic.fr
21,14,0,0,1,0,1,0,0,False,False,0,3.8209,False,False,0.0,0,0,0,amazon-dss.com,http://amazon-dss.com
13,6,0,0,1,0,0,0,0,False,False,0,3.3927,False,False,0.0,0,0,0,rug.nl,http://rug.nl
13,6,0,0,1,0,0,0,0,False,False,0,3.2389,False,False,0.0,0,0,0,zdn.vn,http://zdn.vn
19,12,0,0,2,0,0,0,0,False,False,0,3.6819,False,False,0.0,0,0,0,claro.net.br,http://claro.net.br
16,9,0,0,1,0,0,0,0,False,False,0,3.2028,False,False,0.0,0,0,0,ohchr.org,http://ohchr.org
17,10,0,0,1,0,0,0,0,False,False,0,3.4548,False,False,0.0,0,0,0,nezakr.net,http://nezakr.net
18,11,0,0,1,0,0,0,0,False,False,0,3.4613,False,False,0.0,0,0,0,fotocasa.es,http://fotocasa.es
78,29,13,27,2,1,0,5,4,False,False,0,4.5674,False,False,0.08064516129032258,2,1,1,cloudfront.net,https://d30sec8k5ond2x.cloudfront.net/gp/yourstore?ref_=nav_AccountFlyout_recs
15,8,0,0,1,0,0,0,0,False,False,0,3.3232,False,False,0.0,0,0,0,netis.cc,http://netis.cc
17,10,0,0,1,0,0,0,0,False,False,0,3.3372,False,False,0.0,0,0,0,copart.com,http://copart.com
18,11,0,0,1,0,0,0,0,False,False,0,3.7255,False,False,0.0,0,0,0,expedia.com,http://expedia.com
15,8,0,0,1,0,0,0,0,False,False,0,3.3736,False,False,0.0,0,0,0,ngl.link,http://ngl.link
16,9,0,0,1,0,0,0,0,False,False,0,3.625,False,False,0.0,0,0,0,amazon.ie,http://amazon.ie
18,11,0,0,1,0,0,0,0,False,False,0,3.8366,False,False,0.0,0,0,0,bakusai.com,http://bakusai.com
16,9,0,0,1,0,0,0,0,False,False,0,3.625,False,False,0.0,0,0,0,ecwid.com,http://ecwid.com
12,5,0,0,1,0,0,0,0,False,False,0,3.2516,False,False,0.0,0,0,0,ns.ua,http://ns.ua
16,9,0,0,1,0,0,0,0,False,False,0,3.625,False,False,0.0,0,0,0,arca.live,http://arca.live
15,8,0,0,1,0,0,0,0,False,False,0,3.6402,False,False,0.0,0,0,0,sefan.ru,http://sefan.ru
18,11,0,0,1,0,0,0,0,False,False,0,3.6835,False,False,0.0,0,0,0,fastcgi.com,http://fastcgi.com
15,8,0,0,1,0,0,0,0,False,False,0,3.5069,False,False,0.0,0,0,0,iana.org,http://iana.org
17,10,0,0,1,0,0,0,0,False,False,0,3.4992,False,False,0.0,0,0,0,xleche.com,http://xleche.com
19,12,0,0,1,0,1,0,0,False,False,0,3.5369,False,False,0.0,0,0,0,p-msedge.net,http://p-msedge.net
21,14,0,0,1,0,0,0,0,False,False,0,3.5352,False,False,0.0,0,0,0,oaistatsig.com,http://oaistatsig.com
19,12,0,0,1,0,0,0,0,False,False,0,3.7216,False,False,0.0,0,0,0,wswebpic.com,http://wswebpic.com
18,11,0,0,1,0,0,0,0,False,False,0,3.6144,False,False,0.0,0,0,0,myfritz.net,http://myfritz.net
18,11,0,0,1,0,0,0,0,False,False,0,3.5724,False,False,0.0,0,0,0,bigolive.tv,http://bigolive.tv
25,18,0,0,1,0,0,0,0,False,False,0,3.9133,False,False,0.0,0,0,0,radissonhotels.com,http://radissonhotels.com
18,11,0,0,1,0,0,0,0,False,False,0,3.6835,False,False,0.0,0,0,0,magnite.com,http://magnite.com
18,11,0,0,2,0,0,0,0,False,False,0,3.7255,False,False,0.0,0,0,0,nine.com.au,http://nine.com.au
22,15,0,0,2,0,0,0,0,False,False,0,3.8797,False,False,0.0,0,0,0,kinghost.com.br,http://kinghost.com.br
13,6,0,0,1,0,0,0,0,False,False,0,3.2389,False,False,0.0,0,0,0,ub.edu,http://ub.edu
19,12,0,0,1,0,0,0,0,False,False,0,3.5369,False,False,0.0,0,0,0,owhealth.com,http://owhealth.com
25,18,0,0,1,0,0,0,0,False,False,0,3.5093,False,False,0.0,0,0,0,leckerschmecker.me,http://leckerschmecker.me
17,10,0,0,1,0,0,1,0,False,False,0,3.6169,False,False,0.07692307692307693,0,0,0,rncdn7.com,http://rncdn7.com
25,18,0,0,1,0,1,0,0,False,False,0,3.8635,False,False,0.0,0,0,0,sex-studentki.sale,http://sex-studentki.sale
22,15,0,0,1,0,0,0,0,False,False,0,3.9706,False,False,0.0,0,0,0,dbankcloud.asia,http://dbankcloud.asia
19,12,0,0,1,0,0,0,0,False,False,0,3.2608,False,False,0.0,0,0,0,japanpost.jp,http://japanpost.jp
19,12,0,0,1,0,0,0,0,False,False,0,3.6819,False,False,0.0,0,0,0,flaticon.com,http://flaticon.com
20,13,0,0,1,0,0,0,0,False,False,0,3.2219,False,False,0.0,0,0,0,ildolomiti.it,http://ildolomiti.it
23,16,0,0,1,0,0,0,0,False,False,0,3.6753,False,False,0.0,0,0,0,ziprecruiter.com,http://ziprecruiter.com
22,14,1,0,2,1,0,0,0,False,False,0,3.6292,False,False,0.0,0,0,1,trezor.bid,http://www.trezor.bid/
20,13,0,0,1,0,0,0,0,False,False,0,3.7842,False,False,0.0,0,0,0,packetsdk.xyz,http://packetsdk.xyz
15,8,0,0,1,0,0,0,0,False,False,0,3.5069,False,False,0.0,0,0,0,nber.org,http://nber.org
19,12,0,0,1,0,0,0,0,False,False,0,3.6163,False,False,0.0,0,0,0,fastlylb.net,http://fastlylb.net
19,12,0,0,2,0,0,0,0,False,False,0,3.5766,False,False,0.0,0,0,0,google.co.uz,http://google.co.uz
20,13,0,0,1,0,0,0,0,False,False,0,3.6842,False,False,0.0,0,0,0,mailspike.net,http://mailspike.net
18,11,0,0,1,0,0,0,0,False,False,0,3.8366,False,False,0.0,0,0,0,buzzvil.com,http://buzzvil.com
13,6,0,0,1,0,0,0,0,False,False,0,3.2389,False,False,0.0,0,0,0,ou.edu,http://ou.edu
22,15,0,0,1,0,0,0,0,False,False,0,3.6069,False,False,0.0,0,0,0,teslamotors.com,http://teslamotors.com
16,9,0,0,1,0,0,0,0,False,False,0,3.5,False,False,0.0,0,0,0,redwap.me,http://redwap.me
18,11,0,0,1,0,0,0,0,False,False,0,3.5724,False,False,0.0,0,0,0,gumtree.com,http://gumtree.com
16,9,0,0,1,0,0,0,0,False,False,0,3.75,False,False,0.0,0,0,0,uadns.com,http://uadns.com
12,5,0,0,1,0,0,0,0,False,False,0,3.2516,False,False,0.0,0,0,0,l.ink,http://l.ink
21,14,0,0,1,0,0,0,0,False,False,0,3.6538,False,False,0.0,0,0,0,opentrackr.org,http://opentrackr.org
22,15,0,0,2,0,0,0,0,False,False,0,3.914,False,False,0.0,0,0,0,dailymail.co.uk,http://dailymail.co.uk
19,12,0,0,1,0,0,0,0,False,False,0,3.7871,False,False,0.0,0,0,0,bankrate.com,http://bankrate.com
16,9,0,0,1,0,0,0,0,False,False,0,3.5,False,False,0.0,0,0,0,deepl.com,http://deepl.com
22,15,0,0,1,0,0,0,0,False,False,0,4.0049,False,False,0.0,0,0,0,medlineplus.gov,http://medlineplus.gov
23,16,0,0,1,0,0,0,0,False,False,0,3.8279,False,False,0.0,0,0,0,desikamababa.com,http://desikamababa.com
15,8,0,0,1,0,0,0,0,False,False,0,3.3736,False,False,0.0,0,0,0,asos.com,http://asos.com
17,10,0,0,1,0,0,0,0,False,False,0,3.4548,False,False,0.0,0,0,0,utexas.edu,http://utexas.edu
19,12,0,0,1,0,0,0,0,False,False,0,3.3919,False,False,0.0,0,0,0,nlnetlabs.nl,http://nlnetlabs.nl
18,11,0,0,1,0,0,0,0,False,False,0,3.6835,False,False,0.0,0,0,0,interfax.ru,http://interfax.ru
19,12,0,0,1,0,0,0,0,False,False,0,3.9321,False,False,0.0,0,0,0,signifyd.com,http://signifyd.com
15,8,0,0,1,0,0,0,0,False,False,0,3.4566,False,False,0.0,0,0,0,nist.gov,http://nist.gov
17,10,0,0,1,0,0,0,0,False,False,0,3.7345,False,False,0.0,0,0,0,pdflib.com,http://pdflib.com
17,10,0,0,1,0,0,0,0,False,False,0,3.6169,False,False,0.0,0,0,0,adidas.com,http://adidas.com
18,11,0,0,1,0,0,0,0,False,False,0,3.6835,False,False,0.0,0,0,0,latimes.com,http://latimes.com
18,11,0,0,1,0,0,0,0,False,False,0,3.7255,False,False,0.0,0,0,0,adguard.com,http://adguard.com
18,11,0,0,1,0,0,0,0,False,False,0,3.8366,False,False,0.0,0,0,0,musicdel.ir,http://musicdel.ir
20,13,0,0,1,0,0,0,0,False,False,0,3.7842,False,False,0.0,0,0,0,wikipedia.com,http://wikipedia.com
20,13,0,0,1,0,0,0,0,False,False,0,3.9219,False,False,0.0,0,0,0,vfsglobal.com,http://vfsglobal.com
19,12,0,0,1,0,0,0,0,False,False,0,3.6163,False,False,0.0,0,0,0,oilprice.com,http://oilprice.com
18,11,0,0,1,0,1,0,0,False,False,0,3.7947,False,False,0.0,0,0,0,fast-dl.one,http://fast-dl.one
23,16,0,0,1,0,0,0,0,False,False,0,3.9362,False,False,0.0,0,0,0,businessweek.com,http://businessweek.com
14,7,0,0,1,0,0,0,0,False,False,0,3.2359,False,False,0.0,0,0,0,mac.com,http://mac.com
17,10,0,0,1,0,0,0,0,False,False,0,3.4992,False,False,0.0,0,0,0,fastly.net,http://fastly.net
14,7,0,0,1,0,0,0,0,False,False,0,3.0931,False,False,0.0,0,0,0,arte.tv,http://arte.tv
16,9,0,0,1,0,0,0,0,False,False,0,3.5778,False,False,0.0,0,0,0,wuytg.com,http://wuytg.com
19,12,0,0,1,0,0,0,0,False,False,0,3.7216,False,False,0.0,0,0,0,nekopoi.care,http://nekopoi.care
20,13,0,0,2,0,0,0,0,False,False,0,3.6842,False,False,0.0,0,0,0,google.com.ni,http://google.com.ni
20,13,0,0,1,0,1,2,0,False,False,0,3.7842,False,False,0.14285714285714285,0,0,0,awsdns-41.net,http://awsdns-41.net
30,23,0,0,1,0,0,0,0,False,False,0,3.7362,False,False,0.0,0,0,0,fullhdfilmizlesene.life,http://fullhdfilmizlesene.life
19,12,0,0,1,0,0,1,0,False,False,0,3.9321,False,False,0.06666666666666667,0,0,0,varzesh3.com,http://varzesh3.com
21,14,0,0,1,0,0,0,0,False,False,0,3.6897,False,False,0.0,0,0,0,cardmarket.com,http://cardmarket.com
22,15,0,0,1,0,0,0,0,False,False,0,3.914,False,False,0.0,0,0,0,filmyfly.racing,http://filmyfly.racing
18,11,0,0,1,0,0,0,0,False,False,0,3.6835,False,False,0.0,0,0,0,fortune.com,http://fortune.com
26,19,0,0,1,0,0,0,0,False,False,0,3.9022,False,False,0.0,0,0,0,procyclingstats.com,http://procyclingstats.com
23,16,0,0,1,0,1,0,0,False,False,0,3.882,False,False,0.0,0,0,0,uni-frankfurt.de,http://uni-frankfurt.de
20,13,0,0,1,0,0,0,0,False,False,0,3.7464,False,False,0.0,0,0,0,askubuntu.com,http://askubuntu.com
32,25,0,0,1,0,1,0,0,False,False,0,3.7539,False,False,0.0,0,0,0,confiant-integrations.net,http://confiant-integrations.net
18,11,0,0,1,0,0,0,0,False,False,0,3.6144,False,False,0.0,0,0,0,openssl.org,http://openssl.org
14,7,0,0,1,0,0,0,0,False,False,0,3.5216,False,False,0.0,0,0,0,wa.link,http://wa.link
19,12,0,0,1,0,0,3,0,False,False,0,3.8269,False,False,0.23076923076923078,0,0,0,360qhcdn.com,http://360qhcdn.com
24,17,0,0,1,0,0,0,0,False,False,0,3.7202,False,False,0.0,0,0,0,tractorsupply.com,http://tractorsupply.com
18,11,0,0,1,0,0,0,0,False,False,0,3.8366,False,False,0.0,0,0,0,upravel.com,http://upravel.com
29,22,0,0,1,0,0,0,0,False,False,0,3.7623,False,False,0.0,0,0,0,modarteaccessories.com,http://modarteaccessories.com
23,16,0,0,1,0,0,0,0,False,False,0,3.7951,False,False,0.0,0,0,0,heytapmobile.com,http://heytapmobile.com
28,20,1,0,2,1,0,3,0,False,False,0,4.0836,False,False,0.15,0,0,1,icefactory.cl,http://d06d1f.icefactory.cl/
17,10,0,0,1,0,0,0,0,False,False,0,3.7345,False,False,0.0,0,0,0,jwpsrv.com,http://jwpsrv.com
20,13,0,0,1,0,0,0,0,False,False,0,3.6219,False,False,0.0,0,0,0,bidswitch.net,http://bidswitch.net
16,9,0,0,1,0,0,0,0,False,False,0,3.3278,False,False,0.0,0,0,0,google.bg,http://google.bg
14,7,0,0,1,0,0,0,0,False,False,0,3.5216,False,False,0.0,0,0,0,wix.com,http://wix.com
18,11,0,0,1,0,0,1,0,False,False,0,3.5724,False,False,0.07142857142857142,0,0,0,cdnhwc1.com,http://cdnhwc1.com
32,24,1,0,2,1,0,0,0,False,False,0,3.7692,False,False,0.0,0,0,1,scarlettscorner.site,http://www.scarlettscorner.site/
18,11,0,0,1,0,0,0,0,False,False,0,3.4613,False,False,0.0,0,0,0,lootlabs.gg,http://lootlabs.gg
17,10,0,0,1,0,0,0,0,False,False,0,3.1463,False,False,0.0,0,0,0,pixnet.net,http://pixnet.net
16,9,0,0,1,0,0,0,0,False,False,0,3.4528,False,False,0.0,0,0,0,qrcdn.net,http://qrcdn.net
17,10,0,0,1,0,0,0,0,False,False,0,3.6169,False,False,0.0,0,0,0,sokmil.com,http://sokmil.com
16,9,0,0,1,0,0,2,0,False,False,0,3.625,False,False,0.18181818181818182,0,0,0,cdn20.com,http://cdn20.com
20,13,0,0,1,0,0,0,0,False,False,0,3.7842,False,False,0.0,0,0,0,starbucks.com,http://starbucks.com
18,11,0,0,1,0,0,0,0,False,False,0,3.4613,False,False,0.0,0,0,0,superbet.ro,http://superbet.ro
21,14,0,0,1,0,0,0,0,False,False,0,3.7849,False,False,0.0,0,0,0,technorail.com,http://technorail.com
15,8,0,0,1,0,0,0,0,False,False,0,3.5069,False,False,0.0,0,0,0,mgid.com,http://mgid.com
19,12,0,0,1,0,0,0,0,False,False,0,3.7871,False,False,0.0,0,0,0,snaptube.com,http://snaptube.com
20,13,0,0,1,0,1,0,0,False,False,0,3.8842,False,False,0.0,0,0,0,line-apps.com,http://line-apps.com
24,17,0,0,1,0,0,0,0,False,False,0,3.9183,False,False,0.0,0,0,0,jovencitas.gratis,http://jovencitas.gratis
13,6,0,0,1,0,0,0,0,False,False,0,3.3927,False,False,0.0,0,0,0,wa.gov,http://wa.gov
18,11,0,0,1,0,0,0,0,False,False,0,3.5724,False,False,0.0,0,0,0,zooplus.net,http://zooplus.net
13,6,0,0,1,0,1,0,0,False,False,0,3.2389,False,False,0.0,0,0,0,p-n.io,http://p-n.io
23,16,0,0,1,0,0,0,0,False,False,0,4.1757,False,False,0.0,0,0,0,doubleverify.com,http://doubleverify.com
20,13,0,0,1,0,0,0,0,False,False,0,3.5219,False,False,0.0,0,0,0,awsstatic.com,http://awsstatic.com
17,10,0,0,1,0,0,0,0,False,False,0,3.4548,False,False,0.0,0,0,0,admatic.de,http://admatic.de
17,10,0,0,1,0,0,0,0,False,False,0,3.4548,False,False,0.0,0,0,0,gaijin.net,http://gaijin.net
13,6,0,0,1,0,0,0,0,False,False,0,3.2389,False,False,0.0,0,0,0,car.gr,http://car.gr
20,13,0,0,1,0,1,2,0,False,False,0,3.7842,False,False,0.14285714285714285,0,0,0,awsdns-56.net,http://awsdns-56.net
24,17,0,0,1,0,0,1,0,False,False,0,3.9183,False,False,0.05,0,0,0,media6degrees.com,http://media6degrees.com
21,14,0,0,1,0,0,0,0,False,False,0,3.6304,False,False,0.0,0,0,0,amplifyapp.com,http://amplifyapp.com
20,13,0,0,2,0,0,0,0,False,False,0,3.5464,False,False,0.0,0,0,0,google.com.ag,http://google.com.ag
22,15,0,0,2,0,1,0,0,False,False,0,3.7888,False,False,0.0,0,0,0,asahi-net.or.jp,http://asahi-net.or.jp
15,8,0,0,1,0,0,0,0,False,False,0,3.5069,False,False,0.0,0,0,0,xkcd.com,http://xkcd.com
23,16,0,0,1,0,0,0,0,False,False,0,3.7951,False,False,0.0,0,0,0,springeropen.com,http://springeropen.com
19,12,0,0,1,0,0,0,0,False,False,0,3.5111,False,False,0.0,0,0,0,zoominfo.com,http://zoominfo.com
18,11,0,0,1,0,0,0,0,False,False,0,3.8366,False,False,0.0,0,0,0,emojidb.org,http://emojidb.org
19,12,0,0,1,0,0,0,0,False,False,0,3.5766,False,False,0.0,0,0,0,playmogo.com,http://playmogo.com
15,8,0,0,1,0,0,1,0,False,False,0,3.3232,False,False,0.09090909090909091,0,0,0,tele2.ru,http://tele2.ru
20,13,0,0,1,0,0,0,0,False,False,0,3.5464,False,False,0.0,0,0,0,skysports.com,http://skysports.com
21,14,0,0,1,0,1,0,0,False,False,0,3.8802,False,False,0.0,0,0,0,adfuse-ssp.com,http://adfuse-ssp.com
13,6,0,0,1,0,0,0,0,False,False,0,3.2389,False,False,0.0,0,0,0,aa.com,http://aa.com
24,17,0,0,1,0,0,0,0,False,False,0,3.8868,False,False,0.0,0,0,0,boardgamegeek.com,http://boardgamegeek.com
18,11,0,0,1,0,0,0,0,False,False,0,3.5724,False,False,0.0,0,0,0,distmed.com,http://distmed.com
19,12,0,0,1,0,0,0,0,False,False,0,3.6819,False,False,0.0,0,0,0,steamrip.com,http://steamrip.com
17,10,0,0,1,0,0,0,0,False,False,0,3.1019,False,False,0.0,0,0,0,thothd.com,http://thothd.com
17,10,0,0,1,0,0,0,0,False,False,0,3.6169,False,False,0.0,0,0,0,schwab.com,http://schwab.com
23,16,0,0,1,0,0,0,0,False,False,0,3.7951,False,False,0.0,0,0,0,buymeacoffee.com,http://buymeacoffee.com
19,12,0,0,1,0,0,0,0,False,False,0,3.8269,False,False,0.0,0,0,0,livescore.cz,http://livescore.cz
19,12,0,0,1,0,0,0,0,False,False,0,3.7216,False,False,0.0,0,0,0,harknmav.fun,http://harknmav.fun
39,32,0,0,2,0,0,0,0,False,False,0,4.0604,False,False,0.0,0,0,0,administracionelectronica.gob.es,http://administracionelectronica.gob.es
14,7,0,0,1,0,0,0,0,False,False,0,3.3788,False,False,0.0,0,0,0,kupi.cz,http://kupi.cz
20,13,0,0,1,0,0,0,0,False,False,0,3.6219,False,False,0.0,0,0,0,hismarttv.com,http://hismarttv.com
13,6,0,0,1,0,0,0,0,False,False,0,3.3927,False,False,0.0,0,0,0,cmd.su,http://cmd.su
20,13,0,0,1,0,0,0,0,False,False,0,3.6842,False,False,0.0,0,0,0,heytapimg.com,http://heytapimg.com
19,12,0,0,1,0,0,0,0,False,False,0,3.6819,False,False,0.0,0,0,0,masteredu.ai,http://masteredu.ai
19,12,0,0,1,0,0,0,0,False,False,0,3.8269,False,False,0.0,0,0,0,discover.com,http://discover.com
20,13,0,0,1,0,0,0,0,False,False,0,4.1219,False,False,0.0,0,0,0,sexindrag.com,http://sexindrag.com
19,12,0,0,1,0,0,0,0,False,False,0,3.4714,False,False,0.0,0,0,0,inquirer.net,http://inquirer.net
17,10,0,0,1,0,0,0,0,False,False,0,3.4548,False,False,0.0,0,0,0,tucows.com,http://tucows.com
25,18,0,0,1,0,2,0,0,False,False,0,3.8635,False,False,0.0,0,0,0,spov-dc-msedge.net,http://spov-dc-msedge.net
14,7,0,0,1,0,0,0,0,False,False,0,3.2359,False,False,0.0,0,0,0,unh.edu,http://unh.edu
20,13,0,0,1,0,0,0,0,False,False,0,4.0219,False,False,0.0,0,0,0,angelfire.com,http://angelfire.com
21,14,0,0,1,0,0,0,0,False,False,0,3.8802,False,False,0.0,0,0,0,lansweeper.com,http://lansweeper.com
20,13,0,0,1,0,1,0,0,False,False,0,3.8219,False,False,0.0,0,0,0,musics-fa.com,http://musics-fa.com
19,12,0,0,1,0,0,0,0,False,False,0,3.7216,False,False,0.0,0,0,0,opsgenie.com,http://opsgenie.com
20,13,0,0,1,0,0,0,0,False,False,0,3.7842,False,False,0.0,0,0,0,bytedance.com,http://bytedance.com
15,8,0,0,1,0,0,0,0,False,False,0,3.4566,False,False,0.0,0,0,0,tilda.ws,http://tilda.ws
24,17,0,0,1,0,0,0,0,False,False,0,3.8554,False,False,0.0,0,0,0,paypalobjects.com,http://paypalobjects.com
18,11,0,0,2,0,0,0,0,False,False,0,3.4613,False,False,0.0,0,0,0,stps.gob.mx,http://stps.gob.mx
19,12,0,0,1,0,0,0,0,False,False,0,3.5766,False,False,0.0,0,0,0,qualcomm.com,http://qualcomm.com
23,16,0,0,1,0,0,0,0,False,False,0,3.969,False,False,0.0,0,0,0,xhamsterlive.com,http://xhamsterlive.com
22,15,0,0,2,0,0,0,0,False,False,0,3.6635,False,False,0.0,0,0,0,meteofor.com.ua,http://meteofor.com.ua
18,11,0,0,1,0,0,0,0,False,False,0,3.5033,False,False,0.0,0,0,0,riotcdn.net,http://riotcdn.net
22,15,0,0,1,0,0,0,0,False,False,0,3.8797,False,False,0.0,0,0,0,doubleclick.net,http://doubleclick.net
14,7,0,0,1,0,0,0,0,False,False,0,3.5216,False,False,0.0,0,0,0,irs.gov,http://irs.gov
14,7,0,0,1,0,0,0,0,False,False,0,3.3788,False,False,0.0,0,0,0,zoom.us,http://zoom.us
14,7,0,0,1,0,0,0,0,False,False,0,3.3788,False,False,0.0,0,0,0,ucf.edu,http://ucf.edu
14,7,0,0,1,0,0,0,0,False,False,0,3.3249,False,False,0.0,0,0,0,fon.bet,http://fon.bet
15,8,0,0,1,0,0,0,0,False,False,0,3.5069,False,False,0.0,0,0,0,videa.hu,http://videa.hu
18,11,0,0,1,0,0,0,0,False,False,0,3.6835,False,False,0.0,0,0,0,apkpure.com,http://apkpure.com
15,8,0,0,1,0,0,0,0,False,False,0,3.3232,False,False,0.0,0,0,0,tgju.org,http://tgju.org
20,13,0,0,1,0,0,0,0,False,False,0,3.7219,False,False,0.0,0,0,0,ttlivecdn.com,http://ttlivecdn.com
25,18,0,0,1,0,0,0,0,False,False,0,3.7337,False,False,0.0,0,0,0,washingtonpost.com,http://washingtonpost.com
26,19,0,0,1,0,0,0,0,False,False,0,3.7672,False,False,0.0,0,0,0,schneevonmorgen.com,http://schneevonmorgen.com
15,8,0,0,1,0,0,0,0,False,False,0,3.5069,False,False,0.0,0,0,0,ogury.io,http://ogury.io
21,14,0,0,1,0,0,0,0,False,False,0,3.9161,False,False,0.0,0,0,0,makerworld.com,http://makerworld.com
20,13,0,0,1,0,0,0,0,False,False,0,3.6464,False,False,0.0,0,0,0,sharethis.com,http://sharethis.com
17,10,0,0,1,0,0,0,0,False,False,0,3.5725,False,False,0.0,0,0,0,obramat.es,http://obramat.es
21,14,0,0,1,0,1,0,0,False,False,0,3.8209,False,False,0.0,0,0,0,apache-ssl.org,http://apache-ssl.org
19,12,0,0,1,0,0,0,0,False,False,0,3.6819,False,False,0.0,0,0,0,packetsdk.io,http://packetsdk.io
27,20,0,0,1,0,2,3,0,False,False,0,3.9862,False,True,0.15789473684210525,0,0,0,xn--l3caaa5iqc3a.com,http://xn--l3caaa5iqc3a.com
18,11,0,0,1,0,0,0,0,False,False,0,3.6835,False,False,0.0,0,0,0,macomnet.ru,http://macomnet.ru
17,10,0,0,1,0,0,0,0,False,False,0,3.5725,False,False,0.0,0,0,0,goodrx.com,http://goodrx.com
21,14,0,0,1,0,0,0,0,False,False,0,3.4273,False,False,0.0,0,0,0,europapress.es,http://europapress.es
18,11,0,0,1,0,0,0,0,False,False,0,3.8366,False,False,0.0,0,0,0,unirioja.es,http://unirioja.es
14,7,0,0,1,0,0,0,0,False,False,0,3.3788,False,False,0.0,0,0,0,qvc.com,http://qvc.com
20,13,0,0,1,0,1,2,0,False,False,0,3.7842,False,False,0.14285714285714285,0,0,0,awsdns-38.net,http://awsdns-38.net
15,8,0,0,1,0,0,0,0,False,False,0,3.3232,False,False,0.0,0,0,0,time.com,http://time.com
20,13,0,0,1,0,0,0,0,False,False,0,3.7842,False,False,0.0,0,0,0,xxxvideo.link,http://xxxvideo.link
18,11,0,0,1,0,0,0,0,False,False,0,3.6144,False,False,0.0,0,0,0,mercari.com,http://mercari.com
17,10,0,0,1,0,0,0,0,False,False,0,3.5725,False,False,0.0,0,0,0,nflxso.net,http://nflxso.net
19,12,0,0,1,0,0,0,0,False,False,0,3.8269,False,False,0.0,0,0,0,beforward.jp,http://beforward.jp
21,14,0,0,1,0,0,0,0,False,False,0,3.6897,False,False,0.0,0,0,0,sambaporno.com,http://sambaporno.com
21,14,0,0,1,0,1,0,0,False,False,0,3.7257,False,False,0.0,0,0,0,free-reels.com,http://free-reels.com
20,13,0,0,1,0,0,0,0,False,False,0,3.7219,False,False,0.0,0,0,0,babepedia.com,http://babepedia.com
15,8,0,0,1,0,0,0,0,False,False,0,3.1899,False,False,0.0,0,0,0,stihi.ru,http://stihi.ru
26,19,0,0,1,0,0,0,0,False,False,0,3.8441,False,False,0.0,0,0,0,choiceadvantage.com,http://choiceadvantage.com
11,4,0,0,1,0,0,0,0,False,False,0,3.0958,False,False,0.0,0,0,0,a.co,http://a.co
22,15,0,0,1,0,0,0,0,False,False,0,3.8454,False,False,0.0,0,0,0,arabshentai.com,http://arabshentai.com
27,19,1,0,3,1,1,0,0,False,False,0,3.9582,False,False,0.0,0,0,1,gamez-en.my.id,http://cdzp.gamez-en.my.id/
14,7,0,0,1,0,0,0,0,False,False,0,3.3788,False,False,0.0,0,0,0,gnu.org,http://gnu.org
16,9,0,0,1,0,0,0,0,False,False,0,3.2028,False,False,0.0,0,0,0,petco.com,http://petco.com
16,9,0,0,1,0,0,0,0,False,False,0,3.625,False,False,0.0,0,0,0,hexun.com,http://hexun.com
19,12,0,0,1,0,0,0,0,False,False,0,3.5766,False,False,0.0,0,0,0,thepoizon.ru,http://thepoizon.ru
21,14,0,0,1,0,0,0,0,False,False,0,3.8209,False,False,0.0,0,0,0,officeally.com,http://officeally.com
22,15,0,0,1,0,0,0,0,False,False,0,4.0049,False,False,0.0,0,0,0,leadsquared.com,http://leadsquared.com
16,9,0,0,1,0,0,0,0,False,False,0,3.5,False,False,0.0,0,0,0,google.kz,http://google.kz
21,14,0,0,1,0,0,2,0,False,False,0,3.8802,False,False,0.125,0,0,0,yasyadong02.tv,http://yasyadong02.tv
23,16,0,0,1,0,0,0,0,False,False,0,3.4314,False,False,0.0,0,0,0,stratoserver.net,http://stratoserver.net
24,17,0,0,1,0,2,0,0,False,False,0,3.8554,False,False,0.0,0,0,0,dual-s-msedge.net,http://dual-s-msedge.net
13,6,0,0,1,0,0,0,0,False,False,0,3.1808,False,False,0.0,0,0,0,tsn.ua,http://tsn.ua
24,17,0,0,1,0,0,0,0,False,False,0,3.455,False,False,0.0,0,0,0,kantimehealth.net,http://kantimehealth.net
25,18,0,0,2,0,1,0,0,False,False,1,3.9737,False,False,0.0,0,0,0,rakuten-bank.co.jp,http://rakuten-bank.co.jp
19,12,0,0,1,0,0,0,0,False,False,0,3.6163,False,False,0.0,0,0,0,cheqzone.com,http://cheqzone.com
20,13,0,0,2,0,0,3,0,False,False,0,3.5219,False,False,0.23076923076923078,0,0,0,bet365.bet.ar,http://bet365.bet.ar
21,14,0,0,1,0,0,0,0,False,False,0,3.7849,False,False,0.0,0,0,0,telefonica.com,http://telefonica.com
20,13,0,0,1,0,0,0,0,False,False,0,3.8219,False,False,0.0,0,0,0,marphezis.com,http://marphezis.com
22,15,0,0,2,0,1,2,0,False,False,0,4.0958,False,False,0.13333333333333333,0,0,0,awsdns-60.co.uk,http://awsdns-60.co.uk
15,8,0,0,1,0,0,0,0,False,False,0,3.1899,False,False,0.0,0,0,0,gccdn.cn,http://gccdn.cn
17,10,0,0,1,0,0,0,0,False,False,0,3.4548,False,False,0.0,0,0,0,ymmobi.com,http://ymmobi.com
16,9,0,0,1,0,0,0,0,False,False,0,3.4528,False,False,0.0,0,0,0,vwapps.io,http://vwapps.io
69,17,44,0,3,1,0,12,0,False,False,0,4.5577,False,False,0.24489795918367346,3,0,1,roblox.com.gr,https://www.roblox.com.gr/users/269079117221/profilemalwarenetworkrat
16,9,0,0,1,0,0,0,0,False,False,0,3.4528,False,False,0.0,0,0,0,bkcdn.net,http://bkcdn.net
14,7,0,0,1,0,0,0,0,False,False,0,3.3788,False,False,0.0,0,0,0,fsf.org,http://fsf.org
20,13,0,0,1,0,1,2,0,False,False,0,4.0219,False,False,0.14285714285714285,0,0,0,awsdns-07.com,http://awsdns-07.com
29,22,0,0,1,0,0,0,0,False,False,0,3.9783,False,False,0.0,0,0,0,travelandtourworld.com,http://travelandtourworld.com
22,15,0,0,1,0,0,0,0,False,False,0,3.8454,False,False,0.0,0,0,0,xiaohongshu.com,http://xiaohongshu.com
19,12,0,0,1,0,0,0,0,False,False,0,3.6819,False,False,0.0,0,0,0,symantec.com,http://symantec.com
19,12,0,0,1,0,0,0,0,False,False,0,3.7871,False,False,0.0,0,0,0,netkeiba.com,http://netkeiba.com
17,10,0,0,1,0,0,0,0,False,False,0,3.6169,False,False,0.0,0,0,0,sakshi.com,http://sakshi.com
18,11,0,0,1,0,0,0,0,False,False,0,3.4613,False,False,0.0,0,0,0,athemes.com,http://athemes.com
14,7,0,0,1,0,0,0,0,False,False,0,3.5216,False,False,0.0,0,0,0,go.link,http://go.link
24,17,0,0,1,0,0,0,0,False,False,0,3.8868,False,False,0.0,0,0,0,cloudwaysapps.com,http://cloudwaysapps.com
24,17,0,0,1,0,0,0,0,False,False,0,3.6683,False,False,0.0,0,0,0,adobeccstatic.com,http://adobeccstatic.com
19,12,0,0,1,0,0,0,0,False,False,0,3.5369,False,False,0.0,0,0,0,keenetic.pro,http://keenetic.pro
15,8,0,0,1,0,0,0,0,False,False,0,3.6402,False,False,0.0,0,0,0,ebay.com,http://ebay.com
23,16,0,0,2,0,0,0,0,False,False,0,3.882,False,False,0.0,0,0,0,ardentnews.co.kr,http://ardentnews.co.kr
17,10,0,0,1,0,0,0,0,False,False,0,3.4992,False,False,0.0,0,0,0,bahesab.ir,http://bahesab.ir
20,13,0,0,1,0,0,0,0,False,False,0,3.6842,False,False,0.0,0,0,0,filmyfly.luxe,http://filmyfly.luxe
25,18,0,0,1,0,1,0,0,False,False,0,3.9395,False,False,0.0,0,0,0,bytefcdn-ttpus.com,http://bytefcdn-ttpus.com
21,14,0,0,1,0,0,0,0,False,False,0,3.6897,False,False,0.0,0,0,0,radiofarda.com,http://radiofarda.com
24,17,0,0,1,0,0,0,0,False,False,0,3.8035,False,False,0.0,0,0,0,worldwildlife.org,http://worldwildlife.org
23,16,0,0,1,0,0,0,0,False,False,0,3.6753,False,False,0.0,0,0,0,superbthemes.com,http://superbthemes.com
15,8,0,0,1,0,0,0,0,False,False,0,3.5069,False,False,0.0,0,0,0,ufrgs.br,http://ufrgs.br
16,9,0,0,1,0,0,0,0,False,False,0,3.4528,False,False,0.0,0,0,0,rnote.com,http://rnote.com
20,13,0,0,1,0,0,0,0,False,False,0,3.8842,False,False,0.0,0,0,0,typingerz.com,http://typingerz.com
27,20,0,0,2,0,1,0,0,False,False,0,3.9121,False,False,0.0,0,0,0,mercedes-benz.com.cn,http://mercedes-benz.com.cn
16,9,0,0,1,0,0,0,0,False,False,0,3.625,False,False,0.0,0,0,0,elmaz.com,http://elmaz.com
18,11,0,0,1,0,0,0,0,False,False,0,3.9477,False,False,0.0,0,0,0,yealink.com,http://yealink.com
18,11,0,0,1,0,0,0,0,False,False,0,3.5724,False,False,0.0,0,0,0,maxifoot.fr,http://maxifoot.fr
14,7,0,0,1,0,0,0,0,False,False,0,3.3788,False,False,0.0,0,0,0,cdc.gov,http://cdc.gov
21,14,0,0,1,0,0,0,0,False,False,0,3.7849,False,False,0.0,0,0,0,hentairead.com,http://hentairead.com
20,13,0,0,2,0,0,0,0,False,False,0,3.5842,False,False,0.0,0,0,0,recruit.co.jp,http://recruit.co.jp
14,7,0,0,1,0,0,0,0,False,False,0,3.5216,False,False,0.0,0,0,0,bls.gov,http://bls.gov
14,7,0,0,1,0,0,0,0,False,False,0,3.3788,False,False,0.0,0,0,0,rsc.org,http://rsc.org
19,12,0,0,1,0,0,0,0,False,False,0,3.8269,False,False,0.0,0,0,0,audioeye.com,http://audioeye.com
50,17,25,0,3,1,0,10,0,False,False,0,4.4562,False,False,0.3125,3,0,1,roblox.com.mu,https://www.roblox.com.mu/users/3111072752/profile
17,10,0,0,1,0,0,0,0,False,False,0,3.7345,False,False,0.0,0,0,0,sodimac.cl,http://sodimac.cl
17,10,0,0,1,0,0,0,0,False,False,0,3.5725,False,False,0.0,0,0,0,bergfex.at,http://bergfex.at
21,14,0,0,1,0,0,0,0,False,False,0,3.9161,False,False,0.0,0,0,0,foursquare.com,http://foursquare.com
14,7,0,0,1,0,0,0,0,False,False,0,3.3788,False,False,0.0,0,0,0,lww.com,http://lww.com
15,8,0,0,1,0,0,0,0,False,False,0,3.4566,False,False,0.0,0,0,0,senat.fr,http://senat.fr
15,8,0,0,1,0,0,0,0,False,False,0,3.1899,False,False,0.0,0,0,0,ernet.in,http://ernet.in
22,15,0,0,1,0,1,0,0,False,False,0,3.7322,False,False,0.0,0,0,0,vhosting-it.com,http://vhosting-it.com
17,10,0,0,1,0,0,0,0,False,False,0,3.7345,False,False,0.0,0,0,0,uvfuns.com,http://uvfuns.com
23,16,0,0,1,0,0,0,0,False,False,0,3.882,False,False,0.0,0,0,0,visualstudio.com,http://visualstudio.com
24,17,0,0,1,0,0,0,0,False,False,0,3.4702,False,False,0.0,0,0,0,depositphotos.com,http://depositphotos.com
22,15,0,0,1,0,0,0,0,False,False,0,3.7888,False,False,0.0,0,0,0,sportskeeda.com,http://sportskeeda.com
17,10,0,0,2,0,0,0,0,False,False,0,3.3816,False,False,0.0,0,0,0,ntv.com.tr,http://ntv.com.tr
17,10,0,0,1,0,0,0,0,False,False,0,3.5725,False,False,0.0,0,0,0,ivanti.com,http://ivanti.com
19,12,0,0,1,0,0,0,0,False,False,0,3.6421,False,False,0.0,0,0,0,autozone.com,http://autozone.com
18,11,0,0,2,0,0,0,0,False,False,0,3.4613,False,False,0.0,0,0,0,tokyo.lg.jp,http://tokyo.lg.jp
24,17,0,0,1,0,0,0,0,False,False,0,3.8035,False,False,0.0,0,0,0,brilliantchap.com,http://brilliantchap.com
21,14,0,0,1,0,0,0,0,False,False,0,3.6897,False,False,0.0,0,0,0,soundcloud.com,http://soundcloud.com
17,10,0,0,1,0,0,0,0,False,False,0,3.7345,False,False,0.0,0,0,0,xhwide.com,http://xhwide.com
17,10,0,0,1,0,0,0,0,False,False,0,3.4992,False,False,0.0,0,0,0,adliran.ir,http://adliran.ir
21,14,0,0,1,0,0,0,0,False,False,0,3.4992,False,False,0.0,0,0,0,sberkassa.site,http://sberkassa.site
21,14,0,0,1,0,1,0,0,False,False,0,3.5945,False,False,0.0,0,0,0,dns-servers.vn,http://dns-servers.vn
26,19,0,0,1,0,0,0,0,False,False,0,3.7962,False,False,0.0,0,0,0,thinkwithgoogle.com,http://thinkwithgoogle.com
15,8,0,0,1,0,0,0,0,False,False,0,3.6402,False,False,0.0,0,0,0,usda.gov,http://usda.gov
19,12,0,0,1,0,0,0,0,False,False,0,3.3661,False,False,0.0,0,0,0,omniroot.com,http://omniroot.com
17,10,0,0,1,0,0,0,0,False,False,0,3.1463,False,False,0.0,0,0,0,pippio.com,http://pippio.com
19,12,0,0,1,0,0,0,0,False,False,0,3.9321,False,False,0.0,0,0,0,ladyxena.com,http://ladyxena.com
15,8,0,0,1,0,0,0,0,False,False,0,3.4566,False,False,0.0,0,0,0,ucoz.net,http://ucoz.net
18,11,0,0,1,0,0,0,0,False,False,0,3.5305,False,False,0.0,0,0,0,irondns.net,http://irondns.net
17,10,0,0,2,0,0,0,0,False,False,0,3.6169,False,False,0.0,0,0,0,sbs.com.au,http://sbs.com.au
20,13,0,0,1,0,0,0,0,False,False,0,3.8219,False,False,0.0,0,0,0,fuckmoral.com,http://fuckmoral.com
20,13,0,0,1,0,0,0,0,False,False,0,3.1219,False,False,0.0,0,0,0,trilltrill.jp,http://trilltrill.jp
21,14,0,0,2,0,0,0,0,False,False,0,4.0114,False,False,0.0,0,0,0,esocial.gov.br,http://esocial.gov.br
15,8,0,0,1,0,0,0,0,False,False,0,3.5069,False,False,0.0,0,0,0,logi.com,http://logi.com
17,10,0,0,1,0,0,0,0,False,False,0,3.5725,False,False,0.0,0,0,0,alaska.gov,http://alaska.gov
19,12,0,0,1,0,0,0,0,False,False,0,3.5766,False,False,0.0,0,0,0,cbslocal.com,http://cbslocal.com
19,12,0,0,1,0,0,0,0,False,False,0,3.5766,False,False,0.0,0,0,0,hadronid.net,http://hadronid.net
16,9,0,0,1,0,0,0,0,False,False,0,3.625,False,False,0.0,0,0,0,pbxai.com,http://pbxai.com
21,14,0,0,2,0,1,1,0,False,False,0,3.5945,False,False,0.06666666666666667,0,0,0,3.in-addr.arpa,http://3.in-addr.arpa
19,12,0,0,1,0,0,0,0,False,False,0,3.8269,False,False,0.0,0,0,0,grainger.com,http://grainger.com
21,14,0,0,1,0,0,0,0,False,False,0,3.6304,False,False,0.0,0,0,0,technorati.com,http://technorati.com
22,15,0,0,1,0,0,0,0,False,False,0,3.8454,False,False,0.0,0,0,0,oreillyauto.com,http://oreillyauto.com
29,20,1,0,2,1,0,2,0,False,False,0,4.1592,False,False,0.09090909090909091,0,0,1,icefactory.cl,https://b1ba4d.icefactory.cl/
22,15,0,0,1,0,0,0,0,False,False,0,3.7544,False,False,0.0,0,0,0,mastodon.social,http://mastodon.social
19,12,0,0,1,0,0,0,0,False,False,0,3.6819,False,False,0.0,0,0,0,wordwall.net,http://wordwall.net
14,7,0,0,1,0,0,0,0,False,False,0,3.3249,False,False,0.0,0,0,0,tfkc.de,http://tfkc.de
18,11,0,0,1,0,0,0,0,False,False,0,3.4194,False,False,0.0,0,0,0,grow.google,http://grow.google
17,10,0,0,1,0,0,2,0,False,False,0,3.7345,False,False,0.16666666666666666,0,0,0,publi24.ro,http://publi24.ro
21,14,0,0,1,0,0,0,0,False,False,0,3.5585,False,False,0.0,0,0,0,fotoscapes.com,http://fotoscapes.com
15,8,0,0,1,0,0,0,0,False,False,0,3.3232,False,False,0.0,0,0,0,cnet.com,http://cnet.com
21,14,0,0,1,0,0,0,0,False,False,0,3.6304,False,False,0.0,0,0,0,temporary.site,http://temporary.site
18,11,0,0,1,0,0,0,0,False,False,0,3.5724,False,False,0.0,0,0,0,afrinic.net,http://afrinic.net
19,12,0,0,1,0,0,0,0,False,False,0,3.7871,False,False,0.0,0,0,0,bytefcdn.com,http://bytefcdn.com
17,10,0,0,1,0,0,0,0,False,False,0,3.2639,False,False,0.0,0,0,0,trpcdn.net,http://trpcdn.net
21,14,0,0,1,0,0,0,0,False,False,0,3.9161,False,False,0.0,0,0,0,runescape.wiki,http://runescape.wiki
16,9,0,0,1,0,0,0,0,False,False,0,3.3278,False,False,0.0,0,0,0,bpmlt.com,http://bpmlt.com
19,12,0,0,1,0,0,0,0,False,False,0,3.7871,False,False,0.0,0,0,0,iterable.com,http://iterable.com
18,11,0,0,1,0,0,0,0,False,False,0,3.7255,False,False,0.0,0,0,0,powerbi.com,http://powerbi.com
17,10,0,0,1,0,0,0,0,False,False,0,3.7345,False,False,0.0,0,0,0,sexvid.pro,http://sexvid.pro
24,17,0,0,1,0,0,0,0,False,False,0,3.8868,False,False,0.0,0,0,0,timesofisrael.com,http://timesofisrael.com
15,8,0,0,1,0,0,0,0,False,False,0,3.5069,False,False,0.0,0,0,0,nic.live,http://nic.live
20,13,0,0,1,0,0,0,0,False,False,0,3.6842,False,False,0.0,0,0,0,principal.com,http://principal.com
19,12,0,0,1,0,0,0,0,False,False,0,3.6163,False,False,0.0,0,0,0,fortinet.com,http://fortinet.com
17,10,0,0,1,0,0,0,0,False,False,0,3.5725,False,False,0.0,0,0,0,iheart.com,http://iheart.com
21,14,0,0,1,0,0,0,0,False,False,0,3.7849,False,False,0.0,0,0,0,blackberry.net,http://blackberry.net
20,13,0,0,1,0,0,0,0,False,False,0,3.5842,False,False,0.0,0,0,0,nicematin.com,http://nicematin.com
27,20,0,0,1,0,0,0,0,False,False,0,3.4579,False,False,0.0,0,0,0,steamconnecttest.com,http://steamconnecttest.com
19,12,0,0,1,0,0,0,0,False,False,0,3.6163,False,False,0.0,0,0,0,skechers.com,http://skechers.com
17,10,0,0,1,0,0,0,0,False,False,0,3.5725,False,False,0.0,0,0,0,amxrtb.com,http://amxrtb.com
19,12,0,0,1,0,0,0,0,False,False,0,3.8269,False,False,0.0,0,0,0,overleaf.com,http://overleaf.com
18,11,0,0,1,0,0,0,0,False,False,0,3.3083,False,False,0.0,0,0,0,behance.net,http://behance.net
20,13,0,0,1,0,0,0,0,False,False,0,3.8842,False,False,0.0,0,0,0,txlivecdn.com,http://txlivecdn.com
18,11,0,0,1,0,0,0,0,False,False,0,3.7255,False,False,0.0,0,0,0,webnode.com,http://webnode.com
20,13,0,0,1,0,0,0,0,False,False,0,3.4842,False,False,0.0,0,0,0,cookiebot.com,http://cookiebot.com
19,12,0,0,1,0,0,0,0,False,False,0,3.3661,False,False,0.0,0,0,0,netcraze.net,http://netcraze.net
14,7,0,0,1,0,0,0,0,False,False,0,3.5216,False,False,0.0,0,0,0,fbi.com,http://fbi.com
18,11,0,0,1,0,0,0,0,False,False,0,3.7255,False,False,0.0,0,0,0,acronis.com,http://acronis.com
24,17,0,0,1,0,1,0,0,False,False,0,3.7721,False,False,0.0,0,0,0,hikvision-cctv.su,http://hikvision-cctv.su
19,12,0,0,1,0,0,1,0,False,False,0,3.4058,False,False,0.06666666666666667,0,0,0,tdnsstic1.cn,http://tdnsstic1.cn
18,11,0,0,1,0,0,0,0,False,False,0,3.6144,False,False,0.0,0,0,0,dssedge.com,http://dssedge.com
21,14,0,0,1,0,0,0,0,False,False,0,4.0114,False,False,0.0,0,0,0,livejasmin.com,http://livejasmin.com
18,11,0,0,1,0,0,0,0,False,False,0,3.7255,False,False,0.0,0,0,0,blogger.com,http://blogger.com
19,12,0,0,1,0,0,0,0,False,False,0,3.7871,False,False,0.0,0,0,0,gotinder.com,http://gotinder.com
24,17,0,0,2,0,0,0,0,False,False,0,3.8035,False,False,0.0,0,0,0,chinadaily.com.cn,http://chinadaily.com.cn
14,7,0,0,1,0,0,0,0,False,False,0,3.3788,False,False,0.0,0,0,0,ebay.ca,http://ebay.ca
13,6,0,0,1,0,0,0,0,False,False,0,3.2389,False,False,0.0,0,0,0,ku.edu,http://ku.edu
18,11,0,0,1,0,0,0,0,False,False,0,3.5724,False,False,0.0,0,0,0,staples.com,http://staples.com
23,16,0,0,1,0,0,0,0,False,False,0,3.6753,False,False,0.0,0,0,0,allporncomic.com,http://allporncomic.com
20,13,0,0,1,0,0,0,0,False,False,0,3.3464,False,False,0.0,0,0,0,homedepot.com,http://homedepot.com
18,11,0,0,1,0,0,0,0,False,False,0,3.5305,False,False,0.0,0,0,0,ualberta.ca,http://ualberta.ca
19,12,0,0,1,0,0,0,0,False,False,0,3.5111,False,False,0.0,0,0,0,mzstatic.com,http://mzstatic.com
17,10,0,0,2,0,0,1,0,False,False,0,3.7345,False,False,0.08333333333333333,0,0,0,dns2.co.za,http://dns2.co.za
15,8,0,0,1,0,0,0,0,False,False,0,3.3232,False,False,0.0,0,0,0,beget.ru,http://beget.ru
21,14,0,0,2,0,0,0,0,False,False,0,3.8209,False,False,0.0,0,0,0,nzherald.co.nz,http://nzherald.co.nz
17,10,0,0,1,0,0,0,0,False,False,0,3.8522,False,False,0.0,0,0,0,inbake.com,http://inbake.com
14,7,0,0,1,0,0,0,0,False,False,0,3.3788,False,False,0.0,0,0,0,abc.com,http://abc.com
25,18,0,0,1,0,0,0,0,False,False,0,3.6537,False,False,0.0,0,0,0,verticalrack.click,http://verticalrack.click
25,18,0,0,1,0,0,0,0,False,False,0,3.8439,False,False,0.0,0,0,0,traffmonetizer.com,http://traffmonetizer.com
17,10,0,0,1,0,0,0,0,False,False,0,3.4992,False,False,0.0,0,0,0,hyprmx.com,http://hyprmx.com
19,12,0,0,1,0,0,0,0,False,False,0,3.6819,False,False,0.0,0,0,0,redlights.be,http://redlights.be
21,14,0,0,1,0,0,0,0,False,False,0,3.404,False,False,0.0,0,0,0,bokeptoket.com,http://bokeptoket.com
16,9,0,0,1,0,0,0,0,False,False,0,3.5,False,False,0.0,0,0,0,bsgslb.cn,http://bsgslb.cn
16,9,0,0,1,0,0,0,0,False,False,0,3.5778,False,False,0.0,0,0,0,tesla.com,http://tesla.com
14,7,0,0,1,0,0,0,0,False,False,0,3.3788,False,False,0.0,0,0,0,ajc.com,http://ajc.com
15,8,0,0,1,0,0,0,0,False,False,0,3.3232,False,False,0.0,0,0,0,csdn.net,http://csdn.net
19,12,0,0,1,0,0,0,0,False,False,0,3.7216,False,False,0.0,0,0,0,elbalad.news,http://elbalad.news
15,8,0,0,1,0,0,0,0,False,False,0,3.3736,False,False,0.0,0,0,0,carrd.co,http://carrd.co
15,8,0,0,1,0,0,0,0,False,False,0,3.3736,False,False,0.0,0,0,0,noaa.gov,http://noaa.gov
13,6,0,0,1,0,0,0,0,False,False,0,3.027,False,False,0.0,0,0,0,fut.gg,http://fut.gg
13,6,0,0,1,0,0,0,0,False,False,0,3.1808,False,False,0.0,0,0,0,uk.net,http://uk.net
13,6,0,0,1,0,0,0,0,False,False,0,3.2389,False,False,0.0,0,0,0,spb.ru,http://spb.ru
19,12,0,0,1,0,0,0,0,False,False,0,3.4714,False,False,0.0,0,0,0,testbook.com,http://testbook.com
16,9,0,0,1,0,0,0,0,False,False,0,3.1556,False,False,0.0,0,0,0,costco.ca,http://costco.ca
16,9,0,0,1,0,0,0,0,False,False,0,3.625,False,False,0.0,0,0,0,gfpxw.com,http://gfpxw.com
19,12,0,0,2,0,0,0,0,False,False,0,3.8269,False,False,0.0,0,0,0,beian.gov.cn,http://beian.gov.cn
21,14,0,0,1,0,0,0,0,False,False,0,3.6897,False,False,0.0,0,0,0,britannica.com,http://britannica.com
14,7,0,0,1,0,0,0,0,False,False,0,3.5216,False,False,0.0,0,0,0,fgov.be,http://fgov.be
19,12,0,0,1,0,0,0,0,False,False,0,3.6819,False,False,0.0,0,0,0,albumaty.com,http://albumaty.com
17,10,0,0,1,0,0,0,0,False,False,0,3.6169,False,False,0.0,0,0,0,rspamd.com,http://rspamd.com
14,7,0,0,1,0,0,0,0,False,False,0,3.3788,False,False,0.0,0,0,0,cmoa.jp,http://cmoa.jp
20,13,0,0,1,0,0,0,0,False,False,0,3.0414,False,False,0.0,0,0,0,speedtest.net,http://speedtest.net
15,8,0,0,1,0,0,0,0,False,False,0,3.5069,False,False,0.0,0,0,0,ucsb.edu,http://ucsb.edu
19,12,0,0,1,0,1,0,0,False,False,0,3.5766,False,False,0.0,0,0,0,html-load.cc,http://html-load.cc
21,14,0,0,1,0,0,0,0,False,False,0,3.9161,False,False,0.0,0,0,0,goguardian.com,http://goguardian.com
18,11,0,0,1,0,0,0,0,False,False,0,3.5724,False,False,0.0,0,0,0,syosetu.com,http://syosetu.com
14,7,0,0,1,0,0,0,0,False,False,0,3.3788,False,False,0.0,0,0,0,ibm.com,http://ibm.com
20,13,0,0,1,0,0,0,0,False,False,0,3.6842,False,False,0.0,0,0,0,zerohedge.com,http://zerohedge.com
25,18,0,0,1,0,0,0,0,False,False,0,3.9435,False,False,0.0,0,0,0,brawlstarsgame.com,http://brawlstarsgame.com
20,13,0,0,1,0,0,0,0,False,False,0,3.6842,False,False,0.0,0,0,0,skyscanner.es,http://skyscanner.es
21,14,0,0,2,0,0,0,0,False,False,0,3.8209,False,False,0.0,0,0,0,sicredi.com.br,http://sicredi.com.br
27,20,0,0,1,0,0,0,0,False,False,0,3.8842,False,False,0.0,0,0,0,smashingmagazine.com,http://smashingmagazine.com
15,8,0,0,1,0,0,0,0,False,False,0,3.5069,False,False,0.0,0,0,0,suno.com,http://suno.com
18,11,0,0,1,0,0,0,0,False,False,0,3.4613,False,False,0.0,0,0,0,appdome.com,http://appdome.com
17,10,0,0,2,0,0,0,0,False,False,0,3.6169,False,False,0.0,0,0,0,bcv.org.ve,http://bcv.org.ve
19,12,0,0,1,0,0,0,0,False,False,0,3.7871,False,False,0.0,0,0,0,trendyol.com,http://trendyol.com
23,16,0,0,1,0,0,0,0,False,False,0,3.741,False,False,0.0,0,0,0,therapynotes.com,http://therapynotes.com
17,10,0,0,1,0,0,0,0,False,False,0,3.3816,False,False,0.0,0,0,0,thawte.com,http://thawte.com
22,15,0,0,1,0,0,0,0,False,False,0,3.6978,False,False,0.0,0,0,0,shcilestamp.com,http://shcilestamp.com
20,13,0,0,1,0,1,0,0,False,False,0,3.7842,False,False,0.0,0,0,0,talkie-ai.com,http://talkie-ai.com
19,12,0,0,1,0,0,0,0,False,False,0,3.8269,False,False,0.0,0,0,0,namefind.com,http://namefind.com
24,17,0,0,1,0,0,0,0,False,False,0,3.6368,False,False,0.0,0,0,0,githubcopilot.com,http://githubcopilot.com
18,11,0,0,1,0,0,0,0,False,False,0,3.5724,False,False,0.0,0,0,0,semasio.net,http://semasio.net
18,11,0,0,1,0,0,0,0,False,False,0,3.3027,False,False,0.0,0,0,0,telstra.net,http://telstra.net
14,7,0,0,1,0,0,0,0,False,False,0,3.5216,False,False,0.0,0,0,0,ioam.de,http://ioam.de
20,13,0,0,1,0,0,0,0,False,False,0,3.8842,False,False,0.0,0,0,0,mobalytics.gg,http://mobalytics.gg
18,11,0,0,1,0,0,0,0,False,False,0,3.6835,False,False,0.0,0,0,0,redtube.com,http://redtube.com
19,12,0,0,1,0,0,0,0,False,False,0,3.6819,False,False,0.0,0,0,0,hisavana.com,http://hisavana.com
18,11,0,0,1,0,0,0,0,False,False,0,3.6835,False,False,0.0,0,0,0,digital.com,http://digital.com
17,10,0,0,1,0,0,0,0,False,False,0,3.5725,False,False,0.0,0,0,0,astrumu.io,http://astrumu.io
15,8,0,0,1,0,0,0,0,False,False,0,3.5069,False,False,0.0,0,0,0,army.mil,http://army.mil
21,14,0,0,1,0,0,0,0,False,False,0,3.5585,False,False,0.0,0,0,0,phpmyadmin.net,http://phpmyadmin.net
21,14,0,0,1,0,0,0,0,False,False,0,3.749,False,False,0.0,0,0,0,instapaper.com,http://instapaper.com
18,11,0,0,1,0,0,0,0,False,False,0,3.7255,False,False,0.0,0,0,0,synology.me,http://synology.me
14,7,0,0,1,0,0,0,0,False,False,0,3.3788,False,False,0.0,0,0,0,dol.gov,http://dol.gov
20,13,0,0,1,0,0,0,0,False,False,0,3.8842,False,False,0.0,0,0,0,nouvelobs.com,http://nouvelobs.com
27,20,0,0,1,0,0,0,0,False,False,0,4.1343,False,False,0.0,0,0,0,usvisascheduling.com,http://usvisascheduling.com
16,9,0,0,1,0,0,0,0,False,False,0,3.625,False,False,0.0,0,0,0,fngml.com,http://fngml.com
16,9,0,0,1,0,0,0,0,False,False,0,3.625,False,False,0.0,0,0,0,island.io,http://island.io
16,9,0,0,1,0,0,0,0,False,False,0,3.625,False,False,0.0,0,0,0,webmd.com,http://webmd.com
16,9,0,0,1,0,0,0,0,False,False,0,3.4528,False,False,0.0,0,0,0,wufoo.com,http://wufoo.com
20,13,0,0,1,0,0,0,0,False,False,0,3.5464,False,False,0.0,0,0,0,peakgames.net,http://peakgames.net
15,8,0,0,1,0,0,0,0,False,False,0,3.3232,False,False,0.0,0,0,0,trip.com,http://trip.com
22,15,0,0,2,0,1,2,0,False,False,0,4.0958,False,False,0.13333333333333333,0,0,0,awsdns-36.co.uk,http://awsdns-36.co.uk
23,16,0,0,1,0,0,0,0,False,False,0,3.7951,False,False,0.0,0,0,0,supremecourt.gov,http://supremecourt.gov
17,10,0,0,1,0,0,0,0,False,False,0,3.4548,False,False,0.0,0,0,0,opaque.net,http://opaque.net
16,9,0,0,1,0,0,0,0,False,False,0,3.4528,False,False,0.0,0,0,0,vinted.es,http://vinted.es
17,10,0,0,1,0,0,0,0,False,False,0,3.6169,False,False,0.0,0,0,0,clover.com,http://clover.com
21,14,0,0,1,0,0,0,0,False,False,0,3.7849,False,False,0.0,0,0,0,worldatlas.com,http://worldatlas.com
19,12,0,0,1,0,0,0,0,False,False,0,3.6421,False,False,0.0,0,0,0,cloudapp.net,http://cloudapp.net
14,7,0,0,1,0,0,0,0,False,False,0,3.5216,False,False,0.0,0,0,0,isc.org,http://isc.org
22,15,0,0,1,0,0,0,0,False,False,0,3.7322,False,False,0.0,0,0,0,letsencrypt.org,http://letsencrypt.org
19,12,0,0,1,0,0,0,0,False,False,0,3.9321,False,False,0.0,0,0,0,sinaedge.com,http://sinaedge.com
14,7,0,0,1,0,0,0,0,False,False,0,3.5216,False,False,0.0,0,0,0,nfl.com,http://nfl.com
17,10,0,0,1,0,0,0,0,False,False,0,3.3372,False,False,0.0,0,0,0,telegra.ph,http://telegra.ph
14,7,0,0,1,0,0,0,0,False,False,0,3.2359,False,False,0.0,0,0,0,aepd.es,http://aepd.es
37,28,1,0,2,1,0,6,0,False,False,0,4.3711,False,False,0.23076923076923078,0,0,1,digiblogbox.com,https://fiverr992090.digiblogbox.com/
18,11,0,0,1,0,0,0,0,False,False,0,3.4194,False,False,0.0,0,0,0,nodacdn.net,http://nodacdn.net
19,12,0,0,1,0,0,0,0,False,False,0,3.7216,False,False,0.0,0,0,0,rozmusic.com,http://rozmusic.com
18,11,0,0,1,0,0,0,0,False,False,0,3.6144,False,False,0.0,0,0,0,mioffice.cn,http://mioffice.cn
16,9,0,0,1,0,0,0,0,False,False,0,3.625,False,False,0.0,0,0,0,bcdnx.com,http://bcdnx.com
14,7,0,0,1,0,0,0,0,False,False,0,3.3788,False,False,0.0,0,0,0,unam.mx,http://unam.mx
21,14,0,0,1,0,0,0,0,False,False,0,3.6178,False,False,0.0,0,0,0,tesla.services,http://tesla.services
18,11,0,0,1,0,0,0,0,False,False,0,3.5033,False,False,0.0,0,0,0,hiyaapi.com,http://hiyaapi.com
30,23,0,0,1,0,0,0,0,False,False,0,4.2151,False,False,0.0,0,0,0,beyondwickedmapping.org,http://beyondwickedmapping.org
16,9,0,0,1,0,0,0,0,False,False,0,3.625,False,False,0.0,0,0,0,zeffy.com,http://zeffy.com
25,18,0,0,1,0,0,0,0,False,False,0,4.0039,False,False,0.0,0,0,0,huaweicloudwaf.com,http://huaweicloudwaf.com
14,7,0,0,1,0,0,0,0,False,False,0,2.9852,False,False,0.0,0,0,0,sapo.pt,http://sapo.pt
13,6,0,0,1,0,0,0,0,False,False,0,3.3927,False,False,0.0,0,0,0,as.com,http://as.com
16,9,0,0,1,0,0,0,0,False,False,0,3.5,False,False,0.0,0,0,0,amazon.pl,http://amazon.pl
16,9,0,0,2,0,0,0,0,False,False,0,3.3278,False,False,0.0,0,0,0,cpi.ad.jp,http://cpi.ad.jp
26,19,0,0,1,0,0,0,0,False,False,0,3.9501,False,False,0.0,0,0,0,creativecommons.org,http://creativecommons.org
23,16,0,0,2,0,0,0,0,False,False,0,3.882,False,False,0.0,0,0,0,incometax.gov.in,http://incometax.gov.in
15,8,0,0,1,0,0,0,0,False,False,0,3.5069,False,False,0.0,0,0,0,case.edu,http://case.edu
29,20,1,0,2,1,0,4,0,False,False,0,4.1592,False,False,0.2,0,0,1,icefactory.cl,https://13a4f8.icefactory.cl/
19,12,0,0,1,0,0,0,0,False,False,0,3.4316,False,False,0.0,0,0,0,railyatri.in,http://railyatri.in
12,5,0,0,1,0,0,0,0,False,False,0,3.2516,False,False,0.0,0,0,0,ix.ru,http://ix.ru
19,12,0,0,1,0,0,0,0,False,False,0,3.5111,False,False,0.0,0,0,0,stitcher.com,http://stitcher.com
19,12,0,0,1,0,0,0,0,False,False,0,3.5766,False,False,0.0,0,0,0,typeform.com,http://typeform.com
16,9,0,0,1,0,0,0,0,False,False,0,3.5778,False,False,0.0,0,0,0,newsit.gr,http://newsit.gr
19,12,0,0,1,0,0,0,0,False,False,0,3.5111,False,False,0.0,0,0,0,hostgator.mx,http://hostgator.mx
24,17,0,0,1,0,0,0,0,False,False,0,3.6368,False,False,0.0,0,0,0,amazoncognito.com,http://amazoncognito.com
16,9,0,0,1,0,0,0,0,False,False,0,3.625,False,False,0.0,0,0,0,bayern.de,http://bayern.de
19,12,0,0,1,0,0,0,0,False,False,0,3.5369,False,False,0.0,0,0,0,matomo.cloud,http://matomo.cloud
22,15,0,0,1,0,2,1,0,False,False,0,3.6069,False,False,0.0625,0,0,0,t-s1-msedge.net,http://t-s1-msedge.net
17,10,0,0,1,0,0,0,0,False,False,0,3.6169,False,False,0.0,0,0,0,afraid.org,http://afraid.org
13,6,0,0,1,0,0,0,0,False,False,0,3.2389,False,False,0.0,0,0,0,qq.com,http://qq.com
24,17,0,0,1,0,1,0,0,False,False,0,3.835,False,False,0.0,0,0,0,uni-heidelberg.de,http://uni-heidelberg.de
27,20,0,0,1,0,0,0,0,False,False,0,3.6023,False,False,0.0,0,0,0,apartmenttherapy.com,http://apartmenttherapy.com
18,11,0,0,1,0,0,0,0,False,False,0,3.7255,False,False,0.0,0,0,0,mozilla.org,http://mozilla.org
24,17,0,0,1,0,0,0,0,False,False,0,3.7721,False,False,0.0,0,0,0,palmplaystore.com,http://palmplaystore.com
22,15,0,0,1,0,0,0,0,False,False,0,3.7888,False,False,0.0,0,0,0,dolynkcloud.com,http://dolynkcloud.com
13,6,0,0,1,0,0,0,0,False,False,0,3.3927,False,False,0.0,0,0,0,fau.de,http://fau.de
20,13,0,0,1,0,0,0,0,False,False,0,3.6842,False,False,0.0,0,0,0,dreamhost.com,http://dreamhost.com
16,9,0,0,1,0,0,0,0,False,False,0,3.625,False,False,0.0,0,0,0,imgsrc.ru,http://imgsrc.ru
19,12,0,0,1,0,0,0,0,False,False,0,3.5766,False,False,0.0,0,0,0,prehrajto.cz,http://prehrajto.cz
19,12,0,0,1,0,0,0,0,False,False,0,3.8269,False,False,0.0,0,0,0,playdigo.com,http://playdigo.com
17,10,0,0,1,0,0,0,0,False,False,0,3.3372,False,False,0.0,0,0,0,raiplay.it,http://raiplay.it
18,11,0,0,1,0,0,0,0,False,False,0,3.5033,False,False,0.0,0,0,0,comcast.net,http://comcast.net
25,18,0,0,1,0,0,0,0,False,False,0,4.0235,False,False,0.0,0,0,0,degruyterbrill.com,http://degruyterbrill.com
23,16,0,0,2,0,0,0,0,False,False,0,3.7951,False,False,0.0,0,0,0,anteldata.com.uy,http://anteldata.com.uy
18,11,0,0,1,0,0,0,0,False,False,0,3.7255,False,False,0.0,0,0,0,amazon.jobs,http://amazon.jobs
17,10,0,0,1,0,0,0,0,False,False,0,3.7345,False,False,0.0,0,0,0,cygwin.com,http://cygwin.com
16,9,0,0,1,0,0,0,0,False,False,0,3.375,False,False,0.0,0,0,0,google.pn,http://google.pn
20,13,0,0,1,0,0,0,0,False,False,0,3.8219,False,False,0.0,0,0,0,amebaownd.com,http://amebaownd.com
22,15,0,0,1,0,0,0,0,False,False,0,3.2999,False,False,0.0,0,0,0,sueddeutsche.de,http://sueddeutsche.de
19,12,0,0,1,0,0,0,0,False,False,0,3.6163,False,False,0.0,0,0,0,autogidas.lt,http://autogidas.lt
20,13,0,0,1,0,0,0,0,False,False,0,3.6842,False,False,0.0,0,0,0,mybluehost.me,http://mybluehost.me
19,12,0,0,1,0,0,0,0,False,False,0,3.4714,False,False,0.0,0,0,0,thescore.com,http://thescore.com
15,8,0,0,1,0,0,0,0,False,False,0,3.5069,False,False,0.0,0,0,0,jfrog.io,http://jfrog.io
25,18,0,0,1,0,0,0,0,False,False,0,3.9737,False,False,0.0,0,0,0,bigbadtoystore.com,http://bigbadtoystore.com
17,10,0,0,1,0,0,0,0,False,False,0,3.6901,False,False,0.0,0,0,0,vinted.com,http://vinted.com
26,19,0,0,1,0,0,0,0,False,False,0,4.027,False,False,0.0,0,0,0,finalfantasyxiv.com,http://finalfantasyxiv.com
17,10,0,0,1,0,0,0,0,False,False,0,3.4992,False,False,0.0,0,0,0,truste.com,http://truste.com
33,26,0,0,1,0,1,1,0,False,False,0,3.8243,False,False,0.03571428571428571,0,0,0,hubspotusercontent-na1.net,http://hubspotusercontent-na1.net
23,16,0,0,1,0,0,0,0,False,False,0,3.741,False,False,0.0,0,0,0,officestation.jp,http://officestation.jp
20,13,0,0,1,0,1,0,0,False,False,0,3.7219,False,False,0.0,0,0,0,vk-portal.net,http://vk-portal.net
20,13,0,0,1,0,1,2,0,False,False,0,3.7842,False,False,0.14285714285714285,0,0,0,awsdns-10.net,http://awsdns-10.net
18,11,0,0,1,0,0,0,0,False,False,0,3.8366,False,False,0.0,0,0,0,abplive.com,http://abplive.com
19,12,0,0,1,0,0,0,0,False,False,0,3.7216,False,False,0.0,0,0,0,miraheze.org,http://miraheze.org
20,13,0,0,2,0,0,0,0,False,False,0,3.7842,False,False,0.0,0,0,0,rakuten.co.jp,http://rakuten.co.jp
17,10,0,0,1,0,0,0,0,False,False,0,3.6169,False,False,0.0,0,0,0,nikkei.com,http://nikkei.com
14,7,0,0,1,0,0,0,0,False,False,0,3.0391,False,False,0.0,0,0,0,okko.tv,http://okko.tv
18,11,0,0,1,0,0,0,0,False,False,0,3.1552,False,False,0.0,0,0,0,chochox.com,http://chochox.com
18,11,0,0,1,0,0,0,0,False,False,0,3.5724,False,False,0.0,0,0,0,anuytzc.xyz,http://anuytzc.xyz
17,10,0,0,1,0,0,0,0,False,False,0,3.2928,False,False,0.0,0,0,0,taobao.com,http://taobao.com
13,6,0,0,1,0,0,0,0,False,False,0,3.3927,False,False,0.0,0,0,0,wzb.eu,http://wzb.eu
13,6,0,0,1,0,0,0,0,False,False,0,3.1808,False,False,0.0,0,0,0,mts.ru,http://mts.ru
16,9,0,0,1,0,0,0,0,False,False,0,3.2028,False,False,0.0,0,0,0,notvpn.io,http://notvpn.io
27,20,0,0,1,0,0,0,0,False,False,0,3.5282,False,False,0.0,0,0,0,internetwarriors.net,http://internetwarriors.net
18,11,0,0,1,0,0,0,0,False,False,0,3.6144,False,False,0.0,0,0,0,mozilla.com,http://mozilla.com
17,10,0,0,1,0,0,0,0,False,False,0,3.5725,False,False,0.0,0,0,0,reddit.com,http://reddit.com
16,9,0,0,1,0,0,0,0,False,False,0,3.25,False,False,0.0,0,0,0,shopee.sg,http://shopee.sg
18,11,0,0,1,0,0,0,0,False,False,0,3.5305,False,False,0.0,0,0,0,zonatmo.org,http://zonatmo.org
22,15,0,0,1,0,0,0,0,False,False,0,3.7888,False,False,0.0,0,0,0,pathofexile.com,http://pathofexile.com
14,7,0,0,1,0,0,0,0,False,False,0,3.3788,False,False,0.0,0,0,0,ijg.org,http://ijg.org
17,10,0,0,1,0,0,0,0,False,False,0,3.7345,False,False,0.0,0,0,0,bvfcdn.com,http://bvfcdn.com
14,7,0,0,1,0,0,0,0,False,False,0,3.2359,False,False,0.0,0,0,0,gwdg.de,http://gwdg.de
17,10,0,0,1,0,0,0,0,False,False,0,3.5725,False,False,0.0,0,0,0,bcvcdn.com,http://bcvcdn.com
16,9,0,0,1,0,0,0,0,False,False,0,3.3278,False,False,0.0,0,0,0,betano.pe,http://betano.pe
27,20,0,0,1,0,0,0,0,False,False,0,3.8562,False,False,0.0,0,0,0,sharepointonline.com,http://sharepointonline.com
18,11,0,0,1,0,0,0,0,False,False,0,3.8366,False,False,0.0,0,0,0,userway.org,http://userway.org
20,13,0,0,1,0,0,0,0,False,False,0,3.6219,False,False,0.0,0,0,0,dotaplabs.net,http://dotaplabs.net
17,10,0,0,1,0,0,0,0,False,False,0,3.5725,False,False,0.0,0,0,0,betswiz.in,http://betswiz.in
15,8,0,0,1,0,0,0,0,False,False,0,3.4566,False,False,0.0,0,0,0,siol.net,http://siol.net
16,9,0,0,1,0,0,0,0,False,False,0,3.625,False,False,0.0,0,0,0,imgur.com,http://imgur.com
19,12,0,0,1,0,0,0,0,False,False,0,3.8269,False,False,0.0,0,0,0,linkplay.com,http://linkplay.com
21,14,0,0,1,0,0,0,0,False,False,0,3.1776,False,False,0.0,0,0,0,independent.ie,http://independent.ie
19,12,0,0,1,0,0,0,0,False,False,0,3.6163,False,False,0.0,0,0,0,hypernode.io,http://hypernode.io
17,10,0,0,1,0,0,0,0,False,False,0,3.4548,False,False,0.0,0,0,0,topgirl.co,http://topgirl.co
19,12,0,0,1,0,0,0,0,False,False,0,3.5111,False,False,0.0,0,0,0,allstate.com,http://allstate.com
28,20,1,0,2,1,0,4,0,False,False,0,4.155,False,False,0.21052631578947367,0,0,1,icefactory.cl,http://39df72.icefactory.cl/
18,11,0,0,1,0,0,0,0,False,False,0,3.6144,False,False,0.0,0,0,0,coupang.com,http://coupang.com
15,8,0,0,1,0,0,0,0,False,False,0,3.6402,False,False,0.0,0,0,0,nejm.org,http://nejm.org
23,16,0,0,1,0,0,0,0,False,False,0,3.5227,False,False,0.0,0,0,0,choicehotels.com,http://choicehotels.com
19,12,0,0,1,0,0,2,0,False,False,0,3.6819,False,False,0.14285714285714285,0,0,0,porno18.site,http://porno18.site
21,14,0,0,1,0,0,0,0,False,False,0,3.6897,False,False,0.0,0,0,0,readthedocs.io,http://readthedocs.io
19,12,0,0,1,0,0,0,0,False,False,0,3.6163,False,False,0.0,0,0,0,adtarget.biz,http://adtarget.biz
17,10,0,0,1,0,0,0,0,False,False,0,3.7345,False,False,0.0,0,0,0,disqus.com,http://disqus.com
21,14,0,0,1,0,0,0,0,False,False,0,3.4633,False,False,0.0,0,0,0,techcrunch.com,http://techcrunch.com
17,10,0,0,1,0,0,0,0,False,False,0,3.4992,False,False,0.0,0,0,0,immoweb.be,http://immoweb.be
19,12,0,0,1,0,0,0,0,False,False,0,3.7871,False,False,0.0,0,0,0,afternic.com,http://afternic.com
24,17,0,0,1,0,0,0,0,False,False,0,3.835,False,False,0.0,0,0,0,lectormangass.net,http://lectormangass.net
16,9,0,0,1,0,0,0,0,False,False,0,3.75,False,False,0.0,0,0,0,jdwel.com,http://jdwel.com
20,13,0,0,1,0,0,0,0,False,False,0,3.6842,False,False,0.0,0,0,0,sleepycat.com,http://sleepycat.com
18,11,0,0,1,0,0,0,0,False,False,0,3.3921,False,False,0.0,0,0,0,pornoxo.com,http://pornoxo.com
15,8,0,0,1,0,0,1,0,False,False,0,3.3232,False,False,0.09090909090909091,0,0,0,ov1o.com,http://ov1o.com
15,8,0,0,1,0,0,3,0,False,False,0,3.2402,False,False,0.3333333333333333,0,0,0,123tt.ru,http://123tt.ru
17,10,0,0,1,0,0,2,0,False,False,0,3.5725,False,False,0.16666666666666666,0,0,0,rule34.xxx,http://rule34.xxx
15,8,0,0,1,0,0,0,0,False,False,0,3.2402,False,False,0.0,0,0,0,uzbmb.uz,http://uzbmb.uz
16,9,0,0,1,0,0,0,0,False,False,0,3.75,False,False,0.0,0,0,0,mgaru.dev,http://mgaru.dev
22,15,0,0,1,0,0,0,0,False,False,0,3.3908,False,False,0.0,0,0,0,catchthemes.com,http://catchthemes.com
19,12,0,0,2,0,0,0,0,False,False,0,3.6819,False,False,0.0,0,0,0,pixad.com.tr,http://pixad.com.tr
16,9,0,0,1,0,0,0,0,False,False,0,3.625,False,False,0.0,0,0,0,mynavi.jp,http://mynavi.jp
15,8,0,0,1,0,0,2,0,False,False,0,3.5069,False,False,0.2,0,0,0,hk01.com,http://hk01.com
24,17,0,0,1,0,0,0,0,False,False,0,3.5179,False,False,0.0,0,0,0,hakunaymatata.com,http://hakunaymatata.com
20,13,0,0,1,0,0,0,0,False,False,0,3.8219,False,False,0.0,0,0,0,kurashiru.com,http://kurashiru.com
17,10,0,0,1,0,0,0,0,False,False,0,3.4548,False,False,0.0,0,0,0,psiphon.ca,http://psiphon.ca
20,13,0,0,2,0,0,0,0,False,False,0,3.6842,False,False,0.0,0,0,0,letras.mus.br,http://letras.mus.br
20,13,0,0,1,0,0,0,0,False,False,0,3.5464,False,False,0.0,0,0,0,microsoft.com,http://microsoft.com
20,13,0,0,1,0,0,0,0,False,False,0,3.6219,False,False,0.0,0,0,0,robinhood.com,http://robinhood.com
21,14,0,0,1,0,0,0,0,False,False,0,3.4992,False,False,0.0,0,0,0,tencentclb.com,http://tencentclb.com
13,6,0,0,1,0,0,1,0,False,False,0,3.3927,False,False,0.1111111111111111,0,0,0,w3.org,http://w3.org
17,10,0,0,1,0,0,0,0,False,False,0,3.4104,False,False,0.0,0,0,0,xataka.com,http://xataka.com
17,10,0,0,1,0,0,0,0,False,False,0,3.8522,False,False,0.0,0,0,0,vungle.com,http://vungle.com
20,13,0,0,1,0,0,0,0,False,False,0,3.4842,False,False,0.0,0,0,0,natrohost.com,http://natrohost.com
17,10,0,0,1,0,0,0,0,False,False,0,3.5725,False,False,0.0,0,0,0,lenovo.com,http://lenovo.com
19,12,0,0,1,0,1,0,0,False,False,0,3.7871,False,False,0.0,0,0,0,x-video.tube,http://x-video.tube
26,19,0,0,1,0,0,0,0,False,False,0,3.6864,False,False,0.0,0,0,0,anticheatexpert.com,http://anticheatexpert.com
18,11,0,0,1,0,0,2,0,False,False,0,3.9477,False,False,0.15384615384615385,0,0,0,melody98.ir,http://melody98.ir
19,12,0,0,1,0,0,0,0,False,False,0,3.5111,False,False,0.0,0,0,0,twister.porn,http://twister.porn
17,10,0,0,1,0,0,0,0,False,False,0,3.7345,False,False,0.0,0,0,0,douyin.com,http://douyin.com
12,5,0,0,1,0,0,0,0,False,False,0,3.085,False,False,0.0,0,0,0,uc.cn,http://uc.cn
14,7,0,0,1,0,0,0,0,False,False,0,3.3788,False,False,0.0,0,0,0,bbva.mx,http://bbva.mx
23,16,0,0,1,0,0,0,0,False,False,0,3.882,False,False,0.0,0,0,0,nykaafashion.com,http://nykaafashion.com
16,9,0,0,1,0,0,0,0,False,False,0,3.375,False,False,0.0,0,0,0,pisos.com,http://pisos.com
20,13,0,0,1,0,1,0,0,False,False,0,3.6842,False,False,0.0,0,0,0,alpha-hen.com,http://alpha-hen.com
18,11,0,0,1,0,0,0,0,False,False,0,3.8366,False,False,0.0,0,0,0,digikey.com,http://digikey.com
24,17,0,0,1,0,0,2,0,False,False,0,4.0535,False,False,0.10526315789473684,0,0,0,flightradar24.com,http://flightradar24.com
23,16,0,0,1,0,0,0,0,False,False,0,3.654,False,False,0.0,0,0,0,sportsdirect.com,http://sportsdirect.com
21,14,0,0,1,0,0,0,0,False,False,0,3.9754,False,False,0.0,0,0,0,prudential.com,http://prudential.com
16,9,0,0,1,0,0,0,0,False,False,0,3.5,False,False,0.0,0,0,0,zaiim.com,http://zaiim.com
21,14,0,0,1,0,0,0,0,False,False,0,3.9161,False,False,0.0,0,0,0,servicenow.com,http://servicenow.com
28,20,1,0,2,1,0,5,0,False,False,0,4.155,False,False,0.2777777777777778,0,0,1,icefactory.cl,http://3966b7.icefactory.cl/
13,6,0,0,1,0,0,0,0,False,False,0,3.0851,False,False,0.0,0,0,0,goo.gl,http://goo.gl
16,9,0,0,1,0,0,0,0,False,False,0,3.75,False,False,0.0,0,0,0,braze.com,http://braze.com
19,12,0,0,1,0,0,0,0,False,False,0,3.6819,False,False,0.0,0,0,0,mayzaent.com,http://mayzaent.com
25,18,0,0,1,0,0,0,0,False,False,0,3.9133,False,False,0.0,0,0,0,cookiedatabase.org,http://cookiedatabase.org
17,10,0,0,1,0,0,1,0,False,False,0,3.3372,False,False,0.07692307692307693,0,0,0,cdnhwc6.cn,http://cdnhwc6.cn
26,19,0,0,1,0,0,0,0,False,False,0,3.7633,False,False,0.0,0,0,0,attentivemobile.com,http://attentivemobile.com
23,16,0,0,1,0,0,0,0,False,False,0,3.741,False,False,0.0,0,0,0,clouddatahub.net,http://clouddatahub.net
18,11,0,0,1,0,0,0,0,False,False,0,3.5724,False,False,0.0,0,0,0,kanamic.net,http://kanamic.net
16,9,0,0,1,0,0,0,0,False,False,0,3.4528,False,False,0.0,0,0,0,qiita.com,http://qiita.com
20,13,0,0,1,0,0,0,0,False,False,0,3.5842,False,False,0.0,0,0,0,rackspace.net,http://rackspace.net
21,14,0,0,1,0,0,0,0,False,False,0,3.5945,False,False,0.0,0,0,0,immobiliare.it,http://immobiliare.it
23,16,0,0,1,0,0,0,0,False,False,0,3.7623,False,False,0.0,0,0,0,paycomonline.net,http://paycomonline.net
21,14,0,0,2,0,0,0,0,False,False,0,3.8209,False,False,0.0,0,0,0,kemensos.go.id,http://kemensos.go.id
16,9,0,0,1,0,0,0,0,False,False,0,3.5,False,False,0.0,0,0,0,oanda.com,http://oanda.com
17,10,0,0,1,0,0,0,0,False,False,0,3.3816,False,False,0.0,0,0,0,hello.porn,http://hello.porn
25,18,0,0,2,0,0,0,0,False,False,0,3.8137,False,False,0.0,0,0,0,mercadopago.com.br,http://mercadopago.com.br
18,11,0,0,1,0,0,0,0,False,False,0,3.7255,False,False,0.0,0,0,0,lefigaro.fr,http://lefigaro.fr
17,10,0,0,1,0,0,0,0,False,False,0,3.4104,False,False,0.0,0,0,0,telekom.de,http://telekom.de
17,10,0,0,2,0,0,0,0,False,False,0,3.4548,False,False,0.0,0,0,0,meti.go.jp,http://meti.go.jp
22,15,0,0,1,0,0,0,0,False,False,0,3.8797,False,False,0.0,0,0,0,birkenstock.com,http://birkenstock.com
17,10,0,0,1,0,0,0,0,False,False,0,3.4104,False,False,0.0,0,0,0,walmart.ca,http://walmart.ca
28,21,0,0,1,0,0,0,0,False,False,0,3.8249,False,False,0.0,0,0,0,marketsandmarkets.com,http://marketsandmarkets.com
21,14,0,0,1,0,1,0,0,False,False,0,3.749,False,False,0.0,0,0,0,your-server.de,http://your-server.de
16,9,0,0,1,0,0,0,0,False,False,0,3.2028,False,False,0.0,0,0,0,google.lt,http://google.lt
20,13,0,0,2,0,0,0,0,False,False,0,3.4464,False,False,0.0,0,0,0,google.com.gh,http://google.com.gh
16,9,0,0,1,0,0,0,0,False,False,0,3.625,False,False,0.0,0,0,0,ngrok.com,http://ngrok.com
30,22,1,0,3,2,1,0,0,False,False,0,3.9647,False,False,0.0,0,0,1,app-en.us,http://coinbase.com.app-en.us/
19,12,0,0,1,0,1,0,0,False,False,0,3.6819,False,False,0.0,0,0,0,zone-turf.fr,http://zone-turf.fr
19,12,0,0,1,0,0,0,0,False,False,0,3.5111,False,False,0.0,0,0,0,turnitin.com,http://turnitin.com
17,10,0,0,2,0,0,0,0,False,False,0,3.2195,False,False,0.0,0,0,0,dopa.go.th,http://dopa.go.th
22,15,0,0,1,0,0,0,0,False,False,0,3.7544,False,False,0.0,0,0,0,mandmdirect.com,http://mandmdirect.com
20,13,0,0,1,0,0,0,0,False,False,0,3.6464,False,False,0.0,0,0,0,mastiraja.com,http://mastiraja.com
20,13,0,0,1,0,0,0,0,False,False,0,3.6842,False,False,0.0,0,0,0,akasripcn.net,http://akasripcn.net
22,15,0,0,1,0,0,0,0,False,False,0,3.8797,False,False,0.0,0,0,0,homeadvisor.com,http://homeadvisor.com
24,17,0,0,1,0,0,0,0,False,False,0,3.9387,False,False,0.0,0,0,0,wyndhamhotels.com,http://wyndhamhotels.com
16,9,0,0,2,0,0,0,0,False,False,0,3.375,False,False,0.0,0,0,0,dns.ne.jp,http://dns.ne.jp
18,11,0,0,1,0,0,0,0,False,False,0,3.6835,False,False,0.0,0,0,0,defense.gov,http://defense.gov
12,5,0,0,1,0,0,0,0,False,False,0,3.2516,False,False,0.0,0,0,0,ow.ly,http://ow.ly
16,9,0,0,1,0,0,0,0,False,False,0,3.5,False,False,0.0,0,0,0,chase.com,http://chase.com
17,10,0,0,1,0,0,0,0,False,False,0,3.4104,False,False,0.0,0,0,0,alberta.ca,http://alberta.ca
19,12,0,0,2,0,0,0,0,False,False,0,3.4714,False,False,0.0,0,0,0,china.com.cn,http://china.com.cn
20,13,0,0,1,0,0,0,0,False,False,0,3.7219,False,False,0.0,0,0,0,wordpress.com,http://wordpress.com
16,9,0,0,1,0,0,0,0,False,False,0,3.4528,False,False,0.0,0,0,0,lilly.com,http://lilly.com
14,7,0,0,1,0,0,0,0,False,False,0,3.3249,False,False,0.0,0,0,0,mgts.ru,http://mgts.ru
21,14,0,0,1,0,0,0,0,False,False,0,3.8802,False,False,0.0,0,0,0,argotunnel.com,http://argotunnel.com
18,11,0,0,1,0,0,0,0,False,False,0,3.3921,False,False,0.0,0,0,0,shorturl.at,http://shorturl.at
18,11,0,0,1,0,0,0,0,False,False,0,3.7255,False,False,0.0,0,0,0,farsnews.ir,http://farsnews.ir
14,7,0,0,1,0,0,0,0,False,False,0,3.3788,False,False,0.0,0,0,0,uci.edu,http://uci.edu
16,9,0,0,1,0,0,0,0,False,False,0,3.75,False,False,0.0,0,0,0,viber.com,http://viber.com
20,13,0,0,1,0,0,0,0,False,False,0,4.0219,False,False,0.0,0,0,0,newsbreak.com,http://newsbreak.com
26,19,0,0,2,0,0,0,0,False,False,0,3.7483,False,False,0.0,0,0,0,solodeportes.com.ar,http://solodeportes.com.ar
22,15,0,0,1,0,0,0,0,False,False,0,3.6412,False,False,0.0,0,0,0,powerschool.com,http://powerschool.com
18,11,0,0,1,0,0,0,0,False,False,0,3.3502,False,False,0.0,0,0,0,toutiao.com,http://toutiao.com
17,10,0,0,1,0,0,0,0,False,False,0,3.7345,False,False,0.0,0,0,0,ubaoli.com,http://ubaoli.com
15,8,0,0,1,0,0,0,0,False,False,0,3.3736,False,False,0.0,0,0,0,epam.com,http://epam.com
18,11,0,0,1,0,0,0,0,False,False,0,3.5724,False,False,0.0,0,0,0,dynadot.com,http://dynadot.com
18,11,0,0,2,0,0,0,0,False,False,0,3.7255,False,False,0.0,0,0,0,roman.co.uk,http://roman.co.uk
52,44,1,0,2,1,8,0,0,False,False,1,4.0326,False,False,0.0,0,0,1,webflow.io,http://en---secure--sso-netcoins-com-cdn.webflow.io/
15,8,0,0,1,0,0,0,0,False,False,0,3.3232,False,False,0.0,0,0,0,ifit.com,http://ifit.com
14,7,0,0,1,0,0,0,0,False,False,0,3.3788,False,False,0.0,0,0,0,pink.rs,http://pink.rs
28,21,0,0,1,0,0,0,0,False,False,0,3.8963,False,False,0.0,0,0,0,claudeusercontent.com,http://claudeusercontent.com
19,12,0,0,1,0,0,0,0,False,False,0,3.5766,False,False,0.0,0,0,0,dandomain.dk,http://dandomain.dk
20,13,0,0,1,0,1,2,0,False,False,0,4.0219,False,False,0.14285714285714285,0,0,0,awsdns-53.com,http://awsdns-53.com
15,8,0,0,1,0,0,0,0,False,False,0,3.3736,False,False,0.0,0,0,0,plos.org,http://plos.org
17,10,0,0,1,0,0,0,0,False,False,0,3.8522,False,False,0.0,0,0,0,libsyn.com,http://libsyn.com
16,9,0,0,1,0,0,0,0,False,False,0,3.4528,False,False,0.0,0,0,0,gandi.net,http://gandi.net
21,14,0,0,1,0,0,0,0,False,False,0,3.6178,False,False,0.0,0,0,0,coxautoinc.com,http://coxautoinc.com
15,8,0,0,1,0,0,0,0,False,False,0,3.5069,False,False,0.0,0,0,0,iowa.gov,http://iowa.gov
19,12,0,0,1,0,0,0,0,False,False,0,3.6163,False,False,0.0,0,0,0,fortnite.com,http://fortnite.com
18,11,0,0,1,0,0,0,0,False,False,0,3.3027,False,False,0.0,0,0,0,taktube.net,http://taktube.net
14,7,0,0,1,0,0,0,0,False,False,0,2.9852,False,False,0.0,0,0,0,ethz.ch,http://ethz.ch
19,12,0,0,1,0,0,0,0,False,False,0,3.6819,False,False,0.0,0,0,0,quillbot.com,http://quillbot.com
16,9,0,0,1,0,0,0,0,False,False,0,3.5,False,False,0.0,0,0,0,rubika.ir,http://rubika.ir
17,10,0,0,1,0,0,0,0,False,False,0,3.8522,False,False,0.0,0,0,0,anysex.com,http://anysex.com
21,14,0,0,1,0,1,0,0,False,False,0,3.9161,False,False,0.0,0,0,0,like-video.com,http://like-video.com
17,10,0,0,1,0,0,0,0,False,False,0,3.4548,False,False,0.0,0,0,0,cedock.com,http://cedock.com
14,7,0,0,1,0,0,0,0,False,False,0,3.3249,False,False,0.0,0,0,0,coe.int,http://coe.int
20,13,0,0,1,0,0,0,0,False,False,0,3.6842,False,False,0.0,0,0,0,chronicle.com,http://chronicle.com
21,14,0,0,2,0,0,0,0,False,False,0,3.8209,False,False,0.0,0,0,0,privacy.com.br,http://privacy.com.br
25,18,0,0,1,0,0,0,0,False,False,0,4.0537,False,False,0.0,0,0,0,gpcloudservice.com,http://gpcloudservice.com
20,13,0,0,1,0,0,1,0,False,False,0,3.6842,False,False,0.0625,0,0,0,volcmcdn3.com,http://volcmcdn3.com
17,10,0,0,1,0,0,0,0,False,False,0,3.3372,False,False,0.0,0,0,0,prserv.net,http://prserv.net
19,12,0,0,1,0,0,0,0,False,False,0,3.7216,False,False,0.0,0,0,0,freecash.com,http://freecash.com
24,17,0,0,1,0,0,0,0,False,False,0,4.0221,False,False,0.0,0,0,0,dynatracelabs.com,http://dynatracelabs.com
21,14,0,0,1,0,0,0,0,False,False,0,3.8442,False,False,0.0,0,0,0,kidshealth.org,http://kidshealth.org
19,12,0,0,1,0,0,0,0,False,False,0,3.5766,False,False,0.0,0,0,0,geocities.jp,http://geocities.jp
19,12,0,0,1,0,0,0,0,False,False,0,3.9321,False,False,0.0,0,0,0,zellbury.com,http://zellbury.com
14,7,0,0,1,0,0,1,0,False,False,0,3.5216,False,False,0.1,0,0,0,a2z.com,http://a2z.com
17,10,0,0,1,0,0,0,0,False,False,0,3.3816,False,False,0.0,0,0,0,tiktokw.us,http://tiktokw.us
21,14,0,0,1,0,0,0,0,False,False,0,3.6897,False,False,0.0,0,0,0,leroymerlin.pl,http://leroymerlin.pl
14,7,0,0,1,0,0,0,0,False,False,0,3.3788,False,False,0.0,0,0,0,bids.ws,http://bids.ws
17,10,0,0,1,0,0,0,0,False,False,0,3.8522,False,False,0.0,0,0,0,sexnyk.com,http://sexnyk.com
14,7,0,0,1,0,0,0,0,False,False,0,3.0931,False,False,0.0,0,0,0,one.one,http://one.one
22,15,0,0,1,0,0,0,0,False,False,0,3.5726,False,False,0.0,0,0,0,apachetoday.com,http://apachetoday.com
20,13,0,0,1,0,0,0,0,False,False,0,3.9219,False,False,0.0,0,0,0,animeruka.com,http://animeruka.com
18,11,0,0,1,0,0,0,0,False,False,0,3.5033,False,False,0.0,0,0,0,eporner.com,http://eporner.com
20,13,0,0,1,0,0,0,0,False,False,0,3.9219,False,False,0.0,0,0,0,dbankcloud.ru,http://dbankcloud.ru
37,30,0,0,1,0,2,0,0,False,False,0,4.0573,False,False,0.0,0,0,0,merchant-center-analytics.goog,http://merchant-center-analytics.goog
14,7,0,0,1,0,0,0,0,False,False,0,3.3788,False,False,0.0,0,0,0,plex.bz,http://plex.bz
18,11,0,0,1,0,0,0,0,False,False,0,3.5033,False,False,0.0,0,0,0,exitlag.net,http://exitlag.net
20,13,0,0,1,0,0,0,0,False,False,0,3.5842,False,False,0.0,0,0,0,mangatown.com,http://mangatown.com
15,8,0,0,1,0,0,0,0,False,False,0,3.5069,False,False,0.0,0,0,0,bill.com,http://bill.com
23,16,0,0,2,0,0,0,0,False,False,0,3.8492,False,False,0.0,0,0,0,miitbeian.gov.cn,http://miitbeian.gov.cn
14,7,0,0,1,0,0,0,0,False,False,0,3.5216,False,False,0.0,0,0,0,work.ua,http://work.ua
21,14,0,0,1,0,0,0,0,False,False,0,4.1066,False,False,0.0,0,0,0,playwekings.ru,http://playwekings.ru
17,10,0,0,1,0,0,0,0,False,False,0,3.6169,False,False,0.0,0,0,0,wpsdns.com,http://wpsdns.com
21,14,0,0,1,0,0,0,0,False,False,0,3.6304,False,False,0.0,0,0,0,intergient.com,http://intergient.com
23,16,0,0,1,0,0,2,0,False,False,0,3.969,False,False,0.1111111111111111,0,0,0,filmyzilla45.com,http://filmyzilla45.com
32,25,0,0,1,0,0,0,0,False,False,0,4.0778,False,False,0.0,0,0,0,worldpopulationreview.com,http://worldpopulationreview.com
24,17,0,0,1,0,0,0,0,False,False,0,3.6573,False,False,0.0,0,0,0,ahagamecenter.com,http://ahagamecenter.com
16,9,0,0,1,0,0,0,0,False,False,0,3.625,False,False,0.0,0,0,0,prezi.com,http://prezi.com
22,15,0,0,1,0,0,2,0,False,False,0,3.6978,False,False,0.11764705882352941,0,0,0,pro32connect.ru,http://pro32connect.ru
16,9,0,0,1,0,0,0,0,False,False,0,3.625,False,False,0.0,0,0,0,arxiv.org,http://arxiv.org
13,6,0,0,1,0,0,0,0,False,False,0,3.2389,False,False,0.0,0,0,0,fdj.fr,http://fdj.fr
21,14,0,0,1,0,0,0,0,False,False,0,3.5538,False,False,0.0,0,0,0,paymetrust.net,http://paymetrust.net
18,11,0,0,1,0,0,0,0,False,False,0,3.5724,False,False,0.0,0,0,0,youappi.com,http://youappi.com
14,7,0,0,1,0,0,1,0,False,False,0,3.0931,False,False,0.1,0,0,0,t0x.net,http://t0x.net
26,19,0,0,1,0,2,0,0,False,False,0,3.9501,False,False,0.0,0,0,0,donya-e-eqtesad.com,http://donya-e-eqtesad.com
13,6,0,0,1,0,0,0,0,False,False,0,3.2389,False,False,0.0,0,0,0,svc.ms,http://svc.ms
17,10,0,0,1,0,0,0,0,False,False,0,3.3372,False,False,0.0,0,0,0,telcel.com,http://telcel.com
19,12,0,0,1,0,0,0,0,False,False,0,3.8269,False,False,0.0,0,0,0,webnovel.com,http://webnovel.com
13,6,0,0,1,0,0,0,0,False,False,0,3.1808,False,False,0.0,0,0,0,sky.it,http://sky.it
19,12,0,0,1,0,0,0,0,False,False,0,3.8269,False,False,0.0,0,0,0,lokalise.com,http://lokalise.com
18,11,0,0,1,0,0,0,0,False,False,0,3.6144,False,False,0.0,0,0,0,vkusvill.ru,http://vkusvill.ru
24,17,0,0,1,0,0,0,0,False,False,0,3.9702,False,False,0.0,0,0,0,immersivelabs.com,http://immersivelabs.com
15,8,0,0,1,0,0,0,0,False,False,0,3.1899,False,False,0.0,0,0,0,zoom.com,http://zoom.com
18,11,0,0,1,0,0,0,0,False,False,0,3.5724,False,False,0.0,0,0,0,patreon.com,http://patreon.com
17,10,0,0,1,0,0,1,0,False,False,0,3.6169,False,False,0.07692307692307693,0,0,0,scene7.com,http://scene7.com
21,14,0,0,1,0,1,0,0,False,False,0,3.8209,False,False,0.0,0,0,0,tm-azurefd.net,http://tm-azurefd.net
17,10,0,0,1,0,0,0,0,False,False,0,3.6169,False,False,0.0,0,0,0,javwow.com,http://javwow.com
20,13,0,0,1,0,0,0,0,False,False,0,3.5842,False,False,0.0,0,0,0,techradar.com,http://techradar.com
16,9,0,0,1,0,0,0,0,False,False,0,3.75,False,False,0.0,0,0,0,anker.com,http://anker.com
17,10,0,0,1,0,0,0,0,False,False,0,3.7345,False,False,0.0,0,0,0,kalshi.com,http://kalshi.com
16,9,0,0,1,0,0,0,0,False,False,0,3.3278,False,False,0.0,0,0,0,smooch.io,http://smooch.io
15,8,0,0,1,0,0,0,0,False,False,0,3.5069,False,False,0.0,0,0,0,oecd.org,http://oecd.org
20,13,0,0,1,0,0,0,0,False,False,0,3.5414,False,False,0.0,0,0,0,activtrak.net,http://activtrak.net
22,15,0,0,1,0,0,0,0,False,False,0,3.914,False,False,0.0,0,0,0,jennymovies.com,http://jennymovies.com
17,10,0,0,2,0,0,0,0,False,False,0,3.2639,False,False,0.0,0,0,0,ntu.edu.tw,http://ntu.edu.tw
21,14,0,0,1,0,0,0,0,False,False,0,3.9754,False,False,0.0,0,0,0,printables.com,http://printables.com
184,17,46,112,3,1,0,64,7,False,False,0,4.9463,False,False,0.6666666666666666,3,3,1,roblox.com.pt,https://www.roblox.com.pt/games/105436718679964/1-Speed-escape-boba-tea?privateServerLinkCode=99382535900423182128231632453729&game_id=105436718679964&game_name=1-Speed-escape-boba-tea
20,13,0,0,1,0,0,0,0,False,False,0,3.3414,False,False,0.0,0,0,0,distintas.net,http://distintas.net
14,7,0,0,1,0,0,0,0,False,False,0,3.3788,False,False,0.0,0,0,0,bmj.com,http://bmj.com
16,9,0,0,1,0,0,0,0,False,False,0,3.375,False,False,0.0,0,0,0,socdm.com,http://socdm.com
28,20,1,0,2,1,0,2,0,False,False,0,4.0836,False,False,0.09523809523809523,0,0,1,icefactory.cl,http://4bfad7.icefactory.cl/
34,27,0,0,1,0,0,0,0,False,False,0,3.9369,False,False,0.0,0,0,0,fortunebusinessinsights.com,http://fortunebusinessinsights.com
19,12,0,0,1,0,0,0,0,False,False,0,3.6819,False,False,0.0,0,0,0,goldapple.ru,http://goldapple.ru
17,10,0,0,1,0,0,0,0,False,False,0,3.5725,False,False,0.0,0,0,0,tuyaus.com,http://tuyaus.com
24,17,0,0,1,0,0,0,0,False,False,0,4.0016,False,False,0.0,0,0,0,myhuaweicloud.com,http://myhuaweicloud.com
16,9,0,0,2,0,0,0,0,False,False,0,3.375,False,False,0.0,0,0,0,nii.ac.jp,http://nii.ac.jp
20,13,0,0,2,0,0,0,0,False,False,0,3.8842,False,False,0.0,0,0,0,yandex.com.tr,http://yandex.com.tr
13,6,0,0,1,0,0,0,0,False,False,0,3.3927,False,False,0.0,0,0,0,swr.de,http://swr.de
18,11,0,0,1,0,0,0,0,False,False,0,3.5033,False,False,0.0,0,0,0,indiana.edu,http://indiana.edu
19,12,0,0,1,0,0,0,0,False,False,0,3.7216,False,False,0.0,0,0,0,sibforms.com,http://sibforms.com
29,22,0,0,1,0,0,0,0,False,False,0,4.0473,False,False,0.0,0,0,0,samsungvisioncloud.com,http://samsungvisioncloud.com
13,6,0,0,1,0,0,0,0,False,False,0,3.0851,False,False,0.0,0,0,0,imo.im,http://imo.im
17,10,0,0,2,0,0,0,0,False,False,0,3.4992,False,False,0.0,0,0,0,pku.edu.cn,http://pku.edu.cn
20,13,0,0,1,0,1,2,0,False,False,0,4.0219,False,False,0.14285714285714285,0,0,0,awsdns-12.com,http://awsdns-12.com
24,17,0,0,1,0,0,0,0,False,False,0,3.6054,False,False,0.0,0,0,0,calciomercato.com,http://calciomercato.com
18,11,0,0,2,0,0,0,0,False,False,0,3.6144,False,False,0.0,0,0,0,afip.gob.ar,http://afip.gob.ar
17,10,0,0,1,0,0,0,0,False,False,0,3.2928,False,False,0.0,0,0,0,zotero.org,http://zotero.org
17,10,0,0,1,0,0,0,0,False,False,0,3.6901,False,False,0.0,0,0,0,anyrtb.com,http://anyrtb.com
24,17,0,0,1,0,0,0,0,False,False,0,4.085,False,False,0.0,0,0,0,discoveryplus.com,http://discoveryplus.com
21,14,0,0,1,0,1,0,0,False,False,0,3.749,False,False,0.0,0,0,0,arm-msedge.net,http://arm-msedge.net
22,15,0,0,1,0,0,0,0,False,False,0,3.6978,False,False,0.0,0,0,0,mangooutlet.com,http://mangooutlet.com
12,5,0,0,1,0,0,0,0,False,False,0,2.6258,False,False,0.0,0,0,0,up.pt,http://up.pt
21,14,0,0,1,0,0,0,0,False,False,0,3.5945,False,False,0.0,0,0,0,physiology.org,http://physiology.org
17,10,0,0,1,0,0,0,0,False,False,0,3.5725,False,False,0.0,0,0,0,blocket.se,http://blocket.se
17,10,0,0,1,0,0,0,0,False,False,0,3.2639,False,False,0.0,0,0,0,allsex.xxx,http://allsex.xxx
29,22,0,0,1,0,0,0,0,False,False,0,3.9523,False,False,0.0,0,0,0,akamaitechnologies.com,http://akamaitechnologies.com
23,16,0,0,1,0,0,0,0,False,False,0,3.9149,False,False,0.0,0,0,0,wunderground.com,http://wunderground.com
27,20,0,0,1,0,0,0,0,False,False,0,4.0603,False,False,0.0,0,0,0,videosdemadurasx.com,http://videosdemadurasx.com
20,13,0,0,1,0,0,0,0,False,False,0,3.5219,False,False,0.0,0,0,0,clicktale.net,http://clicktale.net
25,18,0,0,1,0,0,0,0,False,False,0,3.9435,False,False,0.0,0,0,0,labanquepostale.fr,http://labanquepostale.fr
18,11,0,0,1,0,0,2,0,False,False,0,3.6144,False,False,0.15384615384615385,0,0,0,17track.net,http://17track.net
19,12,0,0,1,0,0,0,0,False,False,0,3.8269,False,False,0.0,0,0,0,bambuser.com,http://bambuser.com
17,10,0,0,1,0,0,0,0,False,False,0,3.3372,False,False,0.0,0,0,0,python.org,http://python.org
17,10,0,0,1,0,0,0,0,False,False,0,3.1463,False,False,0.0,0,0,0,httpwg.org,http://httpwg.org
20,13,0,0,1,0,1,2,0,False,False,0,3.7842,False,False,0.14285714285714285,0,0,0,awsdns-54.net,http://awsdns-54.net
21,14,0,0,1,0,0,4,0,False,False,0,3.8209,False,False,0.2857142857142857,0,0,0,fcinter1908.it,http://fcinter1908.it
18,11,0,0,1,0,0,1,0,False,False,0,3.3921,False,False,0.07142857142857142,0,0,0,html5up.net,http://html5up.net
21,14,0,0,1,0,0,0,0,False,False,0,3.7257,False,False,0.0,0,0,0,infomaniak.com,http://infomaniak.com
16,9,0,0,1,0,0,0,0,False,False,0,3.2806,False,False,0.0,0,0,0,tappx.com,http://tappx.com
21,14,0,0,1,0,0,0,0,False,False,0,3.9161,False,False,0.0,0,0,0,heyvagroup.com,http://heyvagroup.com
15,8,0,0,1,0,0,0,0,False,False,0,3.5069,False,False,0.0,0,0,0,oray.com,http://oray.com
26,19,0,0,1,0,3,1,0,False,False,0,4.1039,False,True,0.05263157894736842,0,0,0,xn--ngstr-lra8j.com,http://xn--ngstr-lra8j.com
16,9,0,0,1,0,0,0,0,False,False,0,3.625,False,False,0.0,0,0,0,unece.org,http://unece.org
20,13,0,0,1,0,1,2,0,False,False,0,4.0219,False,False,0.14285714285714285,0,0,0,awsdns-61.com,http://awsdns-61.com
19,12,0,0,1,0,0,0,0,False,False,0,3.4058,False,False,0.0,0,0,0,bilibili.com,http://bilibili.com
25,18,0,0,1,0,0,0,0,False,False,0,3.8635,False,False,0.0,0,0,0,heytapdownload.com,http://heytapdownload.com
19,12,0,0,1,0,0,0,0,False,False,0,3.7216,False,False,0.0,0,0,0,warframe.com,http://warframe.com
18,11,0,0,1,0,0,0,0,False,False,0,3.7255,False,False,0.0,0,0,0,allegro.com,http://allegro.com
18,11,0,0,1,0,0,0,0,False,False,0,3.6835,False,False,0.0,0,0,0,wbbasket.ru,http://wbbasket.ru
17,10,0,0,1,0,0,0,0,False,False,0,3.6169,False,False,0.0,0,0,0,presage.io,http://presage.io
17,10,0,0,1,0,0,0,0,False,False,0,3.5725,False,False,0.0,0,0,0,zalando.it,http://zalando.it
21,14,0,0,1,0,0,0,0,False,False,0,3.8802,False,False,0.0,0,0,0,sexallarab.com,http://sexallarab.com
14,7,0,0,1,0,0,0,0,False,False,0,2.8352,False,False,0.0,0,0,0,att.net,http://att.net
20,13,0,0,1,0,0,0,0,False,False,0,3.7842,False,False,0.0,0,0,0,hentaivox.com,http://hentaivox.com
19,12,0,0,1,0,0,0,0,False,False,0,3.7871,False,False,0.0,0,0,0,education.dz,http://education.dz
23,16,0,0,2,0,0,0,0,False,False,0,3.882,False,False,0.0,0,0,0,education.gov.in,http://education.gov.in
18,11,0,0,1,0,0,0,0,False,False,0,3.8366,False,False,0.0,0,0,0,bugsnag.com,http://bugsnag.com
17,10,0,0,1,0,0,1,0,False,False,0,3.4992,False,False,0.07692307692307693,0,0,0,hanime1.me,http://hanime1.me
20,13,0,0,1,0,0,0,0,False,False,0,3.9842,False,False,0.0,0,0,0,bitwarden.com,http://bitwarden.com
16,9,0,0,1,0,0,0,0,False,False,0,3.5,False,False,0.0,0,0,0,google.vu,http://google.vu
14,7,0,0,1,0,0,0,0,False,False,0,3.182,False,False,0.0,0,0,0,tori.fi,http://tori.fi
17,10,0,0,1,0,0,1,0,False,False,0,3.4992,False,False,0.07692307692307693,0,0,0,ttdns2.com,http://ttdns2.com
21,14,0,0,1,0,0,0,0,False,False,0,3.6538,False,False,0.0,0,0,0,kathimerini.gr,http://kathimerini.gr
18,11,0,0,1,0,0,0,0,False,False,0,3.6144,False,False,0.0,0,0,0,haproxy.com,http://haproxy.com
14,7,0,0,1,0,0,0,0,False,False,0,3.2359,False,False,0.0,0,0,0,rsch.jp,http://rsch.jp
13,6,0,0,1,0,0,0,0,False,False,0,3.2389,False,False,0.0,0,0,0,cri.cn,http://cri.cn
20,13,0,0,1,0,0,0,0,False,False,0,3.9842,False,False,0.0,0,0,0,larksuite.com,http://larksuite.com
15,8,0,0,1,0,0,0,0,False,False,0,3.1069,False,False,0.0,0,0,0,nato.int,http://nato.int
17,10,0,0,1,0,0,0,0,False,False,0,3.8522,False,False,0.0,0,0,0,javbus.com,http://javbus.com
18,11,0,0,1,0,0,0,0,False,False,0,3.3921,False,False,0.0,0,0,0,pipopay.com,http://pipopay.com
15,8,0,0,1,0,0,0,0,False,False,0,3.0566,False,False,0.0,0,0,0,homo.xxx,http://homo.xxx
20,13,0,0,1,0,1,2,0,False,False,0,3.7842,False,False,0.14285714285714285,0,0,0,awsdns-15.net,http://awsdns-15.net
24,17,0,0,1,0,2,1,0,False,False,0,3.8035,False,False,0.05555555555555555,0,0,0,fbs1-t-msedge.net,http://fbs1-t-msedge.net
19,12,0,0,1,0,0,3,0,False,False,0,4.0374,False,False,0.23076923076923078,0,0,0,163jiasu.com,http://163jiasu.com
24,17,0,0,1,0,0,0,0,False,False,0,4.085,False,False,0.0,0,0,0,midasplayer.cloud,http://midasplayer.cloud
20,13,0,0,1,0,0,0,0,False,False,0,3.5219,False,False,0.0,0,0,0,kamababax.com,http://kamababax.com
18,11,0,0,1,0,0,0,0,False,False,0,3.4613,False,False,0.0,0,0,0,volcgtm.com,http://volcgtm.com
25,18,0,0,1,0,0,0,0,False,False,0,3.8137,False,False,0.0,0,0,0,mundodeportivo.com,http://mundodeportivo.com
13,6,0,0,1,0,0,0,0,False,False,0,3.027,False,False,0.0,0,0,0,uzh.ch,http://uzh.ch
16,9,0,0,1,0,0,0,0,False,False,0,3.3278,False,False,0.0,0,0,0,gtimg.com,http://gtimg.com
27,20,0,0,1,0,0,0,0,False,False,0,3.866,False,False,0.0,0,0,0,poetryfoundation.org,http://poetryfoundation.org
13,6,0,0,1,0,0,0,0,False,False,0,3.3927,False,False,0.0,0,0,0,nic.kw,http://nic.kw
25,18,0,0,1,0,0,0,0,False,False,0,3.8439,False,False,0.0,0,0,0,cryoutcreations.eu,http://cryoutcreations.eu
20,13,0,0,1,0,0,0,0,False,False,0,3.7842,False,False,0.0,0,0,0,kommersant.ru,http://kommersant.ru
17,10,0,0,1,0,0,0,0,False,False,0,3.2195,False,False,0.0,0,0,0,purdue.edu,http://purdue.edu
19,12,0,0,1,0,0,0,0,False,False,0,3.7871,False,False,0.0,0,0,0,yolasite.com,http://yolasite.com
19,12,0,0,1,0,0,0,0,False,False,0,3.8269,False,False,0.0,0,0,0,queniubh.com,http://queniubh.com
21,14,0,0,2,0,0,0,0,False,False,0,3.4633,False,False,0.0,0,0,0,chunichi.co.jp,http://chunichi.co.jp
23,16,0,0,1,0,1,0,0,False,False,0,3.5014,False,False,0.0,0,0,0,root-servers.net,http://root-servers.net
21,14,0,0,1,0,1,0,0,False,False,0,4.0114,False,False,0.0,0,0,0,galaxy-cdn.com,http://galaxy-cdn.com
19,12,0,0,1,0,0,0,0,False,False,0,3.6163,False,False,0.0,0,0,0,alchemer.com,http://alchemer.com
21,14,0,0,1,0,0,0,0,False,False,0,3.4992,False,False,0.0,0,0,0,tripadvisor.it,http://tripadvisor.it
24,17,0,0,1,0,0,0,0,False,False,0,3.9702,False,False,0.0,0,0,0,flexwebhosting.nl,http://flexwebhosting.nl
21,14,0,0,1,0,0,0,0,False,False,0,3.6897,False,False,0.0,0,0,0,cinecalidad.am,http://cinecalidad.am
23,16,0,0,1,0,0,0,0,False,False,0,3.882,False,False,0.0,0,0,0,cdninstagram.com,http://cdninstagram.com
16,9,0,0,1,0,0,0,0,False,False,0,3.5,False,False,0.0,0,0,0,google.si,http://google.si
14,7,0,0,1,0,0,0,0,False,False,0,3.3249,False,False,0.0,0,0,0,ukg.net,http://ukg.net
23,16,0,0,1,0,0,0,0,False,False,0,3.584,False,False,0.0,0,0,0,shutterstock.com,http://shutterstock.com
17,10,0,0,1,0,0,0,0,False,False,0,3.5725,False,False,0.0,0,0,0,nessus.org,http://nessus.org
21,14,0,0,1,0,0,0,0,False,False,0,3.6897,False,False,0.0,0,0,0,hsadspixel.net,http://hsadspixel.net
19,12,0,0,1,0,0,0,0,False,False,0,3.9321,False,False,0.0,0,0,0,blizzard.com,http://blizzard.com
12,5,0,0,1,0,0,0,0,False,False,0,3.2516,False,False,0.0,0,0,0,bl.uk,http://bl.uk
30,23,0,0,1,0,0,0,0,False,False,0,3.9484,False,False,0.0,0,0,0,lanouvellerepublique.fr,http://lanouvellerepublique.fr
22,15,0,0,1,0,0,0,0,False,False,0,3.5681,False,False,0.0,0,0,0,exacttarget.com,http://exacttarget.com
16,9,0,0,1,0,0,0,0,False,False,0,3.5,False,False,0.0,0,0,0,bblaa.com,http://bblaa.com
19,12,0,0,1,0,1,0,0,False,False,0,3.7871,False,False,0.0,0,0,0,movie-box.co,http://movie-box.co
15,8,0,0,1,0,0,0,0,False,False,0,3.3232,False,False,0.0,0,0,0,torn.com,http://torn.com
17,10,0,0,1,0,0,0,0,False,False,0,3.3372,False,False,0.0,0,0,0,alphatv.gr,http://alphatv.gr
16,9,0,0,1,0,0,0,0,False,False,0,3.4528,False,False,0.0,0,0,0,amazon.ca,http://amazon.ca
23,16,0,0,1,0,0,0,0,False,False,0,3.9149,False,False,0.0,0,0,0,mercadolibre.com,http://mercadolibre.com
17,10,0,0,1,0,0,0,0,False,False,0,3.2639,False,False,0.0,0,0,0,utwente.nl,http://utwente.nl
23,16,0,0,1,0,1,0,0,False,False,0,3.741,False,False,0.0,0,0,0,hs-analytics.net,http://hs-analytics.net
17,10,0,0,1,0,0,0,0,False,False,0,3.7345,False,False,0.0,0,0,0,airbnb.com,http://airbnb.com
18,11,0,0,1,0,0,0,0,False,False,0,3.5724,False,False,0.0,0,0,0,litgorod.ru,http://litgorod.ru
17,10,0,0,2,0,0,0,0,False,False,0,3.4992,False,False,0.0,0,0,0,smh.com.au,http://smh.com.au
20,13,0,0,1,0,0,0,0,False,False,0,3.3842,False,False,0.0,0,0,0,business.site,http://business.site
14,7,0,0,1,0,0,0,0,False,False,0,3.182,False,False,0.0,0,0,0,xnxx.es,http://xnxx.es
16,9,0,0,1,0,0,0,0,False,False,0,3.75,False,False,0.0,0,0,0,baidu.com,http://baidu.com
26,19,0,0,1,0,0,0,0,False,False,0,3.6714,False,False,0.0,0,0,0,nontonanimeid.boats,http://nontonanimeid.boats
13,6,0,0,1,0,0,0,0,False,False,0,3.3927,False,False,0.0,0,0,0,xe.com,http://xe.com
29,22,0,0,1,0,0,0,0,False,False,0,3.7975,False,False,0.0,0,0,0,scientificamerican.com,http://scientificamerican.com
24,17,0,0,2,0,0,0,0,False,False,0,3.7516,False,False,0.0,0,0,0,cellphones.com.vn,http://cellphones.com.vn
17,10,0,0,1,0,0,0,0,False,False,0,3.6169,False,False,0.0,0,0,0,wanadoo.fr,http://wanadoo.fr
21,14,0,0,1,0,0,0,0,False,False,0,3.6897,False,False,0.0,0,0,0,msappproxy.net,http://msappproxy.net
20,13,0,0,1,0,1,0,0,False,False,0,3.7842,False,False,0.0,0,0,0,seg-social.pt,http://seg-social.pt
22,15,0,0,1,0,0,0,0,False,False,0,3.7888,False,False,0.0,0,0,0,sacdnssedge.com,http://sacdnssedge.com
21,14,0,0,1,0,0,0,0,False,False,0,3.8209,False,False,0.0,0,0,0,crystalbet.com,http://crystalbet.com
20,13,0,0,1,0,0,3,0,False,False,0,4.1219,False,False,0.21428571428571427,0,0,0,brasil247.com,http://brasil247.com
16,9,0,0,1,0,0,3,0,False,False,0,3.625,False,False,0.3,0,0,0,071kk.com,http://071kk.com
18,11,0,0,1,0,0,0,0,False,False,0,3.4194,False,False,0.0,0,0,0,loopnet.com,http://loopnet.com
19,12,0,0,1,0,0,0,0,False,False,0,3.7871,False,False,0.0,0,0,0,bsky.network,http://bsky.network
15,8,0,0,1,0,0,0,0,False,False,0,3.2402,False,False,0.0,0,0,0,udel.edu,http://udel.edu
19,12,0,0,1,0,0,0,0,False,False,0,3.7216,False,False,0.0,0,0,0,allawnos.com,http://allawnos.com
21,14,0,0,1,0,0,0,0,False,False,0,3.7849,False,False,0.0,0,0,0,constellix.com,http://constellix.com
16,9,0,0,1,0,0,0,0,False,False,0,3.4528,False,False,0.0,0,0,0,nirvam.it,http://nirvam.it
14,7,0,0,1,0,0,0,0,False,False,0,3.0391,False,False,0.0,0,0,0,crpt.ru,http://crpt.ru
19,12,0,0,1,0,0,0,0,False,False,0,3.6819,False,False,0.0,0,0,0,tcylgslb.com,http://tcylgslb.com
14,7,0,0,1,0,0,0,0,False,False,0,3.182,False,False,0.0,0,0,0,usu.edu,http://usu.edu
14,7,0,0,1,0,0,0,0,False,False,0,3.182,False,False,0.0,0,0,0,meta.ai,http://meta.ai
19,12,0,0,1,0,0,0,0,False,False,0,3.8269,False,False,0.0,0,0,0,experian.com,http://experian.com
14,7,0,0,1,0,0,0,0,False,False,0,3.2359,False,False,0.0,0,0,0,umd.edu,http://umd.edu
19,12,0,0,1,0,0,0,0,False,False,0,3.6819,False,False,0.0,0,0,0,greenxh.live,http://greenxh.live
19,12,0,0,1,0,1,0,0,False,False,0,3.6819,False,False,0.0,0,0,0,wal-mart.com,http://wal-mart.com
16,9,0,0,1,0,0,0,0,False,False,0,3.75,False,False,0.0,0,0,0,lxdns.com,http://lxdns.com
19,12,0,0,1,0,0,0,0,False,False,0,3.6421,False,False,0.0,0,0,0,takeaway.com,http://takeaway.com
16,9,0,0,1,0,0,0,0,False,False,0,3.5,False,False,0.0,0,0,0,wixmp.com,http://wixmp.com
24,17,0,0,1,0,0,0,0,False,False,0,3.7721,False,False,0.0,0,0,0,animesonlinecc.to,http://animesonlinecc.to
25,18,0,0,1,0,0,0,0,False,False,0,4.0537,False,False,0.0,0,0,0,digitaljournal.com,http://digitaljournal.com
15,8,0,0,1,0,0,0,0,False,False,0,3.4566,False,False,0.0,0,0,0,daum.net,http://daum.net
17,10,0,0,1,0,0,0,0,False,False,0,3.7345,False,False,0.0,0,0,0,elmundo.es,http://elmundo.es
13,6,0,0,1,0,0,0,0,False,False,0,3.2389,False,False,0.0,0,0,0,uw.edu,http://uw.edu
19,12,0,0,1,0,0,0,0,False,False,0,3.8269,False,False,0.0,0,0,0,scryfall.com,http://scryfall.com
25,18,0,0,1,0,0,0,0,False,False,0,3.6839,False,False,0.0,0,0,0,etisalatdomains.ae,http://etisalatdomains.ae
20,13,0,0,1,0,0,0,0,False,False,0,3.6219,False,False,0.0,0,0,0,flashbots.net,http://flashbots.net
20,13,0,0,1,0,1,2,0,False,False,0,4.0219,False,False,0.14285714285714285,0,0,0,awsdns-59.com,http://awsdns-59.com
21,14,0,0,1,0,1,0,0,False,False,0,3.6538,False,False,0.0,0,0,0,live-video.net,http://live-video.net
19,12,0,0,1,0,0,0,0,False,False,0,3.7216,False,False,0.0,0,0,0,medallia.com,http://medallia.com
19,12,0,0,1,0,1,0,0,False,False,0,3.9321,False,False,0.0,0,0,0,gdpr-info.eu,http://gdpr-info.eu
21,14,0,0,1,0,0,0,0,False,False,0,3.4399,False,False,0.0,0,0,0,animeheaven.me,http://animeheaven.me
20,13,0,0,1,0,0,0,0,False,False,0,3.4219,False,False,0.0,0,0,0,imostatic.com,http://imostatic.com
19,12,0,0,2,0,0,0,0,False,False,0,3.5766,False,False,0.0,0,0,0,google.co.mz,http://google.co.mz
17,10,0,0,1,0,0,0,0,False,False,0,3.6169,False,False,0.0,0,0,0,fandom.com,http://fandom.com
20,13,0,0,2,0,0,0,0,False,False,0,3.6842,False,False,0.0,0,0,0,google.com.qa,http://google.com.qa
20,13,0,0,1,0,1,2,0,False,False,0,4.0219,False,False,0.14285714285714285,0,0,0,awsdns-47.com,http://awsdns-47.com
18,11,0,0,1,0,0,0,0,False,False,0,3.6835,False,False,0.0,0,0,0,awstrack.me,http://awstrack.me
45,36,1,0,2,1,4,2,0,False,False,0,4.4025,False,False,0.058823529411764705,0,0,1,pages.dev,https://sp22ct-nelur-biz-mavi-zeku.pages.dev/
18,11,0,0,1,0,0,0,0,False,False,0,3.5724,False,False,0.0,0,0,0,bitnami.com,http://bitnami.com
19,12,0,0,1,0,0,0,0,False,False,0,3.4058,False,False,0.0,0,0,0,withings.net,http://withings.net
18,11,0,0,1,0,0,0,0,False,False,0,3.5305,False,False,0.0,0,0,0,netease.com,http://netease.com
18,11,0,0,1,0,0,0,0,False,False,0,3.5724,False,False,0.0,0,0,0,jiathis.com,http://jiathis.com
16,9,0,0,1,0,0,0,0,False,False,0,3.4528,False,False,0.0,0,0,0,atera.com,http://atera.com
14,7,0,0,1,0,0,0,0,False,False,0,3.182,False,False,0.0,0,0,0,tubi.io,http://tubi.io
17,10,0,0,1,0,0,0,0,False,False,0,3.7345,False,False,0.0,0,0,0,kraken.com,http://kraken.com
13,6,0,0,1,0,0,0,0,False,False,0,3.3927,False,False,0.0,0,0,0,al.com,http://al.com
18,11,0,0,2,0,0,0,0,False,False,0,3.7255,False,False,0.0,0,0,0,esic.gov.in,http://esic.gov.in
33,26,0,0,1,0,0,0,0,False,False,0,3.9683,False,False,0.0,0,0,0,robertsspaceindustries.com,http://robertsspaceindustries.com
19,12,0,0,1,0,0,0,0,False,False,0,3.6819,False,False,0.0,0,0,0,chartink.com,http://chartink.com
21,14,0,0,1,0,0,0,0,False,False,0,3.6538,False,False,0.0,0,0,0,codeforces.com,http://codeforces.com
22,15,0,0,2,0,1,2,0,False,False,0,3.6978,False,False,0.13333333333333333,0,0,0,13.in-addr.arpa,http://13.in-addr.arpa
26,19,0,0,1,0,1,0,0,False,False,0,4.1039,False,False,0.0,0,0,0,config-security.com,http://config-security.com
19,12,0,0,1,0,0,0,0,False,False,0,3.6819,False,False,0.0,0,0,0,synology.com,http://synology.com
23,16,0,0,1,0,0,0,0,False,False,0,3.7951,False,False,0.0,0,0,0,collegeboard.org,http://collegeboard.org
19,12,0,0,1,0,0,0,0,False,False,0,3.8269,False,False,0.0,0,0,0,archives.gov,http://archives.gov
20,13,0,0,1,0,0,0,0,False,False,0,3.7842,False,False,0.0,0,0,0,samsungdm.com,http://samsungdm.com
21,14,0,0,1,0,0,0,0,False,False,0,3.4226,False,False,0.0,0,0,0,weatherkit.net,http://weatherkit.net
13,6,0,0,1,0,0,0,0,False,False,0,3.3927,False,False,0.0,0,0,0,mn.gov,http://mn.gov
17,10,0,0,1,0,0,0,0,False,False,0,3.6169,False,False,0.0,0,0,0,zomans.com,http://zomans.com
25,18,0,0,1,0,1,0,0,False,False,0,3.9737,False,False,0.0,0,0,0,sex-studentki.cafe,http://sex-studentki.cafe
17,10,0,0,1,0,0,0,0,False,False,0,3.6169,False,False,0.0,0,0,0,sinaimg.cn,http://sinaimg.cn
17,10,0,0,1,0,0,0,0,False,False,0,3.7345,False,False,0.0,0,0,0,karger.com,http://karger.com
19,12,0,0,1,0,0,0,0,False,False,0,3.8269,False,False,0.0,0,0,0,cmediahub.ru,http://cmediahub.ru
19,12,0,0,1,0,0,0,0,False,False,0,3.1761,False,False,0.0,0,0,0,threebit.net,http://threebit.net
15,8,0,0,1,0,0,0,0,False,False,0,3.3736,False,False,0.0,0,0,0,jpush.cn,http://jpush.cn
23,16,0,0,1,0,0,0,0,False,False,0,3.7951,False,False,0.0,0,0,0,tomshardware.com,http://tomshardware.com
20,13,0,0,1,0,1,2,0,False,False,0,3.6842,False,False,0.14285714285714285,0,0,0,awsdns-22.net,http://awsdns-22.net
17,10,0,0,1,0,0,1,0,False,False,0,3.8522,False,False,0.07692307692307693,0,0,0,wsglb0.com,http://wsglb0.com
20,13,0,0,1,0,0,0,0,False,False,0,3.5842,False,False,0.0,0,0,0,myharmony.com,http://myharmony.com
14,7,0,0,1,0,0,1,0,False,False,0,3.3788,False,False,0.1,0,0,0,1rpc.io,http://1rpc.io
21,14,0,0,1,0,0,0,0,False,False,0,3.8802,False,False,0.0,0,0,0,absoluporn.com,http://absoluporn.com
19,12,0,0,1,0,0,0,0,False,False,0,3.6163,False,False,0.0,0,0,0,spamhaus.org,http://spamhaus.org
13,6,0,0,1,0,0,0,0,False,False,0,3.2389,False,False,0.0,0,0,0,cnn.gr,http://cnn.gr
16,9,0,0,1,0,0,0,0,False,False,0,3.625,False,False,0.0,0,0,0,dnsip.com,http://dnsip.com
21,14,0,0,1,0,0,0,0,False,False,0,3.649,False,False,0.0,0,0,0,dotmetrics.net,http://dotmetrics.net
21,14,0,0,1,0,0,0,0,False,False,0,3.4992,False,False,0.0,0,0,0,marktplaats.nl,http://marktplaats.nl
32,24,1,0,2,1,0,0,0,False,False,0,4.0778,False,False,0.0,0,0,1,webflow.io,http://suportmetumak.webflow.io/
16,9,0,0,1,0,0,0,0,False,False,0,3.625,False,False,0.0,0,0,0,slack.com,http://slack.com
20,13,0,0,1,0,1,2,0,False,False,0,4.0219,False,False,0.14285714285714285,0,0,0,awsdns-27.com,http://awsdns-27.com
15,8,0,0,1,0,0,0,0,False,False,0,3.2402,False,False,0.0,0,0,0,aarp.org,http://aarp.org
18,11,0,0,1,0,0,0,0,False,False,0,3.4613,False,False,0.0,0,0,0,swisscom.ch,http://swisscom.ch
24,17,0,0,1,0,0,0,0,False,False,0,4.0016,False,False,0.0,0,0,0,digitaltrends.com,http://digitaltrends.com
20,13,0,0,1,0,0,0,0,False,False,0,3.5219,False,False,0.0,0,0,0,sitescout.com,http://sitescout.com
16,9,0,0,1,0,0,3,0,False,False,0,3.375,False,False,0.3,0,0,0,bet365.it,http://bet365.it
18,11,0,0,1,0,0,0,0,False,False,0,3.5724,False,False,0.0,0,0,0,filesdl.top,http://filesdl.top
20,13,0,0,1,0,0,0,0,False,False,0,3.8219,False,False,0.0,0,0,0,zdnscloud.com,http://zdnscloud.com
20,13,0,0,1,0,0,0,0,False,False,0,3.5464,False,False,0.0,0,0,0,alikunlun.net,http://alikunlun.net
30,23,0,0,1,0,0,0,0,False,False,0,4.2817,False,False,0.0,0,0,0,pagibigfundservices.com,http://pagibigfundservices.com
19,12,0,0,2,0,0,0,0,False,False,0,3.6819,False,False,0.0,0,0,0,ifood.com.br,http://ifood.com.br
16,9,0,0,1,0,0,0,0,False,False,0,3.375,False,False,0.0,0,0,0,google.be,http://google.be
18,11,0,0,1,0,0,0,0,False,False,0,3.6144,False,False,0.0,0,0,0,hicloud.com,http://hicloud.com
16,9,0,0,1,0,0,0,0,False,False,0,3.5,False,False,0.0,0,0,0,google.dk,http://google.dk
20,13,0,0,2,0,0,0,0,False,False,0,3.3414,False,False,0.0,0,0,0,ppomppu.co.kr,http://ppomppu.co.kr
19,12,0,0,1,0,0,0,0,False,False,0,3.5766,False,False,0.0,0,0,0,ladepeche.fr,http://ladepeche.fr
17,10,0,0,1,0,0,0,0,False,False,0,3.4992,False,False,0.0,0,0,0,olxprc.com,http://olxprc.com
14,7,0,0,1,0,0,0,0,False,False,0,3.3788,False,False,0.0,0,0,0,dhs.gov,http://dhs.gov
16,9,0,0,1,0,0,1,0,False,False,0,3.4528,False,False,0.08333333333333333,0,0,0,sport1.de,http://sport1.de
20,13,0,0,1,0,0,0,0,False,False,0,3.4464,False,False,0.0,0,0,0,indiatoday.in,http://indiatoday.in
20,13,0,0,1,0,0,0,0,False,False,0,3.3842,False,False,0.0,0,0,0,pointtown.com,http://pointtown.com
15,8,0,0,1,0,0,0,0,False,False,0,2.9232,False,False,0.0,0,0,0,tpnet.pl,http://tpnet.pl
45,13,24,0,2,1,0,9,0,False,False,0,4.35,False,False,0.3103448275862069,3,0,1,roblox.ly,https://www.roblox.ly/users/181499084/profile
19,12,0,0,1,0,0,0,0,False,False,0,3.7216,False,False,0.0,0,0,0,uchicago.edu,http://uchicago.edu
21,14,0,0,1,0,0,2,0,False,False,0,4.0114,False,False,0.125,0,0,0,moviesda34.com,http://moviesda34.com
25,18,0,0,1,0,1,0,0,False,False,0,3.7835,False,False,0.0,0,0,0,icloud-content.com,http://icloud-content.com
20,13,0,0,1,0,0,0,0,False,False,0,3.8219,False,False,0.0,0,0,0,apkvision.org,http://apkvision.org
18,11,0,0,1,0,0,0,0,False,False,0,3.5305,False,False,0.0,0,0,0,bitrix.info,http://bitrix.info
17,10,0,0,2,0,0,0,0,False,False,0,3.7345,False,False,0.0,0,0,0,mca.gov.in,http://mca.gov.in
17,10,0,0,1,0,0,0,0,False,False,0,3.1463,False,False,0.0,0,0,0,tportal.hr,http://tportal.hr
17,10,0,0,1,0,0,0,0,False,False,0,3.7345,False,False,0.0,0,0,0,kaggle.com,http://kaggle.com
18,11,0,0,1,0,0,0,0,False,False,0,3.8366,False,False,0.0,0,0,0,videonow.ru,http://videonow.ru
18,11,0,0,1,0,0,0,0,False,False,0,3.5724,False,False,0.0,0,0,0,metamask.io,http://metamask.io
24,17,0,0,2,0,0,0,0,False,False,0,3.5535,False,False,0.0,0,0,0,elephantbet.co.ao,http://elephantbet.co.ao
13,6,0,0,1,0,0,0,0,False,False,0,3.3927,False,False,0.0,0,0,0,aif.ru,http://aif.ru
15,8,0,0,1,0,0,0,0,False,False,0,3.5069,False,False,0.0,0,0,0,ssrn.com,http://ssrn.com
15,8,0,0,1,0,0,0,0,False,False,0,3.3736,False,False,0.0,0,0,0,buyee.jp,http://buyee.jp
15,8,0,0,1,0,0,0,0,False,False,0,3.1396,False,False,0.0,0,0,0,vtvgo.vn,http://vtvgo.vn
17,10,0,0,1,0,0,0,0,False,False,0,3.5725,False,False,0.0,0,0,0,frameo.net,http://frameo.net
21,14,0,0,1,0,0,0,0,False,False,0,3.7849,False,False,0.0,0,0,0,sharepoint.com,http://sharepoint.com
21,14,0,0,1,0,0,0,0,False,False,0,3.9161,False,False,0.0,0,0,0,gazprombank.ru,http://gazprombank.ru
16,9,0,0,1,0,0,0,0,False,False,0,3.5,False,False,0.0,0,0,0,google.bi,http://google.bi
23,16,0,0,1,0,0,0,0,False,False,0,3.9149,False,False,0.0,0,0,0,vidazoo.services,http://vidazoo.services
17,10,0,0,1,0,0,0,0,False,False,0,3.1751,False,False,0.0,0,0,0,liftoff.io,http://liftoff.io
22,15,0,0,2,0,0,0,0,False,False,0,3.6412,False,False,0.0,0,0,0,happymail.co.jp,http://happymail.co.jp
16,9,0,0,1,0,0,0,0,False,False,0,3.3278,False,False,0.0,0,0,0,proton.me,http://proton.me
21,14,0,0,1,0,1,0,0,False,False,0,4.1066,False,False,0.0,0,0,0,azure-dns.info,http://azure-dns.info
16,9,0,0,1,0,0,0,0,False,False,0,3.2028,False,False,0.0,0,0,0,ghost.org,http://ghost.org
13,6,0,0,1,0,0,0,0,False,False,0,3.2389,False,False,0.0,0,0,0,mo.gov,http://mo.gov
20,13,0,0,2,0,0,0,0,False,False,0,3.6842,False,False,0.0,0,0,0,google.com.nf,http://google.com.nf
20,13,0,0,1,0,0,0,0,False,False,0,3.7219,False,False,0.0,0,0,0,ispconfig.org,http://ispconfig.org
18,11,0,0,1,0,0,0,0,False,False,0,3.6835,False,False,0.0,0,0,0,muslima.com,http://muslima.com
19,12,0,0,2,0,0,0,0,False,False,0,3.2211,False,False,0.0,0,0,0,shopee.co.th,http://shopee.co.th
17,10,0,0,1,0,0,0,0,False,False,0,3.4992,False,False,0.0,0,0,0,onlamp.com,http://onlamp.com
20,13,0,0,1,0,0,0,0,False,False,0,3.4842,False,False,0.0,0,0,0,adspend.space,http://adspend.space
18,11,0,0,2,0,0,0,0,False,False,0,3.6144,False,False,0.0,0,0,0,iess.gob.ec,http://iess.gob.ec
21,14,0,0,1,0,0,0,0,False,False,0,3.4633,False,False,0.0,0,0,0,filmyfly.faith,http://filmyfly.faith
21,14,0,0,1,0,0,0,0,False,False,0,3.5945,False,False,0.0,0,0,0,weatherbug.net,http://weatherbug.net
20,13,0,0,1,0,0,0,0,False,False,0,3.7842,False,False,0.0,0,0,0,kingoftime.jp,http://kingoftime.jp
21,14,0,0,1,0,0,0,0,False,False,0,3.6897,False,False,0.0,0,0,0,tripadvisor.es,http://tripadvisor.es
24,17,0,0,2,0,1,0,0,False,False,0,3.8868,False,False,0.0,0,0,0,seg-social.gob.es,http://seg-social.gob.es
19,12,0,0,1,0,0,2,0,False,False,0,3.9321,False,False,0.14285714285714285,0,0,0,manga18.club,http://manga18.club
19,12,0,0,1,0,0,0,0,False,False,0,3.4058,False,False,0.0,0,0,0,justhost.com,http://justhost.com
14,7,0,0,1,0,0,0,0,False,False,0,3.3788,False,False,0.0,0,0,0,ewg.org,http://ewg.org
16,9,0,0,1,0,0,0,0,False,False,0,3.4528,False,False,0.0,0,0,0,zhihu.com,http://zhihu.com
18,11,0,0,1,0,0,0,0,False,False,0,3.9477,False,False,0.0,0,0,0,fabguys.com,http://fabguys.com
16,9,0,0,1,0,0,0,0,False,False,0,3.375,False,False,0.0,0,0,0,canon.com,http://canon.com
23,16,0,0,2,0,0,0,0,False,False,0,3.6212,False,False,0.0,0,0,0,parivahan.gov.in,http://parivahan.gov.in
20,13,0,0,1,0,0,0,0,False,False,0,3.5464,False,False,0.0,0,0,0,emarketer.com,http://emarketer.com
20,13,0,0,1,0,0,0,0,False,False,0,3.7219,False,False,0.0,0,0,0,honeywell.com,http://honeywell.com
17,10,0,0,1,0,1,0,0,False,False,0,3.4548,False,False,0.0,0,0,0,pv-cdn.net,http://pv-cdn.net
21,14,0,0,1,0,0,0,0,False,False,0,3.4992,False,False,0.0,0,0,0,serverdata.net,http://serverdata.net
19,12,0,0,1,0,0,0,0,False,False,0,3.8924,False,False,0.0,0,0,0,instabug.com,http://instabug.com
23,16,0,0,1,0,0,0,0,False,False,0,3.584,False,False,0.0,0,0,0,static.microsoft,http://static.microsoft
162,17,35,101,3,1,0,62,7,False,False,0,5.0222,False,False,0.7948717948717948,3,3,1,roblox.com.pt,https://www.roblox.com.pt/games/92779814909424/1-Jump-to-Win?privateServerLinkCode=99382535900423182128231632453729&game_id=92779814909424&game_name=1-Jump-to-Win
20,13,0,0,1,0,0,0,0,False,False,0,3.5414,False,False,0.0,0,0,0,meitustat.com,http://meitustat.com
73,66,0,0,1,0,0,0,0,False,False,0,1.3532,False,False,0.0,0,0,0,goooooooooooooooooooooooooooooooooooooooooooooooooooooooooogle.com,http://goooooooooooooooooooooooooooooooooooooooooooooooooooooooooogle.com
15,8,0,0,1,0,0,0,0,False,False,0,3.5069,False,False,0.0,0,0,0,heovl.im,http://heovl.im
20,13,0,0,1,0,0,0,0,False,False,0,3.8219,False,False,0.0,0,0,0,xtracloud.net,http://xtracloud.net
17,10,0,0,1,0,0,0,0,False,False,0,3.8522,False,False,0.0,0,0,0,usbank.com,http://usbank.com
19,12,0,0,1,0,0,0,0,False,False,0,3.6819,False,False,0.0,0,0,0,shalltry.com,http://shalltry.com
13,6,0,0,1,0,0,0,0,False,False,0,3.2389,False,False,0.0,0,0,0,ibb.co,http://ibb.co
13,6,0,0,1,0,0,0,0,False,False,0,3.1808,False,False,0.0,0,0,0,rtb.mx,http://rtb.mx
25,18,0,0,1,0,0,0,0,False,False,0,3.7035,False,False,0.0,0,0,0,marketscreener.com,http://marketscreener.com
25,18,0,0,1,0,1,0,0,False,False,0,3.7835,False,False,0.0,0,0,0,trtcube-license.cn,http://trtcube-license.cn
22,15,0,0,1,0,1,0,0,False,False,0,3.7544,False,False,0.0,0,0,0,name-servers.gr,http://name-servers.gr
18,11,0,0,1,0,0,0,0,False,False,0,3.4613,False,False,0.0,0,0,0,cookpad.com,http://cookpad.com
22,15,0,0,1,0,1,0,0,False,False,0,4.0049,False,False,0.0,0,0,0,clear-guide.org,http://clear-guide.org
17,10,0,0,1,0,0,0,0,False,False,0,3.6901,False,False,0.0,0,0,0,nature.com,http://nature.com
18,11,0,0,1,0,0,0,0,False,False,0,3.3921,False,False,0.0,0,0,0,localto.net,http://localto.net
28,21,0,0,1,0,0,0,0,False,False,0,3.6959,False,False,0.0,0,0,0,hollywoodreporter.com,http://hollywoodreporter.com
17,10,0,0,1,0,0,0,0,False,False,0,3.7345,False,False,0.0,0,0,0,orange.com,http://orange.com
20,13,0,0,1,0,1,2,0,False,False,0,3.7842,False,False,0.14285714285714285,0,0,0,awsdns-18.net,http://awsdns-18.net
19,12,0,0,1,0,0,0,0,False,False,0,3.8269,False,False,0.0,0,0,0,springer.com,http://springer.com
19,12,0,0,1,0,0,0,0,False,False,0,3.7216,False,False,0.0,0,0,0,jpmorgan.com,http://jpmorgan.com
19,12,0,0,1,0,0,0,0,False,False,0,3.6819,False,False,0.0,0,0,0,atsenergo.ru,http://atsenergo.ru
16,9,0,0,1,0,0,0,0,False,False,0,3.3278,False,False,0.0,0,0,0,beget.pro,http://beget.pro
20,13,0,0,1,0,0,0,0,False,False,0,4.0219,False,False,0.0,0,0,0,sengokuixa.jp,http://sengokuixa.jp
17,10,0,0,1,0,0,0,0,False,False,0,3.6169,False,False,0.0,0,0,0,covers.com,http://covers.com
19,12,0,0,1,0,0,0,0,False,False,0,3.6819,False,False,0.0,0,0,0,vzwfemto.com,http://vzwfemto.com
21,14,0,0,1,0,0,0,0,False,False,0,3.7849,False,False,0.0,0,0,0,streamrail.com,http://streamrail.com
18,11,0,0,1,0,0,0,0,False,False,0,3.6144,False,False,0.0,0,0,0,pruffme.com,http://pruffme.com
15,8,0,0,1,0,0,0,0,False,False,0,3.5069,False,False,0.0,0,0,0,sofi.com,http://sofi.com
23,16,0,0,1,0,0,0,0,False,False,0,4.0018,False,False,0.0,0,0,0,demonicscans.org,http://demonicscans.org
23,16,0,0,1,0,0,3,0,False,False,0,4.056,False,False,0.17647058823529413,0,0,0,cdnhwcljk104.com,http://cdnhwcljk104.com
28,21,0,0,1,0,0,0,0,False,False,0,3.8693,False,False,0.0,0,0,0,linodeusercontent.com,http://linodeusercontent.com
22,15,0,0,1,0,0,0,0,False,False,0,3.6978,False,False,0.0,0,0,0,bostonglobe.com,http://bostonglobe.com
17,10,0,0,1,0,0,0,0,False,False,0,3.4548,False,False,0.0,0,0,0,mythad.com,http://mythad.com
13,6,0,0,1,0,0,0,0,False,False,0,3.027,False,False,0.0,0,0,0,pex.jp,http://pex.jp
24,17,0,0,2,0,0,0,0,False,False,0,3.9702,False,False,0.0,0,0,0,digilocker.gov.in,http://digilocker.gov.in
19,12,0,0,1,0,1,0,0,False,False,0,3.6421,False,False,0.0,0,0,0,a-msedge.net,http://a-msedge.net
14,7,0,0,1,0,0,0,0,False,False,0,3.3249,False,False,0.0,0,0,0,tjk.org,http://tjk.org
21,14,0,0,1,0,0,0,0,False,False,0,3.5352,False,False,0.0,0,0,0,attheraces.com,http://attheraces.com
17,10,0,0,1,0,0,0,0,False,False,0,3.4104,False,False,0.0,0,0,0,pantip.com,http://pantip.com
35,26,1,0,2,1,1,2,0,False,False,0,4.1287,False,False,0.07407407407407407,0,0,1,pages.dev,https://habittracker-29p.pages.dev/
18,11,0,0,1,0,0,0,0,False,False,0,3.3921,False,False,0.0,0,0,0,wattpad.com,http://wattpad.com
16,9,0,0,1,0,0,2,0,False,False,0,3.625,False,False,0.18181818181818182,0,0,0,51job.com,http://51job.com
23,16,0,0,1,0,0,0,0,False,False,0,3.5342,False,False,0.0,0,0,0,pornoborshch.com,http://pornoborshch.com
22,15,0,0,2,0,1,2,0,False,False,0,4.0958,False,False,0.13333333333333333,0,0,0,awsdns-10.co.uk,http://awsdns-10.co.uk
24,17,0,0,1,0,0,0,0,False,False,0,3.9702,False,False,0.0,0,0,0,ailawandorder.com,http://ailawandorder.com
24,17,0,0,1,0,0,0,0,False,False,0,3.9702,False,False,0.0,0,0,0,kasperskylabs.com,http://kasperskylabs.com
23,16,0,0,1,0,0,0,0,False,False,0,3.9149,False,False,0.0,0,0,0,alphadnszone.com,http://alphadnszone.com
23,16,0,0,2,0,0,0,0,False,False,0,4.0018,False,False,0.0,0,0,0,mizuhobank.co.jp,http://mizuhobank.co.jp
15,8,0,0,1,0,0,0,0,False,False,0,3.6402,False,False,0.0,0,0,0,gwars.io,http://gwars.io
17,10,0,0,1,0,0,0,0,False,False,0,3.6169,False,False,0.0,0,0,0,zillow.com,http://zillow.com
17,10,0,0,2,0,0,0,0,False,False,0,3.4992,False,False,0.0,0,0,0,pje.jus.br,http://pje.jus.br
25,18,0,0,1,0,0,0,0,False,False,0,3.6537,False,False,0.0,0,0,0,comfortweather.com,http://comfortweather.com
15,8,0,0,1,0,0,0,0,False,False,0,3.3736,False,False,0.0,0,0,0,shrm.org,http://shrm.org
17,10,0,0,1,0,0,0,0,False,False,0,3.4992,False,False,0.0,0,0,0,gpubgm.com,http://gpubgm.com
20,13,0,0,1,0,0,0,0,False,False,0,3.6219,False,False,0.0,0,0,0,minecraft.net,http://minecraft.net
17,10,0,0,1,0,0,0,0,False,False,0,3.7345,False,False,0.0,0,0,0,unesco.org,http://unesco.org
15,8,0,0,1,0,0,0,0,False,False,0,3.3232,False,False,0.0,0,0,0,amagi.tv,http://amagi.tv
14,7,0,0,1,0,0,0,0,False,False,0,3.5216,False,False,0.0,0,0,0,ably.io,http://ably.io
16,9,0,0,1,0,0,0,0,False,False,0,3.2806,False,False,0.0,0,0,0,txnhh.com,http://txnhh.com
14,7,0,0,1,0,0,1,0,False,False,0,3.3788,False,False,0.1,0,0,0,n0c.com,http://n0c.com
18,11,0,0,1,0,0,0,0,False,False,0,3.6835,False,False,0.0,0,0,0,olimpbet.kz,http://olimpbet.kz
19,12,0,0,1,0,0,0,0,False,False,0,3.7216,False,False,0.0,0,0,0,globalcdn.co,http://globalcdn.co
22,15,0,0,1,0,0,0,0,False,False,0,3.8797,False,False,0.0,0,0,0,indriverapp.com,http://indriverapp.com
23,16,0,0,1,0,1,1,0,False,False,0,4.056,False,False,0.05555555555555555,0,0,0,list-manage1.com,http://list-manage1.com
19,12,0,0,1,0,0,0,0,False,False,0,3.7216,False,False,0.0,0,0,0,xhsocial.com,http://xhsocial.com
18,11,0,0,1,0,0,0,0,False,False,0,3.8366,False,False,0.0,0,0,0,bangumi.org,http://bangumi.org
22,15,0,0,1,0,1,0,0,False,False,0,3.7499,False,False,0.0,0,0,0,tq-tungsten.com,http://tq-tungsten.com
17,10,0,0,1,0,0,0,0,False,False,0,3.5725,False,False,0.0,0,0,0,tanium.com,http://tanium.com
19,12,0,0,1,0,1,0,0,False,False,0,3.6819,False,False,0.0,0,0,0,ama-assn.org,http://ama-assn.org
21,14,0,0,1,0,0,0,0,False,False,0,3.368,False,False,0.0,0,0,0,torproject.org,http://torproject.org
21,14,0,0,1,0,0,0,0,False,False,0,3.6897,False,False,0.0,0,0,0,themegrill.com,http://themegrill.com
22,15,0,0,2,0,1,2,0,False,False,0,4.0958,False,False,0.13333333333333333,0,0,0,awsdns-12.co.uk,http://awsdns-12.co.uk
20,13,0,0,1,0,0,0,0,False,False,0,3.5842,False,False,0.0,0,0,0,thespruce.com,http://thespruce.com
22,15,0,0,1,0,0,0,0,False,False,0,4.0049,False,False,0.0,0,0,0,adsbynimbus.com,http://adsbynimbus.com
17,10,0,0,1,0,0,0,0,False,False,0,3.4992,False,False,0.0,0,0,0,cursor.com,http://cursor.com
22,15,0,0,1,0,1,0,0,False,False,0,3.8454,False,False,0.0,0,0,0,ad-delivery.net,http://ad-delivery.net
19,12,0,0,1,0,0,0,0,False,False,0,3.6819,False,False,0.0,0,0,0,livemint.com,http://livemint.com
22,15,0,0,1,0,0,1,0,False,False,0,3.8797,False,False,0.05555555555555555,0,0,0,backblazeb2.com,http://backblazeb2.com
17,10,0,0,1,0,0,0,0,False,False,0,3.5725,False,False,0.0,0,0,0,stripe.com,http://stripe.com
17,10,0,0,1,0,0,0,0,False,False,0,3.7345,False,False,0.0,0,0,0,claude.com,http://claude.com
20,13,0,0,1,0,1,2,0,False,False,0,4.0219,False,False,0.14285714285714285,0,0,0,awsdns-56.com,http://awsdns-56.com
19,12,0,0,2,0,0,0,0,False,False,0,3.7216,False,False,0.0,0,0,0,sakura.ne.jp,http://sakura.ne.jp
20,13,0,0,1,0,0,0,0,False,False,0,3.5464,False,False,0.0,0,0,0,nordstrom.com,http://nordstrom.com
14,7,0,0,1,0,0,0,0,False,False,0,3.3788,False,False,0.0,0,0,0,asu.edu,http://asu.edu
15,8,0,0,1,0,0,0,0,False,False,0,3.2402,False,False,0.0,0,0,0,avto.net,http://avto.net
13,6,0,0,1,0,0,0,0,False,False,0,2.7774,False,False,0.0,0,0,0,rpp.pe,http://rpp.pe
16,9,0,0,1,0,0,0,0,False,False,0,3.4528,False,False,0.0,0,0,0,gaana.com,http://gaana.com
27,20,0,0,1,0,0,0,0,False,False,0,3.838,False,False,0.0,0,0,0,hscollectedforms.net,http://hscollectedforms.net
14,7,0,0,1,0,0,0,0,False,False,0,3.5216,False,False,0.0,0,0,0,dns.com,http://dns.com
30,23,0,0,1,0,2,0,0,False,False,0,4.1736,False,False,0.0,0,0,0,tiktokpangle-cdn-us.com,http://tiktokpangle-cdn-us.com
25,18,0,0,1,0,0,0,0,False,False,0,3.6537,False,False,0.0,0,0,0,thomsonreuters.com,http://thomsonreuters.com
22,15,0,0,2,0,1,2,0,False,False,0,3.6978,False,False,0.13333333333333333,0,0,0,34.in-addr.arpa,http://34.in-addr.arpa
14,7,0,0,1,0,0,0,0,False,False,0,3.3249,False,False,0.0,0,0,0,sony.tv,http://sony.tv
23,16,0,0,1,0,0,0,0,False,False,0,3.7623,False,False,0.0,0,0,0,atlasobscura.com,http://atlasobscura.com
16,9,0,0,1,0,0,0,0,False,False,0,3.5,False,False,0.0,0,0,0,venmo.com,http://venmo.com
24,17,0,0,1,0,0,0,0,False,False,0,4.0016,False,False,0.0,0,0,0,medicalxpress.com,http://medicalxpress.com
17,10,0,0,1,0,0,0,0,False,False,0,3.4548,False,False,0.0,0,0,0,prismic.io,http://prismic.io
21,14,0,0,1,0,1,0,0,False,False,0,3.368,False,False,0.0,0,0,0,ruso-turist.ru,http://ruso-turist.ru
29,22,0,0,1,0,0,0,0,False,False,0,3.7883,False,False,0.0,0,0,0,nationalgeographic.org,http://nationalgeographic.org
17,10,0,0,1,0,0,0,0,False,False,0,3.7345,False,False,0.0,0,0,0,yaeby.work,http://yaeby.work
24,17,0,0,1,0,0,0,0,False,False,0,4.0016,False,False,0.0,0,0,0,apachefriends.org,http://apachefriends.org
24,17,0,0,1,0,0,0,0,False,False,0,3.6217,False,False,0.0,0,0,0,contentsquare.net,http://contentsquare.net
23,16,0,0,1,0,0,2,0,False,False,0,3.969,False,False,0.1111111111111111,0,0,0,filmyzilla40.com,http://filmyzilla40.com
23,16,0,0,1,0,1,0,0,False,False,0,3.6212,False,False,0.0,0,0,0,inmobi-choice.io,http://inmobi-choice.io
15,8,0,0,1,0,0,0,0,False,False,0,3.5069,False,False,0.0,0,0,0,ajio.com,http://ajio.com
15,8,0,0,1,0,0,0,0,False,False,0,3.5069,False,False,0.0,0,0,0,ozone.ru,http://ozone.ru
22,15,0,0,1,0,0,0,0,False,False,0,3.7888,False,False,0.0,0,0,0,foodnetwork.com,http://foodnetwork.com
19,12,0,0,1,0,0,0,0,False,False,0,3.5766,False,False,0.0,0,0,0,porntrex.com,http://porntrex.com
14,7,0,0,1,0,0,0,0,False,False,0,3.3249,False,False,0.0,0,0,0,sfr.net,http://sfr.net
19,12,0,0,1,0,0,0,0,False,False,0,3.4316,False,False,0.0,0,0,0,eurosport.fr,http://eurosport.fr
21,14,0,0,1,0,0,0,0,False,False,0,3.6897,False,False,0.0,0,0,0,optimizely.com,http://optimizely.com
13,6,0,0,1,0,0,0,0,False,False,0,3.1808,False,False,0.0,0,0,0,sf.net,http://sf.net
20,13,0,0,1,0,0,0,0,False,False,0,3.6219,False,False,0.0,0,0,0,myshopify.com,http://myshopify.com
17,10,0,0,1,0,0,0,0,False,False,0,3.8522,False,False,0.0,0,0,0,megafon.ru,http://megafon.ru
19,12,0,0,1,0,0,0,0,False,False,0,3.7871,False,False,0.0,0,0,0,queniuuf.com,http://queniuuf.com
14,7,0,0,1,0,0,0,0,False,False,0,3.182,False,False,0.0,0,0,0,redd.it,http://redd.it
20,13,0,0,1,0,0,0,0,False,False,0,3.5219,False,False,0.0,0,0,0,usertrust.com,http://usertrust.com
73,17,48,0,3,1,0,12,0,False,False,0,4.632,False,False,0.22641509433962265,3,0,1,roblox.com.bi,https://www.roblox.com.bi/users/457336501877/profileexploitmalwarenetwork
22,15,0,0,2,0,0,0,0,False,False,0,3.2999,False,False,0.0,0,0,0,momoshop.com.tw,http://momoshop.com.tw
19,12,0,0,1,0,0,0,0,False,False,0,3.8269,False,False,0.0,0,0,0,dynamics.com,http://dynamics.com
18,11,0,0,1,0,0,0,0,False,False,0,3.5305,False,False,0.0,0,0,0,wantgoo.com,http://wantgoo.com
18,11,0,0,1,0,0,0,0,False,False,0,3.6144,False,False,0.0,0,0,0,uffmaal.com,http://uffmaal.com
17,10,0,0,1,0,0,1,0,False,False,0,3.4548,False,False,0.07692307692307693,0,0,0,okxxx1.com,http://okxxx1.com
15,8,0,0,1,0,0,0,0,False,False,0,3.3736,False,False,0.0,0,0,0,goneo.de,http://goneo.de
23,16,0,0,1,0,0,0,0,False,False,0,3.882,False,False,0.0,0,0,0,aboutcookies.org,http://aboutcookies.org
14,7,0,0,1,0,0,0,0,False,False,0,3.2359,False,False,0.0,0,0,0,hwg.org,http://hwg.org
18,11,0,0,1,0,0,1,0,False,False,0,3.281,False,False,0.07142857142857142,0,0,0,nghttp2.org,http://nghttp2.org
17,10,0,0,1,0,0,0,0,False,False,0,3.3816,False,False,0.0,0,0,0,setlist.fm,http://setlist.fm
17,10,0,0,2,0,0,3,0,False,False,0,3.5725,False,False,0.3,0,0,0,104.com.tw,http://104.com.tw
17,10,0,0,1,0,0,0,0,False,False,0,3.4992,False,False,0.0,0,0,0,hpdaas.com,http://hpdaas.com
17,10,0,0,1,0,0,0,0,False,False,0,3.7345,False,False,0.0,0,0,0,evidon.com,http://evidon.com
21,14,0,0,1,0,1,0,0,False,False,0,3.8802,False,False,0.0,0,0,0,netdna-ssl.com,http://netdna-ssl.com
20,13,0,0,2,0,0,0,0,False,False,0,3.6842,False,False,0.0,0,0,0,google.com.bz,http://google.com.bz
14,7,0,0,1,0,0,0,0,False,False,0,3.5216,False,False,0.0,0,0,0,zxcs.nl,http://zxcs.nl
17,10,0,0,1,0,0,0,0,False,False,0,3.4992,False,False,0.0,0,0,0,bpexch.com,http://bpexch.com
19,12,0,0,1,0,0,0,0,False,False,0,3.7216,False,False,0.0,0,0,0,unsplash.com,http://unsplash.com
28,21,0,0,1,0,0,0,0,False,False,0,3.6515,False,False,0.0,0,0,0,theweathernetwork.com,http://theweathernetwork.com
19,12,0,0,1,0,0,0,0,False,False,0,3.7216,False,False,0.0,0,0,0,roeyecdn.com,http://roeyecdn.com
19,12,0,0,1,0,0,0,0,False,False,0,3.6421,False,False,0.0,0,0,0,bollyflix.at,http://bollyflix.at
16,9,0,0,1,0,0,0,0,False,False,0,3.1556,False,False,0.0,0,0,0,hely.tech,http://hely.tech
17,10,0,0,1,0,0,0,0,False,False,0,3.6169,False,False,0.0,0,0,0,bsgslb.com,http://bsgslb.com
20,13,0,0,1,0,1,2,0,False,False,0,3.9219,False,False,0.14285714285714285,0,0,0,awsdns-44.com,http://awsdns-44.com
14,7,0,0,1,0,0,0,0,False,False,0,3.182,False,False,0.0,0,0,0,iom.int,http://iom.int
18,11,0,0,1,0,0,0,0,False,False,0,3.6144,False,False,0.0,0,0,0,milffox.com,http://milffox.com
18,11,0,0,2,0,0,0,0,False,False,0,3.6144,False,False,0.0,0,0,0,world.co.jp,http://world.co.jp
19,12,0,0,1,0,0,0,0,False,False,0,3.8269,False,False,0.0,0,0,0,calendly.com,http://calendly.com
19,12,0,0,1,0,0,0,0,False,False,0,3.8269,False,False,0.0,0,0,0,mckinsey.com,http://mckinsey.com
18,11,0,0,1,0,1,0,0,False,False,0,3.3921,False,False,0.0,0,0,0,nr-data.net,http://nr-data.net
19,12,0,0,1,0,0,0,0,False,False,0,3.5111,False,False,0.0,0,0,0,mlstatic.com,http://mlstatic.com
17,10,0,0,1,0,0,0,0,False,False,0,3.6169,False,False,0.0,0,0,0,mojang.com,http://mojang.com
19,12,0,0,1,0,0,0,0,False,False,0,3.6819,False,False,0.0,0,0,0,marzaent.com,http://marzaent.com
25,18,0,0,1,0,0,0,0,False,False,0,3.8333,False,False,0.0,0,0,0,adsmeasurement.com,http://adsmeasurement.com
21,14,0,0,1,0,0,0,0,False,False,0,3.5945,False,False,0.0,0,0,0,vkuserphoto.ru,http://vkuserphoto.ru
14,7,0,0,1,0,0,2,0,False,False,0,3.3249,False,False,0.2222222222222222,0,0,0,2o7.net,http://2o7.net
13,6,0,0,1,0,0,0,0,False,False,0,2.8151,False,False,0.0,0,0,0,tvp.pl,http://tvp.pl
26,19,0,0,1,0,0,0,0,False,False,0,3.9501,False,False,0.0,0,0,0,samsungiotcloud.com,http://samsungiotcloud.com
18,11,0,0,1,0,0,0,0,False,False,0,3.6144,False,False,0.0,0,0,0,xiaohei.com,http://xiaohei.com
25,18,0,0,1,0,0,1,0,False,False,0,3.8937,False,False,0.047619047619047616,0,0,0,phimsexsuong3x.net,http://phimsexsuong3x.net
17,10,0,0,1,0,0,0,0,False,False,0,3.7345,False,False,0.0,0,0,0,bonprix.de,http://bonprix.de
15,8,0,0,1,0,0,0,0,False,False,0,3.1069,False,False,0.0,0,0,0,ispot.tv,http://ispot.tv
16,9,0,0,1,0,0,0,0,False,False,0,3.625,False,False,0.0,0,0,0,allwyn.cz,http://allwyn.cz
29,22,0,0,1,0,0,0,0,False,False,0,3.9523,False,False,0.0,0,0,0,digitaloceanspaces.com,http://digitaloceanspaces.com
19,12,0,0,1,0,0,1,0,False,False,0,3.7216,False,False,0.06666666666666667,0,0,0,imolive2.com,http://imolive2.com
17,10,0,0,1,0,0,0,0,False,False,0,3.6169,False,False,0.0,0,0,0,eepurl.com,http://eepurl.com
17,10,0,0,1,0,0,0,0,False,False,0,3.7345,False,False,0.0,0,0,0,splunk.com,http://splunk.com
23,16,0,0,1,0,0,0,0,False,False,0,3.882,False,False,0.0,0,0,0,suramericana.com,http://suramericana.com
22,13,1,0,2,1,0,0,0,False,False,0,3.5726,False,False,0.0,0,0,1,msuto.com,https://api.msuto.com/
21,14,0,0,1,0,0,0,0,False,False,0,3.5352,False,False,0.0,0,0,0,quantcount.com,http://quantcount.com
49,40,1,0,2,1,5,2,0,False,False,0,4.125,False,False,0.05405405405405406,0,0,1,replit.app,https://saa-s-team-board--technical50.replit.app/
20,13,0,0,1,0,0,0,0,False,False,0,3.7219,False,False,0.0,0,0,0,xhpingcdn.com,http://xhpingcdn.com
16,9,0,0,1,0,0,0,0,False,False,0,3.5,False,False,0.0,0,0,0,auchan.fr,http://auchan.fr
15,8,0,0,1,0,0,0,0,False,False,0,3.5069,False,False,0.0,0,0,0,bazos.sk,http://bazos.sk
20,13,0,0,1,0,0,0,0,False,False,0,3.6842,False,False,0.0,0,0,0,clickbank.net,http://clickbank.net
22,15,0,0,2,0,1,2,0,False,False,0,4.0958,False,False,0.13333333333333333,0,0,0,awsdns-08.co.uk,http://awsdns-08.co.uk
23,16,0,0,1,0,1,0,0,False,False,0,3.882,False,False,0.0,0,0,0,oceans-nadia.com,http://oceans-nadia.com
21,14,0,0,1,0,0,0,0,False,False,0,3.4585,False,False,0.0,0,0,0,deviantart.net,http://deviantart.net
19,12,0,0,1,0,0,0,0,False,False,0,3.7871,False,False,0.0,0,0,0,euractiv.com,http://euractiv.com
26,19,0,0,2,0,0,0,0,False,False,0,3.9022,False,False,0.0,0,0,0,mercadolibre.com.ar,http://mercadolibre.com.ar
19,12,0,0,1,0,0,0,0,False,False,0,3.5369,False,False,0.0,0,0,0,about.google,http://about.google
14,7,0,0,1,0,0,1,0,False,False,0,3.182,False,False,0.1,0,0,0,4pda.to,http://4pda.to
20,13,0,0,1,0,1,0,0,False,False,0,3.7842,False,False,0.0,0,0,0,go-mpulse.net,http://go-mpulse.net
12,5,0,0,1,0,0,0,0,False,False,0,2.8554,False,False,0.0,0,0,0,uc.pt,http://uc.pt
24,17,0,0,1,0,0,0,0,False,False,0,4.0016,False,False,0.0,0,0,0,indianexpress.com,http://indianexpress.com
283,29,25,220,4,1,0,80,25,False,False,0,5.0518,False,False,0.5194805194805194,3,7,1,cloudfront.net,https://d30sec8k5ond2x.cloudfront.net/dp/B0GRJTMV5T/ref=mes-dp?_encoding=UTF8&pd_rd_w=i0O2C&content-id=amzn1.sym.f45dea16-f25a-4516-b170-6b4033444233&pf_rd_p=f45dea16-f25a-4516-b170-6b4033444233&pf_rd_r=SZSZSF4DJVBEWWDFVFAJ&pd_rd_wg=jmgSe&pd_rd_r=cf5f5d10-32de-4c12-89c0-3a51d466af30
22,15,0,0,1,0,0,0,0,False,False,0,3.6635,False,False,0.0,0,0,0,womensecret.com,http://womensecret.com
29,21,1,0,2,1,0,0,0,False,False,0,3.8539,False,False,0.0,0,0,1,netlify.app,http://birukkapp.netlify.app/
22,15,0,0,1,0,0,0,0,False,False,0,3.7888,False,False,0.0,0,0,0,parkingcrew.net,http://parkingcrew.net
19,12,0,0,1,0,0,0,0,False,False,0,3.8269,False,False,0.0,0,0,0,vidssave.com,http://vidssave.com
14,7,0,0,1,0,0,0,0,False,False,0,3.3788,False,False,0.0,0,0,0,box.com,http://box.com
22,15,0,0,1,0,0,0,0,False,False,0,3.7322,False,False,0.0,0,0,0,myhostadmin.net,http://myhostadmin.net
21,14,0,0,1,0,0,0,0,False,False,0,3.749,False,False,0.0,0,0,0,elitebabes.com,http://elitebabes.com
20,13,0,0,1,0,0,0,0,False,False,0,3.5219,False,False,0.0,0,0,0,libertatea.ro,http://libertatea.ro
16,9,0,0,1,0,0,0,0,False,False,0,3.3278,False,False,0.0,0,0,0,jampp.com,http://jampp.com
17,10,0,0,1,0,0,0,0,False,False,0,3.3372,False,False,0.0,0,0,0,impact.com,http://impact.com
19,12,0,0,1,0,1,0,0,False,False,0,3.5369,False,False,0.0,0,0,0,momon-ga.com,http://momon-ga.com
19,12,0,0,1,0,0,0,0,False,False,0,3.4316,False,False,0.0,0,0,0,pososite.com,http://pososite.com
20,13,0,0,1,0,0,0,0,False,False,0,3.6842,False,False,0.0,0,0,0,blackrock.com,http://blackrock.com
19,12,0,0,1,0,0,0,0,False,False,0,3.8269,False,False,0.0,0,0,0,newrelic.com,http://newrelic.com
21,14,0,0,1,0,0,0,0,False,False,0,3.8802,False,False,0.0,0,0,0,registrydns.co,http://registrydns.co
13,6,0,0,1,0,0,0,0,False,False,0,3.027,False,False,0.0,0,0,0,svt.se,http://svt.se
19,12,0,0,1,0,0,0,0,False,False,0,3.6819,False,False,0.0,0,0,0,aviasales.ru,http://aviasales.ru
15,8,0,0,1,0,0,2,0,False,False,0,3.3736,False,False,0.2,0,0,0,1und1.de,http://1und1.de
17,10,0,0,1,0,0,0,0,False,False,0,3.7345,False,False,0.0,0,0,0,vmware.com,http://vmware.com
16,9,0,0,1,0,0,0,0,False,False,0,3.3278,False,False,0.0,0,0,0,valve.net,http://valve.net
16,9,0,0,1,0,0,0,0,False,False,0,3.5778,False,False,0.0,0,0,0,flingo.tv,http://flingo.tv
16,9,0,0,2,0,0,0,0,False,False,0,3.2028,False,False,0.0,0,0,0,tkc.co.jp,http://tkc.co.jp
20,13,0,0,1,0,0,0,0,False,False,0,3.9219,False,False,0.0,0,0,0,dbankcloud.eu,http://dbankcloud.eu
16,9,0,0,1,0,0,0,0,False,False,0,3.375,False,False,0.0,0,0,0,shopee.vn,http://shopee.vn
22,15,0,0,1,0,0,0,0,False,False,0,3.8454,False,False,0.0,0,0,0,americanbar.org,http://americanbar.org
22,15,0,0,1,0,0,0,0,False,False,0,4.0958,False,False,0.0,0,0,0,rynekzdrowia.pl,http://rynekzdrowia.pl
26,19,0,0,1,0,1,0,0,False,False,0,3.9022,False,False,0.0,0,0,0,leavenworth-net.com,http://leavenworth-net.com
21,14,0,0,2,0,0,0,0,False,False,0,3.8209,False,False,0.0,0,0,0,gamcare.org.uk,http://gamcare.org.uk
20,13,0,0,2,0,0,0,0,False,False,0,3.4464,False,False,0.0,0,0,0,google.com.eg,http://google.com.eg
16,9,0,0,1,0,0,0,0,False,False,0,3.4528,False,False,0.0,0,0,0,wustl.edu,http://wustl.edu
14,7,0,0,1,0,0,0,0,False,False,0,3.182,False,False,0.0,0,0,0,ntp.org,http://ntp.org
16,9,0,0,1,0,0,0,0,False,False,0,3.625,False,False,0.0,0,0,0,xfree.com,http://xfree.com
19,12,0,0,1,0,0,0,0,False,False,0,3.5111,False,False,0.0,0,0,0,destentor.nl,http://destentor.nl
13,6,0,0,1,0,0,0,0,False,False,0,3.027,False,False,0.0,0,0,0,in.net,http://in.net
18,11,0,0,1,0,0,0,0,False,False,0,3.6835,False,False,0.0,0,0,0,directv.com,http://directv.com
17,10,0,0,1,0,0,0,0,False,False,0,3.5725,False,False,0.0,0,0,0,replit.com,http://replit.com
18,11,0,0,1,0,0,1,0,False,False,0,3.8366,False,False,0.07142857142857142,0,0,0,2miners.com,http://2miners.com
18,11,0,0,1,0,0,0,0,False,False,0,3.6835,False,False,0.0,0,0,0,escort.club,http://escort.club
13,6,0,0,1,0,0,0,0,False,False,0,3.2389,False,False,0.0,0,0,0,wp.com,http://wp.com
13,6,0,0,1,0,0,0,0,False,False,0,3.2389,False,False,0.0,0,0,0,bp.com,http://bp.com
17,10,0,0,1,0,0,0,0,False,False,0,3.4104,False,False,0.0,0,0,0,ubuntu.com,http://ubuntu.com
17,10,0,0,1,0,0,0,0,False,False,0,3.7345,False,False,0.0,0,0,0,cerdas.com,http://cerdas.com
18,11,0,0,2,0,0,0,0,False,False,0,3.4613,False,False,0.0,0,0,0,mhrs.gov.tr,http://mhrs.gov.tr
16,9,0,0,1,0,0,0,0,False,False,0,3.5,False,False,0.0,0,0,0,ebsco.com,http://ebsco.com
17,10,0,0,1,0,0,0,0,False,False,0,3.4548,False,False,0.0,0,0,0,stockx.com,http://stockx.com
21,14,0,0,1,0,0,0,0,False,False,0,3.9161,False,False,0.0,0,0,0,zdnscloud.info,http://zdnscloud.info
16,9,0,0,1,0,0,0,0,False,False,0,3.75,False,False,0.0,0,0,0,scielo.br,http://scielo.br
19,12,0,0,1,0,0,0,0,False,False,0,3.8924,False,False,0.0,0,0,0,kinsta.cloud,http://kinsta.cloud
22,15,0,0,1,0,0,0,0,False,False,0,3.6635,False,False,0.0,0,0,0,getresponse.com,http://getresponse.com
16,9,0,0,1,0,0,0,0,False,False,0,3.4528,False,False,0.0,0,0,0,vinted.pl,http://vinted.pl
15,8,0,0,1,0,0,0,0,False,False,0,3.5069,False,False,0.0,0,0,0,lync.com,http://lync.com
21,14,0,0,1,0,0,0,0,False,False,0,3.6304,False,False,0.0,0,0,0,hentaicity.com,http://hentaicity.com
22,15,0,0,1,0,1,0,0,False,False,0,3.7544,False,False,0.0,0,0,0,parrot-flow.com,http://parrot-flow.com
19,12,0,0,2,0,0,0,0,False,False,0,3.4714,False,False,0.0,0,0,0,excite.co.jp,http://excite.co.jp
26,19,0,0,1,0,0,0,0,False,False,0,3.998,False,False,0.0,0,0,0,dignitymemorial.com,http://dignitymemorial.com
13,6,0,0,1,0,0,0,0,False,False,0,3.3927,False,False,0.0,0,0,0,js.org,http://js.org
19,12,0,0,1,0,0,0,0,False,False,0,3.0708,False,False,0.0,0,0,0,hotpepper.jp,http://hotpepper.jp
21,14,0,0,1,0,0,0,0,False,False,0,3.4633,False,False,0.0,0,0,0,boingboing.net,http://boingboing.net
17,10,0,0,1,0,0,0,0,False,False,0,3.7345,False,False,0.0,0,0,0,walkme.com,http://walkme.com
18,11,0,0,1,0,0,0,0,False,False,0,3.5724,False,False,0.0,0,0,0,firstvds.ru,http://firstvds.ru
18,11,0,0,1,0,0,0,0,False,False,0,3.5724,False,False,0.0,0,0,0,hoyolab.com,http://hoyolab.com
18,11,0,0,1,0,0,0,0,False,False,0,3.5724,False,False,0.0,0,0,0,mgstage.com,http://mgstage.com
15,8,0,0,1,0,0,0,0,False,False,0,3.3736,False,False,0.0,0,0,0,xbox.com,http://xbox.com
15,8,0,0,1,0,0,0,0,False,False,0,3.6402,False,False,0.0,0,0,0,ring.com,http://ring.com
24,17,0,0,2,0,0,0,0,False,False,0,3.8035,False,False,0.0,0,0,0,bancointer.com.br,http://bancointer.com.br
14,7,0,0,1,0,1,0,0,False,False,0,3.3249,False,False,0.0,0,0,0,n-tv.de,http://n-tv.de
23,16,0,0,1,0,0,0,0,False,False,0,3.7081,False,False,0.0,0,0,0,bootstrapcdn.com,http://bootstrapcdn.com
19,12,0,0,2,0,0,0,0,False,False,0,3.7216,False,False,0.0,0,0,0,ondisk.co.kr,http://ondisk.co.kr
18,11,0,0,1,0,0,0,0,False,False,0,3.128,False,False,0.0,0,0,0,nhentai.net,http://nhentai.net
23,16,0,0,1,0,0,0,0,False,False,0,3.7623,False,False,0.0,0,0,0,steampowered.com,http://steampowered.com
21,14,0,0,1,0,1,0,0,False,False,0,3.4992,False,False,0.0,0,0,0,sps-system.com,http://sps-system.com
15,8,0,0,1,0,0,0,0,False,False,0,3.3736,False,False,0.0,0,0,0,inria.fr,http://inria.fr
21,14,0,0,1,0,0,0,0,False,False,0,3.749,False,False,0.0,0,0,0,makemytrip.com,http://makemytrip.com
22,15,0,0,1,0,0,2,0,False,False,0,3.8797,False,False,0.11764705882352941,0,0,0,xhamster46.desi,http://xhamster46.desi
18,11,0,0,1,0,0,0,0,False,False,0,3.6835,False,False,0.0,0,0,0,tableau.com,http://tableau.com
17,10,0,0,1,0,0,0,0,False,False,0,2.911,False,False,0.0,0,0,0,otomoto.pl,http://otomoto.pl
20,13,0,0,1,0,0,0,0,False,False,0,3.8842,False,False,0.0,0,0,0,blockaway.net,http://blockaway.net
18,11,0,0,1,0,0,0,0,False,False,0,3.6144,False,False,0.0,0,0,0,lovable.dev,http://lovable.dev
33,26,0,0,2,0,0,0,0,False,False,0,3.859,False,False,0.0,0,0,0,examinationservices.nic.in,http://examinationservices.nic.in
14,7,0,0,1,0,0,0,0,False,False,0,3.3788,False,False,0.0,0,0,0,sas.com,http://sas.com
20,13,0,0,1,0,0,0,0,False,False,0,3.6219,False,False,0.0,0,0,0,headspace.com,http://headspace.com
19,12,0,0,1,0,0,0,0,False,False,0,3.4316,False,False,0.0,0,0,0,auctollo.com,http://auctollo.com
16,9,0,0,1,0,0,0,0,False,False,0,3.75,False,False,0.0,0,0,0,windy.com,http://windy.com
17,10,0,0,1,0,0,0,0,False,False,0,3.4548,False,False,0.0,0,0,0,golang.org,http://golang.org
18,11,0,0,2,0,0,0,0,False,False,0,3.6835,False,False,0.0,0,0,0,xskt.com.vn,http://xskt.com.vn
23,16,0,0,1,0,0,0,0,False,False,0,3.6212,False,False,0.0,0,0,0,googlehosted.com,http://googlehosted.com
19,12,0,0,1,0,0,0,0,False,False,0,3.5766,False,False,0.0,0,0,0,redcross.org,http://redcross.org
16,9,0,0,1,0,0,0,0,False,False,0,3.625,False,False,0.0,0,0,0,lencr.org,http://lencr.org
18,11,0,0,1,0,0,0,0,False,False,0,3.6835,False,False,0.0,0,0,0,iplanet.com,http://iplanet.com
13,6,0,0,1,0,0,0,0,False,False,0,3.2389,False,False,0.0,0,0,0,org.ru,http://org.ru
21,14,0,0,1,0,0,0,0,False,False,0,3.9161,False,False,0.0,0,0,0,playinrace.com,http://playinrace.com
13,6,0,0,1,0,0,0,0,False,False,0,3.2389,False,False,0.0,0,0,0,va.gov,http://va.gov
16,9,0,0,1,0,0,0,0,False,False,0,3.5,False,False,0.0,0,0,0,miami.edu,http://miami.edu
18,11,0,0,1,0,0,0,0,False,False,0,3.8366,False,False,0.0,0,0,0,cdngslb.com,http://cdngslb.com
17,10,0,0,1,0,0,0,0,False,False,0,3.6169,False,False,0.0,0,0,0,queensu.ca,http://queensu.ca
20,13,0,0,1,0,0,0,0,False,False,0,3.5219,False,False,0.0,0,0,0,ltmsphrcl.net,http://ltmsphrcl.net
17,10,0,0,1,0,0,0,0,False,False,0,3.7345,False,False,0.0,0,0,0,braiiz.com,http://braiiz.com
24,17,0,0,1,0,0,0,0,False,False,0,4.085,False,False,0.0,0,0,0,privacyshield.gov,http://privacyshield.gov
14,7,0,0,1,0,0,0,0,False,False,0,3.182,False,False,0.0,0,0,0,wfxs.tw,http://wfxs.tw
21,14,0,0,1,0,0,0,0,False,False,0,3.9161,False,False,0.0,0,0,0,nickfinder.com,http://nickfinder.com
19,12,0,0,1,0,0,0,0,False,False,0,3.6819,False,False,0.0,0,0,0,proquest.com,http://proquest.com
18,11,0,0,1,0,1,0,0,False,False,0,3.6144,False,False,0.0,0,0,0,uta-net.com,http://uta-net.com
13,6,0,0,1,0,0,0,0,False,False,0,3.0851,False,False,0.0,0,0,0,dhl.de,http://dhl.de
19,12,0,0,1,0,0,0,0,False,False,0,3.8269,False,False,0.0,0,0,0,xboxlive.com,http://xboxlive.com
20,13,0,0,1,0,1,2,0,False,False,0,4.0219,False,False,0.14285714285714285,0,0,0,awsdns-49.com,http://awsdns-49.com
32,25,0,0,2,0,0,0,0,False,False,0,3.9917,False,False,0.0,0,0,0,correiobraziliense.com.br,http://correiobraziliense.com.br
21,14,0,0,1,0,0,0,0,False,False,0,3.6897,False,False,0.0,0,0,0,macromedia.com,http://macromedia.com
16,9,0,0,1,0,0,0,0,False,False,0,3.5778,False,False,0.0,0,0,0,nifty.com,http://nifty.com
16,9,0,0,1,0,0,0,0,False,False,0,3.5,False,False,0.0,0,0,0,abadis.ir,http://abadis.ir
18,11,0,0,1,0,0,0,0,False,False,0,3.4194,False,False,0.0,0,0,0,apkpure.net,http://apkpure.net
19,12,0,0,1,0,0,0,0,False,False,0,3.5111,False,False,0.0,0,0,0,aoneroom.com,http://aoneroom.com
91,29,54,0,2,1,0,8,0,False,False,0,4.6095,False,False,0.11428571428571428,3,0,1,cloudfront.net,https://d30sec8k5ond2x.cloudfront.net/Exposure-House-Harrington-Book-2-ebook/dp/B0GTBQVGQ3/
18,11,0,0,1,0,0,0,0,False,False,0,3.5033,False,False,0.0,0,0,0,netgate.com,http://netgate.com
19,12,0,0,1,0,0,0,0,False,False,0,3.4714,False,False,0.0,0,0,0,aastocks.com,http://aastocks.com
19,12,0,0,1,0,0,0,0,False,False,0,3.8269,False,False,0.0,0,0,0,mangadex.org,http://mangadex.org
20,13,0,0,1,0,1,2,0,False,False,0,3.7842,False,False,0.14285714285714285,0,0,0,awsdns-35.net,http://awsdns-35.net
13,6,0,0,1,0,0,1,0,False,False,0,3.1808,False,False,0.1111111111111111,0,0,0,o3t.ru,http://o3t.ru
14,7,0,0,1,0,0,0,0,False,False,0,3.5216,False,False,0.0,0,0,0,dji.com,http://dji.com
14,7,0,0,1,0,0,0,0,False,False,0,3.5216,False,False,0.0,0,0,0,axs.com,http://axs.com
17,10,0,0,1,0,0,0,0,False,False,0,3.8522,False,False,0.0,0,0,0,ladesk.com,http://ladesk.com
19,12,0,0,2,0,0,0,0,False,False,0,3.4316,False,False,0.0,0,0,0,sassa.gov.za,http://sassa.gov.za
13,6,0,0,1,0,0,0,0,False,False,0,3.2389,False,False,0.0,0,0,0,dns.cn,http://dns.cn
22,13,1,0,2,1,0,5,0,False,False,0,3.8454,False,False,0.4166666666666667,0,0,1,15832.xyz,https://www.15832.xyz/
17,10,0,0,1,0,0,0,0,False,False,0,3.7345,False,False,0.0,0,0,0,scribd.com,http://scribd.com
16,9,0,0,1,0,0,0,0,False,False,0,3.4528,False,False,0.0,0,0,0,word.tips,http://word.tips
21,14,0,0,1,0,0,0,0,False,False,0,3.6897,False,False,0.0,0,0,0,lilithgame.com,http://lilithgame.com
22,15,0,0,1,0,0,3,0,False,False,0,3.7322,False,False,0.1875,0,0,0,planetwin365.it,http://planetwin365.it
18,11,0,0,1,0,0,0,0,False,False,0,3.7255,False,False,0.0,0,0,0,cribl.cloud,http://cribl.cloud
18,11,0,0,2,0,0,0,0,False,False,0,3.7255,False,False,0.0,0,0,0,keiba.go.jp,http://keiba.go.jp
23,16,0,0,1,0,0,0,0,False,False,0,4.056,False,False,0.0,0,0,0,tribalfusion.com,http://tribalfusion.com
20,13,0,0,1,0,0,0,0,False,False,0,3.8219,False,False,0.0,0,0,0,imageshack.us,http://imageshack.us
19,12,0,0,1,0,0,0,0,False,False,0,3.6163,False,False,0.0,0,0,0,saasexch.com,http://saasexch.com
18,11,0,0,1,0,0,0,0,False,False,0,3.4194,False,False,0.0,0,0,0,adotmob.com,http://adotmob.com
18,11,0,0,1,0,0,0,0,False,False,0,3.8366,False,False,0.0,0,0,0,defensx.com,http://defensx.com
14,7,0,0,1,0,0,0,0,False,False,0,3.3788,False,False,0.0,0,0,0,gap.com,http://gap.com
24,17,0,0,2,0,0,0,0,False,False,0,3.8554,False,False,0.0,0,0,0,batdongsan.com.vn,http://batdongsan.com.vn
15,8,0,0,1,0,0,0,0,False,False,0,3.3736,False,False,0.0,0,0,0,hsbc.com,http://hsbc.com
16,9,0,0,1,0,0,1,0,False,False,0,3.5778,False,False,0.08333333333333333,0,0,0,camel1.tv,http://camel1.tv
20,13,0,0,1,0,1,2,0,False,False,0,4.0219,False,False,0.14285714285714285,0,0,0,awsdns-54.com,http://awsdns-54.com
13,6,0,0,1,0,0,0,0,False,False,0,3.3927,False,False,0.0,0,0,0,nj.com,http://nj.com
25,18,0,0,1,0,0,0,0,False,False,0,3.6995,False,False,0.0,0,0,0,meganameservers.eu,http://meganameservers.eu
20,13,0,0,1,0,0,0,0,False,False,0,3.7219,False,False,0.0,0,0,0,gameforge.com,http://gameforge.com
15,8,0,0,1,0,0,0,0,False,False,0,3.3232,False,False,0.0,0,0,0,tik.porn,http://tik.porn
20,13,0,0,1,0,0,0,0,False,False,0,3.5219,False,False,0.0,0,0,0,ccgateway.net,http://ccgateway.net
23,16,0,0,1,0,0,0,0,False,False,0,3.8492,False,False,0.0,0,0,0,twinrdengine.com,http://twinrdengine.com
17,10,0,0,1,0,0,0,0,False,False,0,3.4992,False,False,0.0,0,0,0,zalando.nl,http://zalando.nl
15,8,0,0,1,0,0,0,0,False,False,0,3.5069,False,False,0.0,0,0,0,dola.com,http://dola.com
19,12,0,0,1,0,0,0,0,False,False,0,3.6819,False,False,0.0,0,0,0,coursera.org,http://coursera.org
22,15,0,0,1,0,0,0,0,False,False,0,3.7888,False,False,0.0,0,0,0,sciencenews.org,http://sciencenews.org
20,13,0,0,1,0,0,0,0,False,False,0,4.0219,False,False,0.0,0,0,0,sovcombank.ru,http://sovcombank.ru
18,11,0,0,1,0,0,0,0,False,False,0,3.6835,False,False,0.0,0,0,0,akismet.com,http://akismet.com
13,6,0,0,1,0,0,0,0,False,False,0,3.2389,False,False,0.0,0,0,0,srf.ch,http://srf.ch
27,20,0,0,1,0,1,0,0,False,False,0,4.0882,False,False,0.0,0,0,0,sail-personalize.com,http://sail-personalize.com
29,22,0,0,1,0,0,0,0,False,False,0,4.0213,False,False,0.0,0,0,0,unstoppabledomains.com,http://unstoppabledomains.com
17,10,0,0,2,0,0,0,0,False,False,0,3.4992,False,False,0.0,0,0,0,zol.com.cn,http://zol.com.cn
13,6,0,0,1,0,0,3,0,False,False,0,3.3927,False,False,0.42857142857142855,0,0,0,360.cn,http://360.cn
16,9,0,0,1,0,0,0,0,False,False,0,3.2028,False,False,0.0,0,0,0,apollo.io,http://apollo.io
21,14,0,0,1,0,0,0,0,False,False,0,3.8209,False,False,0.0,0,0,0,babesource.com,http://babesource.com
13,6,0,0,1,0,0,0,0,False,False,0,3.3927,False,False,0.0,0,0,0,obi.de,http://obi.de
19,12,0,0,1,0,1,0,0,False,False,0,3.6819,False,False,0.0,0,0,0,trs-dns.info,http://trs-dns.info
22,15,0,0,1,0,0,0,0,False,False,0,3.7322,False,False,0.0,0,0,0,playstation.com,http://playstation.com
13,6,0,0,1,0,0,0,0,False,False,0,3.3927,False,False,0.0,0,0,0,jw.org,http://jw.org
17,10,0,0,1,0,0,0,0,False,False,0,3.5725,False,False,0.0,0,0,0,roblox.com,http://roblox.com
19,12,0,0,1,0,0,0,0,False,False,0,3.3661,False,False,0.0,0,0,0,monotaro.com,http://monotaro.com
15,8,0,0,1,0,0,0,0,False,False,0,3.5069,False,False,0.0,0,0,0,fifa.com,http://fifa.com
24,17,0,0,1,0,0,0,0,False,False,0,3.7406,False,False,0.0,0,0,0,fedoraproject.org,http://fedoraproject.org
14,7,0,0,1,0,0,0,0,False,False,0,3.2359,False,False,0.0,0,0,0,cio.com,http://cio.com
23,16,0,0,1,0,0,0,0,False,False,0,3.7623,False,False,0.0,0,0,0,perfectgirls.xxx,http://perfectgirls.xxx
17,10,0,0,2,0,0,0,0,False,False,0,3.6169,False,False,0.0,0,0,0,ons.gov.uk,http://ons.gov.uk
21,14,0,0,1,0,0,0,0,False,False,0,3.5945,False,False,0.0,0,0,0,sexmupxinh.net,http://sexmupxinh.net
20,13,0,0,1,0,0,0,0,False,False,0,3.5219,False,False,0.0,0,0,0,tiktokcdn.com,http://tiktokcdn.com
24,17,0,0,1,0,0,0,0,False,False,0,3.7406,False,False,0.0,0,0,0,mediarithmics.com,http://mediarithmics.com
17,10,0,0,1,0,0,0,0,False,False,0,3.1692,False,False,0.0,0,0,0,diretta.it,http://diretta.it
20,13,0,0,1,0,0,0,0,False,False,0,3.8219,False,False,0.0,0,0,0,playground.ru,http://playground.ru
14,7,0,0,1,0,0,0,0,False,False,0,3.5216,False,False,0.0,0,0,0,fws.gov,http://fws.gov
22,15,0,0,1,0,0,0,0,False,False,0,3.6635,False,False,0.0,0,0,0,freeconvert.com,http://freeconvert.com
26,19,0,0,1,0,1,0,0,False,False,0,3.8693,False,False,0.0,0,0,0,ultimate-guitar.com,http://ultimate-guitar.com
20,13,0,0,1,0,0,0,0,False,False,0,3.7842,False,False,0.0,0,0,0,doofinder.com,http://doofinder.com
22,15,0,0,1,0,1,1,0,False,False,0,3.7499,False,False,0.058823529411764705,0,0,0,c6gj-static.net,http://c6gj-static.net
16,9,0,0,1,0,0,0,0,False,False,0,3.5,False,False,0.0,0,0,0,orcid.org,http://orcid.org
19,12,0,0,1,0,1,0,0,False,False,0,3.7216,False,False,0.0,0,0,0,suruga-ya.jp,http://suruga-ya.jp
18,11,0,0,1,0,1,0,0,False,False,0,3.7255,False,False,0.0,0,0,0,uni-kiel.de,http://uni-kiel.de
22,15,0,0,2,0,1,2,0,False,False,0,4.0958,False,False,0.13333333333333333,0,0,0,awsdns-23.co.uk,http://awsdns-23.co.uk
20,13,0,0,1,0,0,0,0,False,False,0,3.8219,False,False,0.0,0,0,0,parklogic.com,http://parklogic.com
23,16,0,0,1,0,0,0,0,False,False,0,3.6212,False,False,0.0,0,0,0,melolostatic.com,http://melolostatic.com
22,15,0,0,1,0,0,0,0,False,False,0,3.7888,False,False,0.0,0,0,0,appdomain.cloud,http://appdomain.cloud
16,9,0,0,1,0,0,0,0,False,False,0,3.3278,False,False,0.0,0,0,0,google.cg,http://google.cg
17,10,0,0,1,0,0,0,0,False,False,0,3.7345,False,False,0.0,0,0,0,insales.ru,http://insales.ru
15,8,0,0,1,0,0,0,0,False,False,0,3.3232,False,False,0.0,0,0,0,aalto.fi,http://aalto.fi
18,11,0,0,1,0,0,0,0,False,False,0,3.3921,False,False,0.0,0,0,0,ugtelset.ru,http://ugtelset.ru
36,28,1,0,2,1,1,0,0,False,False,0,3.954,False,False,0.0,0,0,1,netlify.app,http://amankan-sekarang.netlify.app/
17,10,0,0,1,0,0,0,0,False,False,0,3.4548,False,False,0.0,0,0,0,wechat.com,http://wechat.com
20,13,0,0,1,0,0,0,0,False,False,0,3.6219,False,False,0.0,0,0,0,panasonic.com,http://panasonic.com
22,15,0,0,1,0,0,0,0,False,False,0,3.8231,False,False,0.0,0,0,0,tiktokpangle.us,http://tiktokpangle.us
18,11,0,0,1,0,0,0,0,False,False,0,3.6835,False,False,0.0,0,0,0,parents.com,http://parents.com
16,9,0,0,1,0,0,1,0,False,False,0,3.5778,False,False,0.08333333333333333,0,0,0,tube8.com,http://tube8.com
15,8,0,0,1,0,0,0,0,False,False,0,3.2402,False,False,0.0,0,0,0,scmp.com,http://scmp.com
20,13,0,0,1,0,0,0,0,False,False,0,3.9219,False,False,0.0,0,0,0,mevblocker.io,http://mevblocker.io
16,9,0,0,1,0,0,0,0,False,False,0,3.375,False,False,0.0,0,0,0,google.ch,http://google.ch
20,13,0,0,1,0,1,2,0,False,False,0,4.0219,False,False,0.14285714285714285,0,0,0,awsdns-15.com,http://awsdns-15.com
14,7,0,0,1,0,0,0,0,False,False,0,3.5216,False,False,0.0,0,0,0,bngf.ru,http://bngf.ru
16,9,0,0,1,0,0,0,0,False,False,0,3.625,False,False,0.0,0,0,0,amazon.se,http://amazon.se
28,11,9,0,1,0,0,1,0,False,False,0,3.7709,False,False,0.045454545454545456,2,0,1,redirect.me,https://redirect.me/r/g3nccd
18,11,0,0,1,0,0,0,0,False,False,0,3.6835,False,False,0.0,0,0,0,dropgame.jp,http://dropgame.jp
33,26,0,0,1,0,0,0,0,False,False,0,3.9912,False,False,0.0,0,0,0,buffermotivatorsuffice.com,http://buffermotivatorsuffice.com
17,10,0,0,1,0,0,0,0,False,False,0,3.3372,False,False,0.0,0,0,0,tiempo.com,http://tiempo.com
16,9,0,0,1,0,0,3,0,False,False,0,3.75,False,False,0.3,0,0,0,ay267.com,http://ay267.com
23,16,0,0,1,0,0,0,0,False,False,0,3.6212,False,False,0.0,0,0,0,hotebonytube.com,http://hotebonytube.com
21,14,0,0,1,0,0,2,0,False,False,0,4.0114,False,False,0.125,0,0,0,moviesda31.com,http://moviesda31.com
20,13,0,0,1,0,0,0,0,False,False,0,3.7842,False,False,0.0,0,0,0,degruyter.com,http://degruyter.com
20,13,0,0,1,0,0,0,0,False,False,0,3.7219,False,False,0.0,0,0,0,memcached.org,http://memcached.org
18,11,0,0,1,0,0,0,0,False,False,0,3.6835,False,False,0.0,0,0,0,xmlsoft.org,http://xmlsoft.org
19,12,0,0,1,0,0,1,0,False,False,0,3.8269,False,False,0.06666666666666667,0,0,0,bilicdn1.com,http://bilicdn1.com
21,14,0,0,1,0,0,0,0,False,False,0,3.6178,False,False,0.0,0,0,0,mediaexpert.pl,http://mediaexpert.pl
23,16,0,0,1,0,2,0,0,False,False,0,3.7081,False,False,0.0,0,0,0,test-cdn-kkk.com,http://test-cdn-kkk.com
22,15,0,0,1,0,1,0,0,False,False,0,3.7888,False,False,0.0,0,0,0,gannett-dns.com,http://gannett-dns.com
23,16,0,0,2,0,0,0,0,False,False,0,3.9149,False,False,0.0,0,0,0,flashscore.co.id,http://flashscore.co.id
24,17,0,0,1,0,1,0,0,False,False,0,3.8239,False,False,0.0,0,0,0,transcend-cdn.com,http://transcend-cdn.com
16,9,0,0,1,0,0,0,0,False,False,0,3.5,False,False,0.0,0,0,0,poe.ninja,http://poe.ninja
23,16,0,0,1,0,0,0,0,False,False,0,4.056,False,False,0.0,0,0,0,vesselfinder.com,http://vesselfinder.com
21,14,0,0,1,0,0,0,0,False,False,0,3.7257,False,False,0.0,0,0,0,windstream.net,http://windstream.net
18,11,0,0,1,0,0,0,0,False,False,0,3.6144,False,False,0.0,0,0,0,discord.com,http://discord.com
24,17,0,0,1,0,1,0,0,False,False,0,3.5383,False,False,0.0,0,0,0,tencent-cloud.net,http://tencent-cloud.net
18,11,0,0,1,0,0,0,0,False,False,0,3.5033,False,False,0.0,0,0,0,arabtnt.com,http://arabtnt.com
19,12,0,0,1,0,0,2,0,False,False,0,3.6819,False,False,0.14285714285714285,0,0,0,cdnhwc10.com,http://cdnhwc10.com
16,9,0,0,1,0,0,0,0,False,False,0,3.3278,False,False,0.0,0,0,0,accor.com,http://accor.com
23,16,0,0,1,0,0,0,0,False,False,0,3.6212,False,False,0.0,0,0,0,usercontent.goog,http://usercontent.goog
21,14,0,0,1,0,0,0,0,False,False,0,3.3273,False,False,0.0,0,0,0,photofolio.com,http://photofolio.com
17,10,0,0,1,0,0,0,0,False,False,0,3.6901,False,False,0.0,0,0,0,futbin.com,http://futbin.com
12,5,0,0,1,0,0,0,0,False,False,0,3.2516,False,False,0.0,0,0,0,br.de,http://br.de
41,33,1,0,2,1,2,3,0,False,False,0,4.4178,False,False,0.0967741935483871,0,0,1,netlify.app,http://clever-churros-ba596c.netlify.app/
17,10,0,0,1,0,0,0,0,False,False,0,3.5725,False,False,0.0,0,0,0,onedio.com,http://onedio.com
30,23,0,0,1,0,0,0,0,False,False,0,4.0817,False,False,0.0,0,0,0,usgovtrafficmanager.net,http://usgovtrafficmanager.net
16,9,0,0,1,0,0,0,0,False,False,0,3.4528,False,False,0.0,0,0,0,letour.fr,http://letour.fr
23,16,0,0,1,0,0,0,0,False,False,0,3.654,False,False,0.0,0,0,0,rbstsystems.live,http://rbstsystems.live
63,13,42,0,2,1,0,10,0,False,False,0,4.4892,False,False,0.21739130434782608,3,0,1,roblox.ly,https://www.roblox.ly/users/9266336035/profilemalwarenetworkrat
15,8,0,0,1,0,0,0,0,False,False,0,3.5069,False,False,0.0,0,0,0,lidl.com,http://lidl.com
13,6,0,0,1,0,0,0,0,False,False,0,3.2389,False,False,0.0,0,0,0,mi.com,http://mi.com
20,13,0,0,1,0,0,0,0,False,False,0,3.6842,False,False,0.0,0,0,0,mathworks.com,http://mathworks.com
31,24,0,0,1,0,0,0,0,False,False,0,4.1313,False,False,0.0,0,0,0,dataprivacyframework.gov,http://dataprivacyframework.gov
20,13,0,0,1,0,0,0,0,False,False,0,3.5842,False,False,0.0,0,0,0,helloasso.com,http://helloasso.com
19,12,0,0,1,0,0,0,0,False,False,0,3.4264,False,False,0.0,0,0,0,ftstatic.com,http://ftstatic.com
21,14,0,0,2,0,0,0,0,False,False,0,3.6304,False,False,0.0,0,0,0,thetimes.co.uk,http://thetimes.co.uk
23,16,0,0,1,0,0,0,0,False,False,0,3.969,False,False,0.0,0,0,0,businesswire.com,http://businesswire.com
16,9,0,0,1,0,0,0,0,False,False,0,3.3278,False,False,0.0,0,0,0,netnod.se,http://netnod.se
20,13,0,0,1,0,1,2,0,False,False,0,3.7842,False,False,0.14285714285714285,0,0,0,awsdns-40.net,http://awsdns-40.net
17,10,0,0,1,0,0,0,0,False,False,0,3.4992,False,False,0.0,0,0,0,romarg.com,http://romarg.com
16,9,0,0,1,0,0,0,0,False,False,0,3.75,False,False,0.0,0,0,0,naver.com,http://naver.com
25,18,0,0,1,0,0,3,0,False,False,0,3.7231,False,False,0.15789473684210525,0,0,0,888scoreonline.net,http://888scoreonline.net
22,15,0,0,2,0,0,0,0,False,False,0,3.6635,False,False,0.0,0,0,0,correios.com.br,http://correios.com.br
19,12,0,0,1,0,0,0,0,False,False,0,3.9321,False,False,0.0,0,0,0,queniukw.com,http://queniukw.com
19,12,0,0,1,0,0,1,0,False,False,0,3.9321,False,False,0.06666666666666667,0,0,0,arabsex1.com,http://arabsex1.com
20,13,0,0,1,0,0,0,0,False,False,0,3.5464,False,False,0.0,0,0,0,rochester.edu,http://rochester.edu
18,11,0,0,1,0,0,0,0,False,False,0,3.5724,False,False,0.0,0,0,0,kariyer.net,http://kariyer.net
16,9,0,0,1,0,0,0,0,False,False,0,3.375,False,False,0.0,0,0,0,google.de,http://google.de
18,11,0,0,1,0,0,0,0,False,False,0,3.6835,False,False,0.0,0,0,0,pub.network,http://pub.network
12,5,0,0,1,0,0,0,0,False,False,0,3.2516,False,False,0.0,0,0,0,dn.se,http://dn.se
20,13,0,0,1,0,0,0,0,False,False,0,3.7842,False,False,0.0,0,0,0,netmarble.com,http://netmarble.com
22,15,0,0,1,0,0,0,0,False,False,0,3.6635,False,False,0.0,0,0,0,redditmedia.com,http://redditmedia.com
16,9,0,0,1,0,0,0,0,False,False,0,3.75,False,False,0.0,0,0,0,bqsex.com,http://bqsex.com
15,8,0,0,1,0,0,0,0,False,False,0,3.5069,False,False,0.0,0,0,0,ohmy.bid,http://ohmy.bid
23,16,0,0,1,0,0,0,0,False,False,0,3.882,False,False,0.0,0,0,0,securedvisit.com,http://securedvisit.com
19,12,0,0,1,0,0,0,0,False,False,0,3.7216,False,False,0.0,0,0,0,schneier.com,http://schneier.com
15,8,0,0,1,0,0,0,0,False,False,0,3.5069,False,False,0.0,0,0,0,rezka.ag,http://rezka.ag
18,11,0,0,1,0,0,0,0,False,False,0,3.6835,False,False,0.0,0,0,0,nic.network,http://nic.network
20,13,0,0,1,0,0,0,0,False,False,0,3.5842,False,False,0.0,0,0,0,gemini.google,http://gemini.google
22,15,0,0,1,0,1,0,0,False,False,0,3.5681,False,False,0.0,0,0,0,radio-canada.ca,http://radio-canada.ca
21,14,0,0,1,0,1,0,0,False,False,0,3.7849,False,False,0.0,0,0,0,astro-seek.com,http://astro-seek.com
31,24,0,0,1,0,0,0,0,False,False,0,3.889,False,False,0.0,0,0,0,awsglobalaccelerator.com,http://awsglobalaccelerator.com
21,14,0,0,1,0,0,0,0,False,False,0,3.6897,False,False,0.0,0,0,0,mailerlite.com,http://mailerlite.com
15,8,0,0,1,0,0,0,0,False,False,0,3.6402,False,False,0.0,0,0,0,sway.com,http://sway.com
19,12,0,0,1,0,0,0,0,False,False,0,3.5369,False,False,0.0,0,0,0,vecteezy.com,http://vecteezy.com
19,12,0,0,1,0,0,0,0,False,False,0,3.4058,False,False,0.0,0,0,0,idealista.pt,http://idealista.pt
19,12,0,0,1,0,0,0,0,False,False,0,3.5369,False,False,0.0,0,0,0,hpeprint.com,http://hpeprint.com
20,13,0,0,1,0,0,0,0,False,False,0,3.7219,False,False,0.0,0,0,0,vidylee.click,http://vidylee.click
17,10,0,0,1,0,0,0,0,False,False,0,3.6901,False,False,0.0,0,0,0,letras.com,http://letras.com
12,5,0,0,1,0,0,1,0,False,False,0,3.085,False,False,0.125,0,0,0,o2.pl,http://o2.pl
18,11,0,0,1,0,0,0,0,False,False,0,3.5724,False,False,0.0,0,0,0,etrain.info,http://etrain.info
22,15,0,0,2,0,1,2,0,False,False,0,4.0958,False,False,0.13333333333333333,0,0,0,awsdns-56.co.uk,http://awsdns-56.co.uk
18,11,0,0,1,0,0,0,0,False,False,0,3.9477,False,False,0.0,0,0,0,kslawin.com,http://kslawin.com
14,7,0,0,1,0,0,0,0,False,False,0,3.3788,False,False,0.0,0,0,0,adp.com,http://adp.com
19,12,0,0,2,0,0,0,0,False,False,0,3.5766,False,False,0.0,0,0,0,google.co.zw,http://google.co.zw
16,9,0,0,1,0,0,0,0,False,False,0,3.5,False,False,0.0,0,0,0,zephr.com,http://zephr.com
14,7,0,0,1,0,0,0,0,False,False,0,3.3788,False,False,0.0,0,0,0,bild.de,http://bild.de
14,7,0,0,1,0,0,0,0,False,False,0,3.5216,False,False,0.0,0,0,0,dan.com,http://dan.com
17,10,0,0,1,0,0,0,0,False,False,0,3.6901,False,False,0.0,0,0,0,justia.com,http://justia.com
18,11,0,0,1,0,0,0,0,False,False,0,3.7255,False,False,0.0,0,0,0,profesia.sk,http://profesia.sk
20,13,0,0,1,0,0,1,0,False,False,0,3.5842,False,False,0.0625,0,0,0,lookmovie2.to,http://lookmovie2.to
17,10,0,0,1,0,0,0,0,False,False,0,3.4548,False,False,0.0,0,0,0,kabutan.jp,http://kabutan.jp
22,15,0,0,1,0,0,0,0,False,False,0,3.8797,False,False,0.0,0,0,0,amazonvideo.com,http://amazonvideo.com
21,14,0,0,1,0,0,0,0,False,False,0,3.4633,False,False,0.0,0,0,0,proofpoint.com,http://proofpoint.com
19,12,0,0,1,0,1,0,0,False,False,0,3.7216,False,False,0.0,0,0,0,up-manga.com,http://up-manga.com
17,10,0,0,1,0,0,0,0,False,False,0,3.6169,False,False,0.0,0,0,0,heraldo.es,http://heraldo.es
16,9,0,0,1,0,0,0,0,False,False,0,3.5,False,False,0.0,0,0,0,google.bs,http://google.bs
17,10,0,0,2,0,0,0,0,False,False,0,3.4548,False,False,0.0,0,0,0,www.gov.uk,http://www.gov.uk
21,14,0,0,1,0,0,0,0,False,False,0,3.7257,False,False,0.0,0,0,0,aeolservice.es,http://aeolservice.es
25,18,0,0,1,0,1,0,0,False,False,0,4.1035,False,False,0.0,0,0,0,sfmc-marketing.com,http://sfmc-marketing.com
19,12,0,0,1,0,0,0,0,False,False,0,3.7216,False,False,0.0,0,0,0,siriusxm.com,http://siriusxm.com
16,9,0,0,1,0,0,0,0,False,False,0,3.625,False,False,0.0,0,0,0,kemono.cr,http://kemono.cr
25,18,0,0,1,0,0,0,0,False,False,0,3.7533,False,False,0.0,0,0,0,myhentaicomics.com,http://myhentaicomics.com
16,9,0,0,2,0,0,0,0,False,False,0,3.4528,False,False,0.0,0,0,0,tn.com.ar,http://tn.com.ar
20,13,0,0,1,0,0,0,0,False,False,0,3.8842,False,False,0.0,0,0,0,webhosting.dk,http://webhosting.dk
22,15,0,0,2,0,1,2,0,False,False,0,4.0958,False,False,0.13333333333333333,0,0,0,awsdns-25.co.uk,http://awsdns-25.co.uk
15,8,0,0,1,0,0,0,0,False,False,0,3.3232,False,False,0.0,0,0,0,pcmax.jp,http://pcmax.jp
21,14,0,0,1,0,0,0,0,False,False,0,3.4633,False,False,0.0,0,0,0,twitcasting.tv,http://twitcasting.tv
15,8,0,0,1,0,0,0,0,False,False,0,3.3736,False,False,0.0,0,0,0,kimi.com,http://kimi.com
14,7,0,0,1,0,0,2,0,False,False,0,3.3249,False,False,0.2222222222222222,0,0,0,13o.net,http://13o.net
17,10,0,0,1,0,0,3,0,False,False,0,3.8522,False,False,0.2727272727272727,0,0,0,dvr163.com,http://dvr163.com
15,8,0,0,1,0,0,0,0,False,False,0,3.4566,False,False,0.0,0,0,0,lyft.com,http://lyft.com
23,16,0,0,1,0,1,0,0,False,False,0,4.0018,False,False,0.0,0,0,0,kvant-telecom.ru,http://kvant-telecom.ru
22,15,0,0,1,0,1,0,0,False,False,0,4.0049,False,False,0.0,0,0,0,xvideos-cdn.com,http://xvideos-cdn.com
14,7,0,0,1,0,0,0,0,False,False,0,3.182,False,False,0.0,0,0,0,mtb.com,http://mtb.com
13,6,0,0,1,0,0,0,0,False,False,0,3.3927,False,False,0.0,0,0,0,kuf.by,http://kuf.by
21,14,0,0,1,0,0,0,0,False,False,0,3.6897,False,False,0.0,0,0,0,shareasale.com,http://shareasale.com
23,16,0,0,1,0,0,1,0,False,False,0,4.0888,False,False,0.05263157894736842,0,0,0,easy4ipcloud.com,http://easy4ipcloud.com
16,9,0,0,1,0,0,1,0,False,False,0,3.625,False,False,0.08333333333333333,0,0,0,drive2.ru,http://drive2.ru
23,16,0,0,2,0,0,0,0,False,False,0,3.654,False,False,0.0,0,0,0,autotrader.co.uk,http://autotrader.co.uk
143,47,15,72,2,1,3,49,7,False,False,0,5.0229,False,False,0.6282051282051282,1,3,1,pages.dev,https://bxzgc0e96kq-fylrklos-5l6j8b-bxz07w235.pages.dev/welcome_aboard?welcome=1000968689063090&token248=1000968689063090&name_token136=Ochsner
18,11,0,0,2,0,0,0,0,False,False,0,3.0805,False,False,0.0,0,0,0,dkttc.ac.th,http://dkttc.ac.th
24,17,0,0,1,0,0,0,0,False,False,0,3.5698,False,False,0.0,0,0,0,notebooklm.google,http://notebooklm.google
21,14,0,0,1,0,0,0,0,False,False,0,3.5945,False,False,0.0,0,0,0,postgresql.org,http://postgresql.org
13,6,0,0,1,0,0,0,0,False,False,0,3.2389,False,False,0.0,0,0,0,pxf.io,http://pxf.io
15,8,0,0,1,0,0,0,0,False,False,0,3.4566,False,False,0.0,0,0,0,ctrls.in,http://ctrls.in
17,10,0,0,1,0,0,0,0,False,False,0,3.5725,False,False,0.0,0,0,0,nestle.com,http://nestle.com
20,13,0,0,1,0,0,0,0,False,False,0,3.5219,False,False,0.0,0,0,0,dnsitalia.net,http://dnsitalia.net
20,13,0,0,1,0,0,0,0,False,False,0,3.9219,False,False,0.0,0,0,0,royalbank.com,http://royalbank.com
22,15,0,0,1,0,1,0,0,False,False,0,3.6635,False,False,0.0,0,0,0,uni-muenchen.de,http://uni-muenchen.de
24,17,0,0,1,0,0,0,0,False,False,0,3.7202,False,False,0.0,0,0,0,bootstrapmade.com,http://bootstrapmade.com
13,6,0,0,1,0,0,0,0,False,False,0,3.2389,False,False,0.0,0,0,0,ap.org,http://ap.org
20,13,0,0,1,0,1,2,0,False,False,0,3.7842,False,False,0.14285714285714285,0,0,0,awsdns-47.net,http://awsdns-47.net
24,17,0,0,1,0,0,0,0,False,False,0,3.8554,False,False,0.0,0,0,0,nextmillmedia.com,http://nextmillmedia.com
22,15,0,0,1,0,0,0,0,False,False,0,3.7888,False,False,0.0,0,0,0,adlightning.com,http://adlightning.com
17,10,0,0,1,0,0,0,0,False,False,0,3.8522,False,False,0.0,0,0,0,xunlei.com,http://xunlei.com
15,8,0,0,1,0,0,0,0,False,False,0,3.5069,False,False,0.0,0,0,0,mgeko.cc,http://mgeko.cc
21,14,0,0,1,0,0,0,0,False,False,0,3.7849,False,False,0.0,0,0,0,streamable.com,http://streamable.com
19,12,0,0,1,0,0,0,0,False,False,0,3.7216,False,False,0.0,0,0,0,yupmanga.com,http://yupmanga.com
18,11,0,0,1,0,0,0,0,False,False,0,3.6144,False,False,0.0,0,0,0,pandora.com,http://pandora.com
17,10,0,0,1,0,0,0,0,False,False,0,3.4548,False,False,0.0,0,0,0,lokmat.com,http://lokmat.com
17,10,0,0,1,0,0,0,0,False,False,0,3.2928,False,False,0.0,0,0,0,eleman.net,http://eleman.net
24,17,0,0,1,0,0,0,0,False,False,0,3.7721,False,False,0.0,0,0,0,foundationapi.com,http://foundationapi.com
17,10,0,0,1,0,0,0,0,False,False,0,3.2928,False,False,0.0,0,0,0,capcut.com,http://capcut.com
22,15,0,0,1,0,0,0,0,False,False,0,3.8231,False,False,0.0,0,0,0,linternaute.com,http://linternaute.com
21,14,0,0,1,0,0,0,0,False,False,0,3.7257,False,False,0.0,0,0,0,vistaprint.com,http://vistaprint.com
21,14,0,0,1,0,0,0,0,False,False,0,3.4992,False,False,0.0,0,0,0,purepeople.com,http://purepeople.com
18,11,0,0,1,0,0,0,0,False,False,0,3.4613,False,False,0.0,0,0,0,studocu.com,http://studocu.com
48,40,1,0,3,2,3,13,0,False,False,0,4.3478,False,False,0.5,0,0,1,run.app,http://ups-ebc-764603794666.us-central1.run.app/
14,7,0,0,1,0,0,0,0,False,False,0,3.5216,False,False,0.0,0,0,0,ign.com,http://ign.com
47,38,1,0,2,1,3,4,0,False,False,0,4.6979,False,False,0.11428571428571428,0,0,1,pages.dev,https://norzavi-kxt-farqumi-a2x9dw61.pages.dev/
19,12,0,0,1,0,0,0,0,False,False,0,3.5766,False,False,0.0,0,0,0,gamespot.com,http://gamespot.com
20,13,0,0,1,0,0,0,0,False,False,0,3.5842,False,False,0.0,0,0,0,openwebmp.com,http://openwebmp.com
18,11,0,0,1,0,0,0,0,False,False,0,3.5724,False,False,0.0,0,0,0,violity.com,http://violity.com
18,11,0,0,1,0,0,0,0,False,False,0,3.6144,False,False,0.0,0,0,0,supabase.co,http://supabase.co
17,10,0,0,1,0,0,0,0,False,False,0,3.2639,False,False,0.0,0,0,0,stealth.si,http://stealth.si
19,12,0,0,1,0,0,0,0,False,False,0,3.6163,False,False,0.0,0,0,0,olympics.com,http://olympics.com
21,14,0,0,1,0,0,0,0,False,False,0,3.5585,False,False,0.0,0,0,0,metropoles.com,http://metropoles.com
16,9,0,0,1,0,0,0,0,False,False,0,3.625,False,False,0.0,0,0,0,kinogo.ec,http://kinogo.ec
21,14,0,0,1,0,0,0,0,False,False,0,3.749,False,False,0.0,0,0,0,teamviewer.com,http://teamviewer.com
13,6,0,0,1,0,0,0,0,False,False,0,3.3927,False,False,0.0,0,0,0,sjv.io,http://sjv.io
20,13,0,0,1,0,1,0,0,False,False,0,3.6842,False,False,0.0,0,0,0,azure-api.net,http://azure-api.net
15,8,0,0,1,0,0,0,0,False,False,0,3.3736,False,False,0.0,0,0,0,daraz.pk,http://daraz.pk
24,17,0,0,1,0,0,0,0,False,False,0,3.835,False,False,0.0,0,0,0,courtlistener.com,http://courtlistener.com
18,11,0,0,1,0,0,0,0,False,False,0,3.6835,False,False,0.0,0,0,0,booking.com,http://booking.com
15,8,0,0,1,0,0,0,0,False,False,0,3.3736,False,False,0.0,0,0,0,kick.com,http://kick.com
14,7,0,0,1,0,0,0,0,False,False,0,3.5216,False,False,0.0,0,0,0,giex.ru,http://giex.ru
17,10,0,0,1,0,0,0,0,False,False,0,3.5725,False,False,0.0,0,0,0,rambler.ru,http://rambler.ru
20,13,0,0,1,0,0,0,0,False,False,0,3.8842,False,False,0.0,0,0,0,usembassy.gov,http://usembassy.gov
19,12,0,0,1,0,0,0,0,False,False,0,3.6163,False,False,0.0,0,0,0,klickpin.com,http://klickpin.com
20,13,0,0,1,0,1,2,0,False,False,0,4.0219,False,False,0.14285714285714285,0,0,0,awsdns-62.com,http://awsdns-62.com
26,19,0,0,1,0,0,0,0,False,False,0,3.7193,False,False,0.0,0,0,0,psychologytoday.com,http://psychologytoday.com
18,11,0,0,1,0,0,0,0,False,False,0,3.5724,False,False,0.0,0,0,0,telegraf.rs,http://telegraf.rs
19,12,0,0,1,0,0,0,0,False,False,0,3.6163,False,False,0.0,0,0,0,megaphone.fm,http://megaphone.fm
16,9,0,0,1,0,0,0,0,False,False,0,3.4528,False,False,0.0,0,0,0,avira.net,http://avira.net
22,15,0,0,1,0,0,0,0,False,False,0,3.9706,False,False,0.0,0,0,0,modsecurity.org,http://modsecurity.org
15,8,0,0,1,0,0,0,0,False,False,0,3.6402,False,False,0.0,0,0,0,kiro.dev,http://kiro.dev
16,9,0,0,1,0,0,0,0,False,False,0,3.625,False,False,0.0,0,0,0,npmjs.org,http://npmjs.org
18,11,0,0,1,0,0,0,0,False,False,0,3.6144,False,False,0.0,0,0,0,vtwenty.com,http://vtwenty.com
16,9,0,0,1,0,0,0,0,False,False,0,3.3278,False,False,0.0,0,0,0,google.jo,http://google.jo
27,20,0,0,1,0,0,0,0,False,False,0,3.634,False,False,0.0,0,0,0,yandexadexchange.net,http://yandexadexchange.net
20,13,0,0,1,0,0,0,0,False,False,0,3.4464,False,False,0.0,0,0,0,doppiocdn.com,http://doppiocdn.com
16,9,0,0,1,0,0,0,0,False,False,0,3.3278,False,False,0.0,0,0,0,paytm.com,http://paytm.com
18,11,0,0,1,0,0,0,0,False,False,0,3.6835,False,False,0.0,0,0,0,yeastar.com,http://yeastar.com
20,13,0,0,1,0,0,0,0,False,False,0,3.7842,False,False,0.0,0,0,0,nextcloud.com,http://nextcloud.com
13,6,0,0,1,0,0,0,0,False,False,0,3.3927,False,False,0.0,0,0,0,si.edu,http://si.edu
20,13,0,0,1,0,0,0,0,False,False,0,3.6842,False,False,0.0,0,0,0,tubepussy.org,http://tubepussy.org
18,11,0,0,1,0,0,0,0,False,False,0,3.5724,False,False,0.0,0,0,0,algolia.net,http://algolia.net
15,8,0,0,1,0,0,0,0,False,False,0,3.5069,False,False,0.0,0,0,0,manus.im,http://manus.im
39,31,1,0,2,1,3,0,0,False,False,0,3.9553,False,False,0.0,0,0,1,square.site,http://page-netcoins-us-en.square.site/
21,14,0,0,1,0,0,0,0,False,False,0,3.6897,False,False,0.0,0,0,0,discordapp.com,http://discordapp.com
15,8,0,0,1,0,0,0,0,False,False,0,3.3232,False,False,0.0,0,0,0,okta.com,http://okta.com
23,16,0,0,1,0,0,0,0,False,False,0,3.654,False,False,0.0,0,0,0,threatlocker.com,http://threatlocker.com
20,13,0,0,1,0,0,0,0,False,False,0,3.6464,False,False,0.0,0,0,0,azionedge.net,http://azionedge.net
21,14,0,0,1,0,0,0,0,False,False,0,3.7849,False,False,0.0,0,0,0,goodreturns.in,http://goodreturns.in
18,11,0,0,1,0,0,0,0,False,False,0,3.6835,False,False,0.0,0,0,0,pornpics.de,http://pornpics.de
25,16,1,0,2,1,0,0,0,False,False,0,3.5435,False,False,0.0,0,0,1,whatsann.com,https://www.whatsann.com/
16,9,0,0,1,0,0,0,0,False,False,0,3.5,False,False,0.0,0,0,0,nginx.org,http://nginx.org
31,24,0,0,2,0,0,0,0,False,False,0,3.8976,False,False,0.0,0,0,0,agenciatributaria.gob.es,http://agenciatributaria.gob.es
19,12,0,0,1,0,1,0,0,False,False,0,3.3661,False,False,0.0,0,0,0,queue-it.net,http://queue-it.net
21,14,0,0,1,0,0,0,0,False,False,0,3.8802,False,False,0.0,0,0,0,washington.edu,http://washington.edu
20,13,0,0,1,0,0,0,0,False,False,0,3.5842,False,False,0.0,0,0,0,geocities.com,http://geocities.com
21,14,0,0,1,0,0,0,0,False,False,0,3.8802,False,False,0.0,0,0,0,vkuseraudio.ru,http://vkuseraudio.ru
13,6,0,0,1,0,0,0,0,False,False,0,3.2389,False,False,0.0,0,0,0,msu.ru,http://msu.ru
23,16,0,0,2,0,0,0,0,False,False,0,3.7951,False,False,0.0,0,0,0,timbrasil.com.br,http://timbrasil.com.br
18,11,0,0,1,0,0,0,0,False,False,0,3.5724,False,False,0.0,0,0,0,edgetcdn.io,http://edgetcdn.io
19,12,0,0,1,0,0,0,0,False,False,0,3.8269,False,False,0.0,0,0,0,sexbebin.com,http://sexbebin.com
27,20,0,0,1,0,0,0,0,False,False,0,4.0141,False,False,0.0,0,0,0,bancodevenezuela.com,http://bancodevenezuela.com
17,10,0,0,1,0,0,0,0,False,False,0,3.4548,False,False,0.0,0,0,0,vietnam.vn,http://vietnam.vn
19,12,0,0,2,0,0,0,0,False,False,0,3.4714,False,False,0.0,0,0,0,google.co.il,http://google.co.il
15,8,0,0,1,0,0,0,0,False,False,0,3.5069,False,False,0.0,0,0,0,luma.com,http://luma.com
16,9,0,0,1,0,0,0,0,False,False,0,3.4528,False,False,0.0,0,0,0,okbet.com,http://okbet.com
21,14,0,0,1,0,1,0,0,False,False,0,3.8442,False,False,0.0,0,0,0,arc-msedge.net,http://arc-msedge.net
18,11,0,0,1,0,0,0,0,False,False,0,3.3502,False,False,0.0,0,0,0,outlook.com,http://outlook.com
16,9,0,0,1,0,0,0,0,False,False,0,3.5,False,False,0.0,0,0,0,fhvfd.com,http://fhvfd.com
17,10,0,0,1,0,0,0,0,False,False,0,3.6901,False,False,0.0,0,0,0,jugabet.cl,http://jugabet.cl
14,7,0,0,1,0,0,0,0,False,False,0,3.5216,False,False,0.0,0,0,0,jivo.ru,http://jivo.ru
17,10,0,0,1,0,0,0,0,False,False,0,3.4548,False,False,0.0,0,0,0,akamai.com,http://akamai.com
20,13,0,0,1,0,0,0,0,False,False,0,3.8219,False,False,0.0,0,0,0,wordfence.com,http://wordfence.com
19,12,0,0,1,0,0,0,0,False,False,0,3.7216,False,False,0.0,0,0,0,iloveimg.com,http://iloveimg.com
19,12,0,0,1,0,0,0,0,False,False,0,3.5766,False,False,0.0,0,0,0,custhelp.com,http://custhelp.com
27,20,0,0,1,0,0,0,0,False,False,0,4.0882,False,False,0.0,0,0,0,decafeligiblyhad.com,http://decafeligiblyhad.com
19,12,0,0,1,0,0,0,0,False,False,0,3.5369,False,False,0.0,0,0,0,softonic.com,http://softonic.com
20,13,0,0,1,0,1,2,0,False,False,0,3.7842,False,False,0.14285714285714285,0,0,0,awsdns-57.net,http://awsdns-57.net
22,15,0,0,1,0,0,0,0,False,False,0,3.8454,False,False,0.0,0,0,0,byteoversea.com,http://byteoversea.com
13,6,0,0,1,0,0,0,0,False,False,0,3.2389,False,False,0.0,0,0,0,qvc.jp,http://qvc.jp
19,12,0,0,1,0,0,0,0,False,False,0,3.8269,False,False,0.0,0,0,0,sbercloud.ru,http://sbercloud.ru
17,10,0,0,1,0,0,0,0,False,False,0,3.5725,False,False,0.0,0,0,0,rosneft.ru,http://rosneft.ru
11,4,0,0,1,0,0,0,0,False,False,0,2.8454,False,False,0.0,0,0,0,t.ly,http://t.ly
20,13,0,0,1,0,0,0,0,False,False,0,3.6842,False,False,0.0,0,0,0,joinhoney.com,http://joinhoney.com
22,15,0,0,2,0,1,2,0,False,False,0,4.0958,False,False,0.13333333333333333,0,0,0,awsdns-05.co.uk,http://awsdns-05.co.uk
17,10,0,0,1,0,0,0,0,False,False,0,3.8522,False,False,0.0,0,0,0,genius.com,http://genius.com
19,12,0,0,1,0,0,0,0,False,False,0,3.6819,False,False,0.0,0,0,0,letsporn.com,http://letsporn.com
22,15,0,0,2,0,0,0,0,False,False,0,3.5726,False,False,0.0,0,0,0,autohome.com.cn,http://autohome.com.cn
22,15,0,0,1,0,0,0,0,False,False,0,3.7888,False,False,0.0,0,0,0,serverwatch.com,http://serverwatch.com
16,9,0,0,1,0,0,0,0,False,False,0,3.2028,False,False,0.0,0,0,0,phpbb.com,http://phpbb.com
13,6,0,0,1,0,0,1,0,False,False,0,3.3927,False,False,0.1111111111111111,0,0,0,g2.com,http://g2.com
18,11,0,0,1,0,0,0,0,False,False,0,3.8366,False,False,0.0,0,0,0,njuskalo.hr,http://njuskalo.hr
19,12,0,0,1,0,0,0,0,False,False,0,3.8269,False,False,0.0,0,0,0,delaware.gov,http://delaware.gov
22,15,0,0,2,0,0,0,0,False,False,0,3.8797,False,False,0.0,0,0,0,miibeian.gov.cn,http://miibeian.gov.cn
21,14,0,0,1,0,0,0,0,False,False,0,4.0114,False,False,0.0,0,0,0,dyingbirds.com,http://dyingbirds.com
18,11,0,0,1,0,0,0,0,False,False,0,3.6144,False,False,0.0,0,0,0,pcworld.com,http://pcworld.com
18,11,0,0,1,0,0,0,0,False,False,0,3.5724,False,False,0.0,0,0,0,ultipro.com,http://ultipro.com
19,12,0,0,1,0,0,0,0,False,False,0,4.0374,False,False,0.0,0,0,0,signalfx.com,http://signalfx.com
18,11,0,0,1,0,0,0,0,False,False,0,3.6144,False,False,0.0,0,0,0,opendns.com,http://opendns.com
20,13,0,0,1,0,0,0,0,False,False,0,3.6842,False,False,0.0,0,0,0,gdemoideti.ru,http://gdemoideti.ru
18,11,0,0,1,0,0,0,0,False,False,0,3.6835,False,False,0.0,0,0,0,snapkit.com,http://snapkit.com
20,13,0,0,1,0,1,2,0,False,False,0,3.7842,False,False,0.14285714285714285,0,0,0,awsdns-58.net,http://awsdns-58.net
22,15,0,0,1,0,0,0,0,False,False,0,3.5383,False,False,0.0,0,0,0,pptechnology.cc,http://pptechnology.cc
30,23,0,0,1,0,2,5,0,False,False,0,4.1866,False,True,0.25,0,0,0,xn--72caa3cygoc0d9c.com,http://xn--72caa3cygoc0d9c.com
21,14,0,0,1,0,0,2,0,False,False,0,3.5538,False,False,0.125,0,0,0,autoscout24.it,http://autoscout24.it
21,14,0,0,1,0,1,1,0,False,False,0,3.6897,False,False,0.0625,0,0,0,ev2-msedge.net,http://ev2-msedge.net
16,9,0,0,1,0,0,0,0,False,False,0,3.5,False,False,0.0,0,0,0,ushmm.org,http://ushmm.org
16,9,0,0,1,0,0,0,0,False,False,0,3.25,False,False,0.0,0,0,0,qwest.net,http://qwest.net
23,16,0,0,1,0,0,0,0,False,False,0,3.7951,False,False,0.0,0,0,0,outlookindia.com,http://outlookindia.com
18,11,0,0,1,0,0,0,0,False,False,0,3.5724,False,False,0.0,0,0,0,ovscdns.net,http://ovscdns.net
19,12,0,0,1,0,0,0,0,False,False,0,3.6819,False,False,0.0,0,0,0,xhamster.com,http://xhamster.com
22,15,0,0,1,0,0,0,0,False,False,0,3.3685,False,False,0.0,0,0,0,istockphoto.com,http://istockphoto.com
21,14,0,0,1,0,0,3,0,False,False,0,3.8802,False,False,0.2,0,0,0,football360.ir,http://football360.ir
20,13,0,0,1,0,0,0,0,False,False,0,4.0219,False,False,0.0,0,0,0,wayground.com,http://wayground.com
16,9,0,0,1,0,0,0,0,False,False,0,3.0244,False,False,0.0,0,0,0,ttvnw.net,http://ttvnw.net
16,9,0,0,2,0,0,0,0,False,False,0,3.375,False,False,0.0,0,0,0,rnz.co.nz,http://rnz.co.nz
21,14,0,0,1,0,0,0,0,False,False,0,3.6897,False,False,0.0,0,0,0,ganamosnet.org,http://ganamosnet.org
22,15,0,0,1,0,0,0,0,False,False,0,3.7888,False,False,0.0,0,0,0,ahajournals.org,http://ahajournals.org
23,16,0,0,2,0,0,0,0,False,False,0,3.6753,False,False,0.0,0,0,0,argentina.gob.ar,http://argentina.gob.ar
22,15,0,0,1,0,0,0,0,False,False,0,3.8231,False,False,0.0,0,0,0,squarespace.com,http://squarespace.com
14,7,0,0,1,0,0,0,0,False,False,0,2.9852,False,False,0.0,0,0,0,ntnu.no,http://ntnu.no
18,11,0,0,1,0,0,0,0,False,False,0,3.4194,False,False,0.0,0,0,0,eltiempo.es,http://eltiempo.es
16,9,0,0,1,0,0,0,0,False,False,0,3.75,False,False,0.0,0,0,0,vdsina.ru,http://vdsina.ru
13,6,0,0,1,0,0,0,0,False,False,0,3.1808,False,False,0.0,0,0,0,dns.it,http://dns.it
18,11,0,0,1,0,0,0,0,False,False,0,3.6144,False,False,0.0,0,0,0,caesars.com,http://caesars.com
17,10,0,0,1,0,0,6,0,False,False,0,3.6169,False,False,0.75,0,0,0,182682.xyz,http://182682.xyz
16,9,0,0,1,0,0,0,0,False,False,0,3.5,False,False,0.0,0,0,0,idealo.de,http://idealo.de
19,12,0,0,1,0,0,0,0,False,False,0,3.4714,False,False,0.0,0,0,0,heritage.org,http://heritage.org
13,6,0,0,1,0,0,0,0,False,False,0,3.3927,False,False,0.0,0,0,0,ew.com,http://ew.com
25,18,0,0,1,0,0,0,0,False,False,0,3.8333,False,False,0.0,0,0,0,ourworldindata.org,http://ourworldindata.org
17,10,0,0,1,0,0,0,0,False,False,0,3.6901,False,False,0.0,0,0,0,gemidos.tv,http://gemidos.tv
21,14,0,0,1,0,1,0,0,False,False,0,3.6897,False,False,0.0,0,0,0,vscode-cdn.net,http://vscode-cdn.net
20,13,0,0,1,0,0,0,0,False,False,0,3.5219,False,False,0.0,0,0,0,smartnews.net,http://smartnews.net
19,12,0,0,1,0,0,0,0,False,False,0,3.6819,False,False,0.0,0,0,0,livechat.com,http://livechat.com
15,8,0,0,1,0,0,0,0,False,False,0,3.5069,False,False,0.0,0,0,0,ucla.edu,http://ucla.edu
20,13,0,0,1,0,0,0,0,False,False,0,3.6219,False,False,0.0,0,0,0,cnnamador.com,http://cnnamador.com
18,11,0,0,1,0,0,0,0,False,False,0,3.4613,False,False,0.0,0,0,0,ingage.tech,http://ingage.tech
17,10,0,0,1,0,0,0,0,False,False,0,3.4548,False,False,0.0,0,0,0,betpawa.cm,http://betpawa.cm
23,16,0,0,1,0,0,0,0,False,False,0,3.969,False,False,0.0,0,0,0,myfitnesspal.com,http://myfitnesspal.com
23,16,0,0,1,0,1,0,0,False,False,0,3.969,False,False,0.0,0,0,0,pearson-intl.com,http://pearson-intl.com
25,18,0,0,1,0,0,0,0,False,False,0,4.1337,False,False,0.0,0,0,0,wordunscrambler.me,http://wordunscrambler.me
26,19,0,0,2,0,0,0,0,False,False,0,3.8731,False,False,0.0,0,0,0,bibliaonline.com.br,http://bibliaonline.com.br
15,8,0,0,1,0,0,0,0,False,False,0,3.1899,False,False,0.0,0,0,0,split.io,http://split.io
14,7,0,0,1,0,0,0,0,False,False,0,3.0391,False,False,0.0,0,0,0,fpo.xxx,http://fpo.xxx
21,14,0,0,1,0,0,0,0,False,False,0,3.749,False,False,0.0,0,0,0,forticloud.com,http://forticloud.com
19,12,0,0,1,0,0,0,0,False,False,0,3.4264,False,False,0.0,0,0,0,yastatic.net,http://yastatic.net
17,10,0,0,1,0,0,0,0,False,False,0,3.3372,False,False,0.0,0,0,0,aihelp.net,http://aihelp.net
16,9,0,0,1,0,0,0,0,False,False,0,3.5,False,False,0.0,0,0,0,google.dm,http://google.dm
18,11,0,0,1,0,0,0,0,False,False,0,3.7255,False,False,0.0,0,0,0,hindawi.com,http://hindawi.com
17,10,0,0,1,0,0,0,0,False,False,0,3.5725,False,False,0.0,0,0,0,avtub.wiki,http://avtub.wiki
19,12,0,0,1,0,0,0,0,False,False,0,3.4316,False,False,0.0,0,0,0,theonion.com,http://theonion.com
19,12,0,0,2,0,0,0,0,False,False,0,3.5766,False,False,0.0,0,0,0,jreast.co.jp,http://jreast.co.jp
19,12,0,0,1,0,0,0,0,False,False,0,3.5766,False,False,0.0,0,0,0,metaporn.com,http://metaporn.com
21,14,0,0,1,0,0,0,0,False,False,0,3.8802,False,False,0.0,0,0,0,livestream.com,http://livestream.com
19,12,0,0,1,0,0,0,0,False,False,0,3.6163,False,False,0.0,0,0,0,gamepass.com,http://gamepass.com
18,11,0,0,1,0,1,0,0,False,False,0,3.5724,False,False,0.0,0,0,0,sport-fm.gr,http://sport-fm.gr
17,10,0,0,1,0,0,0,0,False,False,0,3.7345,False,False,0.0,0,0,0,rivian.com,http://rivian.com
16,9,0,0,1,0,0,0,0,False,False,0,3.25,False,False,0.0,0,0,0,upenn.edu,http://upenn.edu
15,8,0,0,1,0,0,0,0,False,False,0,3.5069,False,False,0.0,0,0,0,quago.io,http://quago.io
16,9,0,0,1,0,0,0,0,False,False,0,3.625,False,False,0.0,0,0,0,mobile.de,http://mobile.de
17,10,0,0,1,0,0,0,0,False,False,0,3.4992,False,False,0.0,0,0,0,attdns.com,http://attdns.com
16,9,0,0,1,0,0,0,0,False,False,0,3.5,False,False,0.0,0,0,0,bfmio.com,http://bfmio.com
18,11,0,0,1,0,0,0,0,False,False,0,3.5724,False,False,0.0,0,0,0,kashoob.com,http://kashoob.com
19,12,0,0,1,0,0,0,0,False,False,0,3.5766,False,False,0.0,0,0,0,illinois.gov,http://illinois.gov
13,6,0,0,1,0,0,0,0,False,False,0,3.3927,False,False,0.0,0,0,0,qz.com,http://qz.com
23,16,0,0,1,0,0,0,0,False,False,0,3.7951,False,False,0.0,0,0,0,zuimeitianqi.com,http://zuimeitianqi.com
24,17,0,0,1,0,0,0,0,False,False,0,3.7516,False,False,0.0,0,0,0,hostingersite.com,http://hostingersite.com
19,12,0,0,1,0,0,0,0,False,False,0,3.6819,False,False,0.0,0,0,0,emirates.com,http://emirates.com
25,18,0,0,1,0,0,0,0,False,False,0,3.8333,False,False,0.0,0,0,0,playfootball.games,http://playfootball.games
15,8,0,0,1,0,0,0,0,False,False,0,3.5069,False,False,0.0,0,0,0,adobe.io,http://adobe.io
18,11,0,0,1,0,0,0,0,False,False,0,3.4613,False,False,0.0,0,0,0,politico.eu,http://politico.eu
27,20,0,0,1,0,1,0,0,False,False,0,4.0323,False,False,0.0,0,0,0,google-analytics.com,http://google-analytics.com
18,11,0,0,1,0,0,0,0,False,False,0,3.4613,False,False,0.0,0,0,0,semprot.com,http://semprot.com
19,12,0,0,1,0,0,0,0,False,False,0,3.9321,False,False,0.0,0,0,0,verisign.com,http://verisign.com
18,11,0,0,1,0,0,0,0,False,False,0,3.7255,False,False,0.0,0,0,0,veikkaus.fi,http://veikkaus.fi
15,8,0,0,1,0,0,0,0,False,False,0,3.5069,False,False,0.0,0,0,0,redis.io,http://redis.io
31,24,0,0,1,0,2,0,0,False,False,0,3.9779,False,False,0.0,0,0,0,insta-stories-viewer.com,http://insta-stories-viewer.com
16,9,0,0,1,0,0,0,0,False,False,0,3.25,False,False,0.0,0,0,0,shopee.io,http://shopee.io
21,14,0,0,1,0,0,0,0,False,False,0,3.5945,False,False,0.0,0,0,0,destacamos.com,http://destacamos.com
23,16,0,0,1,0,0,0,0,False,False,0,3.9149,False,False,0.0,0,0,0,ratutogelidr.com,http://ratutogelidr.com
18,11,0,0,1,0,0,0,0,False,False,0,3.7255,False,False,0.0,0,0,0,enuygun.com,http://enuygun.com
22,15,0,0,2,0,0,4,0,False,False,0,3.6635,False,False,0.2857142857142857,0,0,0,ruta1000.com.ar,http://ruta1000.com.ar
19,12,0,0,1,0,0,0,0,False,False,0,3.5111,False,False,0.0,0,0,0,beatport.com,http://beatport.com
16,9,0,0,1,0,0,0,0,False,False,0,3.4528,False,False,0.0,0,0,0,ionos.com,http://ionos.com
19,12,0,0,2,0,0,0,0,False,False,0,3.5766,False,False,0.0,0,0,0,thesun.co.uk,http://thesun.co.uk
29,22,0,0,1,0,0,0,0,False,False,0,4.0473,False,False,0.0,0,0,0,penguinrandomhouse.com,http://penguinrandomhouse.com
27,20,0,0,1,0,0,2,0,False,False,0,4.1064,False,False,0.09090909090909091,0,0,0,immobilienscout24.de,http://immobilienscout24.de
19,12,0,0,1,0,0,0,0,False,False,0,3.4316,False,False,0.0,0,0,0,pphosted.com,http://pphosted.com
21,14,0,0,1,0,1,0,0,False,False,0,3.7257,False,False,0.0,0,0,0,ad-contents.jp,http://ad-contents.jp
18,11,0,0,1,0,0,0,0,False,False,0,3.6835,False,False,0.0,0,0,0,softbank.jp,http://softbank.jp
15,8,0,0,1,0,0,1,0,False,False,0,3.4566,False,False,0.09090909090909091,0,0,0,knt9.xyz,http://knt9.xyz
23,16,0,0,1,0,0,0,0,False,False,0,3.6212,False,False,0.0,0,0,0,nationalpost.com,http://nationalpost.com
14,7,0,0,1,0,0,0,0,False,False,0,3.182,False,False,0.0,0,0,0,wto.org,http://wto.org
28,21,0,0,1,0,0,0,0,False,False,0,4.0661,False,False,0.0,0,0,0,greylabeldelivery.com,http://greylabeldelivery.com
18,11,0,0,1,0,0,0,0,False,False,0,3.8366,False,False,0.0,0,0,0,glulive.com,http://glulive.com
20,13,0,0,1,0,0,0,0,False,False,0,3.5842,False,False,0.0,0,0,0,lululemon.com,http://lululemon.com
18,11,0,0,1,0,0,0,0,False,False,0,3.5305,False,False,0.0,0,0,0,spamcop.net,http://spamcop.net
15,8,0,0,1,0,0,0,0,False,False,0,3.6402,False,False,0.0,0,0,0,dizy.com,http://dizy.com
28,21,0,0,1,0,0,0,0,False,False,0,3.9233,False,False,0.0,0,0,0,mediagotechnology.com,http://mediagotechnology.com
32,25,0,0,1,0,2,6,0,False,False,0,4.4764,False,True,0.2857142857142857,0,0,0,xn--pckua2a7gp15o89zb.com,http://xn--pckua2a7gp15o89zb.com
18,11,0,0,1,0,0,0,0,False,False,0,3.3921,False,False,0.0,0,0,0,meituan.net,http://meituan.net
18,11,0,0,1,0,0,0,0,False,False,0,3.3921,False,False,0.0,0,0,0,dtscout.com,http://dtscout.com
23,16,0,0,2,0,0,0,0,False,False,0,3.969,False,False,0.0,0,0,0,intelbras.com.br,http://intelbras.com.br
23,16,0,0,1,0,0,0,0,False,False,0,3.6212,False,False,0.0,0,0,0,triplinkintl.com,http://triplinkintl.com
23,16,0,0,1,0,0,0,0,False,False,0,4.0018,False,False,0.0,0,0,0,launchdarkly.com,http://launchdarkly.com
14,7,0,0,1,0,0,0,0,False,False,0,3.5216,False,False,0.0,0,0,0,vix.com,http://vix.com
19,12,0,0,1,0,0,0,0,False,False,0,3.4714,False,False,0.0,0,0,0,spicymms.com,http://spicymms.com
19,12,0,0,2,0,0,0,0,False,False,0,3.5766,False,False,0.0,0,0,0,google.co.zm,http://google.co.zm
21,14,0,0,1,0,0,0,0,False,False,0,4.0114,False,False,0.0,0,0,0,myangular.life,http://myangular.life
16,9,0,0,1,0,0,0,0,False,False,0,3.75,False,False,0.0,0,0,0,dnszi.com,http://dnszi.com
21,14,0,0,1,0,0,0,0,False,False,0,3.7849,False,False,0.0,0,0,0,leroymerlin.es,http://leroymerlin.es
22,15,0,0,1,0,0,0,0,False,False,0,4.0958,False,False,0.0,0,0,0,sedoparking.com,http://sedoparking.com
16,9,0,0,1,0,0,0,0,False,False,0,3.3278,False,False,0.0,0,0,0,google.ro,http://google.ro
22,15,0,0,1,0,0,0,0,False,False,0,3.7544,False,False,0.0,0,0,0,ooklaserver.net,http://ooklaserver.net
18,11,0,0,2,0,0,0,0,False,False,0,3.3502,False,False,0.0,0,0,0,cuhk.edu.hk,http://cuhk.edu.hk
41,33,1,0,2,1,2,6,0,False,False,0,4.4059,False,False,0.21428571428571427,0,0,1,netlify.app,http://gleeful-mousse-699032.netlify.app/
19,12,0,0,1,0,0,0,0,False,False,0,3.4058,False,False,0.0,0,0,0,tutsplus.com,http://tutsplus.com
17,10,0,0,1,0,0,0,0,False,False,0,3.6169,False,False,0.0,0,0,0,mosyle.com,http://mosyle.com
21,14,0,0,1,0,0,0,0,False,False,0,3.6538,False,False,0.0,0,0,0,tripadvisor.in,http://tripadvisor.in
23,16,0,0,2,0,0,0,0,False,False,0,3.6425,False,False,0.0,0,0,0,telangana.gov.in,http://telangana.gov.in
20,13,0,0,2,0,0,0,0,False,False,0,3.5842,False,False,0.0,0,0,0,mofcom.gov.cn,http://mofcom.gov.cn
22,15,0,0,2,0,0,0,0,False,False,0,3.8797,False,False,0.0,0,0,0,truyenqq.com.vn,http://truyenqq.com.vn
16,9,0,0,1,0,0,0,0,False,False,0,3.3278,False,False,0.0,0,0,0,tapad.com,http://tapad.com
21,14,0,0,1,0,0,0,0,False,False,0,3.9161,False,False,0.0,0,0,0,secondlife.com,http://secondlife.com
18,11,0,0,1,0,0,0,0,False,False,0,3.6144,False,False,0.0,0,0,0,labs.google,http://labs.google
23,16,0,0,1,0,0,0,0,False,False,0,3.584,False,False,0.0,0,0,0,mlookalporno.com,http://mlookalporno.com
18,11,0,0,1,0,0,0,0,False,False,0,3.8366,False,False,0.0,0,0,0,javsub.blog,http://javsub.blog
16,9,0,0,1,0,0,0,0,False,False,0,3.125,False,False,0.0,0,0,0,google.gg,http://google.gg
17,10,0,0,1,0,0,0,0,False,False,0,3.5725,False,False,0.0,0,0,0,litboom.ru,http://litboom.ru
18,11,0,0,1,0,0,0,0,False,False,0,3.6144,False,False,0.0,0,0,0,alchemy.com,http://alchemy.com
17,10,0,0,1,0,0,0,0,False,False,0,3.7345,False,False,0.0,0,0,0,doxygen.nl,http://doxygen.nl
19,12,0,0,1,0,0,0,0,False,False,0,3.7216,False,False,0.0,0,0,0,vimeocdn.com,http://vimeocdn.com
17,10,0,0,1,0,0,0,0,False,False,0,3.5725,False,False,0.0,0,0,0,awmcdn.net,http://awmcdn.net
16,9,0,0,1,0,0,0,0,False,False,0,3.2028,False,False,0.0,0,0,0,google.pt,http://google.pt
15,8,0,0,1,0,0,0,0,False,False,0,3.5069,False,False,0.0,0,0,0,ford.com,http://ford.com
15,8,0,0,1,0,0,0,0,False,False,0,3.3232,False,False,0.0,0,0,0,iata.org,http://iata.org
18,11,0,0,1,0,0,0,0,False,False,0,3.4194,False,False,0.0,0,0,0,tbcache.com,http://tbcache.com
21,14,0,0,1,0,0,0,0,False,False,0,3.4585,False,False,0.0,0,0,0,gtranslate.net,http://gtranslate.net
45,36,1,0,2,1,4,2,0,False,False,0,4.4914,False,False,0.058823529411764705,0,0,1,pages.dev,https://sp21ct-zelur-biz-navi-kemo.pages.dev/
18,11,0,0,1,0,0,1,0,False,False,0,3.7947,False,False,0.07142857142857142,0,0,0,unity3d.com,http://unity3d.com
16,9,0,0,1,0,0,0,0,False,False,0,3.75,False,False,0.0,0,0,0,brown.edu,http://brown.edu
18,11,0,0,1,0,0,0,0,False,False,0,3.4613,False,False,0.0,0,0,0,wonporn.com,http://wonporn.com
17,10,0,0,1,0,0,0,0,False,False,0,3.6169,False,False,0.0,0,0,0,chinaz.com,http://chinaz.com
28,21,0,0,2,0,0,0,0,False,False,0,4.1375,False,False,0.0,0,0,0,resultadofacil.com.br,http://resultadofacil.com.br
18,11,0,0,1,0,0,0,0,False,False,0,3.7255,False,False,0.0,0,0,0,fivecdm.com,http://fivecdm.com
15,8,0,0,1,0,0,0,0,False,False,0,3.3736,False,False,0.0,0,0,0,ioref.io,http://ioref.io
22,15,0,0,2,0,0,0,0,False,False,0,3.6978,False,False,0.0,0,0,0,netshoes.com.br,http://netshoes.com.br
18,11,0,0,1,0,0,0,0,False,False,0,3.5724,False,False,0.0,0,0,0,marketo.com,http://marketo.com
20,13,0,0,1,0,0,0,0,False,False,0,3.6219,False,False,0.0,0,0,0,mintegral.net,http://mintegral.net
24,17,0,0,1,0,0,0,0,False,False,0,3.6368,False,False,0.0,0,0,0,supersportbet.com,http://supersportbet.com
16,9,0,0,1,0,0,0,0,False,False,0,3.625,False,False,0.0,0,0,0,merkle.io,http://merkle.io
19,12,0,0,1,0,0,0,0,False,False,0,3.7216,False,False,0.0,0,0,0,fandango.com,http://fandango.com
21,14,0,0,1,0,0,0,0,False,False,0,4.1066,False,False,0.0,0,0,0,workdaysuv.com,http://workdaysuv.com
13,6,0,0,1,0,0,0,0,False,False,0,3.3927,False,False,0.0,0,0,0,nag.ru,http://nag.ru
19,12,0,0,1,0,0,0,0,False,False,0,3.7871,False,False,0.0,0,0,0,docusign.net,http://docusign.net
22,15,0,0,1,0,0,0,0,False,False,0,3.6635,False,False,0.0,0,0,0,freedesktop.org,http://freedesktop.org
18,11,0,0,1,0,0,0,0,False,False,0,3.281,False,False,0.0,0,0,0,charter.net,http://charter.net
15,8,0,0,1,0,0,0,0,False,False,0,3.6402,False,False,0.0,0,0,0,nike.com,http://nike.com
20,13,0,0,1,0,0,0,0,False,False,0,3.5219,False,False,0.0,0,0,0,firstpost.com,http://firstpost.com
17,10,0,0,1,0,0,0,0,False,False,0,3.4548,False,False,0.0,0,0,0,plesk.page,http://plesk.page
26,19,0,0,1,0,1,0,0,False,False,0,3.7193,False,False,0.0,0,0,0,de-tencentclb.cloud,http://de-tencentclb.cloud
18,11,0,0,1,0,0,0,0,False,False,0,3.5033,False,False,0.0,0,0,0,tabletki.ua,http://tabletki.ua
21,14,0,0,1,0,0,0,0,False,False,0,3.6897,False,False,0.0,0,0,0,craigslist.org,http://craigslist.org
16,9,0,0,1,0,0,0,0,False,False,0,3.625,False,False,0.0,0,0,0,kolesa.kz,http://kolesa.kz
21,14,0,0,1,0,0,0,0,False,False,0,3.7849,False,False,0.0,0,0,0,getmodsapk.com,http://getmodsapk.com
15,8,0,0,1,0,0,2,0,False,False,0,3.6402,False,False,0.2,0,0,0,a47b.com,http://a47b.com
20,13,0,0,1,0,0,0,0,False,False,0,3.8219,False,False,0.0,0,0,0,garenanow.com,http://garenanow.com
22,15,0,0,1,0,0,0,0,False,False,0,3.914,False,False,0.0,0,0,0,joinmassive.com,http://joinmassive.com
39,25,6,0,2,1,0,0,0,False,False,1,4.2117,False,False,0.0,1,0,1,duckdns.org,https://facebookclone.duckdns.org/login
13,6,0,0,1,0,0,0,0,False,False,0,3.3927,False,False,0.0,0,0,0,cfe.mx,http://cfe.mx
20,13,0,0,2,0,0,0,0,False,False,0,3.6842,False,False,0.0,0,0,0,upsssc.gov.in,http://upsssc.gov.in
17,10,0,0,1,0,0,0,0,False,False,0,3.7345,False,False,0.0,0,0,0,indoav.com,http://indoav.com
26,19,0,0,1,0,0,0,0,False,False,0,3.9791,False,False,0.0,0,0,0,hopkinsmedicine.org,http://hopkinsmedicine.org
17,10,0,0,1,0,0,0,0,False,False,0,3.2928,False,False,0.0,0,0,0,vatican.va,http://vatican.va
19,12,0,0,1,0,0,0,0,False,False,0,3.8269,False,False,0.0,0,0,0,ghanaweb.com,http://ghanaweb.com
20,13,0,0,2,0,0,0,0,False,False,0,3.6842,False,False,0.0,0,0,0,pravda.com.ua,http://pravda.com.ua
14,7,0,0,1,0,0,0,0,False,False,0,3.5216,False,False,0.0,0,0,0,ubs.com,http://ubs.com
14,7,0,0,1,0,0,0,0,False,False,0,3.3788,False,False,0.0,0,0,0,cbs.com,http://cbs.com
22,15,0,0,1,0,0,0,0,False,False,0,3.914,False,False,0.0,0,0,0,cashparking.com,http://cashparking.com
23,16,0,0,1,0,0,0,0,False,False,0,3.8492,False,False,0.0,0,0,0,knowyourmeme.com,http://knowyourmeme.com
27,20,0,0,1,0,1,0,0,False,False,0,3.8842,False,False,0.0,0,0,0,salesforce-sites.com,http://salesforce-sites.com
18,11,0,0,1,0,0,0,0,False,False,0,3.4613,False,False,0.0,0,0,0,smugmug.com,http://smugmug.com
20,13,0,0,1,0,1,2,0,False,False,0,4.0219,False,False,0.14285714285714285,0,0,0,awsdns-36.com,http://awsdns-36.com
19,12,0,0,1,0,0,1,0,False,False,0,3.7871,False,False,0.06666666666666667,0,0,0,newtoki1.org,http://newtoki1.org
17,10,0,0,1,0,0,2,0,False,False,0,3.4548,False,False,0.16666666666666666,0,0,0,sport24.gr,http://sport24.gr
19,12,0,0,1,0,0,0,0,False,False,0,3.6163,False,False,0.0,0,0,0,berkeley.edu,http://berkeley.edu
18,11,0,0,1,0,0,0,0,False,False,0,3.6835,False,False,0.0,0,0,0,raptive.com,http://raptive.com
18,11,0,0,1,0,0,0,0,False,False,0,3.6835,False,False,0.0,0,0,0,trellix.com,http://trellix.com
21,14,0,0,1,0,0,0,0,False,False,0,3.6897,False,False,0.0,0,0,0,zohopublic.com,http://zohopublic.com
18,11,0,0,1,0,0,0,0,False,False,0,3.5724,False,False,0.0,0,0,0,adition.com,http://adition.com
14,7,0,0,1,0,0,0,0,False,False,0,3.3788,False,False,0.0,0,0,0,brew.sh,http://brew.sh
18,11,0,0,1,0,0,0,0,False,False,0,3.5724,False,False,0.0,0,0,0,supercp.com,http://supercp.com
19,12,0,0,1,0,0,0,0,False,False,0,3.6163,False,False,0.0,0,0,0,komikindo.ch,http://komikindo.ch
20,13,0,0,2,0,0,0,0,False,False,0,3.5842,False,False,0.0,0,0,0,lenovo.com.cn,http://lenovo.com.cn
21,14,0,0,1,0,0,0,0,False,False,0,3.8209,False,False,0.0,0,0,0,wurflcloud.com,http://wurflcloud.com
22,15,0,0,1,0,0,0,0,False,False,0,3.7322,False,False,0.0,0,0,0,amazonalexa.com,http://amazonalexa.com
18,11,0,0,1,0,0,0,0,False,False,0,3.5724,False,False,0.0,0,0,0,auntmia.com,http://auntmia.com
24,17,0,0,1,0,0,0,0,False,False,0,3.7202,False,False,0.0,0,0,0,speedtestmark.com,http://speedtestmark.com
42,34,1,0,2,1,2,6,0,False,False,0,4.4336,False,False,0.20689655172413793,0,0,1,weeblysite.com,http://shaw-webmail-109624.weeblysite.com/
21,14,0,0,2,0,0,0,0,False,False,0,3.7849,False,False,0.0,0,0,0,estadao.com.br,http://estadao.com.br
28,21,0,0,2,0,0,0,0,False,False,0,3.8693,False,False,0.0,0,0,0,franceconnect.gouv.fr,http://franceconnect.gouv.fr
19,12,0,0,1,0,0,0,0,False,False,0,3.7216,False,False,0.0,0,0,0,dbankedge.cn,http://dbankedge.cn
22,15,0,0,1,0,0,0,0,False,False,0,3.6978,False,False,0.0,0,0,0,alibabacorp.com,http://alibabacorp.com
24,17,0,0,1,0,0,0,0,False,False,0,3.5425,False,False,0.0,0,0,0,economictimes.com,http://economictimes.com
18,11,0,0,1,0,0,0,0,False,False,0,3.8366,False,False,0.0,0,0,0,klaviyo.com,http://klaviyo.com
20,13,0,0,1,0,0,0,0,False,False,0,3.6842,False,False,0.0,0,0,0,tasnimnews.ir,http://tasnimnews.ir
18,11,0,0,1,0,0,1,0,False,False,0,3.6835,False,False,0.07142857142857142,0,0,0,aflamk1.net,http://aflamk1.net
16,9,0,0,1,0,0,0,0,False,False,0,3.25,False,False,0.0,0,0,0,keplr.app,http://keplr.app
21,14,0,0,1,0,0,0,0,False,False,0,3.8802,False,False,0.0,0,0,0,getadblock.com,http://getadblock.com
21,14,0,0,1,0,0,0,0,False,False,0,3.7849,False,False,0.0,0,0,0,xxxmovies.life,http://xxxmovies.life
21,14,0,0,1,0,0,0,0,False,False,0,3.9161,False,False,0.0,0,0,0,mayoclinic.org,http://mayoclinic.org
17,10,0,0,1,0,0,0,0,False,False,0,3.6169,False,False,0.0,0,0,0,pusher.com,http://pusher.com
16,9,0,0,2,0,0,0,0,False,False,0,3.3278,False,False,0.0,0,0,0,tui.co.uk,http://tui.co.uk
16,9,0,0,1,0,0,0,0,False,False,0,3.4528,False,False,0.0,0,0,0,kytira.cc,http://kytira.cc
19,12,0,0,1,0,0,0,0,False,False,0,3.2608,False,False,0.0,0,0,0,expressen.se,http://expressen.se
19,12,0,0,1,0,0,0,0,False,False,0,3.7216,False,False,0.0,0,0,0,sliide.cloud,http://sliide.cloud
19,12,0,0,1,0,0,0,0,False,False,0,3.4058,False,False,0.0,0,0,0,lalamasa.com,http://lalamasa.com
18,11,0,0,2,0,0,0,0,False,False,0,3.5724,False,False,0.0,0,0,0,sjtu.edu.cn,http://sjtu.edu.cn
16,9,0,0,1,0,0,0,0,False,False,0,3.625,False,False,0.0,0,0,0,drecom.jp,http://drecom.jp
20,13,0,0,1,0,0,0,0,False,False,0,3.5464,False,False,0.0,0,0,0,howtogeek.com,http://howtogeek.com
16,9,0,0,1,0,0,0,0,False,False,0,3.3278,False,False,0.0,0,0,0,imoim.net,http://imoim.net
21,14,0,0,1,0,0,0,0,False,False,0,3.8209,False,False,0.0,0,0,0,davivienda.com,http://davivienda.com
28,21,0,0,1,0,0,0,0,False,False,0,4.1106,False,False,0.0,0,0,0,grandviewresearch.com,http://grandviewresearch.com
20,13,0,0,1,0,0,1,0,False,False,0,3.7842,False,False,0.0625,0,0,0,ipv4only.arpa,http://ipv4only.arpa
23,16,0,0,2,0,0,0,0,False,False,0,4.0018,False,False,0.0,0,0,0,lsgkerala.gov.in,http://lsgkerala.gov.in
17,10,0,0,1,0,0,1,0,False,False,0,3.3372,False,False,0.07692307692307693,0,0,0,cdnhwc1.cn,http://cdnhwc1.cn
26,19,0,0,2,0,0,0,0,False,False,0,3.9791,False,False,0.0,0,0,0,mercadolivre.com.br,http://mercadolivre.com.br
15,8,0,0,1,0,0,0,0,False,False,0,3.5069,False,False,0.0,0,0,0,narod.ru,http://narod.ru
16,9,0,0,1,0,0,0,0,False,False,0,3.75,False,False,0.0,0,0,0,mwscdn.ru,http://mwscdn.ru
22,15,0,0,1,0,0,0,0,False,False,0,3.7322,False,False,0.0,0,0,0,jobbmintatv.pro,http://jobbmintatv.pro
21,14,0,0,1,0,0,0,0,False,False,0,3.8209,False,False,0.0,0,0,0,prnewswire.com,http://prnewswire.com
16,9,0,0,1,0,0,0,0,False,False,0,3.625,False,False,0.0,0,0,0,claude.ai,http://claude.ai
18,11,0,0,1,0,0,0,0,False,False,0,3.5724,False,False,0.0,0,0,0,blogspot.ca,http://blogspot.ca
17,10,0,0,1,0,0,0,0,False,False,0,3.7345,False,False,0.0,0,0,0,zapier.com,http://zapier.com
21,14,0,0,1,0,0,0,0,False,False,0,3.6897,False,False,0.0,0,0,0,leroymerlin.it,http://leroymerlin.it
51,43,1,0,2,1,3,7,0,False,False,0,4.6521,False,False,0.19444444444444445,0,0,1,pages.dev,http://cvqgs36nhw-wtrkblpw-3i2d0e-cvq79c.pages.dev/
20,13,0,0,1,0,0,0,0,False,False,0,3.2464,False,False,0.0,0,0,0,thoughtco.com,http://thoughtco.com
14,7,0,0,1,0,0,0,0,False,False,0,2.9852,False,False,0.0,0,0,0,pvp.net,http://pvp.net
24,17,0,0,1,0,0,0,0,False,False,0,3.7721,False,False,0.0,0,0,0,coinmarketcap.com,http://coinmarketcap.com
24,17,0,0,1,0,0,0,0,False,False,0,3.7202,False,False,0.0,0,0,0,fastvideosave.net,http://fastvideosave.net
19,12,0,0,2,0,0,0,0,False,False,0,3.4714,False,False,0.0,0,0,0,amazon.co.za,http://amazon.co.za
12,5,0,0,1,0,0,0,0,False,False,0,3.0221,False,False,0.0,0,0,0,ns.tr,http://ns.tr
21,14,0,0,1,0,0,0,0,False,False,0,3.368,False,False,0.0,0,0,0,pgsgames.games,http://pgsgames.games
20,13,0,0,1,0,0,0,0,False,False,0,3.7842,False,False,0.0,0,0,0,elevenlabs.io,http://elevenlabs.io
18,11,0,0,1,0,0,0,0,False,False,0,3.6144,False,False,0.0,0,0,0,supercdn.ru,http://supercdn.ru
19,12,0,0,1,0,0,0,0,False,False,0,3.8269,False,False,0.0,0,0,0,soinluck.com,http://soinluck.com
19,12,0,0,1,0,0,0,0,False,False,0,3.6163,False,False,0.0,0,0,0,unioneeu.com,http://unioneeu.com
20,13,0,0,1,0,0,0,0,False,False,0,3.3219,False,False,0.0,0,0,0,doctoreto.com,http://doctoreto.com
28,21,0,0,2,0,0,0,0,False,False,0,3.7804,False,False,0.0,0,0,0,kemdiktisaintek.go.id,http://kemdiktisaintek.go.id
13,6,0,0,1,0,0,0,0,False,False,0,3.3927,False,False,0.0,0,0,0,ui.com,http://ui.com
28,21,0,0,1,0,0,0,0,False,False,0,3.8927,False,False,0.0,0,0,0,githubusercontent.com,http://githubusercontent.com
34,26,1,0,2,1,2,4,0,False,False,0,3.9842,False,False,0.17391304347826086,0,0,1,netlify.app,http://send-usdt-9999.netlify.app/
20,13,0,0,1,0,0,0,0,False,False,0,3.6219,False,False,0.0,0,0,0,pinterest.com,http://pinterest.com
20,13,0,0,1,0,0,0,0,False,False,0,3.6842,False,False,0.0,0,0,0,safety.google,http://safety.google
16,9,0,0,1,0,1,0,0,False,False,0,3.625,False,False,0.0,0,0,0,ck-ie.com,http://ck-ie.com
20,13,0,0,2,0,0,0,0,False,False,0,3.6842,False,False,0.0,0,0,0,google.com.sv,http://google.com.sv
18,11,0,0,1,0,0,0,0,False,False,0,3.5724,False,False,0.0,0,0,0,reuters.com,http://reuters.com
18,11,0,0,2,0,0,0,0,False,False,0,3.4613,False,False,0.0,0,0,0,zepto.co.in,http://zepto.co.in
18,11,0,0,1,0,1,1,0,False,False,0,3.6144,False,False,0.07692307692307693,0,0,0,e1c-ops.com,http://e1c-ops.com
16,9,0,0,1,0,0,0,0,False,False,0,3.5778,False,False,0.0,0,0,0,detik.com,http://detik.com
17,10,0,0,1,0,0,0,0,False,False,0,3.6169,False,False,0.0,0,0,0,filmweb.pl,http://filmweb.pl
20,13,0,0,1,0,0,0,0,False,False,0,3.3842,False,False,0.0,0,0,0,vietnamnet.vn,http://vietnamnet.vn
21,14,0,0,1,0,0,0,0,False,False,0,3.9161,False,False,0.0,0,0,0,amazonsilk.com,http://amazonsilk.com
22,15,0,0,1,0,0,0,0,False,False,0,3.5726,False,False,0.0,0,0,0,cuerpomente.com,http://cuerpomente.com
19,12,0,0,1,0,0,0,0,False,False,0,3.8269,False,False,0.0,0,0,0,squareup.com,http://squareup.com
20,13,0,0,1,0,0,0,0,False,False,0,3.7219,False,False,0.0,0,0,0,canalblog.com,http://canalblog.com
20,13,0,0,1,0,0,0,0,False,False,0,3.6842,False,False,0.0,0,0,0,superproxy.io,http://superproxy.io
17,10,0,0,1,0,0,0,0,False,False,0,3.5725,False,False,0.0,0,0,0,jooble.org,http://jooble.org
13,6,0,0,1,0,0,0,0,False,False,0,3.3927,False,False,0.0,0,0,0,ky.gov,http://ky.gov
19,12,0,0,1,0,0,0,0,False,False,0,3.6819,False,False,0.0,0,0,0,bundestag.de,http://bundestag.de
19,12,0,0,1,0,0,1,0,False,False,0,3.8924,False,False,0.06666666666666667,0,0,0,bytedns1.com,http://bytedns1.com
23,16,0,0,1,0,0,0,0,False,False,0,3.8279,False,False,0.0,0,0,0,hubspotemail.net,http://hubspotemail.net
19,12,0,0,1,0,0,0,0,False,False,0,3.8269,False,False,0.0,0,0,0,coindesk.com,http://coindesk.com
24,17,0,0,1,0,0,0,0,False,False,0,3.9702,False,False,0.0,0,0,0,windowsupdate.com,http://windowsupdate.com
18,11,0,0,1,0,0,0,0,False,False,0,3.6835,False,False,0.0,0,0,0,ficbook.net,http://ficbook.net
21,14,0,0,1,0,0,0,0,False,False,0,3.9161,False,False,0.0,0,0,0,libbyshelf.com,http://libbyshelf.com
18,11,0,0,1,0,0,0,0,False,False,0,3.7255,False,False,0.0,0,0,0,barrons.com,http://barrons.com
13,6,0,0,1,0,0,0,0,False,False,0,3.1808,False,False,0.0,0,0,0,vrt.be,http://vrt.be
17,10,0,0,1,0,1,0,0,False,False,0,3.5725,False,False,0.0,0,0,0,dns-tm.com,http://dns-tm.com
19,12,0,0,1,0,0,0,0,False,False,0,3.9321,False,False,0.0,0,0,0,medicare.gov,http://medicare.gov
13,6,0,0,1,0,0,0,0,False,False,0,2.8731,False,False,0.0,0,0,0,hku.hk,http://hku.hk
14,7,0,0,1,0,0,0,0,False,False,0,3.3788,False,False,0.0,0,0,0,lbl.gov,http://lbl.gov
21,14,0,0,1,0,0,0,0,False,False,0,3.8209,False,False,0.0,0,0,0,shopifycdn.com,http://shopifycdn.com
19,12,0,0,1,0,0,0,0,False,False,0,3.5766,False,False,0.0,0,0,0,modrinth.com,http://modrinth.com
19,12,0,0,1,0,0,0,0,False,False,0,3.6819,False,False,0.0,0,0,0,sbnation.com,http://sbnation.com
21,14,0,0,2,0,0,0,0,False,False,0,3.7849,False,False,0.0,0,0,0,gujarat.gov.in,http://gujarat.gov.in
15,8,0,0,1,0,0,0,0,False,False,0,3.6402,False,False,0.0,0,0,0,kwai.com,http://kwai.com
19,12,0,0,1,0,0,0,0,False,False,0,3.5766,False,False,0.0,0,0,0,adaether.com,http://adaether.com
23,16,0,0,2,0,0,1,0,False,False,0,3.882,False,False,0.05555555555555555,0,0,0,maybank2u.com.my,http://maybank2u.com.my
18,11,0,0,2,0,0,0,0,False,False,0,3.7255,False,False,0.0,0,0,0,land.gov.bd,http://land.gov.bd
21,14,0,0,1,0,0,0,0,False,False,0,3.9161,False,False,0.0,0,0,0,glanceapis.com,http://glanceapis.com
20,13,0,0,2,0,0,0,0,False,False,0,3.5842,False,False,0.0,0,0,0,amazon.com.tr,http://amazon.com.tr
27,20,0,0,1,0,0,0,0,False,False,0,3.9862,False,False,0.0,0,0,0,beyondtrustcloud.com,http://beyondtrustcloud.com
19,12,0,0,1,0,0,0,0,False,False,0,3.5766,False,False,0.0,0,0,0,mountain.com,http://mountain.com
18,11,0,0,1,0,0,0,0,False,False,0,3.7255,False,False,0.0,0,0,0,youjizz.com,http://youjizz.com
23,16,0,0,2,0,0,0,0,False,False,0,3.8279,False,False,0.0,0,0,0,bobaedream.co.kr,http://bobaedream.co.kr
18,11,0,0,1,0,0,0,0,False,False,0,3.3502,False,False,0.0,0,0,0,shaparak.ir,http://shaparak.ir
16,9,0,0,1,0,0,0,0,False,False,0,3.75,False,False,0.0,0,0,0,zyxel.com,http://zyxel.com
21,14,0,0,1,0,0,0,0,False,False,0,3.9754,False,False,0.0,0,0,0,streamabc.link,http://streamabc.link
16,9,0,0,1,0,0,0,0,False,False,0,3.5,False,False,0.0,0,0,0,ayhal.com,http://ayhal.com
29,22,0,0,1,0,0,0,0,False,False,0,3.9094,False,False,0.0,0,0,0,agenteimmobiliare.info,http://agenteimmobiliare.info
14,7,0,0,1,0,0,0,0,False,False,0,3.3788,False,False,0.0,0,0,0,msi.com,http://msi.com
20,13,0,0,1,0,0,0,0,False,False,0,3.5219,False,False,0.0,0,0,0,pubnative.net,http://pubnative.net
18,11,0,0,1,0,0,0,0,False,False,0,3.6835,False,False,0.0,0,0,0,xxxbule.com,http://xxxbule.com
20,13,0,0,1,0,0,0,0,False,False,0,3.6842,False,False,0.0,0,0,0,herokuapp.com,http://herokuapp.com
18,11,0,0,1,0,0,0,0,False,False,0,3.8366,False,False,0.0,0,0,0,bamgrid.com,http://bamgrid.com
16,9,0,0,2,0,0,0,0,False,False,0,3.5,False,False,0.0,0,0,0,mp.gov.in,http://mp.gov.in
18,11,0,0,1,0,0,0,0,False,False,0,3.7255,False,False,0.0,0,0,0,zerocdn.com,http://zerocdn.com
19,12,0,0,1,0,0,0,0,False,False,0,3.2608,False,False,0.0,0,0,0,hostatom.com,http://hostatom.com
29,20,1,0,2,1,0,4,0,False,False,0,4.1592,False,False,0.2,0,0,1,icefactory.cl,https://4a361e.icefactory.cl/
16,9,0,0,1,0,0,0,0,False,False,0,3.3278,False,False,0.0,0,0,0,script.ac,http://script.ac
26,19,0,0,1,0,0,0,0,False,False,0,3.3826,False,False,0.0,0,0,0,dataannotation.tech,http://dataannotation.tech
18,11,0,0,1,0,0,0,0,False,False,0,3.8366,False,False,0.0,0,0,0,vidyard.com,http://vidyard.com
15,8,0,0,1,0,0,0,0,False,False,0,3.5069,False,False,0.0,0,0,0,java.com,http://java.com
29,22,0,0,1,0,0,0,0,False,False,0,3.9059,False,False,0.0,0,0,0,northwesternmutual.com,http://northwesternmutual.com
14,7,0,0,1,0,0,0,0,False,False,0,3.182,False,False,0.0,0,0,0,asp.net,http://asp.net
21,14,0,0,1,0,0,0,0,False,False,0,3.6897,False,False,0.0,0,0,0,viorawatch.com,http://viorawatch.com
17,10,0,0,1,0,0,0,0,False,False,0,3.3372,False,False,0.0,0,0,0,decodo.com,http://decodo.com
20,13,0,0,1,0,0,0,0,False,False,0,3.5464,False,False,0.0,0,0,0,csmonitor.com,http://csmonitor.com
20,13,0,0,1,0,0,0,0,False,False,0,3.4842,False,False,0.0,0,0,0,growthbook.io,http://growthbook.io
20,13,0,0,1,0,0,0,0,False,False,0,3.6842,False,False,0.0,0,0,0,permutive.com,http://permutive.com
22,15,0,0,1,0,0,0,0,False,False,0,3.516,False,False,0.0,0,0,0,photobucket.com,http://photobucket.com
13,6,0,0,1,0,0,0,0,False,False,0,3.3927,False,False,0.0,0,0,0,ed.gov,http://ed.gov
15,8,0,0,1,0,0,0,0,False,False,0,3.5069,False,False,0.0,0,0,0,iaea.org,http://iaea.org
17,10,0,0,1,0,0,0,0,False,False,0,3.4992,False,False,0.0,0,0,0,betflag.it,http://betflag.it
20,13,0,0,1,0,0,0,0,False,False,0,3.8219,False,False,0.0,0,0,0,identrust.com,http://identrust.com
18,11,0,0,1,0,0,0,0,False,False,0,3.5724,False,False,0.0,0,0,0,uakinogo.io,http://uakinogo.io
17,10,0,0,1,0,0,0,0,False,False,0,3.3816,False,False,0.0,0,0,0,trustx.org,http://trustx.org
28,21,0,0,1,0,0,0,0,False,False,0,3.9233,False,False,0.0,0,0,0,thefreedictionary.com,http://thefreedictionary.com
17,10,0,0,1,0,0,0,0,False,False,0,3.4104,False,False,0.0,0,0,0,eventim.de,http://eventim.de
19,12,0,0,1,0,0,0,0,False,False,0,3.7871,False,False,0.0,0,0,0,wshareit.com,http://wshareit.com
19,12,0,0,1,0,0,0,0,False,False,0,3.8269,False,False,0.0,0,0,0,wikiwand.com,http://wikiwand.com
19,12,0,0,1,0,0,0,0,False,False,0,3.6163,False,False,0.0,0,0,0,kinopoisk.ru,http://kinopoisk.ru
14,7,0,0,1,0,0,0,0,False,False,0,3.3788,False,False,0.0,0,0,0,bbox.fr,http://bbox.fr
18,11,0,0,1,0,0,0,0,False,False,0,3.6835,False,False,0.0,0,0,0,baitoru.com,http://baitoru.com
16,9,0,0,1,0,0,0,0,False,False,0,3.625,False,False,0.0,0,0,0,finra.org,http://finra.org
16,9,0,0,1,0,0,0,0,False,False,0,3.5,False,False,0.0,0,0,0,google.sc,http://google.sc
17,10,0,0,1,0,0,0,0,False,False,0,3.3816,False,False,0.0,0,0,0,rtmark.net,http://rtmark.net
18,11,0,0,1,0,0,0,0,False,False,0,3.6144,False,False,0.0,0,0,0,ettdnsv.com,http://ettdnsv.com
19,12,0,0,1,0,0,0,0,False,False,0,3.5766,False,False,0.0,0,0,0,bedrock.tech,http://bedrock.tech
20,13,0,0,1,0,0,0,0,False,False,0,3.6842,False,False,0.0,0,0,0,bytegecko.com,http://bytegecko.com
22,15,0,0,2,0,0,0,0,False,False,0,3.5726,False,False,0.0,0,0,0,zonaprop.com.ar,http://zonaprop.com.ar
16,9,0,0,1,0,0,0,0,False,False,0,3.625,False,False,0.0,0,0,0,vogue.com,http://vogue.com
20,13,0,0,1,0,0,0,0,False,False,0,3.8219,False,False,0.0,0,0,0,delicious.com,http://delicious.com
17,10,0,0,1,0,0,0,0,False,False,0,3.5725,False,False,0.0,0,0,0,trasre.com,http://trasre.com
26,19,0,0,1,0,0,0,0,False,False,0,3.9022,False,False,0.0,0,0,0,samsungcloudcdn.com,http://samsungcloudcdn.com
15,8,0,0,1,0,0,0,0,False,False,0,3.1899,False,False,0.0,0,0,0,utah.edu,http://utah.edu
16,9,0,0,1,0,0,0,0,False,False,0,3.375,False,False,0.0,0,0,0,kisskh.co,http://kisskh.co
22,15,0,0,1,0,0,0,0,False,False,0,3.6635,False,False,0.0,0,0,0,accuweather.com,http://accuweather.com
21,14,0,0,1,0,0,0,0,False,False,0,3.8209,False,False,0.0,0,0,0,boredpanda.com,http://boredpanda.com
18,11,0,0,1,0,0,0,0,False,False,0,3.6144,False,False,0.0,0,0,0,heroeswm.ru,http://heroeswm.ru
13,6,0,0,1,0,0,0,0,False,False,0,3.0851,False,False,0.0,0,0,0,nip.io,http://nip.io
21,14,0,0,1,0,0,0,0,False,False,0,3.8802,False,False,0.0,0,0,0,nexthink.cloud,http://nexthink.cloud
15,8,0,0,1,0,0,0,0,False,False,0,3.3232,False,False,0.0,0,0,0,cctld.us,http://cctld.us
20,13,0,0,1,0,0,0,0,False,False,0,3.6842,False,False,0.0,0,0,0,parallels.com,http://parallels.com
16,9,0,0,1,0,0,2,0,False,False,0,3.75,False,False,0.18181818181818182,0,0,0,de17a.com,http://de17a.com
19,12,0,0,1,0,0,0,0,False,False,0,3.3661,False,False,0.0,0,0,0,indianoil.in,http://indianoil.in
19,12,0,0,1,0,0,0,0,False,False,0,3.5766,False,False,0.0,0,0,0,easports.com,http://easports.com
16,9,0,0,1,0,0,0,0,False,False,0,3.3278,False,False,0.0,0,0,0,xpaja.net,http://xpaja.net
14,7,0,0,1,0,0,0,0,False,False,0,3.3249,False,False,0.0,0,0,0,actu.fr,http://actu.fr
18,11,0,0,1,0,0,0,0,False,False,0,3.7255,False,False,0.0,0,0,0,archive.org,http://archive.org
19,12,0,0,1,0,0,0,0,False,False,0,3.4316,False,False,0.0,0,0,0,forogore.net,http://forogore.net
15,8,0,0,1,0,0,0,0,False,False,0,3.5069,False,False,0.0,0,0,0,vrbo.com,http://vrbo.com
14,7,0,0,1,0,0,0,0,False,False,0,3.3788,False,False,0.0,0,0,0,one.com,http://one.com
20,13,0,0,1,0,0,0,0,False,False,0,3.6842,False,False,0.0,0,0,0,nordkurier.de,http://nordkurier.de
17,10,0,0,1,0,0,0,0,False,False,0,3.4548,False,False,0.0,0,0,0,miwifi.com,http://miwifi.com
14,7,0,0,1,0,0,0,0,False,False,0,3.3788,False,False,0.0,0,0,0,doe.gov,http://doe.gov
19,12,0,0,1,0,0,0,0,False,False,0,3.8269,False,False,0.0,0,0,0,qiniudns.com,http://qiniudns.com
19,12,0,0,2,0,0,0,0,False,False,0,3.7871,False,False,0.0,0,0,0,sunbet.co.za,http://sunbet.co.za
13,6,0,0,1,0,0,0,0,False,False,0,3.3927,False,False,0.0,0,0,0,ros.ie,http://ros.ie
24,17,0,0,1,0,1,0,0,False,False,0,4.0016,False,False,0.0,0,0,0,service-public.fr,http://service-public.fr
15,8,0,0,1,0,0,0,0,False,False,0,3.5069,False,False,0.0,0,0,0,cafef.vn,http://cafef.vn
19,12,0,0,1,0,0,0,0,False,False,0,3.6819,False,False,0.0,0,0,0,jftechws.com,http://jftechws.com
20,13,0,0,1,0,0,3,0,False,False,0,3.7842,False,False,0.21428571428571427,0,0,0,porno365.golf,http://porno365.golf
20,13,0,0,1,0,0,0,0,False,False,0,3.6219,False,False,0.0,0,0,0,gogoroyal.com,http://gogoroyal.com
19,12,0,0,1,0,0,0,0,False,False,0,3.6819,False,False,0.0,0,0,0,personio.com,http://personio.com
59,48,1,0,2,1,0,16,0,False,False,0,4.745,False,False,0.4444444444444444,0,0,1,nexusqal.guru,https://hsdaf145f0d35b328f6ab477ecd8a9d0df.nexusqal.guru/#/
17,10,0,0,1,0,0,0,0,False,False,0,3.6169,False,False,0.0,0,0,0,indeed.com,http://indeed.com
22,15,0,0,1,0,0,0,0,False,False,0,4.0049,False,False,0.0,0,0,0,lavoixdunord.fr,http://lavoixdunord.fr
20,13,0,0,1,0,0,0,0,False,False,0,3.8219,False,False,0.0,0,0,0,myworkday.com,http://myworkday.com
22,15,0,0,2,0,0,0,0,False,False,0,3.7888,False,False,0.0,0,0,0,gamemania.co.ke,http://gamemania.co.ke
18,11,0,0,1,0,0,0,0,False,False,0,3.6835,False,False,0.0,0,0,0,tabelog.com,http://tabelog.com
17,10,0,0,1,0,0,0,0,False,False,0,3.5725,False,False,0.0,0,0,0,milfat.com,http://milfat.com
18,11,0,0,1,0,0,0,0,False,False,0,3.5724,False,False,0.0,0,0,0,pngtree.com,http://pngtree.com
18,11,0,0,1,0,0,0,0,False,False,0,3.6144,False,False,0.0,0,0,0,conviva.com,http://conviva.com
22,15,0,0,1,0,0,0,0,False,False,0,3.6292,False,False,0.0,0,0,0,mathrubhumi.com,http://mathrubhumi.com
19,12,0,0,1,0,0,0,0,False,False,0,3.4714,False,False,0.0,0,0,0,mikrotik.com,http://mikrotik.com
17,10,0,0,1,0,0,1,0,False,False,0,3.6901,False,False,0.07692307692307693,0,0,0,tdnsv8.com,http://tdnsv8.com
21,14,0,0,2,0,0,0,0,False,False,0,3.8802,False,False,0.0,0,0,0,ancestry.co.uk,http://ancestry.co.uk
15,8,0,0,1,0,0,0,0,False,False,0,3.3232,False,False,0.0,0,0,0,gihc.net,http://gihc.net
22,15,0,0,1,0,0,0,0,False,False,0,3.352,False,False,0.0,0,0,0,colossusssp.com,http://colossusssp.com
16,9,0,0,1,0,0,0,0,False,False,0,3.5,False,False,0.0,0,0,0,pushd.com,http://pushd.com
20,13,0,0,1,0,0,0,0,False,False,0,3.5219,False,False,0.0,0,0,0,chartbeat.com,http://chartbeat.com
19,12,0,0,1,0,0,0,0,False,False,0,3.5111,False,False,0.0,0,0,0,deloitte.com,http://deloitte.com
15,8,0,0,1,0,0,0,0,False,False,0,3.4566,False,False,0.0,0,0,0,markt.de,http://markt.de
18,11,0,0,1,0,0,0,0,False,False,0,3.5724,False,False,0.0,0,0,0,pubmnet.com,http://pubmnet.com
20,13,0,0,1,0,0,0,0,False,False,0,3.7842,False,False,0.0,0,0,0,aboutads.info,http://aboutads.info
19,12,0,0,1,0,0,0,0,False,False,0,3.3211,False,False,0.0,0,0,0,statista.com,http://statista.com
16,9,0,0,1,0,0,0,0,False,False,0,3.5,False,False,0.0,0,0,0,xerox.com,http://xerox.com
16,9,0,0,1,0,0,0,0,False,False,0,3.3278,False,False,0.0,0,0,0,vinted.de,http://vinted.de
15,8,0,0,1,0,0,0,0,False,False,0,3.4566,False,False,0.0,0,0,0,nobat.ir,http://nobat.ir
20,13,0,0,1,0,0,0,0,False,False,0,3.7842,False,False,0.0,0,0,0,indiewire.com,http://indiewire.com
18,11,0,0,1,0,0,0,0,False,False,0,3.8366,False,False,0.0,0,0,0,domclick.ru,http://domclick.ru
16,9,0,0,1,0,0,0,0,False,False,0,3.625,False,False,0.0,0,0,0,above.com,http://above.com
16,9,0,0,1,0,0,0,0,False,False,0,3.75,False,False,0.0,0,0,0,mvideo.ru,http://mvideo.ru
19,12,0,0,1,0,0,0,0,False,False,0,3.5766,False,False,0.0,0,0,0,ldplayer.net,http://ldplayer.net
13,6,0,0,1,0,0,0,0,False,False,0,3.1808,False,False,0.0,0,0,0,td.com,http://td.com
16,9,0,0,1,0,0,0,0,False,False,0,3.5,False,False,0.0,0,0,0,gcash.com,http://gcash.com
21,14,0,0,1,0,0,0,0,False,False,0,3.749,False,False,0.0,0,0,0,revenuecat.com,http://revenuecat.com
13,6,0,0,1,0,0,0,0,False,False,0,2.8731,False,False,0.0,0,0,0,pin.it,http://pin.it
18,11,0,0,1,0,0,0,0,False,False,0,3.6144,False,False,0.0,0,0,0,komiku.asia,http://komiku.asia
20,13,0,0,1,0,1,2,0,False,False,0,4.0219,False,False,0.14285714285714285,0,0,0,awsdns-30.com,http://awsdns-30.com
17,10,0,0,1,0,0,0,0,False,False,0,3.6169,False,False,0.0,0,0,0,voskhod.ru,http://voskhod.ru
17,10,0,0,1,0,0,0,0,False,False,0,3.2928,False,False,0.0,0,0,0,zomato.com,http://zomato.com
21,14,0,0,1,0,0,0,0,False,False,0,3.8802,False,False,0.0,0,0,0,clientgear.com,http://clientgear.com
17,10,0,0,1,0,0,0,0,False,False,0,3.6901,False,False,0.0,0,0,0,gitlab.com,http://gitlab.com
17,10,0,0,1,0,0,0,0,False,False,0,3.5725,False,False,0.0,0,0,0,applvn.com,http://applvn.com
13,6,0,0,1,0,0,0,0,False,False,0,3.2389,False,False,0.0,0,0,0,ndr.de,http://ndr.de
25,18,0,0,1,0,1,0,0,False,False,0,3.8937,False,False,0.0,0,0,0,sex-studentki.live,http://sex-studentki.live
18,11,0,0,2,0,0,0,0,False,False,0,3.7255,False,False,0.0,0,0,0,leeds.ac.uk,http://leeds.ac.uk
14,7,0,0,1,0,0,0,0,False,False,0,3.5216,False,False,0.0,0,0,0,iea.org,http://iea.org
25,18,0,0,1,0,0,0,0,False,False,0,3.8137,False,False,0.0,0,0,0,digitalaudience.io,http://digitalaudience.io
15,8,0,0,1,0,0,0,0,False,False,0,3.3232,False,False,0.0,0,0,0,tenki.jp,http://tenki.jp
18,11,0,0,2,0,0,0,0,False,False,0,3.6144,False,False,0.0,0,0,0,euro.com.pl,http://euro.com.pl
22,15,0,0,1,0,0,0,0,False,False,0,3.8454,False,False,0.0,0,0,0,rocketmoney.dev,http://rocketmoney.dev
17,10,0,0,1,0,0,0,0,False,False,0,3.5725,False,False,0.0,0,0,0,envato.com,http://envato.com
19,12,0,0,1,0,0,0,0,False,False,0,3.4714,False,False,0.0,0,0,0,elcorreo.com,http://elcorreo.com
21,14,0,0,1,0,0,0,0,False,False,0,3.749,False,False,0.0,0,0,0,playfabapi.com,http://playfabapi.com
23,16,0,0,2,0,0,0,0,False,False,0,3.567,False,False,0.0,0,0,0,alphapolis.co.jp,http://alphapolis.co.jp
20,13,0,0,1,0,1,2,0,False,False,0,3.7842,False,False,0.14285714285714285,0,0,0,awsdns-52.net,http://awsdns-52.net
16,9,0,0,1,0,0,0,0,False,False,0,3.3278,False,False,0.0,0,0,0,sfndns.cn,http://sfndns.cn
18,11,0,0,1,0,0,0,0,False,False,0,3.6144,False,False,0.0,0,0,0,imgflip.com,http://imgflip.com
18,11,0,0,1,0,0,0,0,False,False,0,3.5724,False,False,0.0,0,0,0,history.com,http://history.com
16,9,0,0,1,0,0,0,0,False,False,0,3.4528,False,False,0.0,0,0,0,amazon.ae,http://amazon.ae
24,17,0,0,1,0,0,0,0,False,False,0,3.8554,False,False,0.0,0,0,0,stackexchange.com,http://stackexchange.com
19,12,0,0,1,0,0,0,0,False,False,0,3.7871,False,False,0.0,0,0,0,tcdnlive.com,http://tcdnlive.com
21,14,0,0,1,0,0,0,0,False,False,0,3.5352,False,False,0.0,0,0,0,revcontent.com,http://revcontent.com
18,11,0,0,1,0,0,0,0,False,False,0,3.8366,False,False,0.0,0,0,0,jianshu.com,http://jianshu.com
17,10,0,0,1,0,0,0,0,False,False,0,3.7345,False,False,0.0,0,0,0,ddnavi.com,http://ddnavi.com
19,12,0,0,1,0,0,0,0,False,False,0,3.8269,False,False,0.0,0,0,0,qxbroker.com,http://qxbroker.com
16,9,0,0,1,0,0,0,0,False,False,0,3.4528,False,False,0.0,0,0,0,eater.com,http://eater.com
19,12,0,0,1,0,0,0,0,False,False,0,3.6819,False,False,0.0,0,0,0,newsbeast.gr,http://newsbeast.gr
16,9,0,0,1,0,0,0,0,False,False,0,3.4528,False,False,0.0,0,0,0,gitee.com,http://gitee.com
18,11,0,0,1,0,0,0,0,False,False,0,3.5724,False,False,0.0,0,0,0,vidoomy.com,http://vidoomy.com
13,6,0,0,1,0,1,0,0,False,False,0,3.3927,False,False,0.0,0,0,0,w-x.co,http://w-x.co
18,11,0,0,1,0,0,0,0,False,False,0,3.5724,False,False,0.0,0,0,0,sparteo.com,http://sparteo.com
21,14,0,0,2,0,0,0,0,False,False,0,3.7849,False,False,0.0,0,0,0,therange.co.uk,http://therange.co.uk
21,14,0,0,1,0,0,0,0,False,False,0,3.368,False,False,0.0,0,0,0,prodoctorov.ru,http://prodoctorov.ru
21,14,0,0,1,0,1,0,0,False,False,0,3.7257,False,False,0.0,0,0,0,d-deltanet.com,http://d-deltanet.com
16,9,0,0,2,0,0,0,0,False,False,0,3.625,False,False,0.0,0,0,0,lse.ac.uk,http://lse.ac.uk
20,13,0,0,1,0,0,0,0,False,False,0,3.6219,False,False,0.0,0,0,0,cquotient.com,http://cquotient.com
15,8,0,0,1,0,0,0,0,False,False,0,3.1396,False,False,0.0,0,0,0,ponta.jp,http://ponta.jp
20,13,0,0,1,0,0,0,0,False,False,0,3.8219,False,False,0.0,0,0,0,chinanews.com,http://chinanews.com
17,10,0,0,1,0,0,0,0,False,False,0,3.7345,False,False,0.0,0,0,0,ixigua.com,http://ixigua.com
19,12,0,0,1,0,0,0,0,False,False,0,3.3264,False,False,0.0,0,0,0,datacamp.com,http://datacamp.com
21,14,0,0,1,0,0,0,0,False,False,0,3.5585,False,False,0.0,0,0,0,pornobatsa.org,http://pornobatsa.org
15,8,0,0,1,0,0,0,0,False,False,0,3.6402,False,False,0.0,0,0,0,iucn.org,http://iucn.org
18,11,0,0,1,0,0,0,0,False,False,0,3.6144,False,False,0.0,0,0,0,nordvpn.com,http://nordvpn.com
21,14,0,0,1,0,0,0,0,False,False,0,3.4992,False,False,0.0,0,0,0,betterhelp.com,http://betterhelp.com
14,7,0,0,1,0,0,1,0,False,False,0,3.3249,False,False,0.1,0,0,0,rs6.net,http://rs6.net
14,7,0,0,1,0,0,0,0,False,False,0,3.3249,False,False,0.0,0,0,0,ukr.net,http://ukr.net
14,7,0,0,1,0,0,0,0,False,False,0,3.5216,False,False,0.0,0,0,0,egov.uz,http://egov.uz
15,8,0,0,1,0,0,0,0,False,False,0,3.5069,False,False,0.0,0,0,0,groww.in,http://groww.in
17,10,0,0,1,0,0,0,0,False,False,0,3.3372,False,False,0.0,0,0,0,ecobee.com,http://ecobee.com
14,7,0,0,1,0,0,0,0,False,False,0,3.3788,False,False,0.0,0,0,0,rpi.edu,http://rpi.edu
21,14,0,0,1,0,1,0,0,False,False,0,3.5352,False,False,0.0,0,0,0,t-ipconnect.de,http://t-ipconnect.de
17,10,0,0,1,0,0,0,0,False,False,0,3.5725,False,False,0.0,0,0,0,transip.eu,http://transip.eu
20,13,0,0,1,0,0,0,0,False,False,0,3.5842,False,False,0.0,0,0,0,tremorhub.com,http://tremorhub.com
69,17,44,0,3,1,0,12,0,False,False,0,4.5417,False,False,0.24489795918367346,3,0,1,roblox.com.bi,https://www.roblox.com.bi/users/133565866456/profilemalwarenetworkrat
21,14,0,0,1,0,0,0,0,False,False,0,3.5226,False,False,0.0,0,0,0,pussyspace.net,http://pussyspace.net
13,6,0,0,1,0,0,0,0,False,False,0,3.2389,False,False,0.0,0,0,0,mpg.de,http://mpg.de
13,6,0,0,1,0,0,0,0,False,False,0,3.2389,False,False,0.0,0,0,0,nrk.no,http://nrk.no
20,13,0,0,1,0,0,0,0,False,False,0,3.7842,False,False,0.0,0,0,0,haberturk.com,http://haberturk.com
20,13,0,0,1,0,0,0,0,False,False,0,3.6464,False,False,0.0,0,0,0,icicibank.com,http://icicibank.com
16,9,0,0,1,0,0,0,0,False,False,0,3.3278,False,False,0.0,0,0,0,mmcdn.com,http://mmcdn.com
17,10,0,0,1,0,0,0,0,False,False,0,3.6169,False,False,0.0,0,0,0,sudoku.com,http://sudoku.com
18,11,0,0,1,0,0,0,0,False,False,0,3.7947,False,False,0.0,0,0,0,variety.com,http://variety.com
14,7,0,0,1,0,0,0,0,False,False,0,3.3788,False,False,0.0,0,0,0,jpn.com,http://jpn.com
12,5,0,0,1,0,0,2,0,False,False,0,3.085,False,False,0.2857142857142857,0,0,0,22.cn,http://22.cn
12,5,0,0,1,0,0,0,0,False,False,0,3.085,False,False,0.0,0,0,0,is.fi,http://is.fi
18,11,0,0,1,0,0,0,0,False,False,0,3.5305,False,False,0.0,0,0,0,alfavita.gr,http://alfavita.gr
17,10,0,0,1,0,0,0,0,False,False,0,3.6169,False,False,0.0,0,0,0,esxdos.org,http://esxdos.org
25,18,0,0,1,0,0,0,0,False,False,0,3.8137,False,False,0.0,0,0,0,shonenjumpplus.com,http://shonenjumpplus.com
19,12,0,0,2,0,0,0,0,False,False,0,3.5766,False,False,0.0,0,0,0,sozcu.com.tr,http://sozcu.com.tr
16,9,0,0,1,0,0,0,0,False,False,0,3.625,False,False,0.0,0,0,0,india.com,http://india.com
19,12,0,0,1,0,0,0,0,False,False,0,3.5766,False,False,0.0,0,0,0,tumadouga.jp,http://tumadouga.jp
23,16,0,0,1,0,0,0,0,False,False,0,3.7951,False,False,0.0,0,0,0,scribdassets.com,http://scribdassets.com
15,8,0,0,1,0,0,0,0,False,False,0,3.6402,False,False,0.0,0,0,0,dynu.com,http://dynu.com
23,16,0,0,1,0,0,0,0,False,False,0,3.882,False,False,0.0,0,0,0,horsereality.com,http://horsereality.com
22,15,0,0,1,0,0,0,0,False,False,0,3.516,False,False,0.0,0,0,0,thinkingdata.cn,http://thinkingdata.cn
17,10,0,0,1,0,0,0,0,False,False,0,3.5725,False,False,0.0,0,0,0,egnyte.com,http://egnyte.com
18,11,0,0,1,0,0,0,0,False,False,0,3.6835,False,False,0.0,0,0,0,nflxext.com,http://nflxext.com
19,12,0,0,2,0,0,0,0,False,False,0,3.4316,False,False,0.0,0,0,0,google.co.tz,http://google.co.tz
14,7,0,0,1,0,0,0,0,False,False,0,3.5216,False,False,0.0,0,0,0,gfk.com,http://gfk.com
20,13,0,0,1,0,0,1,0,False,False,0,3.5842,False,False,0.0625,0,0,0,w3schools.com,http://w3schools.com
20,13,0,0,1,0,0,0,0,False,False,0,3.5842,False,False,0.0,0,0,0,porngangg.com,http://porngangg.com
24,17,0,0,1,0,1,0,0,False,False,0,3.9387,False,False,0.0,0,0,0,cdn-cookieyes.com,http://cdn-cookieyes.com
14,7,0,0,1,0,0,0,0,False,False,0,3.3788,False,False,0.0,0,0,0,prom.ua,http://prom.ua
18,11,0,0,1,0,0,0,0,False,False,0,3.6144,False,False,0.0,0,0,0,pingone.com,http://pingone.com
22,15,0,0,1,0,0,3,0,False,False,0,3.8797,False,False,0.1875,0,0,0,score808live.tv,http://score808live.tv
17,10,0,0,1,0,0,0,0,False,False,0,3.5725,False,False,0.0,0,0,0,tuyaeu.com,http://tuyaeu.com
17,10,0,0,1,0,0,0,0,False,False,0,3.6169,False,False,0.0,0,0,0,cxense.com,http://cxense.com
20,13,0,0,1,0,1,1,0,False,False,0,3.7842,False,False,0.06666666666666667,0,0,0,gta5-mods.com,http://gta5-mods.com
22,15,0,0,1,0,0,0,0,False,False,0,3.914,False,False,0.0,0,0,0,caddyserver.com,http://caddyserver.com
16,9,0,0,1,0,0,0,0,False,False,0,3.3278,False,False,0.0,0,0,0,gccdn.net,http://gccdn.net
20,13,0,0,1,0,0,0,0,False,False,0,3.4842,False,False,0.0,0,0,0,hostgator.com,http://hostgator.com
24,17,0,0,1,0,0,0,0,False,False,0,3.7202,False,False,0.0,0,0,0,wordreference.com,http://wordreference.com
22,15,0,0,1,0,0,0,0,False,False,0,3.8797,False,False,0.0,0,0,0,brightcloud.com,http://brightcloud.com
14,7,0,0,1,0,0,0,0,False,False,0,3.182,False,False,0.0,0,0,0,rtve.es,http://rtve.es
16,9,0,0,1,0,0,0,0,False,False,0,3.5,False,False,0.0,0,0,0,panda.org,http://panda.org
21,14,0,0,1,0,0,0,0,False,False,0,3.8802,False,False,0.0,0,0,0,cloudflare.net,http://cloudflare.net
19,12,0,0,1,0,0,0,0,False,False,0,3.6819,False,False,0.0,0,0,0,cdnbuild.net,http://cdnbuild.net
15,8,0,0,1,0,0,0,0,False,False,0,3.5069,False,False,0.0,0,0,0,mym.fans,http://mym.fans
18,11,0,0,1,0,0,0,0,False,False,0,3.5724,False,False,0.0,0,0,0,dropmms.net,http://dropmms.net
13,6,0,0,1,0,0,0,0,False,False,0,3.2389,False,False,0.0,0,0,0,my.com,http://my.com
19,12,0,0,1,0,0,0,0,False,False,0,3.7216,False,False,0.0,0,0,0,collider.com,http://collider.com
20,13,0,0,1,0,0,0,0,False,False,0,3.7219,False,False,0.0,0,0,0,fraunhofer.de,http://fraunhofer.de
19,12,0,0,1,0,0,0,0,False,False,0,3.7871,False,False,0.0,0,0,0,outbrain.com,http://outbrain.com
16,9,0,0,1,0,0,0,0,False,False,0,3.75,False,False,0.0,0,0,0,ksyun.com,http://ksyun.com
29,22,0,0,1,0,0,0,0,False,False,0,4.0044,False,False,0.0,0,0,0,networkadvertising.org,http://networkadvertising.org
21,14,0,0,1,0,1,0,0,False,False,0,3.7849,False,False,0.0,0,0,0,ci-servers.org,http://ci-servers.org
17,10,0,0,2,0,0,0,0,False,False,0,3.5725,False,False,0.0,0,0,0,next.co.uk,http://next.co.uk
19,12,0,0,1,0,0,0,0,False,False,0,3.7871,False,False,0.0,0,0,0,mangafire.to,http://mangafire.to
20,13,0,0,1,0,0,0,0,False,False,0,4.0219,False,False,0.0,0,0,0,brookings.edu,http://brookings.edu
19,12,0,0,1,0,0,0,0,False,False,0,3.7871,False,False,0.0,0,0,0,adentifi.com,http://adentifi.com
22,15,0,0,1,0,0,0,0,False,False,0,4.0049,False,False,0.0,0,0,0,hepsiburada.com,http://hepsiburada.com
13,6,0,0,1,0,0,0,0,False,False,0,3.3927,False,False,0.0,0,0,0,eu.org,http://eu.org
19,12,0,0,1,0,0,0,0,False,False,0,3.8269,False,False,0.0,0,0,0,jsonline.com,http://jsonline.com
22,15,0,0,1,0,0,0,0,False,False,0,3.8454,False,False,0.0,0,0,0,supportview.com,http://supportview.com
27,20,0,0,1,0,0,0,0,False,False,0,4.1343,False,False,0.0,0,0,0,facemojikeyboard.com,http://facemojikeyboard.com
18,11,0,0,1,0,0,0,0,False,False,0,3.8366,False,False,0.0,0,0,0,sbicard.com,http://sbicard.com
18,11,0,0,2,0,0,0,0,False,False,0,3.7255,False,False,0.0,0,0,0,gobid.co.za,http://gobid.co.za
15,8,0,0,1,0,0,0,0,False,False,0,3.4566,False,False,0.0,0,0,0,turbo.az,http://turbo.az
19,12,0,0,2,0,0,0,0,False,False,0,3.5766,False,False,0.0,0,0,0,kmart.com.au,http://kmart.com.au
20,13,0,0,1,0,0,0,0,False,False,0,3.8219,False,False,0.0,0,0,0,funinexch.com,http://funinexch.com
17,10,0,0,1,0,0,0,0,False,False,0,3.4548,False,False,0.0,0,0,0,sfdcfc.net,http://sfdcfc.net
15,8,0,0,1,0,0,0,0,False,False,0,3.3232,False,False,0.0,0,0,0,cvte.com,http://cvte.com
18,11,0,0,1,0,0,0,0,False,False,0,3.7255,False,False,0.0,0,0,0,lokalise.co,http://lokalise.co
22,15,0,0,1,0,0,0,0,False,False,0,3.4594,False,False,0.0,0,0,0,steamserver.net,http://steamserver.net
26,19,0,0,2,0,1,0,0,False,False,0,3.8441,False,False,0.0,0,0,0,bmw-motorrad.com.cn,http://bmw-motorrad.com.cn
20,13,0,0,2,0,0,0,0,False,False,0,3.4464,False,False,0.0,0,0,0,google.com.mt,http://google.com.mt
28,21,0,0,1,0,0,0,0,False,False,0,3.5801,False,False,0.0,0,0,0,sattamatkadpboss.mobi,http://sattamatkadpboss.mobi
20,13,0,0,1,0,0,0,0,False,False,0,3.9219,False,False,0.0,0,0,0,uxfeedback.ru,http://uxfeedback.ru
26,19,0,0,1,0,0,0,0,False,False,0,3.6133,False,False,0.0,0,0,0,tuttomercatoweb.com,http://tuttomercatoweb.com
17,10,0,0,1,0,0,0,0,False,False,0,3.3816,False,False,0.0,0,0,0,chrome.com,http://chrome.com
19,12,0,0,1,0,0,0,0,False,False,0,3.5766,False,False,0.0,0,0,0,addtoany.com,http://addtoany.com
15,8,0,0,1,0,0,0,0,False,False,0,3.2402,False,False,0.0,0,0,0,piano.io,http://piano.io
16,9,0,0,1,0,0,0,0,False,False,0,3.375,False,False,0.0,0,0,0,google.cl,http://google.cl
24,17,0,0,1,0,0,0,0,False,False,0,4.0535,False,False,0.0,0,0,0,youversionapi.com,http://youversionapi.com
14,7,0,0,1,0,0,0,0,False,False,0,3.5216,False,False,0.0,0,0,0,edna.ru,http://edna.ru
19,12,0,0,1,0,0,0,0,False,False,0,3.2608,False,False,0.0,0,0,0,snapsave.app,http://snapsave.app
17,10,0,0,1,0,0,0,0,False,False,0,3.5725,False,False,0.0,0,0,0,wixdns.net,http://wixdns.net
38,29,1,0,2,1,0,0,0,False,False,0,4.1486,False,False,0.0,0,0,1,netlify.app,https://comerciovarejista.netlify.app/
13,6,0,0,1,0,0,0,0,False,False,0,3.3927,False,False,0.0,0,0,0,dns.eu,http://dns.eu
22,15,0,0,1,0,0,0,0,False,False,0,3.5503,False,False,0.0,0,0,0,thunderbird.net,http://thunderbird.net
22,15,0,0,1,0,0,0,0,False,False,0,3.914,False,False,0.0,0,0,0,startribune.com,http://startribune.com
18,11,0,0,1,0,0,0,0,False,False,0,3.5724,False,False,0.0,0,0,0,dorama.land,http://dorama.land
22,15,0,0,1,0,0,0,0,False,False,0,3.8231,False,False,0.0,0,0,0,mypurecloud.com,http://mypurecloud.com
22,15,0,0,1,0,1,0,0,False,False,0,3.6978,False,False,0.0,0,0,0,popin-minus.com,http://popin-minus.com
19,12,0,0,1,0,0,0,0,False,False,0,3.6819,False,False,0.0,0,0,0,exoclick.com,http://exoclick.com
19,12,0,0,1,0,0,0,0,False,False,0,3.6163,False,False,0.0,0,0,0,frdmhere.com,http://frdmhere.com
49,41,1,0,2,1,4,2,0,False,False,0,4.4765,False,False,0.05263157894736842,0,0,1,pages.dev,http://sp4ct-lalmurex-biz8-kurem-dasik.pages.dev/
18,11,0,0,1,0,0,0,0,False,False,0,3.4613,False,False,0.0,0,0,0,acrobat.com,http://acrobat.com
18,11,0,0,1,0,0,0,0,False,False,0,3.7255,False,False,0.0,0,0,0,adobesc.com,http://adobesc.com
25,18,0,0,1,0,0,1,0,False,False,1,3.9435,False,False,0.047619047619047616,0,0,0,5movierulz.support,http://5movierulz.support
23,16,0,0,1,0,0,0,0,False,False,0,4.056,False,False,0.0,0,0,0,trafficjunky.com,http://trafficjunky.com
19,12,0,0,1,0,0,0,0,False,False,0,3.5369,False,False,0.0,0,0,0,gravatar.com,http://gravatar.com
16,9,0,0,1,0,0,0,0,False,False,0,3.625,False,False,0.0,0,0,0,unodc.org,http://unodc.org
17,10,0,0,1,0,0,0,0,False,False,0,3.5725,False,False,0.0,0,0,0,netbird.io,http://netbird.io
17,10,0,0,1,0,0,0,0,False,False,0,3.2928,False,False,0.0,0,0,0,norton.com,http://norton.com
16,9,0,0,1,0,0,0,0,False,False,0,3.625,False,False,0.0,0,0,0,page.link,http://page.link
18,11,0,0,1,0,0,0,0,False,False,0,3.5724,False,False,0.0,0,0,0,airasia.com,http://airasia.com
17,10,0,0,1,0,0,0,0,False,False,0,3.7345,False,False,0.0,0,0,0,funpay.com,http://funpay.com
19,12,0,0,1,0,0,0,0,False,False,0,3.5766,False,False,0.0,0,0,0,ovhcloud.com,http://ovhcloud.com
29,22,0,0,1,0,0,0,0,False,False,0,3.8235,False,False,0.0,0,0,0,convertexperiments.com,http://convertexperiments.com
17,10,0,0,2,0,0,0,0,False,False,0,3.3372,False,False,0.0,0,0,0,www.gov.pl,http://www.gov.pl
20,13,0,0,1,0,0,0,0,False,False,0,3.6219,False,False,0.0,0,0,0,powerapps.com,http://powerapps.com
18,11,0,0,1,0,0,0,0,False,False,0,3.4613,False,False,0.0,0,0,0,charter.com,http://charter.com
13,6,0,0,1,0,0,0,0,False,False,0,3.3927,False,False,0.0,0,0,0,on.aws,http://on.aws
20,13,0,0,2,0,0,0,0,False,False,0,4.0219,False,False,0.0,0,0,0,rexify.com.ng,http://rexify.com.ng
15,8,0,0,1,0,0,1,0,False,False,0,3.1069,False,False,0.09090909090909091,0,0,0,2cnt.net,http://2cnt.net
22,15,0,0,1,0,0,0,0,False,False,0,3.6069,False,False,0.0,0,0,0,myportfolio.com,http://myportfolio.com
16,9,0,0,1,0,0,0,0,False,False,0,3.4528,False,False,0.0,0,0,0,iccku.com,http://iccku.com
13,6,0,0,1,0,0,0,0,False,False,0,3.027,False,False,0.0,0,0,0,ntp.br,http://ntp.br
20,13,0,0,1,0,0,0,0,False,False,0,3.7842,False,False,0.0,0,0,0,edgecdn.world,http://edgecdn.world
22,15,0,0,1,0,0,0,0,False,False,0,3.5503,False,False,0.0,0,0,0,producthunt.com,http://producthunt.com
15,8,0,0,1,0,0,0,0,False,False,0,3.5069,False,False,0.0,0,0,0,xgx.mobi,http://xgx.mobi
20,13,0,0,1,0,0,0,0,False,False,0,3.7219,False,False,0.0,0,0,0,douyincdn.com,http://douyincdn.com
25,18,0,0,1,0,0,0,0,False,False,0,3.8937,False,False,0.0,0,0,0,daringfireball.net,http://daringfireball.net
18,11,0,0,1,0,0,0,0,False,False,0,3.6835,False,False,0.0,0,0,0,admixer.net,http://admixer.net
22,15,0,0,1,0,0,0,0,False,False,0,3.9363,False,False,0.0,0,0,0,gotowebinar.com,http://gotowebinar.com
23,16,0,0,1,0,0,0,0,False,False,0,3.8279,False,False,0.0,0,0,0,goldmansachs.com,http://goldmansachs.com
16,9,0,0,1,0,0,0,0,False,False,0,3.5,False,False,0.0,0,0,0,china.com,http://china.com
19,12,0,0,1,0,0,0,0,False,False,0,3.7216,False,False,0.0,0,0,0,kuiniuca.com,http://kuiniuca.com
17,10,0,0,1,0,0,0,0,False,False,0,3.4104,False,False,0.0,0,0,0,akamai.net,http://akamai.net
16,9,0,0,1,0,0,0,0,False,False,0,3.4528,False,False,0.0,0,0,0,gitlab.io,http://gitlab.io
20,13,0,0,1,0,1,2,0,False,False,0,3.7842,False,False,0.14285714285714285,0,0,0,awsdns-46.net,http://awsdns-46.net
20,13,0,0,1,0,0,0,0,False,False,0,3.5219,False,False,0.0,0,0,0,thumbtack.com,http://thumbtack.com
26,19,0,0,1,0,0,0,0,False,False,0,3.9791,False,False,0.0,0,0,0,novinhabucetuda.com,http://novinhabucetuda.com
15,8,0,0,1,0,0,0,0,False,False,0,3.6402,False,False,0.0,0,0,0,njav.com,http://njav.com
21,14,0,0,1,0,0,0,0,False,False,0,3.8209,False,False,0.0,0,0,0,arcticwolf.net,http://arcticwolf.net
18,11,0,0,1,0,0,0,0,False,False,0,3.3502,False,False,0.0,0,0,0,virgilio.it,http://virgilio.it
18,11,0,0,1,0,1,0,0,False,False,0,3.5305,False,False,0.0,0,0,0,nan-net.com,http://nan-net.com
17,10,0,0,1,0,0,3,0,False,False,0,3.6169,False,False,0.2727272727272727,0,0,0,55bmw6.com,http://55bmw6.com
20,13,0,0,1,0,1,2,0,False,False,0,4.0219,False,False,0.14285714285714285,0,0,0,awsdns-37.com,http://awsdns-37.com
17,10,0,0,1,0,0,0,0,False,False,0,3.5725,False,False,0.0,0,0,0,javsek.net,http://javsek.net
17,10,0,0,1,0,0,0,0,False,False,0,3.6169,False,False,0.0,0,0,0,energy.gov,http://energy.gov
20,13,0,0,1,0,1,2,0,False,False,0,3.7842,False,False,0.14285714285714285,0,0,0,awsdns-43.net,http://awsdns-43.net
15,8,0,0,1,0,0,0,0,False,False,0,3.5069,False,False,0.0,0,0,0,lego.com,http://lego.com
15,8,0,0,1,0,0,0,0,False,False,0,3.6402,False,False,0.0,0,0,0,quark.cn,http://quark.cn
20,13,0,0,1,0,0,0,0,False,False,0,3.5087,False,False,0.0,0,0,0,proofpoint.us,http://proofpoint.us
13,6,0,0,1,0,0,0,0,False,False,0,3.2389,False,False,0.0,0,0,0,so.com,http://so.com
20,13,0,0,1,0,1,2,0,False,False,0,3.7842,False,False,0.14285714285714285,0,0,0,awsdns-24.net,http://awsdns-24.net
15,8,0,0,1,0,0,0,0,False,False,0,3.3736,False,False,0.0,0,0,0,epey.com,http://epey.com
25,18,0,0,1,0,0,0,0,False,False,0,3.8635,False,False,0.0,0,0,0,britishairways.com,http://britishairways.com
21,14,0,0,1,0,0,0,0,False,False,0,3.8209,False,False,0.0,0,0,0,simplisafe.com,http://simplisafe.com
28,20,1,0,2,1,0,6,0,False,False,0,4.155,False,False,0.35294117647058826,0,0,1,icefactory.cl,http://013224.icefactory.cl/
22,15,0,0,1,0,0,0,0,False,False,0,3.6978,False,False,0.0,0,0,0,acehardware.com,http://acehardware.com
18,11,0,0,1,0,0,0,0,False,False,0,3.6835,False,False,0.0,0,0,0,netgear.com,http://netgear.com
18,11,0,0,1,0,0,0,0,False,False,0,3.7255,False,False,0.0,0,0,0,eclipse.org,http://eclipse.org
16,9,0,0,1,0,0,0,0,False,False,0,3.5,False,False,0.0,0,0,0,google.iq,http://google.iq
21,14,0,0,1,0,0,0,0,False,False,0,3.9161,False,False,0.0,0,0,0,wikisource.org,http://wikisource.org
25,18,0,0,1,0,0,0,0,False,False,0,3.8635,False,False,0.0,0,0,0,johndeerecloud.com,http://johndeerecloud.com
18,11,0,0,1,0,0,0,0,False,False,0,3.6835,False,False,0.0,0,0,0,czbooks.net,http://czbooks.net
14,7,0,0,1,0,0,0,0,False,False,0,3.2359,False,False,0.0,0,0,0,zoho.eu,http://zoho.eu
16,9,0,0,1,0,0,0,0,False,False,0,3.625,False,False,0.0,0,0,0,razer.com,http://razer.com
19,12,0,0,2,0,0,0,0,False,False,0,3.5369,False,False,0.0,0,0,0,terra.com.br,http://terra.com.br
17,10,0,0,1,0,0,0,0,False,False,0,3.0286,False,False,0.0,0,0,0,telenet.be,http://telenet.be
18,11,0,0,1,0,0,0,0,False,False,0,3.7255,False,False,0.0,0,0,0,gksmdns.com,http://gksmdns.com
18,11,0,0,2,0,0,0,0,False,False,0,3.7255,False,False,0.0,0,0,0,jamb.gov.ng,http://jamb.gov.ng
18,11,0,0,1,0,0,0,0,False,False,0,3.7947,False,False,0.0,0,0,0,vmailru.net,http://vmailru.net
23,16,0,0,1,0,0,3,0,False,False,0,3.8492,False,False,0.17647058823529413,0,0,0,microsoft365.com,http://microsoft365.com
20,13,0,0,1,0,1,0,0,False,False,0,3.5842,False,False,0.0,0,0,0,html-load.com,http://html-load.com
17,10,0,0,1,0,0,0,0,False,False,0,3.6169,False,False,0.0,0,0,0,glbimg.com,http://glbimg.com
22,15,0,0,1,0,0,0,0,False,False,0,3.7888,False,False,0.0,0,0,0,hostedemail.com,http://hostedemail.com
25,18,0,0,1,0,0,0,0,False,False,0,3.9737,False,False,0.0,0,0,0,nationalreview.com,http://nationalreview.com
20,13,0,0,1,0,0,0,0,False,False,0,3.5219,False,False,0.0,0,0,0,thelancet.com,http://thelancet.com
16,9,0,0,1,0,0,0,0,False,False,0,3.5,False,False,0.0,0,0,0,honda.com,http://honda.com
20,13,0,0,1,0,0,0,0,False,False,0,3.8219,False,False,0.0,0,0,0,disquscdn.com,http://disquscdn.com
14,7,0,0,1,0,0,0,0,False,False,0,3.3788,False,False,0.0,0,0,0,nspk.ru,http://nspk.ru
17,10,0,0,1,0,0,0,0,False,False,0,3.8522,False,False,0.0,0,0,0,desibf.com,http://desibf.com
15,8,0,0,1,0,0,0,0,False,False,0,3.6402,False,False,0.0,0,0,0,avjb.com,http://avjb.com
20,13,0,0,1,0,0,2,0,False,False,0,3.9219,False,False,0.13333333333333333,0,0,0,91mobiles.com,http://91mobiles.com
18,11,0,0,1,0,0,0,0,False,False,0,3.7255,False,False,0.0,0,0,0,wscvdns.com,http://wscvdns.com
21,14,0,0,1,0,0,0,0,False,False,0,3.9754,False,False,0.0,0,0,0,rosminzdrav.ru,http://rosminzdrav.ru
21,14,0,0,1,0,0,0,0,False,False,0,3.6897,False,False,0.0,0,0,0,louisville.edu,http://louisville.edu
19,12,0,0,1,0,0,0,0,False,False,0,3.2211,False,False,0.0,0,0,0,thanhnien.vn,http://thanhnien.vn
23,16,0,0,1,0,0,0,0,False,False,0,3.8279,False,False,0.0,0,0,0,handelsblatt.com,http://handelsblatt.com
15,8,0,0,1,0,0,0,0,False,False,0,3.6402,False,False,0.0,0,0,0,cisa.gov,http://cisa.gov
23,16,0,0,1,0,0,0,0,False,False,0,3.969,False,False,0.0,0,0,0,unlockffbeta.com,http://unlockffbeta.com
22,15,0,0,1,0,0,0,0,False,False,0,3.8454,False,False,0.0,0,0,0,lahuashanbx.com,http://lahuashanbx.com
18,11,0,0,1,0,0,0,0,False,False,0,3.8366,False,False,0.0,0,0,0,medrxiv.org,http://medrxiv.org
19,12,0,0,2,0,0,0,0,False,False,0,3.5766,False,False,0.0,0,0,0,zoopla.co.uk,http://zoopla.co.uk
20,13,0,0,1,0,0,0,0,False,False,0,3.7842,False,False,0.0,0,0,0,dinamalar.com,http://dinamalar.com
15,8,0,0,1,0,0,0,0,False,False,0,3.6402,False,False,0.0,0,0,0,sfile.co,http://sfile.co
23,16,0,0,2,0,0,0,0,False,False,0,3.7951,False,False,0.0,0,0,0,manchester.ac.uk,http://manchester.ac.uk
32,25,0,0,1,0,0,0,0,False,False,0,3.8667,False,False,0.0,0,0,0,expediapartnercentral.com,http://expediapartnercentral.com
18,11,0,0,1,0,0,0,0,False,False,0,3.5724,False,False,0.0,0,0,0,fetlife.com,http://fetlife.com
19,12,0,0,1,0,0,0,0,False,False,0,3.5766,False,False,0.0,0,0,0,yaplakal.com,http://yaplakal.com
16,9,0,0,1,0,0,0,0,False,False,0,3.2806,False,False,0.0,0,0,0,zedge.net,http://zedge.net
21,14,0,0,1,0,0,0,0,False,False,0,3.404,False,False,0.0,0,0,0,shinigami.asia,http://shinigami.asia
26,19,0,0,1,0,0,0,0,False,False,0,3.4885,False,False,0.0,0,0,0,inmotionhosting.com,http://inmotionhosting.com
21,13,1,0,2,1,0,5,0,False,False,0,3.749,False,False,0.45454545454545453,0,0,1,15847.xyz,http://www.15847.xyz/
17,10,0,0,1,0,0,0,0,False,False,0,3.4104,False,False,0.0,0,0,0,msedge.net,http://msedge.net
21,14,0,0,1,0,1,0,0,False,False,0,3.8802,False,False,0.0,0,0,0,serving-sys.ru,http://serving-sys.ru
19,12,0,0,1,0,0,0,0,False,False,0,3.5766,False,False,0.0,0,0,0,tacobell.com,http://tacobell.com
20,13,0,0,1,0,0,0,0,False,False,0,3.6219,False,False,0.0,0,0,0,instacart.com,http://instacart.com
14,7,0,0,1,0,0,0,0,False,False,0,3.3788,False,False,0.0,0,0,0,sbis.ru,http://sbis.ru
13,6,0,0,1,0,0,0,0,False,False,0,3.2389,False,False,0.0,0,0,0,pa.gov,http://pa.gov
117,22,87,0,3,1,0,29,1,False,False,0,4.6554,False,False,0.3717948717948718,3,0,1,portalrenovacao.com,https://br.portalrenovacao.com/pt/accounts_0b957f1e004aa2e9acdcbf2de5b93f54be4b8616ff1dea407b1a2d5daac8adfd/home.php/
20,13,0,0,1,0,0,0,0,False,False,0,3.9219,False,False,0.0,0,0,0,swagbucks.com,http://swagbucks.com
18,11,0,0,1,0,0,0,0,False,False,0,3.5724,False,False,0.0,0,0,0,weather.com,http://weather.com
23,16,0,0,1,0,0,0,0,False,False,0,3.671,False,False,0.0,0,0,0,redditstatic.com,http://redditstatic.com
20,13,0,0,1,0,0,0,0,False,False,0,3.5219,False,False,0.0,0,0,0,dartmouth.edu,http://dartmouth.edu
39,30,1,0,2,1,0,0,0,False,False,0,4.0385,False,False,0.0,0,0,1,webcindario.com,https://reaactivardast.webcindario.com/
17,10,0,0,1,0,0,0,0,False,False,0,3.7345,False,False,0.0,0,0,0,apnews.com,http://apnews.com
24,17,0,0,2,0,0,0,0,False,False,0,3.7721,False,False,0.0,0,0,0,climatempo.com.br,http://climatempo.com.br
14,7,0,0,1,0,0,0,0,False,False,0,3.5216,False,False,0.0,0,0,0,link.me,http://link.me
20,13,0,0,1,0,0,0,0,False,False,0,3.5464,False,False,0.0,0,0,0,meteoblue.com,http://meteoblue.com
25,18,0,0,1,0,0,0,0,False,False,0,3.8635,False,False,0.0,0,0,0,freepornvideos.xxx,http://freepornvideos.xxx
17,10,0,0,1,0,0,0,0,False,False,0,3.6169,False,False,0.0,0,0,0,brainly.in,http://brainly.in
14,7,0,0,1,0,0,1,0,False,False,0,3.3788,False,False,0.1,0,0,0,fc2.com,http://fc2.com
15,8,0,0,1,0,0,3,0,False,False,0,3.3232,False,False,0.3333333333333333,0,0,0,e621.net,http://e621.net
27,20,0,0,1,0,0,0,0,False,False,0,4.0141,False,False,0.0,0,0,0,loobygamesonline.com,http://loobygamesonline.com
23,16,0,0,1,0,0,0,0,False,False,0,3.7081,False,False,0.0,0,0,0,shahrekhabar.com,http://shahrekhabar.com
20,13,0,0,1,0,0,1,0,False,False,0,3.7842,False,False,0.0625,0,0,0,a2hosting.com,http://a2hosting.com
22,15,0,0,1,0,0,0,0,False,False,0,3.6635,False,False,0.0,0,0,0,samsungapps.com,http://samsungapps.com
18,11,0,0,1,0,0,0,0,False,False,0,3.7255,False,False,0.0,0,0,0,kampyle.com,http://kampyle.com
17,10,0,0,1,0,0,0,0,False,False,0,3.1692,False,False,0.0,0,0,0,battle.net,http://battle.net
21,14,0,0,1,0,0,0,0,False,False,0,3.8802,False,False,0.0,0,0,0,wetransfer.com,http://wetransfer.com
17,10,0,0,1,0,0,0,0,False,False,0,3.4992,False,False,0.0,0,0,0,tktube.com,http://tktube.com
22,15,0,0,1,0,0,0,0,False,False,0,3.4429,False,False,0.0,0,0,0,centrastage.net,http://centrastage.net
22,15,0,0,1,0,0,0,0,False,False,0,3.6635,False,False,0.0,0,0,0,lindependant.fr,http://lindependant.fr
19,12,0,0,1,0,0,0,0,False,False,0,3.6819,False,False,0.0,0,0,0,okdiario.com,http://okdiario.com
24,17,0,0,1,0,0,0,0,False,False,0,3.7721,False,False,0.0,0,0,0,paramountplus.com,http://paramountplus.com
20,13,0,0,2,0,0,0,0,False,False,0,3.5842,False,False,0.0,0,0,0,amazon.com.mx,http://amazon.com.mx
17,10,0,0,1,0,0,0,0,False,False,0,3.6169,False,False,0.0,0,0,0,missena.io,http://missena.io
15,8,0,0,1,0,0,0,0,False,False,0,3.5069,False,False,0.0,0,0,0,make.com,http://make.com
22,15,0,0,1,0,0,0,0,False,False,0,3.659,False,False,0.0,0,0,0,statcounter.com,http://statcounter.com
13,6,0,0,1,0,0,0,0,False,False,0,3.3927,False,False,0.0,0,0,0,us.com,http://us.com
16,9,0,0,2,0,0,0,0,False,False,0,3.625,False,False,0.0,0,0,0,wb.gov.in,http://wb.gov.in
21,14,0,0,1,0,0,0,0,False,False,0,3.9161,False,False,0.0,0,0,0,bellemaison.jp,http://bellemaison.jp
25,18,0,0,1,0,0,0,0,False,False,0,3.8137,False,False,0.0,0,0,0,cloudfunctions.net,http://cloudfunctions.net
17,10,0,0,2,0,0,0,0,False,False,0,3.4548,False,False,0.0,0,0,0,aktu.ac.in,http://aktu.ac.in
13,6,0,0,1,0,0,3,0,False,False,0,3.3927,False,False,0.42857142857142855,0,0,0,189.cn,http://189.cn
20,13,0,0,1,0,0,0,0,False,False,0,3.8842,False,False,0.0,0,0,0,infoworld.com,http://infoworld.com
19,12,0,0,1,0,0,0,0,False,False,0,3.4714,False,False,0.0,0,0,0,swisscom.com,http://swisscom.com
14,7,0,0,1,0,0,0,0,False,False,0,3.5216,False,False,0.0,0,0,0,diy.com,http://diy.com
18,11,0,0,1,0,0,0,0,False,False,0,3.5724,False,False,0.0,0,0,0,atomile.com,http://atomile.com
22,15,0,0,1,0,0,0,0,False,False,0,3.5726,False,False,0.0,0,0,0,sangtacviet.app,http://sangtacviet.app
16,9,0,0,1,0,0,0,0,False,False,0,3.75,False,False,0.0,0,0,0,kgslb.com,http://kgslb.com
33,26,0,0,1,0,2,0,0,False,False,0,4.0815,False,False,0.0,0,0,0,app-analytics-services.com,http://app-analytics-services.com
19,12,0,0,1,0,0,0,0,False,False,0,3.5111,False,False,0.0,0,0,0,trusteer.com,http://trusteer.com
29,22,0,0,1,0,0,0,0,False,False,0,4.0473,False,False,0.0,0,0,0,washingtonexaminer.com,http://washingtonexaminer.com
21,14,0,0,1,0,0,0,0,False,False,0,3.5538,False,False,0.0,0,0,0,rosdomofon.com,http://rosdomofon.com
21,14,0,0,1,0,0,0,0,False,False,0,3.7849,False,False,0.0,0,0,0,liebertpub.com,http://liebertpub.com
16,9,0,0,1,0,0,0,0,False,False,0,3.25,False,False,0.0,0,0,0,xnxtt.com,http://xnxtt.com
19,12,0,0,1,0,0,0,0,False,False,0,3.6819,False,False,0.0,0,0,0,microsoft.us,http://microsoft.us
15,8,0,0,1,0,0,0,0,False,False,0,3.3232,False,False,0.0,0,0,0,lsapp.eu,http://lsapp.eu
21,14,0,0,2,0,0,0,0,False,False,0,3.7849,False,False,0.0,0,0,0,impots.gouv.fr,http://impots.gouv.fr
17,10,0,0,1,0,0,0,0,False,False,0,3.4104,False,False,0.0,0,0,0,boston.com,http://boston.com
28,21,0,0,1,0,0,0,0,False,False,0,3.7804,False,False,0.0,0,0,0,googleusercontent.com,http://googleusercontent.com
22,15,0,0,1,0,0,0,0,False,False,0,3.7322,False,False,0.0,0,0,0,glorioushop.com,http://glorioushop.com
19,12,0,0,1,0,0,0,0,False,False,0,3.6819,False,False,0.0,0,0,0,zijieapi.com,http://zijieapi.com
20,13,0,0,1,0,0,0,0,False,False,0,3.9219,False,False,0.0,0,0,0,familyclub.jp,http://familyclub.jp
18,11,0,0,1,0,0,0,0,False,False,0,3.6144,False,False,0.0,0,0,0,wikiloc.com,http://wikiloc.com
13,6,0,0,1,0,0,0,0,False,False,0,3.3927,False,False,0.0,0,0,0,gr.com,http://gr.com
16,9,0,0,2,0,0,0,0,False,False,0,3.2028,False,False,0.0,0,0,0,mof.go.th,http://mof.go.th
17,10,0,0,1,0,0,0,0,False,False,0,3.3816,False,False,0.0,0,0,0,atomex.net,http://atomex.net
20,13,0,0,1,0,0,0,0,False,False,0,3.7219,False,False,0.0,0,0,0,elespanol.com,http://elespanol.com
47,39,1,0,2,1,2,0,0,False,False,0,4.3337,False,False,0.0,0,0,1,framer.website,http://spectrum-webmail-loginzs.framer.website/
25,18,0,0,1,0,3,4,0,False,False,0,3.8937,False,True,0.26666666666666666,0,0,0,xn--69-6tia3cb.net,http://xn--69-6tia3cb.net
24,17,0,0,1,0,0,0,0,False,False,0,3.7516,False,False,0.0,0,0,0,azurewebsites.net,http://azurewebsites.net
17,10,0,0,1,0,0,0,0,False,False,0,3.7345,False,False,0.0,0,0,0,sexlog.com,http://sexlog.com
18,11,0,0,1,0,0,0,0,False,False,0,3.6144,False,False,0.0,0,0,0,sporcle.com,http://sporcle.com
17,10,0,0,1,0,0,0,0,False,False,0,3.5725,False,False,0.0,0,0,0,hochi.news,http://hochi.news
19,12,0,0,1,0,0,0,0,False,False,0,3.8269,False,False,0.0,0,0,0,fbpigeon.com,http://fbpigeon.com
13,6,0,0,1,0,0,0,0,False,False,0,3.027,False,False,0.0,0,0,0,de.net,http://de.net
19,12,0,0,1,0,0,0,0,False,False,0,3.8269,False,False,0.0,0,0,0,ouraring.com,http://ouraring.com
15,8,0,0,1,0,0,0,0,False,False,0,3.4566,False,False,0.0,0,0,0,visx.net,http://visx.net
29,22,0,0,1,0,0,0,0,False,False,0,4.0213,False,False,0.0,0,0,0,samsungelectronics.com,http://samsungelectronics.com
19,12,0,0,1,0,0,0,0,False,False,0,3.8269,False,False,0.0,0,0,0,josporn.club,http://josporn.club
20,13,0,0,1,0,0,0,0,False,False,0,3.9219,False,False,0.0,0,0,0,koselarab.com,http://koselarab.com
17,10,0,0,1,0,0,0,0,False,False,0,3.5725,False,False,0.0,0,0,0,matrix.org,http://matrix.org
18,11,0,0,1,0,0,3,0,False,False,0,3.9477,False,False,0.25,0,0,0,79king1.com,http://79king1.com
17,10,0,0,1,0,0,0,0,False,False,0,3.7345,False,False,0.0,0,0,0,ueiwsp.com,http://ueiwsp.com
20,13,0,0,1,0,0,0,0,False,False,0,3.8219,False,False,0.0,0,0,0,ufgrowfun.com,http://ufgrowfun.com
19,12,0,0,1,0,0,0,0,False,False,0,3.6163,False,False,0.0,0,0,0,conforama.fr,http://conforama.fr
27,20,0,0,1,0,0,0,0,False,False,0,4.0603,False,False,0.0,0,0,0,medicalnewstoday.com,http://medicalnewstoday.com
20,13,0,0,1,0,0,0,0,False,False,0,3.7842,False,False,0.0,0,0,0,omnitagjs.com,http://omnitagjs.com
22,15,0,0,1,0,0,2,0,False,False,0,3.8797,False,False,0.11764705882352941,0,0,0,ilsole24ore.com,http://ilsole24ore.com
21,14,0,0,2,0,0,0,0,False,False,0,3.8209,False,False,0.0,0,0,0,eghrmis.gov.my,http://eghrmis.gov.my
17,10,0,0,1,0,0,0,0,False,False,0,3.7345,False,False,0.0,0,0,0,frhiys.com,http://frhiys.com
13,6,0,0,1,0,0,0,0,False,False,0,3.0851,False,False,0.0,0,0,0,nic.ch,http://nic.ch
18,11,0,0,1,0,0,0,0,False,False,0,3.3083,False,False,0.0,0,0,0,kicktipp.de,http://kicktipp.de
20,13,0,0,1,0,0,0,0,False,False,0,3.8219,False,False,0.0,0,0,0,flashscore.ua,http://flashscore.ua
20,13,0,0,2,0,0,2,0,False,False,0,3.9219,False,False,0.14285714285714285,0,0,0,10jqka.com.cn,http://10jqka.com.cn
17,10,0,0,1,0,0,0,0,False,False,0,3.6169,False,False,0.0,0,0,0,sascdn.com,http://sascdn.com
18,11,0,0,1,0,0,0,0,False,False,0,3.7255,False,False,0.0,0,0,0,carwale.com,http://carwale.com
18,11,0,0,1,0,0,0,0,False,False,0,3.6144,False,False,0.0,0,0,0,eonline.com,http://eonline.com
22,15,0,0,2,0,1,2,0,False,False,0,4.0958,False,False,0.13333333333333333,0,0,0,awsdns-28.co.uk,http://awsdns-28.co.uk
20,13,0,0,1,0,0,0,0,False,False,0,3.7219,False,False,0.0,0,0,0,audiomack.com,http://audiomack.com
21,14,0,0,1,0,0,0,0,False,False,0,3.8209,False,False,0.0,0,0,0,virustotal.com,http://virustotal.com
16,9,0,0,2,0,0,0,0,False,False,0,3.5,False,False,0.0,0,0,0,eb.mil.br,http://eb.mil.br
22,15,0,0,1,0,0,0,0,False,False,0,3.5726,False,False,0.0,0,0,0,medicinenet.com,http://medicinenet.com
23,16,0,0,1,0,0,0,0,False,False,0,3.8492,False,False,0.0,0,0,0,mihanwebhost.com,http://mihanwebhost.com
19,12,0,0,2,0,0,0,0,False,False,0,3.3006,False,False,0.0,0,0,0,iinet.net.au,http://iinet.net.au
22,15,0,0,1,0,0,0,0,False,False,0,3.914,False,False,0.0,0,0,0,alexismilan.com,http://alexismilan.com
15,8,0,0,1,0,0,0,0,False,False,0,3.3736,False,False,0.0,0,0,0,xpvid.cc,http://xpvid.cc
28,7,13,0,1,0,0,0,0,False,False,0,3.7265,False,False,0.0,1,0,1,spoo.me,https://spoo.me/es-santander
19,12,0,0,1,0,0,2,0,False,False,0,3.6163,False,False,0.14285714285714285,0,0,0,33across.com,http://33across.com
16,9,0,0,1,0,0,0,0,False,False,0,3.4528,False,False,0.0,0,0,0,sogou.com,http://sogou.com
20,13,0,0,1,0,1,2,0,False,False,0,3.7842,False,False,0.14285714285714285,0,0,0,awsdns-06.net,http://awsdns-06.net
12,5,0,0,1,0,0,0,0,False,False,0,3.2516,False,False,0.0,0,0,0,iz.ru,http://iz.ru
22,15,0,0,1,0,0,0,0,False,False,0,3.8231,False,False,0.0,0,0,0,kingofshojo.com,http://kingofshojo.com
27,20,0,0,1,0,1,0,0,False,False,0,3.7919,False,False,0.0,0,0,0,itorrents-igruha.org,http://itorrents-igruha.org
19,12,0,0,1,0,0,0,0,False,False,0,3.4714,False,False,0.0,0,0,0,bamboohr.com,http://bamboohr.com
17,10,0,0,1,0,0,0,0,False,False,0,3.7345,False,False,0.0,0,0,0,unisys.com,http://unisys.com
14,7,0,0,1,0,0,0,0,False,False,0,3.3788,False,False,0.0,0,0,0,nme.com,http://nme.com
21,14,0,0,1,0,0,2,0,False,False,0,4.0114,False,False,0.125,0,0,0,yg5sjx5kzy.com,http://yg5sjx5kzy.com
17,10,0,0,1,0,0,0,0,False,False,0,3.4992,False,False,0.0,0,0,0,namnak.com,http://namnak.com
17,10,0,0,1,0,0,0,0,False,False,0,3.7345,False,False,0.0,0,0,0,amd.online,http://amd.online
20,13,0,0,1,0,0,0,0,False,False,0,3.6842,False,False,0.0,0,0,0,uuidksinc.net,http://uuidksinc.net
17,10,0,0,1,0,0,0,0,False,False,0,3.3816,False,False,0.0,0,0,0,meesho.com,http://meesho.com
21,14,0,0,2,0,1,0,0,False,False,0,3.6897,False,False,0.0,0,0,0,e-tesda.gov.ph,http://e-tesda.gov.ph
16,9,0,0,1,0,0,0,0,False,False,0,3.375,False,False,0.0,0,0,0,google.lk,http://google.lk
16,9,0,0,1,0,0,0,0,False,False,0,3.2028,False,False,0.0,0,0,0,google.ee,http://google.ee
21,14,0,0,1,0,0,0,0,False,False,0,3.8802,False,False,0.0,0,0,0,otakudesu.blog,http://otakudesu.blog
17,10,0,0,1,0,0,0,0,False,False,0,3.4992,False,False,0.0,0,0,0,mapbox.com,http://mapbox.com
17,10,0,0,1,0,0,0,0,False,False,0,3.5725,False,False,0.0,0,0,0,fastpic.ru,http://fastpic.ru
19,12,0,0,2,0,0,0,0,False,False,0,3.7216,False,False,0.0,0,0,0,amazon.co.uk,http://amazon.co.uk
11,4,0,0,1,0,0,0,0,False,False,0,3.0958,False,False,0.0,0,0,0,g.co,http://g.co
16,9,0,0,1,0,0,0,0,False,False,0,3.5,False,False,0.0,0,0,0,nheos.com,http://nheos.com
17,10,0,0,1,0,0,0,0,False,False,0,3.7345,False,False,0.0,0,0,0,ledger.com,http://ledger.com
40,31,1,0,2,1,1,0,0,False,False,0,4.1653,False,False,0.0,0,0,1,officiall-events.com,https://redemption.officiall-events.com/
14,7,0,0,1,0,0,0,0,False,False,0,3.182,False,False,0.0,0,0,0,tupi.fm,http://tupi.fm
16,9,0,0,1,0,0,0,0,False,False,0,3.4528,False,False,0.0,0,0,0,lijit.com,http://lijit.com
19,12,0,0,1,0,0,0,0,False,False,0,3.5766,False,False,0.0,0,0,0,gosuslugi.ru,http://gosuslugi.ru
19,12,0,0,1,0,0,0,0,False,False,0,3.8269,False,False,0.0,0,0,0,azurerms.com,http://azurerms.com
19,12,0,0,1,0,0,0,0,False,False,0,3.8269,False,False,0.0,0,0,0,onedrive.com,http://onedrive.com
23,16,0,0,1,0,0,0,0,False,False,0,3.8492,False,False,0.0,0,0,0,loteriadehoy.com,http://loteriadehoy.com
17,10,0,0,1,0,0,0,0,False,False,0,3.4548,False,False,0.0,0,0,0,sandai.net,http://sandai.net
17,10,0,0,1,0,0,1,0,False,False,0,3.6901,False,False,0.07692307692307693,0,0,0,bet9ja.com,http://bet9ja.com
20,13,0,0,1,0,0,1,0,False,False,0,3.6842,False,False,0.0625,0,0,0,wso2.download,http://wso2.download
20,13,0,0,1,0,0,0,0,False,False,0,3.8219,False,False,0.0,0,0,0,podscribe.com,http://podscribe.com
25,18,0,0,1,0,0,0,0,False,False,0,3.8333,False,False,0.0,0,0,0,everydayhealth.com,http://everydayhealth.com
16,9,0,0,1,0,0,0,0,False,False,0,3.3278,False,False,0.0,0,0,0,trezor.io,http://trezor.io
21,14,0,0,1,0,0,0,0,False,False,0,3.8802,False,False,0.0,0,0,0,invisalign.com,http://invisalign.com
20,13,0,0,1,0,0,0,0,False,False,0,3.6842,False,False,0.0,0,0,0,tubemogul.com,http://tubemogul.com
14,7,0,0,1,0,0,0,0,False,False,0,3.3249,False,False,0.0,0,0,0,gmx.net,http://gmx.net
15,8,0,0,1,0,0,0,0,False,False,0,3.1899,False,False,0.0,0,0,0,scoop.it,http://scoop.it
16,9,0,0,1,0,0,0,0,False,False,0,3.5,False,False,0.0,0,0,0,youku.com,http://youku.com
19,12,0,0,1,0,1,0,0,False,False,0,3.7871,False,False,0.0,0,0,0,px-cloud.net,http://px-cloud.net
17,10,0,0,1,0,0,0,0,False,False,0,3.7345,False,False,0.0,0,0,0,zabbix.com,http://zabbix.com
20,13,0,0,1,0,0,0,0,False,False,0,3.4087,False,False,0.0,0,0,0,moovitapp.com,http://moovitapp.com
18,11,0,0,1,0,0,0,0,False,False,0,3.7255,False,False,0.0,0,0,0,weforum.org,http://weforum.org
26,19,0,0,1,0,0,0,0,False,False,0,3.6903,False,False,0.0,0,0,0,thesimsresource.com,http://thesimsresource.com
19,12,0,0,1,0,0,0,0,False,False,0,3.6819,False,False,0.0,0,0,0,infocyte.com,http://infocyte.com
24,17,0,0,1,0,1,0,0,False,False,0,4.0221,False,False,0.0,0,0,0,sberbank-tele.com,http://sberbank-tele.com
20,13,0,0,1,0,0,0,0,False,False,0,3.7219,False,False,0.0,0,0,0,leparisien.fr,http://leparisien.fr
19,12,0,0,2,0,0,0,0,False,False,0,3.5766,False,False,0.0,0,0,0,univie.ac.at,http://univie.ac.at
18,11,0,0,1,0,0,0,0,False,False,0,3.8366,False,False,0.0,0,0,0,redbull.com,http://redbull.com
15,8,0,0,1,0,0,0,0,False,False,0,3.5069,False,False,0.0,0,0,0,yccdn.ru,http://yccdn.ru
14,7,0,0,1,0,0,0,0,False,False,0,3.3788,False,False,0.0,0,0,0,loc.gov,http://loc.gov
17,10,0,0,1,0,0,0,0,False,False,0,3.5725,False,False,0.0,0,0,0,moodle.org,http://moodle.org
17,10,0,0,2,0,0,0,0,False,False,0,3.3816,False,False,0.0,0,0,0,ltn.com.tw,http://ltn.com.tw
20,13,0,0,1,0,0,0,0,False,False,0,3.5842,False,False,0.0,0,0,0,openrouter.ai,http://openrouter.ai
18,11,0,0,1,0,0,0,0,False,False,0,3.8366,False,False,0.0,0,0,0,allocine.fr,http://allocine.fr
18,11,0,0,2,0,0,0,0,False,False,0,3.6144,False,False,0.0,0,0,0,espn.com.mx,http://espn.com.mx
18,11,0,0,1,0,0,0,0,False,False,0,3.8366,False,False,0.0,0,0,0,baycrews.jp,http://baycrews.jp
19,12,0,0,1,0,1,0,0,False,False,0,3.8269,False,False,0.0,0,0,0,ad-score.com,http://ad-score.com
19,12,0,0,1,0,0,0,0,False,False,0,3.5766,False,False,0.0,0,0,0,farfetch.com,http://farfetch.com
16,9,0,0,1,0,0,0,0,False,False,0,3.5,False,False,0.0,0,0,0,google.ci,http://google.ci
21,14,0,0,1,0,0,0,0,False,False,0,3.6538,False,False,0.0,0,0,0,inaccuracy.net,http://inaccuracy.net
20,13,0,0,1,0,0,0,0,False,False,0,3.5842,False,False,0.0,0,0,0,mhverifier.ru,http://mhverifier.ru
18,11,0,0,1,0,0,0,0,False,False,0,3.7255,False,False,0.0,0,0,0,selcloud.ru,http://selcloud.ru
22,15,0,0,1,0,0,0,0,False,False,0,3.6292,False,False,0.0,0,0,0,aboutamazon.com,http://aboutamazon.com
23,16,0,0,2,0,0,0,0,False,False,0,3.7951,False,False,0.0,0,0,0,eventbrite.co.uk,http://eventbrite.co.uk
20,13,0,0,1,0,0,0,0,False,False,0,3.6842,False,False,0.0,0,0,0,ensighten.com,http://ensighten.com
18,11,0,0,1,0,0,0,0,False,False,0,3.8366,False,False,0.0,0,0,0,newsroom.bi,http://newsroom.bi
24,17,0,0,1,0,0,0,0,False,False,0,3.8035,False,False,0.0,0,0,0,arbeitsagentur.de,http://arbeitsagentur.de
14,7,0,0,1,0,0,0,0,False,False,0,3.182,False,False,0.0,0,0,0,casa.it,http://casa.it
22,15,0,0,1,0,0,0,0,False,False,0,3.6978,False,False,0.0,0,0,0,fastcompany.com,http://fastcompany.com
16,9,0,0,1,0,0,0,0,False,False,0,3.5,False,False,0.0,0,0,0,jobcan.jp,http://jobcan.jp
15,8,0,0,1,0,0,0,0,False,False,0,3.3232,False,False,0.0,0,0,0,avant.si,http://avant.si
14,7,0,0,1,0,0,0,0,False,False,0,3.3788,False,False,0.0,0,0,0,csfd.cz,http://csfd.cz
14,7,0,0,1,0,0,0,0,False,False,0,3.3249,False,False,0.0,0,0,0,atol.ru,http://atol.ru
17,10,0,0,1,0,0,0,0,False,False,0,3.5725,False,False,0.0,0,0,0,clamav.net,http://clamav.net
18,11,0,0,1,0,0,0,0,False,False,0,3.5724,False,False,0.0,0,0,0,walmart.com,http://walmart.com
27,20,0,0,1,0,0,0,0,False,False,0,3.736,False,False,0.0,0,0,0,truepeoplesearch.com,http://truepeoplesearch.com
22,15,0,0,1,0,0,0,0,False,False,0,3.4772,False,False,0.0,0,0,0,bbcgoodfood.com,http://bbcgoodfood.com
19,12,0,0,1,0,0,0,0,False,False,0,3.6819,False,False,0.0,0,0,0,tagsrvcs.com,http://tagsrvcs.com
14,7,0,0,1,0,0,0,0,False,False,0,3.3788,False,False,0.0,0,0,0,cnrs.fr,http://cnrs.fr
23,16,0,0,1,0,0,0,0,False,False,0,3.882,False,False,0.0,0,0,0,workspaceone.com,http://workspaceone.com
20,13,0,0,1,0,1,0,0,False,False,0,3.5219,False,False,0.0,0,0,0,nitori-net.jp,http://nitori-net.jp
21,14,0,0,1,0,0,0,0,False,False,0,3.8802,False,False,0.0,0,0,0,devicetask.com,http://devicetask.com
19,12,0,0,1,0,0,0,0,False,False,0,3.7216,False,False,0.0,0,0,0,supabase.com,http://supabase.com
21,14,0,0,1,0,0,0,0,False,False,0,3.7849,False,False,0.0,0,0,0,leroymerlin.fr,http://leroymerlin.fr
26,19,0,0,1,0,0,0,0,False,False,0,3.7483,False,False,0.0,0,0,0,startappservice.com,http://startappservice.com
19,12,0,0,2,0,0,1,0,False,False,0,3.7216,False,False,0.07142857142857142,0,0,0,dnsv1.com.cn,http://dnsv1.com.cn
16,9,0,0,1,0,0,0,0,False,False,0,3.4528,False,False,0.0,0,0,0,amazon.it,http://amazon.it
22,15,0,0,1,0,0,0,0,False,False,0,3.7888,False,False,0.0,0,0,0,samsungapis.com,http://samsungapis.com
18,11,0,0,1,0,0,0,0,False,False,0,3.6144,False,False,0.0,0,0,0,lesechos.fr,http://lesechos.fr
19,12,0,0,1,0,0,0,0,False,False,0,3.6819,False,False,0.0,0,0,0,etherscan.io,http://etherscan.io
16,9,0,0,1,0,0,0,0,False,False,0,3.2028,False,False,0.0,0,0,0,google.ge,http://google.ge
16,9,0,0,1,0,0,0,0,False,False,0,3.3278,False,False,0.0,0,0,0,adtdp.com,http://adtdp.com
56,37,12,0,3,1,4,0,0,False,False,0,4.2217,False,False,0.0,1,0,1,replit.app,http://php-web-server--usuariomex.replit.app/indexx.html
14,7,0,0,1,0,0,0,0,False,False,0,3.5216,False,False,0.0,0,0,0,oaed.gr,http://oaed.gr
14,7,0,0,1,0,0,0,0,False,False,0,3.182,False,False,0.0,0,0,0,bbb.org,http://bbb.org
18,11,0,0,1,0,0,2,0,False,False,0,3.7255,False,False,0.15384615384615385,0,0,0,91porny.com,http://91porny.com
17,10,0,0,1,0,0,0,0,False,False,0,3.3372,False,False,0.0,0,0,0,crisp.chat,http://crisp.chat
17,10,0,0,1,0,0,0,0,False,False,0,3.6169,False,False,0.0,0,0,0,alipay.com,http://alipay.com
20,13,0,0,1,0,0,0,0,False,False,0,3.5219,False,False,0.0,0,0,0,statuspage.io,http://statuspage.io
17,10,0,0,1,0,0,0,0,False,False,0,3.4992,False,False,0.0,0,0,0,hawaii.gov,http://hawaii.gov
53,45,1,0,2,1,3,10,0,False,False,0,4.7226,False,False,0.2857142857142857,0,0,1,pages.dev,http://bgrfd34qnk-hwcps82zlk-9i4g2g-mt492d.pages.dev/
15,8,0,0,1,0,1,0,0,False,False,0,3.4566,False,False,0.0,0,0,0,a-mo.net,http://a-mo.net
18,11,0,0,1,0,0,0,0,False,False,0,3.5724,False,False,0.0,0,0,0,pomorska.pl,http://pomorska.pl
18,11,0,0,1,0,0,0,0,False,False,0,3.5033,False,False,0.0,0,0,0,eropuru.com,http://eropuru.com
18,11,0,0,1,0,0,0,0,False,False,0,3.6144,False,False,0.0,0,0,0,dziennik.pl,http://dziennik.pl
21,14,0,0,1,0,0,0,0,False,False,0,3.9161,False,False,0.0,0,0,0,livescore.mobi,http://livescore.mobi
15,8,0,0,1,0,0,1,0,False,False,0,3.5069,False,False,0.09090909090909091,0,0,0,1geki.jp,http://1geki.jp
19,12,0,0,1,0,0,0,0,False,False,0,3.8269,False,False,0.0,0,0,0,onlyfans.com,http://onlyfans.com
21,14,0,0,1,0,0,0,0,False,False,0,3.6538,False,False,0.0,0,0,0,menshealth.com,http://menshealth.com
23,16,0,0,2,0,0,0,0,False,False,0,3.5014,False,False,0.0,0,0,0,manutouch.com.cn,http://manutouch.com.cn
19,12,0,0,1,0,0,0,0,False,False,0,3.8269,False,False,0.0,0,0,0,onlinepbx.ru,http://onlinepbx.ru
16,9,0,0,1,0,0,0,0,False,False,0,3.5,False,False,0.0,0,0,0,xnhau.you,http://xnhau.you
18,11,0,0,1,0,0,0,0,False,False,0,3.4613,False,False,0.0,0,0,0,tinypic.com,http://tinypic.com
22,15,0,0,1,0,0,0,0,False,False,0,3.8454,False,False,0.0,0,0,0,mydramalist.com,http://mydramalist.com
19,12,0,0,1,0,0,0,0,False,False,0,3.9321,False,False,0.0,0,0,0,yuvideos.com,http://yuvideos.com
21,14,0,0,1,0,0,0,0,False,False,0,3.9161,False,False,0.0,0,0,0,useinsider.com,http://useinsider.com
23,16,0,0,1,0,0,0,0,False,False,0,3.4642,False,False,0.0,0,0,0,theintercept.com,http://theintercept.com
18,11,0,0,1,0,0,0,0,False,False,0,3.7255,False,False,0.0,0,0,0,vonedge.com,http://vonedge.com
13,6,0,0,1,0,0,0,0,False,False,0,3.2389,False,False,0.0,0,0,0,rr.com,http://rr.com
20,13,0,0,1,0,1,2,0,False,False,0,4.0219,False,False,0.14285714285714285,0,0,0,awsdns-18.com,http://awsdns-18.com
14,7,0,0,1,0,0,0,0,False,False,0,3.182,False,False,0.0,0,0,0,aaa.com,http://aaa.com
22,15,0,0,1,0,1,0,0,False,False,0,3.8797,False,False,0.0,0,0,0,dropbox-dns.com,http://dropbox-dns.com
13,6,0,0,1,0,0,0,0,False,False,0,3.027,False,False,0.0,0,0,0,dto.jp,http://dto.jp
26,19,0,0,1,0,0,0,0,False,False,0,4.1329,False,False,0.0,0,0,0,consumerfinance.gov,http://consumerfinance.gov
14,7,0,0,1,0,0,1,0,False,False,0,3.3788,False,False,0.1,0,0,0,b2c.com,http://b2c.com
20,13,0,0,1,0,1,0,0,False,False,0,3.7842,False,False,0.0,0,0,0,temp-mail.org,http://temp-mail.org
16,9,0,0,1,0,0,0,0,False,False,0,3.375,False,False,0.0,0,0,0,dnspod.cn,http://dnspod.cn
13,6,0,0,1,0,0,2,0,False,False,0,3.3927,False,False,0.25,0,0,0,58.com,http://58.com
25,18,0,0,1,0,1,0,0,False,False,0,4.0537,False,False,0.0,0,0,0,xda-developers.com,http://xda-developers.com
14,7,0,0,1,0,0,0,0,False,False,0,3.3788,False,False,0.0,0,0,0,eff.org,http://eff.org
21,14,0,0,1,0,0,0,0,False,False,0,3.8802,False,False,0.0,0,0,0,getpublica.com,http://getpublica.com
20,13,0,0,1,0,0,0,0,False,False,0,3.7842,False,False,0.0,0,0,0,directvgo.com,http://directvgo.com
20,13,0,0,1,0,0,0,0,False,False,0,3.7842,False,False,0.0,0,0,0,aljazeera.com,http://aljazeera.com
17,10,0,0,1,0,0,0,0,False,False,0,3.4548,False,False,0.0,0,0,0,meshok.net,http://meshok.net
19,12,0,0,1,0,0,0,0,False,False,0,3.9321,False,False,0.0,0,0,0,vanguard.com,http://vanguard.com
20,13,0,0,1,0,1,2,0,False,False,0,4.0219,False,False,0.14285714285714285,0,0,0,awsdns-26.com,http://awsdns-26.com
17,10,0,0,1,0,0,0,0,False,False,0,3.4992,False,False,0.0,0,0,0,chmfin.com,http://chmfin.com
18,11,0,0,1,0,0,0,0,False,False,0,3.7255,False,False,0.0,0,0,0,lunalabs.io,http://lunalabs.io
15,8,0,0,1,0,0,0,0,False,False,0,3.1396,False,False,0.0,0,0,0,goto.com,http://goto.com
14,7,0,0,1,0,0,0,0,False,False,0,3.3788,False,False,0.0,0,0,0,aade.gr,http://aade.gr
20,13,0,0,1,0,1,2,0,False,False,0,3.7842,False,False,0.14285714285714285,0,0,0,awsdns-51.net,http://awsdns-51.net
18,11,0,0,1,0,0,0,0,False,False,0,3.5724,False,False,0.0,0,0,0,aptoide.com,http://aptoide.com
20,13,0,0,1,0,0,0,0,False,False,0,3.5219,False,False,0.0,0,0,0,xhamster.best,http://xhamster.best
28,21,0,0,1,0,0,0,0,False,False,0,3.9947,False,False,0.0,0,0,0,syndicatedsearch.goog,http://syndicatedsearch.goog
31,24,0,0,1,0,0,0,0,False,False,0,4.1069,False,False,0.0,0,0,0,guinnessworldrecords.com,http://guinnessworldrecords.com
21,14,0,0,1,0,0,0,0,False,False,0,3.7257,False,False,0.0,0,0,0,convertkit.com,http://convertkit.com
14,7,0,0,1,0,0,0,0,False,False,0,3.5216,False,False,0.0,0,0,0,ria.com,http://ria.com
18,11,0,0,1,0,0,0,0,False,False,0,3.4613,False,False,0.0,0,0,0,yesplay.bet,http://yesplay.bet
20,13,0,0,1,0,1,0,0,False,False,0,3.7842,False,False,0.0,0,0,0,bell-labs.com,http://bell-labs.com
27,20,0,0,1,0,1,0,0,False,False,0,3.9582,False,False,0.0,0,0,0,vidmate-official.com,http://vidmate-official.com
24,17,0,0,1,0,0,0,0,False,False,0,3.8035,False,False,0.0,0,0,0,szerencsejatek.hu,http://szerencsejatek.hu
17,10,0,0,1,0,0,0,0,False,False,0,3.6169,False,False,0.0,0,0,0,nsfwph.org,http://nsfwph.org
17,10,0,0,1,0,0,0,0,False,False,0,3.4992,False,False,0.0,0,0,0,pubnub.com,http://pubnub.com
20,13,0,0,1,0,0,0,0,False,False,0,3.7464,False,False,0.0,0,0,0,proxytg.space,http://proxytg.space
20,13,0,0,1,0,0,0,0,False,False,0,3.7219,False,False,0.0,0,0,0,supercell.com,http://supercell.com
18,11,0,0,1,0,0,0,0,False,False,0,3.3921,False,False,0.0,0,0,0,hentaila.tv,http://hentaila.tv
16,9,0,0,1,0,0,0,0,False,False,0,3.625,False,False,0.0,0,0,0,gyazo.com,http://gyazo.com
22,15,0,0,1,0,1,0,0,False,False,0,3.9706,False,False,0.0,0,0,0,list-manage.com,http://list-manage.com
17,10,0,0,1,0,0,0,0,False,False,0,3.5725,False,False,0.0,0,0,0,dhgate.com,http://dhgate.com
22,15,0,0,2,0,0,0,0,False,False,0,3.6069,False,False,0.0,0,0,0,hurriyet.com.tr,http://hurriyet.com.tr
15,8,0,0,1,0,0,0,0,False,False,0,3.3232,False,False,0.0,0,0,0,fool.com,http://fool.com
22,15,0,0,2,0,0,0,0,False,False,0,3.5726,False,False,0.0,0,0,0,meteored.com.ar,http://meteored.com.ar
18,11,0,0,2,0,0,0,0,False,False,0,3.5724,False,False,0.0,0,0,0,unsw.edu.au,http://unsw.edu.au
18,11,0,0,1,0,0,0,0,False,False,0,3.6835,False,False,0.0,0,0,0,lgtvsdp.com,http://lgtvsdp.com
17,10,0,0,1,0,0,0,0,False,False,0,3.8522,False,False,0.0,0,0,0,anjuke.com,http://anjuke.com
16,9,0,0,1,0,0,0,0,False,False,0,3.625,False,False,0.0,0,0,0,orange.fr,http://orange.fr
24,17,0,0,1,0,1,0,0,False,False,0,3.6054,False,False,0.0,0,0,0,uni-goettingen.de,http://uni-goettingen.de
22,15,0,0,1,0,0,0,0,False,False,0,3.8231,False,False,0.0,0,0,0,chinamobile.com,http://chinamobile.com
19,12,0,0,1,0,0,0,0,False,False,0,3.2608,False,False,0.0,0,0,0,whatsapp.net,http://whatsapp.net
17,10,0,0,1,0,0,0,0,False,False,0,3.6169,False,False,0.0,0,0,0,dns.google,http://dns.google
14,7,0,0,1,0,0,0,0,False,False,0,3.2359,False,False,0.0,0,0,0,epfl.ch,http://epfl.ch
22,15,0,0,1,0,0,0,0,False,False,0,3.4251,False,False,0.0,0,0,0,icicidirect.com,http://icicidirect.com
18,11,0,0,1,0,0,0,0,False,False,0,3.5724,False,False,0.0,0,0,0,dropbox.com,http://dropbox.com
14,7,0,0,1,0,0,0,0,False,False,0,3.3788,False,False,0.0,0,0,0,lcw.com,http://lcw.com
16,9,0,0,2,0,0,0,0,False,False,0,3.3278,False,False,0.0,0,0,0,tn.gov.in,http://tn.gov.in
16,9,0,0,1,0,0,0,0,False,False,0,3.3278,False,False,0.0,0,0,0,hotpic.me,http://hotpic.me
14,7,0,0,1,0,0,0,0,False,False,0,3.3788,False,False,0.0,0,0,0,cbp.gov,http://cbp.gov
20,13,0,0,1,0,0,0,0,False,False,0,3.4842,False,False,0.0,0,0,0,cootlogix.com,http://cootlogix.com
17,10,0,0,1,0,0,0,0,False,False,0,3.4992,False,False,0.0,0,0,0,samhsa.gov,http://samhsa.gov
13,6,0,0,1,0,0,0,0,False,False,0,3.027,False,False,0.0,0,0,0,tci.ir,http://tci.ir
136,17,112,0,4,1,0,15,4,False,False,0,5.0808,False,False,0.14018691588785046,3,0,1,vh.net.pl,http://vh18568.vh.net.pl/TD/TD-ZE5KIzX0UW4&oauth_key_signature=eyJraWQOiJrUFVqdlNhT25GWUVDakpjMmV1MXJvNGxnb2VFeXJJb2tCbU1X3BiZXN/app.php
25,18,0,0,1,0,0,0,0,False,False,0,3.7639,False,False,0.0,0,0,0,steamcommunity.com,http://steamcommunity.com
15,8,0,0,1,0,1,0,0,False,False,0,3.5069,False,False,0.0,0,0,0,a-mx.com,http://a-mx.com
22,15,0,0,1,0,0,0,0,False,False,0,3.516,False,False,0.0,0,0,0,canadiantire.ca,http://canadiantire.ca
22,15,0,0,1,0,0,0,0,False,False,0,4.0049,False,False,0.0,0,0,0,hugedomains.com,http://hugedomains.com
17,10,0,0,1,0,0,0,0,False,False,0,3.7345,False,False,0.0,0,0,0,planfix.ru,http://planfix.ru
16,9,0,0,1,0,0,0,0,False,False,0,3.4528,False,False,0.0,0,0,0,ivoox.com,http://ivoox.com
26,19,0,0,1,0,2,0,0,False,False,0,3.8403,False,False,0.0,0,0,0,satta-king-fast.com,http://satta-king-fast.com
20,13,0,0,1,0,0,0,0,False,False,0,3.7219,False,False,0.0,0,0,0,raiffeisen.ru,http://raiffeisen.ru
17,10,0,0,1,0,0,0,0,False,False,0,3.5725,False,False,0.0,0,0,0,typing.com,http://typing.com
23,16,0,0,1,0,0,0,0,False,False,0,3.7081,False,False,0.0,0,0,0,crossthegame.com,http://crossthegame.com
17,10,0,0,1,0,0,0,0,False,False,0,3.4548,False,False,0.0,0,0,0,allegro.pl,http://allegro.pl
20,13,0,0,1,0,0,0,0,False,False,0,3.8842,False,False,0.0,0,0,0,darknaija.com,http://darknaija.com
19,12,0,0,1,0,0,0,0,False,False,0,3.6819,False,False,0.0,0,0,0,gosexpod.com,http://gosexpod.com
17,10,0,0,1,0,0,0,0,False,False,0,3.6901,False,False,0.0,0,0,0,united.com,http://united.com
22,15,0,0,1,0,1,0,0,False,False,0,3.914,False,False,0.0,0,0,0,miku-doujin.com,http://miku-doujin.com
20,13,0,0,1,0,0,0,0,False,False,0,3.6842,False,False,0.0,0,0,0,lpsnmedia.net,http://lpsnmedia.net
19,12,0,0,1,0,0,0,0,False,False,0,3.7871,False,False,0.0,0,0,0,tamilgun.now,http://tamilgun.now
21,14,0,0,1,0,0,0,0,False,False,0,3.7849,False,False,0.0,0,0,0,paddypower.com,http://paddypower.com
17,10,0,0,1,0,0,2,0,False,False,0,3.4992,False,False,0.16666666666666666,0,0,0,check24.de,http://check24.de
26,19,0,0,1,0,0,0,0,False,False,0,3.9501,False,False,0.0,0,0,0,clevelandclinic.org,http://clevelandclinic.org
14,7,0,0,1,0,0,0,0,False,False,0,3.182,False,False,0.0,0,0,0,tass.ru,http://tass.ru
20,13,0,0,1,0,0,0,0,False,False,0,3.6842,False,False,0.0,0,0,0,amazonaws.com,http://amazonaws.com
19,12,0,0,1,0,0,0,0,False,False,0,3.7216,False,False,0.0,0,0,0,missouri.edu,http://missouri.edu
17,10,0,0,1,0,0,0,0,False,False,0,3.3372,False,False,0.0,0,0,0,msport.com,http://msport.com
20,13,0,0,1,0,0,0,0,False,False,0,3.7219,False,False,0.0,0,0,0,flashscore.pe,http://flashscore.pe
18,11,0,0,1,0,0,0,0,False,False,0,3.4613,False,False,0.0,0,0,0,rutgers.edu,http://rutgers.edu
13,6,0,0,1,0,0,2,0,False,False,0,3.1808,False,False,0.25,0,0,0,t13.io,http://t13.io
18,11,0,0,1,0,0,0,0,False,False,0,3.4194,False,False,0.0,0,0,0,telegram.me,http://telegram.me
22,15,0,0,1,0,1,0,0,False,False,0,3.9706,False,False,0.0,0,0,0,adguard-dns.com,http://adguard-dns.com
30,23,0,0,1,0,0,0,0,False,False,0,3.8062,False,False,0.0,0,0,0,protrafficinspector.com,http://protrafficinspector.com
21,14,0,0,1,0,0,0,0,False,False,0,3.7849,False,False,0.0,0,0,0,googleapis.com,http://googleapis.com
18,11,0,0,1,0,0,0,0,False,False,0,3.281,False,False,0.0,0,0,0,assoass.com,http://assoass.com
20,13,0,0,1,0,0,0,0,False,False,0,3.9219,False,False,0.0,0,0,0,cloudbirds.cn,http://cloudbirds.cn
17,10,0,0,2,0,0,0,0,False,False,0,3.3372,False,False,0.0,0,0,0,www.nhs.uk,http://www.nhs.uk
12,5,0,0,1,0,0,0,0,False,False,0,3.2516,False,False,0.0,0,0,0,w.org,http://w.org
16,9,0,0,1,0,0,0,0,False,False,0,3.625,False,False,0.0,0,0,0,agones.gr,http://agones.gr
19,12,0,0,1,0,0,0,0,False,False,0,3.5766,False,False,0.0,0,0,0,sendgrid.net,http://sendgrid.net
17,10,0,0,1,0,0,0,0,False,False,0,3.3816,False,False,0.0,0,0,0,pullcm.com,http://pullcm.com
16,9,0,0,1,0,0,0,0,False,False,0,3.1556,False,False,0.0,0,0,0,ssstik.io,http://ssstik.io
24,17,0,0,1,0,0,0,0,False,False,0,3.7202,False,False,0.0,0,0,0,generatepress.com,http://generatepress.com
16,9,0,0,1,0,0,0,0,False,False,0,3.625,False,False,0.0,0,0,0,pangle.io,http://pangle.io
24,17,0,0,1,0,1,0,0,False,False,0,4.1683,False,False,0.0,0,0,0,brand-display.com,http://brand-display.com
20,13,0,0,1,0,0,0,0,False,False,0,3.7842,False,False,0.0,0,0,0,azcentral.com,http://azcentral.com
13,6,0,0,1,0,0,0,0,False,False,0,3.027,False,False,0.0,0,0,0,pia.jp,http://pia.jp
18,11,0,0,1,0,0,0,0,False,False,0,3.5724,False,False,0.0,0,0,0,digicert.cn,http://digicert.cn
25,18,0,0,1,0,0,0,0,False,False,0,3.7835,False,False,0.0,0,0,0,fineartamerica.com,http://fineartamerica.com
17,10,0,0,1,0,0,2,0,False,False,0,3.5725,False,False,0.16666666666666666,0,0,0,f95zone.to,http://f95zone.to
18,11,0,0,1,0,0,0,0,False,False,0,3.8366,False,False,0.0,0,0,0,arizona.edu,http://arizona.edu
18,11,0,0,1,0,0,0,0,False,False,0,3.7255,False,False,0.0,0,0,0,windows.com,http://windows.com
20,13,0,0,1,0,1,2,0,False,False,0,3.7842,False,False,0.14285714285714285,0,0,0,awsdns-59.net,http://awsdns-59.net
17,10,0,0,1,0,1,0,0,False,False,0,3.4548,False,False,0.0,0,0,0,aka-ns.net,http://aka-ns.net
17,10,0,0,1,0,0,0,0,False,False,0,3.8522,False,False,0.0,0,0,0,mindbox.ru,http://mindbox.ru
21,14,0,0,1,0,0,0,0,False,False,0,3.4585,False,False,0.0,0,0,0,techtarget.com,http://techtarget.com
19,12,0,0,1,0,0,0,0,False,False,0,3.8269,False,False,0.0,0,0,0,ipxserve.com,http://ipxserve.com
15,8,0,0,1,0,0,2,0,False,False,0,3.0566,False,False,0.2,0,0,0,bet88.ph,http://bet88.ph
16,9,0,0,1,0,0,0,0,False,False,0,3.4528,False,False,0.0,0,0,0,about.com,http://about.com
17,10,0,0,1,0,0,0,0,False,False,0,3.7345,False,False,0.0,0,0,0,novinky.cz,http://novinky.cz
17,10,0,0,1,0,0,0,0,False,False,0,3.5725,False,False,0.0,0,0,0,etrade.com,http://etrade.com
18,11,0,0,1,0,0,0,0,False,False,0,3.4613,False,False,0.0,0,0,0,acsbapp.com,http://acsbapp.com
21,14,0,0,1,0,0,0,0,False,False,0,3.4992,False,False,0.0,0,0,0,forocoches.com,http://forocoches.com
19,12,0,0,1,0,0,0,0,False,False,0,3.7871,False,False,0.0,0,0,0,elfsight.com,http://elfsight.com
16,9,0,0,1,0,0,0,0,False,False,0,3.5,False,False,0.0,0,0,0,scirp.org,http://scirp.org
31,24,0,0,1,0,3,0,0,False,False,0,4.1069,False,False,0.0,0,0,0,this-domain-for-sale.com,http://this-domain-for-sale.com
14,7,0,0,1,0,0,0,0,False,False,0,3.0391,False,False,0.0,0,0,0,cntv.cn,http://cntv.cn
19,12,0,0,1,0,0,0,0,False,False,0,3.7871,False,False,0.0,0,0,0,kueezrtb.com,http://kueezrtb.com
17,10,0,0,2,0,0,0,0,False,False,0,3.6169,False,False,0.0,0,0,0,nla.gov.au,http://nla.gov.au
23,16,0,0,1,0,0,0,0,False,False,0,4.056,False,False,0.0,0,0,0,weixinbridge.com,http://weixinbridge.com
15,8,0,0,1,0,0,0,0,False,False,0,3.3736,False,False,0.0,0,0,0,cpsc.gov,http://cpsc.gov
16,9,0,0,1,0,0,0,0,False,False,0,3.375,False,False,0.0,0,0,0,avtub.net,http://avtub.net
24,17,0,0,1,0,1,0,0,False,False,0,3.8035,False,False,0.0,0,0,0,tiktokrow-cdn.com,http://tiktokrow-cdn.com
14,7,0,0,1,0,0,0,0,False,False,0,3.5216,False,False,0.0,0,0,0,sun.com,http://sun.com
22,15,0,0,1,0,0,0,0,False,False,0,3.5383,False,False,0.0,0,0,0,ardmediathek.de,http://ardmediathek.de
17,10,0,0,1,0,0,0,0,False,False,0,3.7345,False,False,0.0,0,0,0,workman.jp,http://workman.jp
22,15,0,0,1,0,0,0,0,False,False,0,3.4817,False,False,0.0,0,0,0,mangakakalot.gg,http://mangakakalot.gg
18,11,0,0,1,0,0,3,0,False,False,0,3.6144,False,False,0.25,0,0,0,porn300.com,http://porn300.com
19,12,0,0,1,0,0,0,0,False,False,0,3.6163,False,False,0.0,0,0,0,dnsdomen.com,http://dnsdomen.com
16,9,0,0,1,0,0,0,0,False,False,0,3.2028,False,False,0.0,0,0,0,sports.ru,http://sports.ru
21,14,0,0,1,0,0,0,0,False,False,0,3.5945,False,False,0.0,0,0,0,codecademy.com,http://codecademy.com
19,12,0,0,1,0,0,0,0,False,False,0,3.5766,False,False,0.0,0,0,0,doordash.com,http://doordash.com
18,11,0,0,1,0,1,0,0,False,False,0,3.6835,False,False,0.0,0,0,0,my-best.com,http://my-best.com
19,12,0,0,1,0,0,1,0,False,False,0,3.7871,False,False,0.06666666666666667,0,0,0,liputan6.com,http://liputan6.com
19,12,0,0,1,0,0,0,0,False,False,0,3.7216,False,False,0.0,0,0,0,spreaker.com,http://spreaker.com
17,10,0,0,1,0,0,0,0,False,False,0,3.5725,False,False,0.0,0,0,0,telecid.ru,http://telecid.ru
21,14,0,0,1,0,0,0,0,False,False,0,3.5538,False,False,0.0,0,0,0,etsystatic.com,http://etsystatic.com
19,12,0,0,1,0,0,0,0,False,False,0,3.5369,False,False,0.0,0,0,0,palcloset.jp,http://palcloset.jp
29,20,1,0,2,1,0,5,0,False,False,0,4.2282,False,False,0.2631578947368421,0,0,1,icefactory.cl,https://a43970.icefactory.cl/
20,13,0,0,2,0,0,0,0,False,False,0,3.5842,False,False,0.0,0,0,0,acesso.gov.pt,http://acesso.gov.pt
16,9,0,0,1,0,0,0,0,False,False,0,3.4528,False,False,0.0,0,0,0,iqiyi.com,http://iqiyi.com
22,15,0,0,1,0,0,0,0,False,False,0,4.0049,False,False,0.0,0,0,0,myherbalife.com,http://myherbalife.com
19,12,0,0,1,0,1,0,0,False,False,0,3.4714,False,False,0.0,0,0,0,t-msedge.net,http://t-msedge.net
18,11,0,0,1,0,0,0,0,False,False,0,3.6835,False,False,0.0,0,0,0,rackcdn.com,http://rackcdn.com
20,13,0,0,2,0,0,0,0,False,False,0,3.2842,False,False,0.0,0,0,0,aarnet.net.au,http://aarnet.net.au
18,11,0,0,1,0,1,0,0,False,False,0,3.5724,False,False,0.0,0,0,0,turf-fr.com,http://turf-fr.com
16,9,0,0,1,0,0,0,0,False,False,0,3.625,False,False,0.0,0,0,0,weibo.com,http://weibo.com
15,8,0,0,1,0,0,0,0,False,False,0,3.3736,False,False,0.0,0,0,0,drpc.org,http://drpc.org
18,11,0,0,1,0,0,0,0,False,False,0,3.5305,False,False,0.0,0,0,0,gitbook.com,http://gitbook.com
15,8,0,0,2,0,0,0,0,False,False,0,3.5069,False,False,0.0,0,0,0,ed.ac.uk,http://ed.ac.uk
158,40,20,89,2,1,4,38,6,False,False,0,5.1277,True,False,0.3877551020408163,1,3,1,pages.dev,https://sp25ct-taneku-biz-zoravi-melun.pages.dev/rtyu-iopj-qewr-thjm?welcome=109034458175433&idnp=109034458175433&name_idnp=Daisy%20Lain%20Vintage%20Jewellery
15,8,0,0,1,0,0,0,0,False,False,0,3.3232,False,False,0.0,0,0,0,zdbb.net,http://zdbb.net
16,9,0,0,1,0,0,2,0,False,False,0,3.625,False,False,0.18181818181818182,0,0,0,rule34.us,http://rule34.us
15,8,0,0,1,0,0,0,0,False,False,0,3.3232,False,False,0.0,0,0,0,rqtrk.eu,http://rqtrk.eu
16,9,0,0,1,0,1,0,0,False,False,0,3.625,False,False,0.0,0,0,0,a-ads.com,http://a-ads.com
23,16,0,0,1,0,0,0,0,False,False,0,3.7623,False,False,0.0,0,0,0,dashnxdomain.net,http://dashnxdomain.net
25,18,0,0,1,0,0,0,0,False,False,0,3.8439,False,False,0.0,0,0,0,hindustantimes.com,http://hindustantimes.com
34,26,1,0,2,1,2,0,0,False,False,0,3.8559,False,False,0.0,0,0,1,pages.dev,http://app-ledger-guide.pages.dev/
25,18,0,0,1,0,0,0,0,False,False,0,3.9435,False,False,0.0,0,0,0,microsoftonline.us,http://microsoftonline.us
16,9,0,0,1,0,0,0,0,False,False,0,3.5,False,False,0.0,0,0,0,google.cf,http://google.cf
22,15,0,0,1,0,0,0,0,False,False,0,3.9363,False,False,0.0,0,0,0,rainberrytv.com,http://rainberrytv.com
16,9,0,0,1,0,0,0,0,False,False,0,3.5,False,False,0.0,0,0,0,adplay.ru,http://adplay.ru
20,13,0,0,1,0,0,0,0,False,False,0,3.6464,False,False,0.0,0,0,0,demonware.net,http://demonware.net
14,7,0,0,1,0,0,0,0,False,False,0,3.182,False,False,0.0,0,0,0,fout.jp,http://fout.jp
13,6,0,0,1,0,0,0,0,False,False,0,3.027,False,False,0.0,0,0,0,kth.se,http://kth.se
18,11,0,0,1,0,1,0,0,False,False,0,3.5724,False,False,0.0,0,0,0,git-scm.com,http://git-scm.com
17,10,0,0,1,0,0,0,0,False,False,0,3.7345,False,False,0.0,0,0,0,rfihub.com,http://rfihub.com
19,12,0,0,1,0,0,0,0,False,False,0,3.9321,False,False,0.0,0,0,0,benzinga.com,http://benzinga.com
22,15,0,0,1,0,0,0,0,False,False,0,4.0958,False,False,0.0,0,0,0,linksynergy.com,http://linksynergy.com
19,12,0,0,1,0,1,0,0,False,False,0,3.6163,False,False,0.0,0,0,0,go-manga.com,http://go-manga.com
20,13,0,0,2,0,0,0,0,False,False,0,3.6464,False,False,0.0,0,0,0,jakarta.go.id,http://jakarta.go.id
16,9,0,0,1,0,0,0,0,False,False,0,3.4528,False,False,0.0,0,0,0,kozow.com,http://kozow.com
20,13,0,0,1,0,1,2,0,False,False,0,4.0219,False,False,0.14285714285714285,0,0,0,awsdns-60.com,http://awsdns-60.com
21,14,0,0,1,0,0,0,0,False,False,0,3.8802,False,False,0.0,0,0,0,eatingwell.com,http://eatingwell.com
24,17,0,0,1,0,0,0,0,False,False,0,3.9387,False,False,0.0,0,0,0,sarkariresult.com,http://sarkariresult.com
24,17,0,0,2,0,0,0,0,False,False,0,3.8868,False,False,0.0,0,0,0,timesonline.co.uk,http://timesonline.co.uk
18,11,0,0,1,0,0,0,0,False,False,0,3.5033,False,False,0.0,0,0,0,bstatic.com,http://bstatic.com
15,8,0,0,1,0,0,0,0,False,False,0,3.3232,False,False,0.0,0,0,0,pypi.org,http://pypi.org
19,12,0,0,1,0,1,0,0,False,False,0,3.7871,False,False,0.0,0,0,0,unifi-ai.com,http://unifi-ai.com
25,18,0,0,1,0,0,0,0,False,False,0,3.7337,False,False,0.0,0,0,0,huffingtonpost.com,http://huffingtonpost.com
16,9,0,0,1,0,0,0,0,False,False,0,3.2028,False,False,0.0,0,0,0,neon.tech,http://neon.tech
21,14,0,0,1,0,0,0,0,False,False,0,3.6304,False,False,0.0,0,0,0,gamebanana.com,http://gamebanana.com
13,6,0,0,1,0,0,0,0,False,False,0,3.3927,False,False,0.0,0,0,0,ru.com,http://ru.com
23,16,0,0,1,0,1,0,0,False,False,0,3.8492,False,False,0.0,0,0,0,privacy-mgmt.com,http://privacy-mgmt.com
23,16,0,0,1,0,0,0,0,False,False,0,3.2733,False,False,0.0,0,0,0,thethaovanhoa.vn,http://thethaovanhoa.vn
17,10,0,0,1,0,0,0,0,False,False,0,3.4548,False,False,0.0,0,0,0,hotjar.com,http://hotjar.com
20,13,0,0,1,0,0,0,0,False,False,0,3.9219,False,False,0.0,0,0,0,herokudns.com,http://herokudns.com
19,12,0,0,2,0,0,0,0,False,False,0,3.5766,False,False,0.0,0,0,0,apple.com.cn,http://apple.com.cn
19,12,0,0,2,0,0,0,0,False,False,0,3.4714,False,False,0.0,0,0,0,catho.com.br,http://catho.com.br
14,7,0,0,1,0,0,0,0,False,False,0,3.182,False,False,0.0,0,0,0,dmm.com,http://dmm.com
19,12,0,0,1,0,0,0,0,False,False,0,3.3211,False,False,0.0,0,0,0,togetter.com,http://togetter.com
23,16,0,0,1,0,1,0,0,False,False,0,3.584,False,False,0.0,0,0,0,dc-telemetry.net,http://dc-telemetry.net
15,8,0,0,1,0,0,0,0,False,False,0,3.3232,False,False,0.0,0,0,0,storm.mg,http://storm.mg
22,15,0,0,1,0,1,0,0,False,False,0,3.7322,False,False,0.0,0,0,0,market-qx.trade,http://market-qx.trade
17,10,0,0,1,0,0,0,0,False,False,0,3.8522,False,False,0.0,0,0,0,eukdns.com,http://eukdns.com
24,17,0,0,1,0,0,0,0,False,False,0,3.8035,False,False,0.0,0,0,0,rockstargames.com,http://rockstargames.com
19,12,0,0,1,0,0,0,0,False,False,0,3.6819,False,False,0.0,0,0,0,bluehost.com,http://bluehost.com
16,9,0,0,1,0,0,1,0,False,False,0,3.75,False,False,0.08333333333333333,0,0,0,dnse0.com,http://dnse0.com
12,5,0,0,1,0,0,0,0,False,False,0,3.085,False,False,0.0,0,0,0,cp.sk,http://cp.sk
26,19,0,0,1,0,0,0,0,False,False,0,3.9501,False,False,0.0,0,0,0,yenicaggazetesi.com,http://yenicaggazetesi.com
18,11,0,0,1,0,0,0,0,False,False,0,3.4194,False,False,0.0,0,0,0,hihonor.com,http://hihonor.com
22,15,0,0,1,0,1,0,0,False,False,0,3.7544,False,False,0.0,0,0,0,spov-msedge.net,http://spov-msedge.net
23,16,0,0,2,0,0,0,0,False,False,0,3.969,False,False,0.0,0,0,0,sainsburys.co.uk,http://sainsburys.co.uk
33,26,0,0,1,0,0,0,0,False,False,0,3.9196,False,False,0.0,0,0,0,twittervideodownloader.com,http://twittervideodownloader.com
17,10,0,0,1,0,0,0,0,False,False,0,3.4548,False,False,0.0,0,0,0,sxyprn.net,http://sxyprn.net
24,17,0,0,1,0,0,0,0,False,False,0,3.9702,False,False,0.0,0,0,0,menlosecurity.com,http://menlosecurity.com
15,8,0,0,1,0,0,0,0,False,False,0,3.1899,False,False,0.0,0,0,0,ipapi.co,http://ipapi.co
13,6,0,0,1,0,0,0,0,False,False,0,3.2389,False,False,0.0,0,0,0,ivi.ru,http://ivi.ru
14,7,0,0,1,0,0,0,0,False,False,0,3.2359,False,False,0.0,0,0,0,haxx.se,http://haxx.se
14,7,0,0,1,0,0,0,0,False,False,0,3.3788,False,False,0.0,0,0,0,zadn.vn,http://zadn.vn
21,14,0,0,1,0,0,0,0,False,False,0,3.5945,False,False,0.0,0,0,0,rednotecdn.com,http://rednotecdn.com
16,9,0,0,1,0,0,0,0,False,False,0,3.25,False,False,0.0,0,0,0,fonts.net,http://fonts.net
20,13,0,0,1,0,0,0,0,False,False,0,3.6842,False,False,0.0,0,0,0,sofascore.com,http://sofascore.com
19,12,0,0,1,0,0,0,0,False,False,0,3.8269,False,False,0.0,0,0,0,deadline.com,http://deadline.com
18,11,0,0,1,0,0,0,0,False,False,0,3.5033,False,False,0.0,0,0,0,sorrisi.com,http://sorrisi.com
16,9,0,0,1,0,0,0,0,False,False,0,3.5,False,False,0.0,0,0,0,xxpkg.com,http://xxpkg.com
25,18,0,0,1,0,2,3,0,False,False,0,4.2439,False,False,0.17647058823529413,0,0,0,vercel-dns-016.com,http://vercel-dns-016.com
16,9,0,0,2,0,0,0,0,False,False,0,3.4528,False,False,0.0,0,0,0,tsc.go.ke,http://tsc.go.ke
21,14,0,0,1,0,0,0,0,False,False,0,3.6897,False,False,0.0,0,0,0,popcornnews.ru,http://popcornnews.ru
16,9,0,0,1,0,0,0,0,False,False,0,3.5,False,False,0.0,0,0,0,msnbc.com,http://msnbc.com
15,8,0,0,1,0,0,0,0,False,False,0,3.0566,False,False,0.0,0,0,0,booth.pm,http://booth.pm
21,14,0,0,1,0,0,1,0,False,False,0,3.7849,False,False,0.058823529411764705,0,0,0,xhamster1.desi,http://xhamster1.desi
12,5,0,0,1,0,0,1,0,False,False,0,3.2516,False,False,0.125,0,0,0,1c.ru,http://1c.ru
14,7,0,0,1,0,0,0,0,False,False,0,3.5216,False,False,0.0,0,0,0,joyn.de,http://joyn.de
22,15,0,0,2,0,1,2,0,False,False,0,4.0958,False,False,0.13333333333333333,0,0,0,awsdns-48.co.uk,http://awsdns-48.co.uk
20,13,0,0,1,0,0,1,0,False,False,0,3.7842,False,False,0.0625,0,0,0,xhamster2.com,http://xhamster2.com
15,8,0,0,1,0,0,0,0,False,False,0,3.6402,False,False,0.0,0,0,0,sina.com,http://sina.com
21,14,0,0,1,0,0,0,0,False,False,0,3.9161,False,False,0.0,0,0,0,blackberry.com,http://blackberry.com
19,12,0,0,1,0,0,0,0,False,False,0,3.4714,False,False,0.0,0,0,0,eltiempo.com,http://eltiempo.com
17,10,0,0,1,0,0,3,0,False,False,0,3.2928,False,False,0.2727272727272727,0,0,0,site777.jp,http://site777.jp
14,7,0,0,1,0,0,0,0,False,False,0,2.9502,False,False,0.0,0,0,0,gitv.tv,http://gitv.tv
23,16,0,0,1,0,0,0,0,False,False,0,3.654,False,False,0.0,0,0,0,websitedemos.net,http://websitedemos.net
22,15,0,0,1,0,0,0,0,False,False,0,3.2776,False,False,0.0,0,0,0,sentinelone.net,http://sentinelone.net
18,11,0,0,1,0,0,0,0,False,False,0,3.9477,False,False,0.0,0,0,0,doramy.club,http://doramy.club
19,12,0,0,1,0,0,0,0,False,False,0,3.6819,False,False,0.0,0,0,0,tildacdn.com,http://tildacdn.com
18,11,0,0,1,0,0,0,0,False,False,0,3.3502,False,False,0.0,0,0,0,telekom.net,http://telekom.net
19,12,0,0,1,0,0,0,0,False,False,0,3.8269,False,False,0.0,0,0,0,hubpages.com,http://hubpages.com
14,7,0,0,1,0,0,0,0,False,False,0,3.5216,False,False,0.0,0,0,0,misa.vn,http://misa.vn
22,15,0,0,1,0,1,0,0,False,False,0,3.8454,False,False,0.0,0,0,0,dynamic-dns.net,http://dynamic-dns.net
22,15,0,0,1,0,0,0,0,False,False,0,3.8797,False,False,0.0,0,0,0,ringcentral.com,http://ringcentral.com
20,13,0,0,1,0,0,0,0,False,False,0,3.4464,False,False,0.0,0,0,0,dropcatch.com,http://dropcatch.com
20,13,0,0,2,0,0,0,0,False,False,0,3.5842,False,False,0.0,0,0,0,google.com.kh,http://google.com.kh
14,7,0,0,1,0,0,0,0,False,False,0,3.3788,False,False,0.0,0,0,0,udag.de,http://udag.de
29,20,1,0,2,1,0,3,0,False,False,0,4.0473,False,False,0.14285714285714285,0,0,1,icefactory.cl,https://b52ca2.icefactory.cl/
21,14,0,0,1,0,0,0,0,False,False,0,3.6897,False,False,0.0,0,0,0,simplecast.com,http://simplecast.com
18,11,0,0,1,0,1,0,0,False,False,0,3.5305,False,False,0.0,0,0,0,im-apps.net,http://im-apps.net
18,11,0,0,1,0,0,0,0,False,False,0,3.8366,False,False,0.0,0,0,0,buddyns.com,http://buddyns.com
21,14,0,0,1,0,0,0,0,False,False,0,3.8209,False,False,0.0,0,0,0,surahquran.com,http://surahquran.com
19,12,0,0,1,0,0,0,0,False,False,0,3.6163,False,False,0.0,0,0,0,jcpenney.com,http://jcpenney.com
18,11,0,0,1,0,1,0,0,False,False,0,3.3921,False,False,0.0,0,0,0,xxx-sex.one,http://xxx-sex.one
16,9,0,0,1,0,0,0,0,False,False,0,3.4528,False,False,0.0,0,0,0,fdown.net,http://fdown.net
15,8,0,0,1,0,0,0,0,False,False,0,3.6402,False,False,0.0,0,0,0,nalog.ru,http://nalog.ru
23,16,0,0,2,0,0,0,0,False,False,0,3.7951,False,False,0.0,0,0,0,promiedos.com.ar,http://promiedos.com.ar
22,15,0,0,1,0,0,0,0,False,False,0,4.0615,False,False,0.0,0,0,0,boyfriendtv.com,http://boyfriendtv.com
16,9,0,0,1,0,0,0,0,False,False,0,3.4528,False,False,0.0,0,0,0,awmdm.com,http://awmdm.com
22,15,0,0,2,0,0,0,0,False,False,0,3.5681,False,False,0.0,0,0,0,adtarget.com.tr,http://adtarget.com.tr
14,7,0,0,1,0,0,0,0,False,False,0,3.5216,False,False,0.0,0,0,0,nova.cz,http://nova.cz
25,18,0,0,1,0,0,0,0,False,False,0,3.7639,False,False,0.0,0,0,0,bundesregierung.de,http://bundesregierung.de
20,13,0,0,2,0,0,0,0,False,False,0,3.5219,False,False,0.0,0,0,0,betpawa.co.tz,http://betpawa.co.tz
15,8,0,0,1,0,0,0,0,False,False,0,3.5069,False,False,0.0,0,0,0,nosv.org,http://nosv.org
20,13,0,0,1,0,0,0,0,False,False,0,3.6842,False,False,0.0,0,0,0,splunkdev.net,http://splunkdev.net
14,7,0,0,1,0,0,0,0,False,False,0,3.3788,False,False,0.0,0,0,0,bahn.de,http://bahn.de
20,13,0,0,2,0,0,0,0,False,False,0,3.5842,False,False,0.0,0,0,0,google.com.cu,http://google.com.cu
19,12,0,0,2,0,0,0,0,False,False,0,3.5369,False,False,0.0,0,0,0,ricta.org.rw,http://ricta.org.rw
16,9,0,0,1,0,0,0,0,False,False,0,3.625,False,False,0.0,0,0,0,quora.com,http://quora.com
16,9,0,0,1,0,0,0,0,False,False,0,3.625,False,False,0.0,0,0,0,xfeed.com,http://xfeed.com
20,13,0,0,2,0,0,0,0,False,False,0,3.5464,False,False,0.0,0,0,0,google.com.gi,http://google.com.gi
18,11,0,0,1,0,0,0,0,False,False,0,3.281,False,False,0.0,0,0,0,destatis.de,http://destatis.de
20,13,0,0,1,0,0,0,0,False,False,0,3.7219,False,False,0.0,0,0,0,catonet.works,http://catonet.works
22,15,0,0,1,0,0,1,0,False,False,0,3.6978,False,False,0.05555555555555555,0,0,0,antarvasna3.com,http://antarvasna3.com
18,11,0,0,1,0,0,0,0,False,False,0,3.7947,False,False,0.0,0,0,0,uakino.best,http://uakino.best
19,12,0,0,1,0,0,0,0,False,False,0,3.6819,False,False,0.0,0,0,0,gamerant.com,http://gamerant.com
25,18,0,0,1,0,1,0,0,False,False,0,3.6839,False,False,0.0,0,0,0,restream-media.net,http://restream-media.net
16,9,0,0,1,0,0,0,0,False,False,0,3.375,False,False,0.0,0,0,0,yumpu.com,http://yumpu.com
20,13,0,0,1,0,0,0,0,False,False,0,3.8219,False,False,0.0,0,0,0,sonicwall.com,http://sonicwall.com
30,23,0,0,1,0,0,0,0,False,False,0,3.7396,False,False,0.0,0,0,0,tabletcaptiveportal.com,http://tabletcaptiveportal.com
19,12,0,0,2,0,0,0,0,False,False,0,3.7871,False,False,0.0,0,0,0,vinted.co.uk,http://vinted.co.uk
16,9,0,0,1,0,0,0,0,False,False,0,3.75,False,False,0.0,0,0,0,azure.com,http://azure.com
21,14,0,0,1,0,0,0,0,False,False,0,3.8802,False,False,0.0,0,0,0,oregonlive.com,http://oregonlive.com
14,7,0,0,1,0,0,0,0,False,False,0,3.182,False,False,0.0,0,0,0,who.int,http://who.int
19,12,0,0,1,0,0,0,0,False,False,0,3.4058,False,False,0.0,0,0,0,optimove.net,http://optimove.net
14,7,0,0,1,0,0,0,0,False,False,0,3.2359,False,False,0.0,0,0,0,mcas.ms,http://mcas.ms
17,10,0,0,1,0,0,0,0,False,False,0,3.4992,False,False,0.0,0,0,0,dnspod.com,http://dnspod.com
14,7,0,0,1,0,0,0,0,False,False,0,3.3788,False,False,0.0,0,0,0,uvm.edu,http://uvm.edu
19,12,0,0,1,0,0,0,0,False,False,0,3.7216,False,False,0.0,0,0,0,nicovideo.jp,http://nicovideo.jp
20,13,0,0,1,0,0,0,0,False,False,0,3.9219,False,False,0.0,0,0,0,ezydomain.com,http://ezydomain.com
19,12,0,0,2,0,0,0,0,False,False,0,3.7216,False,False,0.0,0,0,0,onward.co.jp,http://onward.co.jp
22,15,0,0,2,0,1,2,0,False,False,0,4.0958,False,False,0.13333333333333333,0,0,0,awsdns-34.co.uk,http://awsdns-34.co.uk
17,10,0,0,1,0,0,0,0,False,False,0,3.3372,False,False,0.0,0,0,0,eapteka.ru,http://eapteka.ru
24,17,0,0,1,0,0,0,0,False,False,0,3.5535,False,False,0.0,0,0,0,geeksforgeeks.org,http://geeksforgeeks.org
18,11,0,0,1,0,0,0,0,False,False,0,3.5724,False,False,0.0,0,0,0,priceoye.pk,http://priceoye.pk
21,14,0,0,1,0,0,0,0,False,False,0,3.7849,False,False,0.0,0,0,0,radiofrance.fr,http://radiofrance.fr
15,8,0,0,1,0,0,0,0,False,False,0,3.3736,False,False,0.0,0,0,0,phys.org,http://phys.org
17,10,0,0,1,0,0,0,0,False,False,0,3.4992,False,False,0.0,0,0,0,ndmdhs.com,http://ndmdhs.com
20,13,0,0,2,0,0,0,0,False,False,0,3.8219,False,False,0.0,0,0,0,enjoei.com.br,http://enjoei.com.br
23,16,0,0,1,0,0,0,0,False,False,0,3.741,False,False,0.0,0,0,0,domaintechnik.at,http://domaintechnik.at
19,12,0,0,2,0,0,0,0,False,False,0,3.8269,False,False,0.0,0,0,0,minsa.gob.pe,http://minsa.gob.pe
13,6,0,0,1,0,0,0,0,False,False,0,3.3927,False,False,0.0,0,0,0,ble.ir,http://ble.ir
18,11,0,0,1,0,0,0,0,False,False,0,3.7255,False,False,0.0,0,0,0,webflow.com,http://webflow.com
24,17,0,0,1,0,0,0,0,False,False,0,3.7721,False,False,0.0,0,0,0,pricecharting.com,http://pricecharting.com
16,9,0,0,1,0,0,3,0,False,False,0,3.625,False,False,0.3,0,0,0,rm358.com,http://rm358.com
20,13,0,0,2,0,0,0,0,False,False,0,3.6842,False,False,0.0,0,0,0,google.com.na,http://google.com.na
22,15,0,0,2,0,0,0,0,False,False,0,3.6978,False,False,0.0,0,0,0,greenend.org.uk,http://greenend.org.uk
16,9,0,0,1,0,0,0,0,False,False,0,3.5778,False,False,0.0,0,0,0,bitly.com,http://bitly.com
16,9,0,0,1,0,0,0,0,False,False,0,3.5,False,False,0.0,0,0,0,google.md,http://google.md
24,17,0,0,1,0,1,0,0,False,False,0,4.085,False,False,0.0,0,0,0,gays-cruising.com,http://gays-cruising.com
20,13,0,0,1,0,0,0,0,False,False,0,3.6842,False,False,0.0,0,0,0,cookieyes.com,http://cookieyes.com
24,17,0,0,1,0,0,0,0,False,False,0,3.7721,False,False,0.0,0,0,0,vervegroupinc.net,http://vervegroupinc.net
23,16,0,0,2,0,0,0,0,False,False,0,3.6753,False,False,0.0,0,0,0,premierbet.co.ao,http://premierbet.co.ao
16,9,0,0,1,0,0,0,0,False,False,0,3.5778,False,False,0.0,0,0,0,unity.com,http://unity.com
18,11,0,0,1,0,0,0,0,False,False,0,3.8366,False,False,0.0,0,0,0,emgsound.ru,http://emgsound.ru
15,8,0,0,1,0,0,0,0,False,False,0,3.1899,False,False,0.0,0,0,0,dhnet.be,http://dhnet.be
16,9,0,0,1,0,0,0,0,False,False,0,3.25,False,False,0.0,0,0,0,tufts.edu,http://tufts.edu
22,15,0,0,1,0,0,0,0,False,False,0,3.8231,False,False,0.0,0,0,0,dnsmadeeasy.com,http://dnsmadeeasy.com
18,11,0,0,1,0,0,0,0,False,False,0,3.281,False,False,0.0,0,0,0,mathtag.com,http://mathtag.com
21,14,0,0,1,0,1,1,0,False,False,0,3.7849,False,False,0.0625,0,0,0,opera-api2.com,http://opera-api2.com
13,6,0,0,1,0,0,0,0,False,False,0,3.1808,False,False,0.0,0,0,0,taz.de,http://taz.de
22,15,0,0,1,0,0,0,0,False,False,0,3.6069,False,False,0.0,0,0,0,emojicombos.com,http://emojicombos.com
20,13,0,0,2,0,0,0,0,False,False,0,3.6842,False,False,0.0,0,0,0,google.com.ua,http://google.com.ua
19,12,0,0,2,0,0,0,0,False,False,0,3.5766,False,False,0.0,0,0,0,google.co.za,http://google.co.za
16,9,0,0,1,0,0,0,0,False,False,0,3.75,False,False,0.0,0,0,0,brave.com,http://brave.com
19,12,0,0,1,0,0,0,0,False,False,0,3.6819,False,False,0.0,0,0,0,uwaterloo.ca,http://uwaterloo.ca
29,22,0,0,1,0,0,0,0,False,False,0,4.2113,False,False,0.0,0,0,0,cloudflareinsights.com,http://cloudflareinsights.com
20,13,0,0,1,0,0,0,0,False,False,0,3.7219,False,False,0.0,0,0,0,flashscore.co,http://flashscore.co
21,14,0,0,1,0,1,0,0,False,False,0,3.6304,False,False,0.0,0,0,0,porno-zona.com,http://porno-zona.com
15,8,0,0,1,0,0,0,0,False,False,0,3.6402,False,False,0.0,0,0,0,live.com,http://live.com
18,11,0,0,1,0,0,0,0,False,False,0,3.6835,False,False,0.0,0,0,0,vodafone.it,http://vodafone.it
24,17,0,0,1,0,0,0,0,False,False,0,3.7721,False,False,0.0,0,0,0,domainnamedns.com,http://domainnamedns.com
20,13,0,0,1,0,0,0,0,False,False,0,3.9842,False,False,0.0,0,0,0,tvsquared.com,http://tvsquared.com
18,11,0,0,1,0,0,0,0,False,False,0,3.9477,False,False,0.0,0,0,0,vedsalb.com,http://vedsalb.com
19,12,0,0,1,0,0,0,0,False,False,0,3.5111,False,False,0.0,0,0,0,deepseek.com,http://deepseek.com
16,9,0,0,1,0,0,0,0,False,False,0,3.625,False,False,0.0,0,0,0,klczy.com,http://klczy.com
15,8,0,0,1,0,0,0,0,False,False,0,3.5069,False,False,0.0,0,0,0,hwcdn.ru,http://hwcdn.ru
17,10,0,0,1,0,0,0,0,False,False,0,3.6169,False,False,0.0,0,0,0,belluna.jp,http://belluna.jp
16,9,0,0,1,0,0,0,0,False,False,0,3.625,False,False,0.0,0,0,0,nofeu.com,http://nofeu.com
16,9,0,0,1,0,0,0,0,False,False,0,3.625,False,False,0.0,0,0,0,nic.media,http://nic.media
15,8,0,0,1,0,0,0,0,False,False,0,3.5069,False,False,0.0,0,0,0,nypl.org,http://nypl.org
22,15,0,0,1,0,0,0,0,False,False,0,3.8797,False,False,0.0,0,0,0,rudderstack.com,http://rudderstack.com
22,15,0,0,1,0,0,0,0,False,False,0,4.0049,False,False,0.0,0,0,0,flashscore.mobi,http://flashscore.mobi
18,11,0,0,2,0,0,0,0,False,False,0,3.7255,False,False,0.0,0,0,0,jang.com.pk,http://jang.com.pk
18,11,0,0,1,0,0,0,0,False,False,0,3.3502,False,False,0.0,0,0,0,utoronto.ca,http://utoronto.ca
20,13,0,0,1,0,1,2,0,False,False,0,3.9219,False,False,0.14285714285714285,0,0,0,awsdns-22.com,http://awsdns-22.com
21,14,0,0,2,0,0,0,0,False,False,0,3.8209,False,False,0.0,0,0,0,locaweb.com.br,http://locaweb.com.br
19,12,0,0,1,0,0,0,0,False,False,0,3.7871,False,False,0.0,0,0,0,netafraz.com,http://netafraz.com
19,12,0,0,1,0,0,0,0,False,False,0,3.4714,False,False,0.0,0,0,0,sophosxl.net,http://sophosxl.net
13,6,0,0,1,0,0,0,0,False,False,0,3.3927,False,False,0.0,0,0,0,sa.com,http://sa.com
19,12,0,0,1,0,0,0,0,False,False,0,3.6163,False,False,0.0,0,0,0,codeberg.org,http://codeberg.org
18,11,0,0,1,0,0,0,0,False,False,0,3.8366,False,False,0.0,0,0,0,easydns.com,http://easydns.com
28,21,0,0,1,0,0,0,0,False,False,0,3.9677,False,False,0.0,0,0,0,whatismyipaddress.com,http://whatismyipaddress.com
18,11,0,0,1,0,0,0,0,False,False,0,3.6835,False,False,0.0,0,0,0,studying.jp,http://studying.jp
17,10,0,0,2,0,0,0,0,False,False,0,3.6169,False,False,0.0,0,0,0,york.ac.uk,http://york.ac.uk
16,9,0,0,1,0,0,0,0,False,False,0,3.5,False,False,0.0,0,0,0,wscvip.cn,http://wscvip.cn
24,17,0,0,2,0,0,0,0,False,False,0,4.0016,False,False,0.0,0,0,0,flashscore.com.ng,http://flashscore.com.ng
15,8,0,0,1,0,0,0,0,False,False,0,3.5069,False,False,0.0,0,0,0,digg.com,http://digg.com
45,36,1,0,2,1,4,2,0,False,False,0,4.4746,False,False,0.058823529411764705,0,0,1,pages.dev,https://sp22ct-zorur-biz-maku-nelo.pages.dev/
17,10,0,0,1,0,0,0,0,False,False,0,3.2639,False,False,0.0,0,0,0,ilmeteo.it,http://ilmeteo.it
16,9,0,0,1,0,0,0,0,False,False,0,3.625,False,False,0.0,0,0,0,aucey.com,http://aucey.com
23,16,0,0,1,0,0,0,0,False,False,0,3.741,False,False,0.0,0,0,0,thetrainline.com,http://thetrainline.com
26,19,0,0,1,0,1,0,0,False,False,0,3.892,False,False,0.0,0,0,0,merriam-webster.com,http://merriam-webster.com
16,9,0,0,1,0,0,0,0,False,False,0,3.5,False,False,0.0,0,0,0,google.rw,http://google.rw
19,12,0,0,1,0,0,0,0,False,False,0,3.2211,False,False,0.0,0,0,0,swishapps.ai,http://swishapps.ai
15,8,0,0,1,0,0,1,0,False,False,0,3.5069,False,False,0.09090909090909091,0,0,0,zee5.com,http://zee5.com
22,15,0,0,1,0,0,0,0,False,False,0,3.7544,False,False,0.0,0,0,0,oraclecloud.com,http://oraclecloud.com
20,13,0,0,1,0,0,0,0,False,False,0,3.7464,False,False,0.0,0,0,0,nominetdns.uk,http://nominetdns.uk
20,13,0,0,1,0,0,0,0,False,False,0,3.5464,False,False,0.0,0,0,0,easytrader.ir,http://easytrader.ir
13,6,0,0,1,0,0,0,0,False,False,0,3.2389,False,False,0.0,0,0,0,gm.com,http://gm.com
17,10,0,0,1,0,0,0,0,False,False,0,3.4548,False,False,0.0,0,0,0,aditude.io,http://aditude.io
22,15,0,0,1,0,0,0,0,False,False,0,3.6978,False,False,0.0,0,0,0,senderscore.com,http://senderscore.com
14,7,0,0,1,0,0,0,0,False,False,0,3.5216,False,False,0.0,0,0,0,anl.gov,http://anl.gov
17,10,0,0,1,0,0,0,0,False,False,0,3.2928,False,False,0.0,0,0,0,goojara.to,http://goojara.to
16,9,0,0,1,0,0,0,0,False,False,0,3.375,False,False,0.0,0,0,0,semana.es,http://semana.es
13,6,0,0,1,0,0,0,0,False,False,0,3.2389,False,False,0.0,0,0,0,me.com,http://me.com
15,8,0,0,1,0,0,4,0,False,False,0,3.3232,False,False,0.5,0,0,0,1377x.to,http://1377x.to
19,12,0,0,2,0,0,0,0,False,False,0,3.4714,False,False,0.0,0,0,0,google.co.ck,http://google.co.ck
16,9,0,0,1,0,0,2,0,False,False,0,3.625,False,False,0.18181818181818182,0,0,0,pdf24.org,http://pdf24.org
19,12,0,0,1,0,0,0,0,False,False,0,3.6163,False,False,0.0,0,0,0,mackolik.com,http://mackolik.com
14,7,0,0,1,0,0,0,0,False,False,0,3.5216,False,False,0.0,0,0,0,sky.com,http://sky.com
19,12,0,0,1,0,0,0,0,False,False,0,3.4714,False,False,0.0,0,0,0,wallapop.com,http://wallapop.com
20,13,0,0,1,0,0,0,0,False,False,0,3.7219,False,False,0.0,0,0,0,bikedekho.com,http://bikedekho.com
20,13,0,0,1,0,0,0,0,False,False,0,3.7842,False,False,0.0,0,0,0,likeevideo.ru,http://likeevideo.ru
19,12,0,0,1,0,0,0,0,False,False,0,3.7216,False,False,0.0,0,0,0,volcgslb.com,http://volcgslb.com
19,12,0,0,1,0,0,0,0,False,False,0,3.7871,False,False,0.0,0,0,0,feednews.com,http://feednews.com
16,9,0,0,1,0,0,0,0,False,False,0,3.5,False,False,0.0,0,0,0,merkur.de,http://merkur.de
15,8,0,0,1,0,0,0,0,False,False,0,3.3736,False,False,0.0,0,0,0,warau.jp,http://warau.jp
22,15,0,0,1,0,0,0,0,False,False,0,3.7544,False,False,0.0,0,0,0,myftpupload.com,http://myftpupload.com
28,21,0,0,1,0,0,1,0,False,False,0,4.0122,False,False,0.041666666666666664,0,0,0,indiansexstories3.com,http://indiansexstories3.com
20,13,0,0,1,0,0,2,0,False,False,0,3.6219,False,False,0.13333333333333333,0,0,0,bitrix24.tech,http://bitrix24.tech
17,10,0,0,1,0,0,0,0,False,False,0,3.5725,False,False,0.0,0,0,0,yougov.com,http://yougov.com
14,7,0,0,1,0,0,0,0,False,False,0,3.5216,False,False,0.0,0,0,0,sex.com,http://sex.com
21,14,0,0,1,0,1,0,0,False,False,0,4.0114,False,False,0.0,0,0,0,uni-hamburg.de,http://uni-hamburg.de
22,15,0,0,1,0,0,0,0,False,False,0,3.9706,False,False,0.0,0,0,0,samsungcloud.tv,http://samsungcloud.tv
19,12,0,0,1,0,0,0,0,False,False,0,3.5369,False,False,0.0,0,0,0,controld.com,http://controld.com
21,14,0,0,2,0,0,0,0,False,False,0,3.4992,False,False,0.0,0,0,0,sponichi.co.jp,http://sponichi.co.jp
19,12,0,0,1,0,0,1,0,False,False,0,3.8924,False,False,0.06666666666666667,0,0,0,bytedns3.com,http://bytedns3.com
12,5,0,0,1,0,0,0,0,False,False,0,3.2516,False,False,0.0,0,0,0,es.io,http://es.io
16,9,0,0,1,0,0,0,0,False,False,0,3.375,False,False,0.0,0,0,0,google.hn,http://google.hn
17,10,0,0,1,0,0,0,0,False,False,0,3.7345,False,False,0.0,0,0,0,cancer.gov,http://cancer.gov
18,11,0,0,1,0,0,0,0,False,False,0,3.7255,False,False,0.0,0,0,0,freepik.com,http://freepik.com
21,14,0,0,1,0,0,0,0,False,False,0,3.6538,False,False,0.0,0,0,0,localytics.com,http://localytics.com
21,14,0,0,1,0,0,0,0,False,False,0,3.5945,False,False,0.0,0,0,0,samsungotn.net,http://samsungotn.net
14,7,0,0,1,0,0,0,0,False,False,0,2.6924,False,False,0.0,0,0,0,ntt.net,http://ntt.net
13,6,0,0,1,0,0,0,0,False,False,0,3.0851,False,False,0.0,0,0,0,co.com,http://co.com
18,11,0,0,1,0,0,0,0,False,False,0,3.7255,False,False,0.0,0,0,0,laravel.com,http://laravel.com
21,14,0,0,1,0,0,0,0,False,False,0,3.8802,False,False,0.0,0,0,0,stlouisfed.org,http://stlouisfed.org
19,12,0,0,1,0,0,0,0,False,False,0,3.7871,False,False,0.0,0,0,0,decathlon.fr,http://decathlon.fr
20,13,0,0,1,0,0,0,0,False,False,0,3.8842,False,False,0.0,0,0,0,cookielaw.org,http://cookielaw.org
14,7,0,0,1,0,0,0,0,False,False,0,3.5216,False,False,0.0,0,0,0,afr.com,http://afr.com
18,11,0,0,1,0,0,0,0,False,False,0,3.8366,False,False,0.0,0,0,0,xvideos.com,http://xvideos.com
16,9,0,0,1,0,0,0,0,False,False,0,3.5778,False,False,0.0,0,0,0,sentry.io,http://sentry.io
53,44,1,0,2,1,3,6,0,False,False,0,4.7064,False,False,0.15384615384615385,0,0,1,pages.dev,https://bgrfd3bdrun-zlkytpli-8i5g9g-bgq79c.pages.dev/
16,9,0,0,1,0,0,0,0,False,False,0,3.4528,False,False,0.0,0,0,0,tibia.com,http://tibia.com
19,12,0,0,1,0,0,0,0,False,False,0,3.5766,False,False,0.0,0,0,0,codmwest.com,http://codmwest.com
18,11,0,0,1,0,0,0,0,False,False,0,3.4613,False,False,0.0,0,0,0,primis.tech,http://primis.tech
19,12,0,0,2,0,0,0,0,False,False,0,3.8269,False,False,0.0,0,0,0,bling.com.br,http://bling.com.br
17,10,0,0,1,0,0,0,0,False,False,0,3.4992,False,False,0.0,0,0,0,harman.com,http://harman.com
21,14,0,0,1,0,0,0,0,False,False,0,3.9161,False,False,0.0,0,0,0,measureadv.com,http://measureadv.com
20,13,0,0,1,0,0,0,0,False,False,0,3.7842,False,False,0.0,0,0,0,proxysite.com,http://proxysite.com
20,13,0,0,1,0,1,0,0,False,False,0,3.7842,False,False,0.0,0,0,0,baidu-itm.com,http://baidu-itm.com
21,14,0,0,1,0,0,1,0,False,False,0,3.9754,False,False,0.058823529411764705,0,0,0,4dvertible.com,http://4dvertible.com
15,8,0,0,1,0,0,0,0,False,False,0,3.6402,False,False,0.0,0,0,0,dawn.com,http://dawn.com
18,11,0,0,1,0,0,0,0,False,False,0,3.6144,False,False,0.0,0,0,0,mobizil.com,http://mobizil.com
14,7,0,0,1,0,0,0,0,False,False,0,3.3788,False,False,0.0,0,0,0,sina.cn,http://sina.cn
25,18,0,0,1,0,0,0,0,False,False,0,3.5933,False,False,0.0,0,0,0,chinanetcenter.com,http://chinanetcenter.com
18,11,0,0,1,0,0,0,0,False,False,0,3.3921,False,False,0.0,0,0,0,titan.email,http://titan.email
26,19,0,0,1,0,0,0,0,False,False,0,3.8543,False,False,0.0,0,0,0,washingtontimes.com,http://washingtontimes.com
15,8,0,0,1,0,0,0,0,False,False,0,3.3736,False,False,0.0,0,0,0,miro.com,http://miro.com
48,40,1,0,2,1,4,0,0,False,False,0,3.9987,False,False,0.0,0,0,1,replit.app,http://server-index-editor--terrysym.replit.app/
16,9,0,0,1,0,0,0,0,False,False,0,3.4528,False,False,0.0,0,0,0,olist.com,http://olist.com
16,9,0,0,1,0,0,0,0,False,False,0,3.625,False,False,0.0,0,0,0,pbase.com,http://pbase.com
21,14,0,0,2,0,1,0,0,False,False,0,3.4992,False,False,0.0,0,0,0,tv-tokyo.co.jp,http://tv-tokyo.co.jp
18,11,0,0,1,0,0,0,0,False,False,0,3.6835,False,False,0.0,0,0,0,remitly.com,http://remitly.com
21,14,0,0,1,0,0,0,0,False,False,0,3.6178,False,False,0.0,0,0,0,akamaiedge.net,http://akamaiedge.net
16,9,0,0,1,0,0,0,0,False,False,0,3.0306,False,False,0.0,0,0,0,hotpic.cc,http://hotpic.cc
19,12,0,0,1,0,0,0,0,False,False,0,3.5111,False,False,0.0,0,0,0,carrefour.fr,http://carrefour.fr
14,7,0,0,1,0,0,1,0,False,False,0,3.5216,False,False,0.1,0,0,0,2gis.ru,http://2gis.ru
16,9,0,0,1,0,0,0,0,False,False,0,3.75,False,False,0.0,0,0,0,meduza.io,http://meduza.io
19,12,0,0,1,0,0,0,0,False,False,0,3.8269,False,False,0.0,0,0,0,carnival.com,http://carnival.com
13,6,0,0,1,0,0,0,0,False,False,0,3.3927,False,False,0.0,0,0,0,ey.com,http://ey.com
21,14,0,0,1,0,1,0,0,False,False,0,3.6897,False,False,0.0,0,0,0,scan-manga.com,http://scan-manga.com
18,11,0,0,1,0,0,0,0,False,False,0,3.281,False,False,0.0,0,0,0,chatgpt.com,http://chatgpt.com
20,13,0,0,1,0,0,0,0,False,False,0,3.5219,False,False,0.0,0,0,0,itemsatis.com,http://itemsatis.com
14,7,0,0,1,0,0,0,0,False,False,0,3.5216,False,False,0.0,0,0,0,law.com,http://law.com
21,14,0,0,1,0,0,0,0,False,False,0,3.5226,False,False,0.0,0,0,0,lgtvcommon.com,http://lgtvcommon.com
26,19,0,0,1,0,0,0,0,False,False,0,3.9022,False,False,0.0,0,0,0,gestiondecuenta.com,http://gestiondecuenta.com
22,15,0,0,1,0,0,0,0,False,False,0,3.6635,False,False,0.0,0,0,0,bigcommerce.com,http://bigcommerce.com
14,7,0,0,1,0,0,0,0,False,False,0,3.2359,False,False,0.0,0,0,0,pwc.com,http://pwc.com
30,23,0,0,1,0,0,0,0,False,False,0,3.7396,False,False,0.0,0,0,0,mmechocaptiveportal.com,http://mmechocaptiveportal.com
24,17,0,0,1,0,0,0,0,False,False,0,3.9387,False,False,0.0,0,0,0,livesportmedia.eu,http://livesportmedia.eu
16,9,0,0,1,0,0,0,0,False,False,0,3.125,False,False,0.0,0,0,0,google.tt,http://google.tt
25,18,0,0,1,0,1,0,0,False,False,0,3.7337,False,False,0.0,0,0,0,stspg-customer.com,http://stspg-customer.com
28,21,0,0,1,0,0,0,0,False,False,0,3.8788,False,False,0.0,0,0,0,pointmediatracker.com,http://pointmediatracker.com
16,9,0,0,1,0,0,0,0,False,False,0,3.5,False,False,0.0,0,0,0,google.as,http://google.as
13,6,0,0,1,0,0,0,0,False,False,0,3.027,False,False,0.0,0,0,0,hvg.hu,http://hvg.hu
13,6,0,0,1,0,0,0,0,False,False,0,3.3927,False,False,0.0,0,0,0,mrf.io,http://mrf.io
14,7,0,0,1,0,0,0,0,False,False,0,3.5216,False,False,0.0,0,0,0,rj.link,http://rj.link
21,14,0,0,1,0,0,0,0,False,False,0,3.6897,False,False,0.0,0,0,0,xnxxporn.video,http://xnxxporn.video
15,8,0,0,1,0,0,0,0,False,False,0,3.5069,False,False,0.0,0,0,0,unige.ch,http://unige.ch
23,16,0,0,1,0,0,3,0,False,False,0,3.7251,False,False,0.17647058823529413,0,0,0,itsupport247.net,http://itsupport247.net
14,7,0,0,1,0,0,0,0,False,False,0,3.3788,False,False,0.0,0,0,0,ucoz.ru,http://ucoz.ru
20,13,0,0,1,0,0,0,0,False,False,0,3.5464,False,False,0.0,0,0,0,perplexity.ai,http://perplexity.ai
29,22,0,0,1,0,0,0,0,False,False,0,4.0473,False,False,0.0,0,0,0,cloudbackup.management,http://cloudbackup.management
20,13,0,0,1,0,0,0,0,False,False,0,3.8219,False,False,0.0,0,0,0,dbankcloud.cn,http://dbankcloud.cn
20,13,0,0,1,0,0,3,0,False,False,0,3.8219,False,False,0.21428571428571427,0,0,0,365scores.com,http://365scores.com
23,16,0,0,1,0,1,0,0,False,False,0,3.6212,False,False,0.0,0,0,0,sfmc-content.com,http://sfmc-content.com
19,12,0,0,1,0,0,0,0,False,False,0,3.7216,False,False,0.0,0,0,0,dbankcdn.com,http://dbankcdn.com
21,14,0,0,1,0,0,0,0,False,False,0,3.8209,False,False,0.0,0,0,0,tatilbudur.com,http://tatilbudur.com
19,12,0,0,1,0,1,0,0,False,False,0,3.3661,False,False,0.0,0,0,0,atl-paas.net,http://atl-paas.net
18,11,0,0,1,0,0,0,0,False,False,0,3.6144,False,False,0.0,0,0,0,shopify.com,http://shopify.com
27,20,0,0,1,0,0,0,0,False,False,0,3.6899,False,False,0.0,0,0,0,financialcontent.com,http://financialcontent.com
14,7,0,0,1,0,0,1,0,False,False,0,3.5216,False,False,0.1,0,0,0,g2a.com,http://g2a.com
15,8,0,0,1,0,0,0,0,False,False,0,3.5069,False,False,0.0,0,0,0,nic.zone,http://nic.zone
24,17,0,0,1,0,0,0,0,False,False,0,4.0535,False,False,0.0,0,0,0,myworkdayjobs.com,http://myworkdayjobs.com
16,9,0,0,1,0,0,0,0,False,False,0,3.75,False,False,0.0,0,0,0,adyen.com,http://adyen.com
14,7,0,0,1,0,0,0,0,False,False,0,3.3788,False,False,0.0,0,0,0,bale.ai,http://bale.ai
21,14,0,0,1,0,0,0,0,False,False,0,3.7849,False,False,0.0,0,0,0,wildberries.ru,http://wildberries.ru
20,13,0,0,1,0,0,0,0,False,False,0,3.6842,False,False,0.0,0,0,0,janitorai.com,http://janitorai.com
18,11,0,0,1,0,1,0,0,False,False,0,3.6835,False,False,0.0,0,0,0,exp-tas.com,http://exp-tas.com
18,11,0,0,1,0,0,0,0,False,False,0,3.8366,False,False,0.0,0,0,0,logicnow.us,http://logicnow.us
19,12,0,0,1,0,0,0,0,False,False,0,3.8269,False,False,0.0,0,0,0,gsmarena.com,http://gsmarena.com
20,13,0,0,1,0,1,2,0,False,False,0,3.6842,False,False,0.14285714285714285,0,0,0,awsdns-55.net,http://awsdns-55.net
14,7,0,0,1,0,0,0,0,False,False,0,3.182,False,False,0.0,0,0,0,hhs.gov,http://hhs.gov
17,10,0,0,1,0,0,0,0,False,False,0,3.7345,False,False,0.0,0,0,0,rezync.com,http://rezync.com
21,14,0,0,2,0,0,0,0,False,False,0,3.5352,False,False,0.0,0,0,0,interno.gov.it,http://interno.gov.it
18,11,0,0,1,0,0,0,0,False,False,0,3.6144,False,False,0.0,0,0,0,beehiiv.com,http://beehiiv.com
19,12,0,0,1,0,0,0,0,False,False,0,3.6163,False,False,0.0,0,0,0,bandcamp.com,http://bandcamp.com
19,12,0,0,1,0,0,0,0,False,False,0,3.9321,False,False,0.0,0,0,0,aliyuncs.com,http://aliyuncs.com
17,10,0,0,1,0,0,0,0,False,False,0,3.8522,False,False,0.0,0,0,0,mcldns.org,http://mcldns.org
25,18,0,0,1,0,0,0,0,False,False,0,3.5435,False,False,0.0,0,0,0,themoscowtimes.com,http://themoscowtimes.com
18,11,0,0,1,0,0,0,0,False,False,0,3.6835,False,False,0.0,0,0,0,trimble.com,http://trimble.com
16,9,0,0,1,0,0,0,0,False,False,0,3.4528,False,False,0.0,0,0,0,sotwe.com,http://sotwe.com
20,13,0,0,1,0,0,0,0,False,False,0,3.7842,False,False,0.0,0,0,0,redbubble.com,http://redbubble.com
20,13,0,0,1,0,0,0,0,False,False,0,3.7219,False,False,0.0,0,0,0,aliexpress.ru,http://aliexpress.ru
17,10,0,0,1,0,0,0,0,False,False,0,3.3372,False,False,0.0,0,0,0,gumgum.com,http://gumgum.com
27,20,0,0,1,0,0,0,0,False,False,0,3.9303,False,False,0.0,0,0,0,tradingeconomics.com,http://tradingeconomics.com
15,8,0,0,1,0,0,0,0,False,False,0,3.6402,False,False,0.0,0,0,0,evri.com,http://evri.com
21,14,0,0,1,0,0,0,0,False,False,0,3.404,False,False,0.0,0,0,0,nelreports.net,http://nelreports.net
19,12,0,0,1,0,0,0,0,False,False,0,3.9321,False,False,0.0,0,0,0,faberlic.com,http://faberlic.com
23,16,0,0,1,0,0,0,0,False,False,0,3.7081,False,False,0.0,0,0,0,tripledotapi.com,http://tripledotapi.com
19,12,0,0,1,0,0,0,0,False,False,0,3.7871,False,False,0.0,0,0,0,rustdesk.com,http://rustdesk.com
18,11,0,0,1,0,0,0,0,False,False,0,3.7947,False,False,0.0,0,0,0,betking.com,http://betking.com
19,12,0,0,1,0,0,1,0,False,False,0,3.6163,False,False,0.06666666666666667,0,0,0,mat6tube.com,http://mat6tube.com
20,13,0,0,1,0,0,0,0,False,False,0,3.9219,False,False,0.0,0,0,0,johnlewis.com,http://johnlewis.com
15,8,0,0,1,0,0,3,0,False,False,0,3.4566,False,False,0.3333333333333333,0,0,0,728.team,http://728.team
14,7,0,0,1,0,0,0,0,False,False,0,3.5216,False,False,0.0,0,0,0,band.us,http://band.us
19,12,0,0,2,0,0,0,0,False,False,0,3.8269,False,False,0.0,0,0,0,clave.gob.es,http://clave.gob.es
14,7,0,0,1,0,0,0,0,False,False,0,3.3788,False,False,0.0,0,0,0,msn.com,http://msn.com
14,7,0,0,1,0,0,0,0,False,False,0,3.3788,False,False,0.0,0,0,0,unm.edu,http://unm.edu
20,13,0,0,1,0,1,2,0,False,False,0,3.7842,False,False,0.14285714285714285,0,0,0,awsdns-39.net,http://awsdns-39.net
19,12,0,0,1,0,0,0,0,False,False,0,3.9321,False,False,0.0,0,0,0,napiszex.com,http://napiszex.com
19,12,0,0,1,0,1,0,0,False,False,0,3.4714,False,False,0.0,0,0,0,e-msedge.net,http://e-msedge.net
19,12,0,0,1,0,0,1,0,False,False,0,3.5766,False,False,0.06666666666666667,0,0,0,rome2rio.com,http://rome2rio.com
19,12,0,0,1,0,0,0,0,False,False,0,3.4316,False,False,0.0,0,0,0,ethereum.org,http://ethereum.org
22,15,0,0,1,0,0,0,0,False,False,0,3.7888,False,False,0.0,0,0,0,ilmessaggero.it,http://ilmessaggero.it
19,12,0,0,1,0,0,0,0,False,False,0,3.5369,False,False,0.0,0,0,0,resetera.com,http://resetera.com
19,12,0,0,1,0,0,0,0,False,False,0,3.6421,False,False,0.0,0,0,0,eldebate.com,http://eldebate.com
14,7,0,0,1,0,0,0,0,False,False,0,3.3788,False,False,0.0,0,0,0,uic.edu,http://uic.edu
16,9,0,0,1,0,0,0,0,False,False,0,3.2806,False,False,0.0,0,0,0,elster.de,http://elster.de
21,14,0,0,2,0,1,0,0,False,False,0,3.6897,False,False,0.0,0,0,0,tv-asahi.co.jp,http://tv-asahi.co.jp
16,9,0,0,1,0,0,0,0,False,False,0,3.625,False,False,0.0,0,0,0,amazon.fr,http://amazon.fr
17,10,0,0,1,0,0,0,0,False,False,0,3.4992,False,False,0.0,0,0,0,mangago.me,http://mangago.me
18,11,0,0,1,0,0,0,0,False,False,0,3.2391,False,False,0.0,0,0,0,toongod.org,http://toongod.org
19,12,0,0,1,0,0,0,0,False,False,0,3.7871,False,False,0.0,0,0,0,clickagy.com,http://clickagy.com
12,5,0,0,1,0,0,0,0,False,False,0,3.2516,False,False,0.0,0,0,0,yr.no,http://yr.no
17,10,0,0,1,0,0,0,0,False,False,0,3.5725,False,False,0.0,0,0,0,granola.ai,http://granola.ai
15,8,0,0,1,0,0,0,0,False,False,0,3.5069,False,False,0.0,0,0,0,arlo.com,http://arlo.com
24,17,0,0,1,0,0,0,0,False,False,0,3.8035,False,False,0.0,0,0,0,dropboxstatic.com,http://dropboxstatic.com
17,10,0,0,1,0,0,1,0,False,False,0,3.4992,False,False,0.07692307692307693,0,0,0,ttdns3.com,http://ttdns3.com
13,6,0,0,1,0,0,0,0,False,False,0,3.3927,False,False,0.0,0,0,0,wi.gov,http://wi.gov
18,11,0,0,1,0,0,0,0,False,False,0,3.8366,False,False,0.0,0,0,0,clemson.edu,http://clemson.edu
19,12,0,0,1,0,0,0,0,False,False,0,3.6819,False,False,0.0,0,0,0,outbrain.org,http://outbrain.org
15,8,0,0,1,0,0,0,0,False,False,0,3.5069,False,False,0.0,0,0,0,yadro.ru,http://yadro.ru
16,9,0,0,1,0,0,0,0,False,False,0,3.3278,False,False,0.0,0,0,0,grapee.jp,http://grapee.jp
15,8,0,0,1,0,0,0,0,False,False,0,3.3232,False,False,0.0,0,0,0,elstc.co,http://elstc.co
20,13,0,0,2,0,0,0,0,False,False,0,3.4464,False,False,0.0,0,0,0,google.com.et,http://google.com.et
14,7,0,0,1,0,0,0,0,False,False,0,3.3788,False,False,0.0,0,0,0,bose.io,http://bose.io
14,7,0,0,1,0,0,0,0,False,False,0,3.3788,False,False,0.0,0,0,0,pbs.org,http://pbs.org
18,11,0,0,1,0,0,0,0,False,False,0,3.7255,False,False,0.0,0,0,0,apiblink.ru,http://apiblink.ru
19,12,0,0,1,0,0,0,0,False,False,0,3.6819,False,False,0.0,0,0,0,ghostery.com,http://ghostery.com
19,12,0,0,1,0,0,0,0,False,False,0,3.4058,False,False,0.0,0,0,0,author.today,http://author.today
18,11,0,0,1,0,0,0,0,False,False,0,3.5724,False,False,0.0,0,0,0,aeroflot.ru,http://aeroflot.ru
19,12,0,0,2,0,0,0,0,False,False,0,3.7216,False,False,0.0,0,0,0,kabum.com.br,http://kabum.com.br
16,9,0,0,1,0,0,0,0,False,False,0,3.4528,False,False,0.0,0,0,0,vigo.tech,http://vigo.tech
23,16,0,0,1,0,0,0,0,False,False,0,4.0018,False,False,0.0,0,0,0,downloadpage.xyz,http://downloadpage.xyz
17,10,0,0,1,0,0,2,0,False,False,0,3.8522,False,False,0.16666666666666666,0,0,0,news24.com,http://news24.com
15,8,0,0,1,0,0,0,0,False,False,0,3.3736,False,False,0.0,0,0,0,beboo.ru,http://beboo.ru
25,18,0,0,1,0,0,0,0,False,False,0,4.0537,False,False,0.0,0,0,0,globalvisionad.com,http://globalvisionad.com
15,8,0,0,1,0,0,1,0,False,False,0,3.4566,False,False,0.09090909090909091,0,0,0,tube8.fr,http://tube8.fr
15,8,0,0,1,0,0,0,0,False,False,0,3.5069,False,False,0.0,0,0,0,asda.com,http://asda.com
17,10,0,0,2,0,0,2,0,False,False,0,3.6169,False,False,0.18181818181818182,0,0,0,24h.com.vn,http://24h.com.vn
18,11,0,0,1,0,0,0,0,False,False,0,3.3027,False,False,0.0,0,0,0,twtrdns.net,http://twtrdns.net
24,17,0,0,1,0,0,1,0,False,False,0,3.7721,False,False,0.05,0,0,0,speedostream1.com,http://speedostream1.com
14,7,0,0,1,0,0,0,0,False,False,0,3.3788,False,False,0.0,0,0,0,fiu.edu,http://fiu.edu
18,11,0,0,1,0,0,0,0,False,False,0,3.4194,False,False,0.0,0,0,0,selectel.ru,http://selectel.ru
20,13,0,0,2,0,0,0,0,False,False,0,3.8219,False,False,0.0,0,0,0,skylark.co.jp,http://skylark.co.jp
23,16,0,0,1,0,0,2,0,False,False,0,4.1429,False,False,0.1111111111111111,0,0,0,youboranqs01.com,http://youboranqs01.com
28,20,1,0,1,0,0,0,0,False,False,0,3.7534,False,False,0.0,0,0,1,benedettibigpond.com,http://benedettibigpond.com/
22,15,0,0,1,0,0,0,0,False,False,0,3.7888,False,False,0.0,0,0,0,fifastories.com,http://fifastories.com
17,10,0,0,1,0,0,0,0,False,False,0,3.4548,False,False,0.0,0,0,0,tripod.com,http://tripod.com
20,13,0,0,2,0,0,0,0,False,False,0,3.7219,False,False,0.0,0,0,0,serasa.com.br,http://serasa.com.br
17,10,0,0,1,0,0,0,0,False,False,0,3.7345,False,False,0.0,0,0,0,esakal.com,http://esakal.com
19,12,0,0,1,0,0,0,0,False,False,0,3.7216,False,False,0.0,0,0,0,bixbyllm.com,http://bixbyllm.com
14,7,0,0,1,0,0,0,0,False,False,0,3.5216,False,False,0.0,0,0,0,blic.rs,http://blic.rs
22,15,0,0,2,0,1,2,0,False,False,0,4.0049,False,False,0.13333333333333333,0,0,0,awsdns-22.co.uk,http://awsdns-22.co.uk
16,9,0,0,1,0,0,0,0,False,False,0,3.625,False,False,0.0,0,0,0,nginx.com,http://nginx.com
18,11,0,0,1,0,1,0,0,False,False,0,3.3921,False,False,0.0,0,0,0,trs-dns.net,http://trs-dns.net
20,13,0,0,1,0,0,0,0,False,False,0,3.6842,False,False,0.0,0,0,0,grammarly.com,http://grammarly.com
18,11,0,0,1,0,0,0,0,False,False,0,3.6835,False,False,0.0,0,0,0,caliente.mx,http://caliente.mx
17,10,0,0,1,0,0,0,0,False,False,0,3.4992,False,False,0.0,0,0,0,chosun.com,http://chosun.com
21,14,0,0,1,0,0,0,0,False,False,0,3.6897,False,False,0.0,0,0,0,oceanofpdf.com,http://oceanofpdf.com
17,10,0,0,1,0,0,0,0,False,False,0,3.6169,False,False,0.0,0,0,0,spacex.com,http://spacex.com
19,12,0,0,1,0,0,0,0,False,False,0,3.6163,False,False,0.0,0,0,0,chromium.org,http://chromium.org
19,12,0,0,1,0,0,0,0,False,False,0,3.6163,False,False,0.0,0,0,0,medscape.com,http://medscape.com
18,11,0,0,1,0,0,0,0,False,False,0,3.3083,False,False,0.0,0,0,0,tapclap.com,http://tapclap.com
17,10,0,0,2,0,0,2,0,False,False,0,3.4548,False,False,0.18181818181818182,0,0,0,11st.co.kr,http://11st.co.kr
15,8,0,0,1,0,0,0,0,False,False,0,3.6402,False,False,0.0,0,0,0,azure.cn,http://azure.cn
22,15,0,0,1,0,0,0,0,False,False,0,3.6069,False,False,0.0,0,0,0,furaffinity.net,http://furaffinity.net
13,6,0,0,1,0,0,0,0,False,False,0,3.2389,False,False,0.0,0,0,0,abv.bg,http://abv.bg
16,9,0,0,1,0,0,0,0,False,False,0,3.625,False,False,0.0,0,0,0,smule.com,http://smule.com
20,13,0,0,1,0,0,0,0,False,False,0,3.6842,False,False,0.0,0,0,0,cloudscdn.net,http://cloudscdn.net
22,15,0,0,1,0,0,0,0,False,False,0,4.0049,False,False,0.0,0,0,0,playnewgames.ru,http://playnewgames.ru
23,16,0,0,1,0,2,1,0,False,False,0,4.0888,False,False,0.058823529411764705,0,0,0,vercel-dns-3.com,http://vercel-dns-3.com
18,11,0,0,1,0,0,0,0,False,False,0,3.7255,False,False,0.0,0,0,0,vivaldi.com,http://vivaldi.com
13,6,0,0,1,0,0,0,0,False,False,0,3.3927,False,False,0.0,0,0,0,rd.com,http://rd.com
17,10,0,0,1,0,0,1,0,False,False,0,3.7345,False,False,0.07692307692307693,0,0,0,ezviz7.com,http://ezviz7.com
22,15,0,0,1,0,0,0,0,False,False,0,3.6292,False,False,0.0,0,0,0,markmonitor.com,http://markmonitor.com
18,11,0,0,1,0,0,0,0,False,False,0,3.2391,False,False,0.0,0,0,0,snaptik.app,http://snaptik.app
23,16,0,0,1,0,0,0,0,False,False,0,3.969,False,False,0.0,0,0,0,librarything.com,http://librarything.com
16,9,0,0,1,0,1,0,0,False,False,0,3.625,False,False,0.0,0,0,0,sb-cd.com,http://sb-cd.com
16,9,0,0,1,0,0,0,0,False,False,0,3.4528,False,False,0.0,0,0,0,amemv.com,http://amemv.com
17,10,0,0,1,0,0,0,0,False,False,0,3.4548,False,False,0.0,0,0,0,picpay.com,http://picpay.com
17,10,0,0,1,0,0,0,0,False,False,0,3.6169,False,False,0.0,0,0,0,sardine.ai,http://sardine.ai
20,13,0,0,1,0,1,2,0,False,False,0,4.0219,False,False,0.14285714285714285,0,0,0,awsdns-41.com,http://awsdns-41.com
23,16,0,0,1,0,0,0,0,False,False,0,3.9149,False,False,0.0,0,0,0,xboxservices.com,http://xboxservices.com
15,8,0,0,1,0,0,0,0,False,False,0,3.3232,False,False,0.0,0,0,0,live.net,http://live.net
18,11,0,0,1,0,0,0,0,False,False,0,3.3921,False,False,0.0,0,0,0,compass.com,http://compass.com
15,8,0,0,1,0,0,0,0,False,False,0,3.5069,False,False,0.0,0,0,0,rice.edu,http://rice.edu
21,14,0,0,1,0,0,0,0,False,False,0,3.4992,False,False,0.0,0,0,0,chartboost.com,http://chartboost.com
21,14,0,0,2,0,0,0,0,False,False,0,3.7849,False,False,0.0,0,0,0,navitime.co.jp,http://navitime.co.jp
28,21,0,0,1,0,0,0,0,False,False,0,3.9138,False,False,0.0,0,0,0,collinsdictionary.com,http://collinsdictionary.com
16,9,0,0,1,0,0,0,0,False,False,0,3.4528,False,False,0.0,0,0,0,adobe.net,http://adobe.net
44,35,1,0,2,1,4,6,0,False,False,0,4.5249,False,False,0.20689655172413793,0,0,1,pages.dev,https://8n9-c28y-blyrjy-yi7y6-dos.pages.dev/
25,18,0,0,2,0,0,0,0,False,False,0,4.1639,False,False,0.0,0,0,0,eluniversal.com.mx,http://eluniversal.com.mx
22,15,0,0,2,0,0,0,0,False,False,0,3.6069,False,False,0.0,0,0,0,minhngoc.net.vn,http://minhngoc.net.vn
17,10,0,0,1,0,0,0,0,False,False,0,3.3372,False,False,0.0,0,0,0,yamaha.com,http://yamaha.com
20,13,0,0,1,0,0,0,0,False,False,0,3.5464,False,False,0.0,0,0,0,peacocktv.com,http://peacocktv.com
20,13,0,0,1,0,0,0,0,False,False,0,3.8219,False,False,0.0,0,0,0,twstalker.com,http://twstalker.com
19,12,0,0,1,0,0,0,0,False,False,0,3.7216,False,False,0.0,0,0,0,eboblack.com,http://eboblack.com
17,10,0,0,1,0,0,0,0,False,False,0,3.6169,False,False,0.0,0,0,0,oracle.com,http://oracle.com
22,15,0,0,1,0,0,0,0,False,False,0,3.6412,False,False,0.0,0,0,0,todorelatos.com,http://todorelatos.com
19,12,0,0,1,0,0,0,0,False,False,0,3.5369,False,False,0.0,0,0,0,incapdns.net,http://incapdns.net
15,8,0,0,1,0,0,2,0,False,False,0,3.3232,False,False,0.2,0,0,0,w55c.net,http://w55c.net
16,9,0,0,1,0,0,0,0,False,False,0,3.5,False,False,0.0,0,0,0,whois.com,http://whois.com
22,15,0,0,1,0,0,0,0,False,False,0,4.0049,False,False,0.0,0,0,0,navyfederal.org,http://navyfederal.org
20,13,0,0,1,0,0,0,0,False,False,0,3.6464,False,False,0.0,0,0,0,tokopedia.com,http://tokopedia.com
21,14,0,0,1,0,1,0,0,False,False,0,4.0114,False,False,0.0,0,0,0,kuruma-news.jp,http://kuruma-news.jp
21,14,0,0,1,0,1,0,0,False,False,0,3.8802,False,False,0.0,0,0,0,glance-cdn.com,http://glance-cdn.com
20,13,0,0,1,0,0,0,0,False,False,0,3.4219,False,False,0.0,0,0,0,getpocket.com,http://getpocket.com
17,10,0,0,1,0,0,0,0,False,False,0,3.7345,False,False,0.0,0,0,0,lemonde.fr,http://lemonde.fr
23,16,0,0,2,0,0,0,0,False,False,0,3.882,False,False,0.0,0,0,0,cifraclub.com.br,http://cifraclub.com.br
19,12,0,0,1,0,0,0,0,False,False,0,3.7871,False,False,0.0,0,0,0,pastebin.com,http://pastebin.com
15,8,0,0,1,0,0,0,0,False,False,0,3.0566,False,False,0.0,0,0,0,sport.ro,http://sport.ro
17,10,0,0,1,0,0,0,0,False,False,0,3.6169,False,False,0.0,0,0,0,cairn.info,http://cairn.info
21,14,0,0,1,0,0,0,0,False,False,0,3.7257,False,False,0.0,0,0,0,primevideo.com,http://primevideo.com
15,8,0,0,1,0,0,0,0,False,False,0,3.5069,False,False,0.0,0,0,0,naver.jp,http://naver.jp
14,7,0,0,1,0,0,0,0,False,False,0,3.3788,False,False,0.0,0,0,0,sape.ru,http://sape.ru
18,11,0,0,1,0,0,0,0,False,False,0,3.7255,False,False,0.0,0,0,0,romsfun.com,http://romsfun.com
17,10,0,0,1,0,0,0,0,False,False,0,3.2195,False,False,0.0,0,0,0,paheal.net,http://paheal.net
15,8,0,0,1,0,0,0,0,False,False,0,3.3232,False,False,0.0,0,0,0,wolt.com,http://wolt.com
17,10,0,0,1,0,1,0,0,False,False,0,3.5725,False,False,0.0,0,0,0,go-vip.net,http://go-vip.net
18,11,0,0,1,0,0,0,0,False,False,0,3.4613,False,False,0.0,0,0,0,halodoc.com,http://halodoc.com
17,10,0,0,1,0,0,0,0,False,False,0,3.3816,False,False,0.0,0,0,0,upskirt.tv,http://upskirt.tv
20,13,0,0,1,0,0,0,0,False,False,0,3.8219,False,False,0.0,0,0,0,kasserver.com,http://kasserver.com
16,9,0,0,1,0,0,0,0,False,False,0,3.2806,False,False,0.0,0,0,0,cnmsn.net,http://cnmsn.net
18,11,0,0,1,0,1,0,0,False,False,0,3.7947,False,False,0.0,0,0,0,ad-stir.com,http://ad-stir.com
19,12,0,0,1,0,0,0,0,False,False,0,3.5766,False,False,0.0,0,0,0,pornolab.net,http://pornolab.net
19,12,0,0,1,0,0,0,0,False,False,0,3.3264,False,False,0.0,0,0,0,politico.com,http://politico.com
22,15,0,0,1,0,0,0,0,False,False,0,3.9706,False,False,0.0,0,0,0,linkvertise.com,http://linkvertise.com
13,6,0,0,1,0,0,0,0,False,False,0,3.3927,False,False,0.0,0,0,0,mos.ru,http://mos.ru
25,18,0,0,1,0,1,0,0,False,False,0,3.9435,False,False,0.0,0,0,0,apple-cloudkit.com,http://apple-cloudkit.com
20,13,0,0,1,0,0,0,0,False,False,0,3.8219,False,False,0.0,0,0,0,classlink.com,http://classlink.com
19,12,0,0,1,0,0,0,0,False,False,0,3.5766,False,False,0.0,0,0,0,cimalight.co,http://cimalight.co
17,10,0,0,1,0,0,0,0,False,False,0,3.5725,False,False,0.0,0,0,0,sonobi.com,http://sonobi.com
19,12,0,0,1,0,0,0,0,False,False,0,3.5111,False,False,0.0,0,0,0,atcpulsa.net,http://atcpulsa.net
22,15,0,0,2,0,1,2,0,False,False,0,3.6978,False,False,0.13333333333333333,0,0,0,18.in-addr.arpa,http://18.in-addr.arpa
18,11,0,0,1,0,0,0,0,False,False,0,3.4613,False,False,0.0,0,0,0,rylmtch.com,http://rylmtch.com
19,12,0,0,1,0,0,0,0,False,False,0,3.6819,False,False,0.0,0,0,0,decathlon.in,http://decathlon.in
14,7,0,0,1,0,0,0,0,False,False,0,3.3788,False,False,0.0,0,0,0,kff.org,http://kff.org
22,15,0,0,1,0,0,0,0,False,False,0,3.7544,False,False,0.0,0,0,0,sourceforge.net,http://sourceforge.net
17,10,0,0,1,0,0,0,0,False,False,0,3.4548,False,False,0.0,0,0,0,glance.net,http://glance.net
18,11,0,0,1,0,0,0,0,False,False,0,3.8366,False,False,0.0,0,0,0,umingle.com,http://umingle.com
23,16,0,0,3,0,0,0,0,False,False,0,3.8492,False,False,0.0,0,0,0,detran.sp.gov.br,http://detran.sp.gov.br
23,16,0,0,1,0,0,0,0,False,False,0,3.9149,False,False,0.0,0,0,0,darknessporn.com,http://darknessporn.com
13,6,0,0,1,0,0,0,0,False,False,0,3.3927,False,False,0.0,0,0,0,abc.es,http://abc.es
22,15,0,0,1,0,0,0,0,False,False,0,3.6978,False,False,0.0,0,0,0,readthedocs.org,http://readthedocs.org
24,17,0,0,1,0,0,0,0,False,False,0,3.8868,False,False,0.0,0,0,0,supremevalues.com,http://supremevalues.com
24,17,0,0,1,0,1,0,0,False,False,0,3.6887,False,False,0.0,0,0,0,online-metrix.net,http://online-metrix.net
17,10,0,0,2,0,0,0,0,False,False,0,3.4548,False,False,0.0,0,0,0,abc.net.au,http://abc.net.au
20,13,0,0,1,0,0,0,0,False,False,0,4.0219,False,False,0.0,0,0,0,wireguard.com,http://wireguard.com
16,9,0,0,1,0,0,0,0,False,False,0,3.75,False,False,0.0,0,0,0,kayzen.io,http://kayzen.io
19,12,0,0,1,0,0,0,0,False,False,0,3.6163,False,False,0.0,0,0,0,bytetcdn.com,http://bytetcdn.com
19,12,0,0,1,0,0,0,0,False,False,0,3.8269,False,False,0.0,0,0,0,hankyung.com,http://hankyung.com
16,9,0,0,1,0,0,0,0,False,False,0,3.5778,False,False,0.0,0,0,0,slate.com,http://slate.com
21,14,0,0,1,0,0,0,0,False,False,0,3.5585,False,False,0.0,0,0,0,scholastic.com,http://scholastic.com
20,13,0,0,2,0,0,0,0,False,False,0,3.5842,False,False,0.0,0,0,0,google.com.py,http://google.com.py
16,9,0,0,1,0,0,0,0,False,False,0,3.625,False,False,0.0,0,0,0,ecdnx.com,http://ecdnx.com
21,14,0,0,1,0,0,0,0,False,False,0,3.8802,False,False,0.0,0,0,0,livecamrips.to,http://livecamrips.to
20,13,0,0,1,0,0,0,0,False,False,0,3.5464,False,False,0.0,0,0,0,kinogo.online,http://kinogo.online
20,13,0,0,2,0,0,0,0,False,False,0,3.4219,False,False,0.0,0,0,0,google.com.co,http://google.com.co
21,14,0,0,1,0,0,0,0,False,False,0,3.6304,False,False,0.0,0,0,0,toyokeizai.net,http://toyokeizai.net
17,10,0,0,1,0,0,0,0,False,False,0,3.6901,False,False,0.0,0,0,0,mykadri.tv,http://mykadri.tv
19,12,0,0,1,0,0,0,0,False,False,0,3.6819,False,False,0.0,0,0,0,mydomain.com,http://mydomain.com
19,12,0,0,1,0,0,0,0,False,False,0,3.5766,False,False,0.0,0,0,0,remotewd.com,http://remotewd.com
20,13,0,0,2,0,0,0,0,False,False,0,3.7219,False,False,0.0,0,0,0,express.co.uk,http://express.co.uk
17,10,0,0,1,0,0,0,0,False,False,0,3.6901,False,False,0.0,0,0,0,magonet.ru,http://magonet.ru
22,15,0,0,1,0,0,0,0,False,False,0,3.7322,False,False,0.0,0,0,0,gmoregistry.net,http://gmoregistry.net
23,16,0,0,1,0,0,0,0,False,False,0,3.5512,False,False,0.0,0,0,0,seattletimes.com,http://seattletimes.com
27,20,0,0,1,0,0,0,0,False,False,0,3.6619,False,False,0.0,0,0,0,loteriasyapuestas.es,http://loteriasyapuestas.es
20,13,0,0,1,0,0,0,0,False,False,0,3.6842,False,False,0.0,0,0,0,chordtela.com,http://chordtela.com
17,10,0,0,2,0,0,0,0,False,False,0,3.4548,False,False,0.0,0,0,0,cib.com.cn,http://cib.com.cn
30,23,0,0,1,0,0,0,0,False,False,0,4.1232,False,False,0.0,0,0,0,searchenginejournal.com,http://searchenginejournal.com
19,12,0,0,1,0,0,0,0,False,False,0,3.7871,False,False,0.0,0,0,0,usergate.com,http://usergate.com
24,17,0,0,1,0,0,0,0,False,False,0,3.4702,False,False,0.0,0,0,0,niceincontact.com,http://niceincontact.com
22,15,0,0,1,0,0,0,0,False,False,0,3.5726,False,False,0.0,0,0,0,officedepot.com,http://officedepot.com
26,19,0,0,1,0,0,0,0,False,False,0,3.7962,False,False,0.0,0,0,0,cargocollective.com,http://cargocollective.com
18,11,0,0,2,0,0,0,0,False,False,0,3.7255,False,False,0.0,0,0,0,inss.gov.br,http://inss.gov.br
18,11,0,0,1,0,0,0,0,False,False,0,3.7947,False,False,0.0,0,0,0,rakuten.com,http://rakuten.com
23,16,0,0,1,0,0,0,0,False,False,0,3.882,False,False,0.0,0,0,0,auappservice.com,http://auappservice.com
16,9,0,0,1,0,0,0,0,False,False,0,3.4528,False,False,0.0,0,0,0,nhtsa.gov,http://nhtsa.gov
17,10,0,0,1,0,0,0,0,False,False,0,3.4992,False,False,0.0,0,0,0,mcafee.com,http://mcafee.com
20,13,0,0,1,0,0,0,0,False,False,0,3.6842,False,False,0.0,0,0,0,indiamart.com,http://indiamart.com
18,11,0,0,1,0,0,0,0,False,False,0,3.6835,False,False,0.0,0,0,0,tvpixel.com,http://tvpixel.com
19,12,0,0,1,0,0,0,0,False,False,0,3.7216,False,False,0.0,0,0,0,vbnmhjlp.com,http://vbnmhjlp.com
16,9,0,0,1,0,0,0,0,False,False,0,3.5778,False,False,0.0,0,0,0,twkan.com,http://twkan.com
140,17,116,0,4,1,0,15,4,False,False,0,5.0937,False,False,0.13513513513513514,3,0,1,vh.net.pl,http://vh18568.vh.net.pl/TD/TD-ZE5KIzX0UW4&oauth_key_signature=eyJraWQOiJrUFVqdlNhT25GWUVDakpjMmV1MXJvNGxnb2VFeXJJb2tCbU1X3BiZXN/loading.php
22,15,0,0,1,0,0,0,0,False,False,0,3.6412,False,False,0.0,0,0,0,samsungpass.com,http://samsungpass.com
22,15,0,0,1,0,0,0,0,False,False,0,3.5726,False,False,0.0,0,0,0,tranche.finance,http://tranche.finance
23,16,0,0,1,0,0,0,0,False,False,0,3.8492,False,False,0.0,0,0,0,rollingstone.com,http://rollingstone.com
17,10,0,0,1,0,0,0,0,False,False,0,3.6901,False,False,0.0,0,0,0,adform.net,http://adform.net
14,7,0,0,1,0,0,0,0,False,False,0,3.3249,False,False,0.0,0,0,0,rit.edu,http://rit.edu
19,12,0,0,1,0,0,0,0,False,False,0,3.8269,False,False,0.0,0,0,0,domainers.de,http://domainers.de
16,9,0,0,1,0,0,0,0,False,False,0,3.625,False,False,0.0,0,0,0,xnhau.kim,http://xnhau.kim
52,44,1,0,2,1,3,8,0,False,False,0,4.2115,False,False,0.2222222222222222,0,0,1,replit.app,http://bdvenezuela-2026--bdvenezuela2026.replit.app/
17,10,0,0,1,0,0,0,0,False,False,0,3.5725,False,False,0.0,0,0,0,utraff.com,http://utraff.com
14,7,0,0,1,0,0,0,0,False,False,0,3.2359,False,False,0.0,0,0,0,cyon.ch,http://cyon.ch
23,16,0,0,1,0,0,0,0,False,False,0,3.7081,False,False,0.0,0,0,0,revistaoeste.com,http://revistaoeste.com
18,11,0,0,1,0,0,0,0,False,False,0,3.8366,False,False,0.0,0,0,0,mangosip.ru,http://mangosip.ru
23,16,0,0,1,0,0,0,0,False,False,0,3.8279,False,False,0.0,0,0,0,tamilsexvids.net,http://tamilsexvids.net
24,17,0,0,1,0,0,0,0,False,False,0,4.0535,False,False,0.0,0,0,0,globenewswire.com,http://globenewswire.com
58,50,1,0,3,2,3,0,0,False,False,0,4.3342,False,False,0.0,0,0,1,hf.space,http://eferhile-bankofamerica-boost-buddy.static.hf.space/
19,12,0,0,1,0,0,1,0,False,False,0,3.8269,False,False,0.06666666666666667,0,0,0,xvv1deos.com,http://xvv1deos.com
16,9,0,0,1,0,0,1,0,False,False,0,3.75,False,False,0.08333333333333333,0,0,0,dnsv5.com,http://dnsv5.com
12,5,0,0,1,0,0,0,0,False,False,0,3.2516,False,False,0.0,0,0,0,ya.ru,http://ya.ru
16,9,0,0,1,0,0,0,0,False,False,0,3.75,False,False,0.0,0,0,0,yandex.kz,http://yandex.kz
15,8,0,0,1,0,0,0,0,False,False,0,3.3232,False,False,0.0,0,0,0,sony.net,http://sony.net
19,12,0,0,1,0,0,0,0,False,False,0,3.6819,False,False,0.0,0,0,0,rtbhouse.com,http://rtbhouse.com
17,10,0,0,1,0,0,0,0,False,False,0,3.4548,False,False,0.0,0,0,0,appboy.com,http://appboy.com
19,12,0,0,1,0,0,0,0,False,False,0,3.6819,False,False,0.0,0,0,0,trueconf.com,http://trueconf.com
22,15,0,0,1,0,0,0,0,False,False,0,4.0049,False,False,0.0,0,0,0,punishworld.com,http://punishworld.com
25,18,0,0,1,0,0,4,0,False,False,0,3.8635,False,False,0.2222222222222222,0,0,0,khelo24match99.com,http://khelo24match99.com
20,13,0,0,1,0,0,0,0,False,False,0,3.6842,False,False,0.0,0,0,0,biccamera.com,http://biccamera.com
22,15,0,0,1,0,0,0,0,False,False,0,3.5681,False,False,0.0,0,0,0,playstation.net,http://playstation.net
15,8,0,0,1,0,0,0,0,False,False,0,3.4566,False,False,0.0,0,0,0,about.me,http://about.me
18,11,0,0,1,0,0,0,0,False,False,0,3.5724,False,False,0.0,0,0,0,yahoo.cloud,http://yahoo.cloud
21,14,0,0,1,0,0,0,0,False,False,0,3.7849,False,False,0.0,0,0,0,ufstoryfun.com,http://ufstoryfun.com
14,7,0,0,1,0,0,0,0,False,False,0,3.2359,False,False,0.0,0,0,0,hbo.com,http://hbo.com
16,9,0,0,1,0,0,0,0,False,False,0,3.5,False,False,0.0,0,0,0,ipify.org,http://ipify.org
24,17,0,0,1,0,0,0,0,False,False,0,3.9702,False,False,0.0,0,0,0,taylorfrancis.com,http://taylorfrancis.com
18,11,0,0,1,0,0,0,0,False,False,0,3.7255,False,False,0.0,0,0,0,embedly.com,http://embedly.com
22,15,0,0,2,0,1,2,0,False,False,0,4.0958,False,False,0.13333333333333333,0,0,0,awsdns-35.co.uk,http://awsdns-35.co.uk
22,15,0,0,1,0,0,0,0,False,False,0,3.7544,False,False,0.0,0,0,0,nishatlinen.com,http://nishatlinen.com
16,9,0,0,1,0,0,0,0,False,False,0,3.4528,False,False,0.0,0,0,0,apple.com,http://apple.com
22,15,0,0,1,0,0,0,0,False,False,0,3.914,False,False,0.0,0,0,0,gamifyspace.com,http://gamifyspace.com
30,23,0,0,1,0,0,0,0,False,False,0,3.6314,False,False,0.0,0,0,0,teacherspayteachers.com,http://teacherspayteachers.com
16,9,0,0,1,0,0,0,0,False,False,0,3.5778,False,False,0.0,0,0,0,study.com,http://study.com
15,8,0,0,1,0,0,0,0,False,False,0,3.5069,False,False,0.0,0,0,0,neal.fun,http://neal.fun
18,11,0,0,2,0,0,0,0,False,False,0,3.7255,False,False,0.0,0,0,0,sena.edu.co,http://sena.edu.co
14,7,0,0,1,0,0,0,0,False,False,0,3.3788,False,False,0.0,0,0,0,osu.edu,http://osu.edu
16,9,0,0,1,0,0,0,0,False,False,0,3.1556,False,False,0.0,0,0,0,clutch.co,http://clutch.co
17,10,0,0,1,0,0,0,0,False,False,0,3.7345,False,False,0.0,0,0,0,jagran.com,http://jagran.com
18,11,0,0,1,0,0,0,0,False,False,0,3.8366,False,False,0.0,0,0,0,sankuai.com,http://sankuai.com
41,32,1,0,2,1,2,0,0,False,False,0,4.2476,False,False,0.0,0,0,1,netlify.app,https://spotify-clone-yuvraj.netlify.app/
18,11,0,0,1,0,0,0,0,False,False,0,3.5724,False,False,0.0,0,0,0,tripcdn.com,http://tripcdn.com
14,7,0,0,1,0,0,0,0,False,False,0,3.5216,False,False,0.0,0,0,0,dzen.ru,http://dzen.ru
23,16,0,0,1,0,0,0,0,False,False,0,3.7623,False,False,0.0,0,0,0,microworkers.com,http://microworkers.com
18,11,0,0,1,0,0,1,0,False,False,0,3.5724,False,False,0.07142857142857142,0,0,0,mookie1.com,http://mookie1.com
19,12,0,0,1,0,0,0,0,False,False,0,3.2608,False,False,0.0,0,0,0,iltalehti.fi,http://iltalehti.fi
17,10,0,0,1,0,0,0,0,False,False,0,3.3816,False,False,0.0,0,0,0,wistia.net,http://wistia.net
18,11,0,0,1,0,0,0,0,False,False,0,3.4613,False,False,0.0,0,0,0,pokemon.com,http://pokemon.com
17,10,0,0,1,0,0,0,0,False,False,0,3.6169,False,False,0.0,0,0,0,ibscorp.ru,http://ibscorp.ru
17,10,0,0,1,0,0,0,0,False,False,0,3.4992,False,False,0.0,0,0,0,tgtube.com,http://tgtube.com
20,13,0,0,2,0,0,0,0,False,False,0,3.6842,False,False,0.0,0,0,0,impress.co.jp,http://impress.co.jp
19,12,0,0,1,0,0,0,0,False,False,0,3.5766,False,False,0.0,0,0,0,skbkontur.ru,http://skbkontur.ru
18,11,0,0,1,0,0,1,0,False,False,0,3.5724,False,False,0.07142857142857142,0,0,0,action1.com,http://action1.com
40,32,1,0,2,1,1,0,0,False,False,0,4.1439,False,False,0.0,0,0,1,netlify.app,http://myparcelgst-tracking.netlify.app/
21,14,0,0,1,0,0,0,0,False,False,0,3.5352,False,False,0.0,0,0,0,smartsheet.com,http://smartsheet.com
17,10,0,0,1,0,0,0,0,False,False,0,3.6169,False,False,0.0,0,0,0,drupal.org,http://drupal.org
20,13,0,0,1,0,0,0,0,False,False,0,3.7842,False,False,0.0,0,0,0,canalturf.com,http://canalturf.com
13,6,0,0,1,0,0,0,0,False,False,0,3.1808,False,False,0.0,0,0,0,vt.edu,http://vt.edu
18,11,0,0,1,0,0,0,0,False,False,0,3.5033,False,False,0.0,0,0,0,onetrust.io,http://onetrust.io
16,9,0,0,1,0,0,0,0,False,False,0,3.2806,False,False,0.0,0,0,0,bunny.net,http://bunny.net
14,7,0,0,1,0,0,0,0,False,False,0,3.0391,False,False,0.0,0,0,0,lc.chat,http://lc.chat
25,18,0,0,1,0,0,0,0,False,False,0,3.9737,False,False,0.0,0,0,0,messefrankfurt.com,http://messefrankfurt.com
18,11,0,0,1,0,0,0,0,False,False,0,3.6144,False,False,0.0,0,0,0,shopier.com,http://shopier.com
20,13,0,0,1,0,0,0,0,False,False,0,3.6464,False,False,0.0,0,0,0,orangedata.ru,http://orangedata.ru
22,15,0,0,1,0,0,0,0,False,False,0,3.6069,False,False,0.0,0,0,0,uptimerobot.com,http://uptimerobot.com
14,7,0,0,1,0,0,0,0,False,False,0,3.3788,False,False,0.0,0,0,0,zing.vn,http://zing.vn
23,16,0,0,1,0,0,3,0,False,False,0,3.9362,False,False,0.17647058823529413,0,0,0,blacktoon417.com,http://blacktoon417.com
17,10,0,0,1,0,0,0,0,False,False,0,3.5725,False,False,0.0,0,0,0,fanmtl.com,http://fanmtl.com
21,14,0,0,1,0,1,0,0,False,False,0,4.0114,False,False,0.0,0,0,0,dns-finder.com,http://dns-finder.com
19,12,0,0,1,0,0,0,0,False,False,0,3.6819,False,False,0.0,0,0,0,newsweek.com,http://newsweek.com
14,7,0,0,1,0,0,0,0,False,False,0,3.3249,False,False,0.0,0,0,0,ebay.it,http://ebay.it
19,12,0,0,1,0,0,0,0,False,False,0,3.7871,False,False,0.0,0,0,0,elsevier.com,http://elsevier.com
18,11,0,0,1,0,0,0,0,False,False,0,3.5724,False,False,0.0,0,0,0,freetds.org,http://freetds.org
20,13,0,0,1,0,0,0,0,False,False,0,3.5842,False,False,0.0,0,0,0,mediamarkt.de,http://mediamarkt.de
20,13,0,0,1,0,0,0,0,False,False,0,3.6842,False,False,0.0,0,0,0,yellowblue.io,http://yellowblue.io
19,12,0,0,1,0,0,0,0,False,False,0,3.3661,False,False,0.0,0,0,0,motorola.com,http://motorola.com
20,13,0,0,1,0,0,0,0,False,False,0,3.7842,False,False,0.0,0,0,0,xhwebsite.com,http://xhwebsite.com
23,16,0,0,2,0,0,0,0,False,False,0,3.8279,False,False,0.0,0,0,0,vivastreet.co.uk,http://vivastreet.co.uk
17,10,0,0,1,0,0,0,0,False,False,0,3.7345,False,False,0.0,0,0,0,gdms.cloud,http://gdms.cloud
18,11,0,0,1,0,0,0,0,False,False,0,3.5033,False,False,0.0,0,0,0,pornhub.org,http://pornhub.org
19,12,0,0,1,0,0,0,0,False,False,0,3.2608,False,False,0.0,0,0,0,ticktick.com,http://ticktick.com
22,15,0,0,1,0,1,0,0,False,False,0,3.5338,False,False,0.0,0,0,0,icc-cricket.com,http://icc-cricket.com
18,11,0,0,1,0,0,0,0,False,False,0,3.5724,False,False,0.0,0,0,0,pornzog.com,http://pornzog.com
20,13,0,0,1,0,0,0,0,False,False,0,3.5464,False,False,0.0,0,0,0,itemmania.com,http://itemmania.com
15,8,0,0,1,0,0,0,0,False,False,0,3.1069,False,False,0.0,0,0,0,syapp.jp,http://syapp.jp
22,15,0,0,1,0,0,0,0,False,False,0,3.6069,False,False,0.0,0,0,0,dotnxdomain.net,http://dotnxdomain.net
14,7,0,0,1,0,0,0,0,False,False,0,3.3788,False,False,0.0,0,0,0,ucr.edu,http://ucr.edu
20,13,0,0,1,0,0,0,0,False,False,0,3.4219,False,False,0.0,0,0,0,sprinthost.ru,http://sprinthost.ru
19,12,0,0,1,0,0,0,0,False,False,0,3.6421,False,False,0.0,0,0,0,udmserve.net,http://udmserve.net
28,21,0,0,1,0,0,0,0,False,False,0,4.0836,False,False,0.0,0,0,0,barracudanetworks.com,http://barracudanetworks.com
19,12,0,0,1,0,0,0,0,False,False,0,3.5766,False,False,0.0,0,0,0,movieffm.net,http://movieffm.net
16,9,0,0,1,0,0,0,0,False,False,0,3.3278,False,False,0.0,0,0,0,corppn.ru,http://corppn.ru
15,8,0,0,1,0,0,0,0,False,False,0,3.5069,False,False,0.0,0,0,0,bazos.cz,http://bazos.cz
25,18,0,0,1,0,0,0,0,False,False,0,3.6537,False,False,0.0,0,0,0,consentmanager.net,http://consentmanager.net
16,9,0,0,1,0,0,0,0,False,False,0,3.75,False,False,0.0,0,0,0,javdb.com,http://javdb.com
19,12,0,0,1,0,0,0,0,False,False,0,3.8269,False,False,0.0,0,0,0,linkedin.com,http://linkedin.com
17,10,0,0,1,0,0,0,0,False,False,0,3.5725,False,False,0.0,0,0,0,ekatox.com,http://ekatox.com
18,11,0,0,1,0,0,0,0,False,False,0,3.281,False,False,0.0,0,0,0,register.it,http://register.it
18,11,0,0,1,0,0,0,0,False,False,0,3.8366,False,False,0.0,0,0,0,sagepub.com,http://sagepub.com
16,9,0,0,1,0,0,0,0,False,False,0,3.1556,False,False,0.0,0,0,0,shopch.jp,http://shopch.jp
13,6,0,0,1,0,0,0,0,False,False,0,3.0851,False,False,0.0,0,0,0,jra.jp,http://jra.jp
17,10,0,0,1,0,0,0,0,False,False,0,3.5725,False,False,0.0,0,0,0,pxltag.com,http://pxltag.com
25,18,0,0,1,0,0,1,0,False,False,0,3.8137,False,False,0.047619047619047616,0,0,0,prodregistryv2.org,http://prodregistryv2.org
16,9,0,0,1,0,0,0,0,False,False,0,3.4528,False,False,0.0,0,0,0,yoast.com,http://yoast.com
20,13,0,0,1,0,0,0,0,False,False,0,3.6842,False,False,0.0,0,0,0,thesaurus.com,http://thesaurus.com
20,13,0,0,2,0,0,0,0,False,False,0,3.4842,False,False,0.0,0,0,0,google.com.ph,http://google.com.ph
24,17,0,0,1,0,0,0,0,False,False,0,3.6573,False,False,0.0,0,0,0,thegioididong.com,http://thegioididong.com
13,6,0,0,1,0,0,0,0,False,False,0,3.2389,False,False,0.0,0,0,0,reg.ru,http://reg.ru
16,9,0,0,1,0,0,0,0,False,False,0,3.25,False,False,0.0,0,0,0,sextb.net,http://sextb.net
15,8,0,0,1,0,0,0,0,False,False,0,3.6402,False,False,0.0,0,0,0,wral.com,http://wral.com
12,5,0,0,1,0,0,0,0,False,False,0,2.8554,False,False,0.0,0,0,0,yp.to,http://yp.to
17,10,0,0,1,0,0,0,0,False,False,0,3.6901,False,False,0.0,0,0,0,itunes.com,http://itunes.com
15,8,0,0,1,0,0,0,0,False,False,0,3.5069,False,False,0.0,0,0,0,cgood.ru,http://cgood.ru
25,18,0,0,1,0,0,0,0,False,False,0,3.8439,False,False,0.0,0,0,0,acuityplatform.com,http://acuityplatform.com
15,8,0,0,1,0,0,0,0,False,False,0,3.1899,False,False,0.0,0,0,0,lit.link,http://lit.link
14,7,0,0,1,0,0,0,0,False,False,0,3.3788,False,False,0.0,0,0,0,nps.gov,http://nps.gov
17,10,0,0,1,0,0,0,0,False,False,0,3.5725,False,False,0.0,0,0,0,tumblr.com,http://tumblr.com
18,11,0,0,1,0,0,0,0,False,False,0,3.3502,False,False,0.0,0,0,0,proxmox.com,http://proxmox.com
25,18,0,0,2,0,0,0,0,False,False,0,4.0537,False,False,0.0,0,0,0,egramswaraj.gov.in,http://egramswaraj.gov.in
21,14,0,0,1,0,0,0,0,False,False,0,3.9161,False,False,0.0,0,0,0,bloombergia.ru,http://bloombergia.ru
22,15,0,0,1,0,0,0,0,False,False,0,3.5726,False,False,0.0,0,0,0,gelderlander.nl,http://gelderlander.nl
21,14,0,0,1,0,0,0,0,False,False,0,3.8802,False,False,0.0,0,0,0,bluestacks.com,http://bluestacks.com
20,13,0,0,1,0,0,0,0,False,False,0,3.8842,False,False,0.0,0,0,0,nextlgsdp.com,http://nextlgsdp.com
22,15,0,0,1,0,1,0,0,False,False,0,3.8797,False,False,0.0,0,0,0,ouest-france.fr,http://ouest-france.fr
20,13,0,0,2,0,0,0,0,False,False,0,3.5842,False,False,0.0,0,0,0,amazon.com.au,http://amazon.com.au
22,15,0,0,1,0,0,0,0,False,False,0,3.6069,False,False,0.0,0,0,0,onmicrosoft.com,http://onmicrosoft.com
21,14,0,0,1,0,0,0,0,False,False,0,3.7257,False,False,0.0,0,0,0,hacklink.space,http://hacklink.space
19,12,0,0,1,0,0,0,0,False,False,0,3.7216,False,False,0.0,0,0,0,niconsul.com,http://niconsul.com
27,20,0,0,1,0,0,0,0,False,False,0,3.9862,False,False,0.0,0,0,0,socialmediagirls.com,http://socialmediagirls.com
14,7,0,0,1,0,0,0,0,False,False,0,3.3788,False,False,0.0,0,0,0,nap.edu,http://nap.edu
22,15,0,0,1,0,0,0,0,False,False,0,3.7888,False,False,0.0,0,0,0,poolbinance.com,http://poolbinance.com
18,11,0,0,1,0,0,0,0,False,False,0,3.7255,False,False,0.0,0,0,0,podbean.com,http://podbean.com
26,19,0,0,1,0,1,0,0,False,False,0,3.8151,False,False,0.0,0,0,0,app-measurement.com,http://app-measurement.com
22,15,0,0,1,0,0,0,0,False,False,0,3.6978,False,False,0.0,0,0,0,deepmind.google,http://deepmind.google
16,9,0,0,1,0,0,0,0,False,False,0,3.75,False,False,0.0,0,0,0,ymcdn.org,http://ymcdn.org
19,12,0,0,2,0,0,0,0,False,False,0,3.7216,False,False,0.0,0,0,0,alura.com.br,http://alura.com.br
27,20,0,0,1,0,0,0,0,False,False,0,3.838,False,False,0.0,0,0,0,androidauthority.com,http://androidauthority.com
29,20,1,0,2,1,0,4,0,False,False,0,4.1163,False,False,0.2,0,0,1,icefactory.cl,https://6b1c15.icefactory.cl/
20,13,0,0,2,0,0,0,0,False,False,0,3.8219,False,False,0.0,0,0,0,kemenag.go.id,http://kemenag.go.id
16,9,0,0,2,0,0,0,0,False,False,0,3.25,False,False,0.0,0,0,0,jcb.co.jp,http://jcb.co.jp
27,20,0,0,1,0,0,0,0,False,False,0,3.866,False,False,0.0,0,0,0,whiterabbitpress.com,http://whiterabbitpress.com
16,9,0,0,1,0,0,0,0,False,False,0,3.3278,False,False,0.0,0,0,0,hotxv.com,http://hotxv.com
21,14,0,0,1,0,1,0,0,False,False,0,3.8442,False,False,0.0,0,0,0,wac-msedge.net,http://wac-msedge.net
19,12,0,0,1,0,0,0,0,False,False,0,3.4316,False,False,0.0,0,0,0,imhentai.xxx,http://imhentai.xxx
21,14,0,0,1,0,0,0,0,False,False,0,3.8209,False,False,0.0,0,0,0,gaiaonline.com,http://gaiaonline.com
18,11,0,0,1,0,0,0,0,False,False,0,3.4194,False,False,0.0,0,0,0,appcues.net,http://appcues.net
13,6,0,0,1,0,0,0,0,False,False,0,3.2389,False,False,0.0,0,0,0,web.de,http://web.de
17,10,0,0,1,0,0,2,0,False,False,0,3.3816,False,False,0.16666666666666666,0,0,0,bet30.host,http://bet30.host
20,13,0,0,1,0,0,0,0,False,False,0,3.7219,False,False,0.0,0,0,0,swiftycdn.net,http://swiftycdn.net
16,9,0,0,1,0,0,0,0,False,False,0,3.4528,False,False,0.0,0,0,0,asana.com,http://asana.com
17,10,0,0,1,0,0,0,0,False,False,0,3.4548,False,False,0.0,0,0,0,spiegel.de,http://spiegel.de
16,9,0,0,2,0,0,0,0,False,False,0,3.375,False,False,0.0,0,0,0,kcl.ac.uk,http://kcl.ac.uk
14,7,0,0,1,0,0,0,0,False,False,0,3.5216,False,False,0.0,0,0,0,jbl.com,http://jbl.com
16,9,0,0,1,0,0,0,0,False,False,0,3.5,False,False,0.0,0,0,0,alamy.com,http://alamy.com
20,13,0,0,1,0,0,1,0,False,False,0,3.5842,False,False,0.0625,0,0,0,zmcyu9ypy.com,http://zmcyu9ypy.com
15,8,0,0,1,0,0,0,0,False,False,0,3.3736,False,False,0.0,0,0,0,hola.com,http://hola.com
14,7,0,0,1,0,0,0,0,False,False,0,3.0931,False,False,0.0,0,0,0,gpo.gov,http://gpo.gov
20,13,0,0,2,0,0,0,0,False,False,0,3.8219,False,False,0.0,0,0,0,labour.gov.za,http://labour.gov.za
24,17,0,0,2,0,0,0,0,False,False,0,3.8868,False,False,0.0,0,0,0,homeoffice.gov.uk,http://homeoffice.gov.uk
19,12,0,0,2,0,0,0,0,False,False,0,3.5766,False,False,0.0,0,0,0,google.co.nz,http://google.co.nz
26,19,0,0,1,0,0,0,0,False,False,0,3.6903,False,False,0.0,0,0,0,betterstackdata.com,http://betterstackdata.com
16,9,0,0,1,0,0,0,0,False,False,0,3.2806,False,False,0.0,0,0,0,aajtak.in,http://aajtak.in
18,11,0,0,1,0,0,0,0,False,False,0,3.6835,False,False,0.0,0,0,0,tubidy.cool,http://tubidy.cool
25,18,0,0,1,0,0,0,0,False,False,0,3.7337,False,False,0.0,0,0,0,vercomicsporno.com,http://vercomicsporno.com
23,16,0,0,1,0,0,0,0,False,False,0,3.9149,False,False,0.0,0,0,0,freewebnovel.com,http://freewebnovel.com
16,9,0,0,1,0,0,0,0,False,False,0,3.4528,False,False,0.0,0,0,0,tenor.com,http://tenor.com
18,11,0,0,1,0,0,0,0,False,False,0,3.7255,False,False,0.0,0,0,0,unwomen.org,http://unwomen.org
22,15,0,0,1,0,0,0,0,False,False,0,3.7888,False,False,0.0,0,0,0,publicstuff.com,http://publicstuff.com
21,14,0,0,1,0,0,0,0,False,False,0,3.4992,False,False,0.0,0,0,0,receptivity.io,http://receptivity.io
15,8,0,0,1,0,0,0,0,False,False,0,3.4566,False,False,0.0,0,0,0,tuya.com,http://tuya.com
14,7,0,0,1,0,0,0,0,False,False,0,3.0391,False,False,0.0,0,0,0,pch.net,http://pch.net
52,17,27,0,3,1,0,12,0,False,False,0,4.5824,False,False,0.375,3,0,1,robiox.com.py,https://www.robiox.com.py/users/265736013873/profile
104,20,66,9,2,1,0,12,1,False,False,0,5.0114,False,False,0.14285714285714285,1,1,1,icefactory.cl,https://1e861a.icefactory.cl/S2KzyGOLCINkRF17gpnnmOBpQJ9xteeJoKih5sXECA2qOuWxIQV3LGLhQtnVwphA/?rotated=1
18,11,0,0,1,0,0,0,0,False,False,0,3.4613,False,False,0.0,0,0,0,brother.com,http://brother.com
15,8,0,0,1,0,0,0,0,False,False,0,3.3232,False,False,0.0,0,0,0,hltv.org,http://hltv.org
20,13,0,0,1,0,0,0,0,False,False,0,3.9219,False,False,0.0,0,0,0,swarovski.com,http://swarovski.com
18,11,0,0,1,0,0,0,0,False,False,0,3.6144,False,False,0.0,0,0,0,vodafone.de,http://vodafone.de
17,10,0,0,1,0,0,0,0,False,False,0,3.5725,False,False,0.0,0,0,0,adriver.ru,http://adriver.ru
17,10,0,0,1,0,0,0,0,False,False,0,3.5725,False,False,0.0,0,0,0,tubi.video,http://tubi.video
17,10,0,0,1,0,0,0,0,False,False,0,3.5725,False,False,0.0,0,0,0,beeline.ru,http://beeline.ru
20,13,0,0,1,0,0,0,0,False,False,0,3.5219,False,False,0.0,0,0,0,southwest.com,http://southwest.com
14,7,0,0,1,0,0,0,0,False,False,0,3.5216,False,False,0.0,0,0,0,lua.org,http://lua.org
42,34,1,0,2,1,2,6,0,False,False,0,4.4813,False,False,0.20689655172413793,0,0,1,framer.app,http://amazing-cylinder-155427.framer.app/
14,7,0,0,1,0,0,0,0,False,False,0,3.5216,False,False,0.0,0,0,0,mail.ru,http://mail.ru
18,11,0,0,2,0,0,0,0,False,False,0,3.5724,False,False,0.0,0,0,0,utua.com.br,http://utua.com.br
18,11,0,0,1,0,0,0,0,False,False,0,3.128,False,False,0.0,0,0,0,bilibili.tv,http://bilibili.tv
18,11,0,0,1,0,0,0,0,False,False,0,3.281,False,False,0.0,0,0,0,gazzetta.gr,http://gazzetta.gr
17,10,0,0,1,0,0,0,0,False,False,0,3.7345,False,False,0.0,0,0,0,smadex.com,http://smadex.com
21,14,0,0,1,0,0,0,0,False,False,0,3.6304,False,False,0.0,0,0,0,getpostman.com,http://getpostman.com
26,19,0,0,1,0,0,0,0,False,False,0,3.9022,False,False,0.0,0,0,0,qodeinteractive.com,http://qodeinteractive.com
15,8,0,0,1,0,0,0,0,False,False,0,3.5069,False,False,0.0,0,0,0,ucar.edu,http://ucar.edu
17,10,0,0,2,0,0,0,0,False,False,0,3.7345,False,False,0.0,0,0,0,nsw.gov.au,http://nsw.gov.au
11,4,0,0,1,0,0,0,0,False,False,0,3.0958,False,False,0.0,0,0,0,x.ai,http://x.ai
17,10,0,0,1,0,0,0,0,False,False,0,3.4992,False,False,0.0,0,0,0,snopes.com,http://snopes.com
20,13,0,0,2,0,0,0,0,False,False,0,3.3842,False,False,0.0,0,0,0,uninet.net.mx,http://uninet.net.mx
23,16,0,0,1,0,0,0,0,False,False,0,3.7081,False,False,0.0,0,0,0,sssinstagram.com,http://sssinstagram.com
16,9,0,0,1,0,0,0,0,False,False,0,3.3278,False,False,0.0,0,0,0,ctadns.cn,http://ctadns.cn
18,11,0,0,1,0,0,0,0,False,False,0,3.5724,False,False,0.0,0,0,0,segment.com,http://segment.com
19,12,0,0,1,0,0,0,0,False,False,0,3.5766,False,False,0.0,0,0,0,sketchup.com,http://sketchup.com
18,11,0,0,1,0,0,0,0,False,False,0,3.6835,False,False,0.0,0,0,0,yesporn.vip,http://yesporn.vip
13,6,0,0,1,0,0,0,0,False,False,0,3.1808,False,False,0.0,0,0,0,ti.com,http://ti.com
18,11,0,0,1,0,0,0,0,False,False,0,3.3083,False,False,0.0,0,0,0,posthog.com,http://posthog.com
15,8,0,0,1,0,0,0,0,False,False,0,2.9736,False,False,0.0,0,0,0,shop.app,http://shop.app
19,12,0,0,1,0,0,0,0,False,False,0,3.6163,False,False,0.0,0,0,0,ondemand.com,http://ondemand.com
17,10,0,0,1,0,1,0,0,False,False,0,3.8522,False,False,0.0,0,0,0,ui-dns.com,http://ui-dns.com
15,8,0,0,1,0,0,0,0,False,False,0,3.5069,False,False,0.0,0,0,0,seek.com,http://seek.com
22,15,0,0,2,0,0,2,0,False,False,0,3.8797,False,False,0.125,0,0,0,pagina12.com.ar,http://pagina12.com.ar
20,13,0,0,1,0,0,0,0,False,False,0,3.3219,False,False,0.0,0,0,0,recaptcha.net,http://recaptcha.net
17,10,0,0,2,0,0,0,0,False,False,0,3.6169,False,False,0.0,0,0,0,eci.gov.in,http://eci.gov.in
16,9,0,0,1,0,0,0,0,False,False,0,3.5778,False,False,0.0,0,0,0,termly.io,http://termly.io
14,7,0,0,1,0,0,0,0,False,False,0,3.3788,False,False,0.0,0,0,0,vox.com,http://vox.com
30,23,0,0,1,0,2,0,0,False,False,0,3.9232,False,False,0.0,0,0,0,canvas-user-content.com,http://canvas-user-content.com
16,9,0,0,1,0,0,0,0,False,False,0,3.25,False,False,0.0,0,0,0,looti.net,http://looti.net
23,16,0,0,1,0,0,1,0,False,False,0,3.969,False,False,0.05263157894736842,0,0,0,mp4moviez.webcam,http://mp4moviez.webcam
17,10,0,0,2,0,0,0,0,False,False,0,3.5725,False,False,0.0,0,0,0,tax.gov.ir,http://tax.gov.ir
28,21,0,0,1,0,1,0,0,False,False,0,3.8788,False,False,0.0,0,0,0,project-limelight.com,http://project-limelight.com
15,8,0,0,1,0,0,0,0,False,False,0,3.1899,False,False,0.0,0,0,0,sport.es,http://sport.es
18,11,0,0,1,0,0,0,0,False,False,0,3.6144,False,False,0.0,0,0,0,discogs.com,http://discogs.com
23,16,0,0,1,0,0,0,0,False,False,0,3.882,False,False,0.0,0,0,0,getyourguide.com,http://getyourguide.com
23,16,0,0,1,0,0,0,0,False,False,0,4.0018,False,False,0.0,0,0,0,seekingalpha.com,http://seekingalpha.com
17,10,0,0,1,0,0,0,0,False,False,0,3.7345,False,False,0.0,0,0,0,suning.com,http://suning.com
21,14,0,0,1,0,1,0,0,False,False,0,3.749,False,False,0.0,0,0,0,jr-odekake.net,http://jr-odekake.net
17,10,0,0,1,0,0,0,0,False,False,0,3.7345,False,False,0.0,0,0,0,kwimgs.com,http://kwimgs.com
18,11,0,0,1,0,0,0,0,False,False,0,3.4613,False,False,0.0,0,0,0,stubhub.com,http://stubhub.com
16,9,0,0,1,0,0,0,0,False,False,0,3.5778,False,False,0.0,0,0,0,texas.gov,http://texas.gov
15,8,0,0,1,0,0,0,0,False,False,0,3.1069,False,False,0.0,0,0,0,pitt.edu,http://pitt.edu
17,10,0,0,1,0,0,0,0,False,False,0,3.3372,False,False,0.0,0,0,0,wpzoom.com,http://wpzoom.com
17,10,0,0,1,0,0,0,0,False,False,0,3.4548,False,False,0.0,0,0,0,hilton.com,http://hilton.com
15,8,0,0,1,0,0,0,0,False,False,0,3.6402,False,False,0.0,0,0,0,guard.io,http://guard.io
26,19,0,0,1,0,1,0,0,False,False,0,4.056,False,False,0.0,0,0,0,squarespace-cdn.com,http://squarespace-cdn.com
19,12,0,0,1,0,0,1,0,False,False,0,3.9321,False,False,0.06666666666666667,0,0,0,xvideos2.com,http://xvideos2.com
19,12,0,0,1,0,0,0,0,False,False,0,3.7871,False,False,0.0,0,0,0,webthing.com,http://webthing.com
19,12,0,0,1,0,0,0,0,False,False,0,3.8269,False,False,0.0,0,0,0,worldnic.com,http://worldnic.com
19,12,0,0,1,0,0,0,0,False,False,0,3.7216,False,False,0.0,0,0,0,buzzarab.com,http://buzzarab.com
25,18,0,0,1,0,0,0,0,False,False,0,3.8333,False,False,0.0,0,0,0,insidehighered.com,http://insidehighered.com
17,10,0,0,1,0,0,0,0,False,False,0,3.4548,False,False,0.0,0,0,0,selcdn.net,http://selcdn.net
20,13,0,0,1,0,0,0,0,False,False,0,3.5842,False,False,0.0,0,0,0,mechacomic.jp,http://mechacomic.jp
17,10,0,0,1,0,0,0,0,False,False,0,3.4992,False,False,0.0,0,0,0,clickr.pro,http://clickr.pro
15,8,0,0,1,0,0,0,0,False,False,0,3.5069,False,False,0.0,0,0,0,huya.com,http://huya.com
16,9,0,0,1,0,0,3,0,False,False,0,3.2806,False,False,0.3,0,0,0,cv666.net,http://cv666.net
19,12,0,0,1,0,0,0,0,False,False,0,3.7871,False,False,0.0,0,0,0,livesport.cz,http://livesport.cz
19,12,0,0,1,0,0,0,0,False,False,0,3.5369,False,False,0.0,0,0,0,president.jp,http://president.jp
19,12,0,0,1,0,0,0,0,False,False,0,3.6421,False,False,0.0,0,0,0,thehindu.com,http://thehindu.com
13,6,0,0,1,0,0,0,0,False,False,0,3.2389,False,False,0.0,0,0,0,dfn.de,http://dfn.de
17,10,0,0,1,0,0,0,0,False,False,0,3.5725,False,False,0.0,0,0,0,doubao.com,http://doubao.com
15,8,0,0,1,0,0,0,0,False,False,0,3.5069,False,False,0.0,0,0,0,ionos.de,http://ionos.de
20,13,0,0,2,0,0,0,0,False,False,0,3.7842,False,False,0.0,0,0,0,ibtimes.co.uk,http://ibtimes.co.uk
16,9,0,0,1,0,0,0,0,False,False,0,3.2028,False,False,0.0,0,0,0,gohugo.io,http://gohugo.io
19,12,0,0,1,0,0,0,0,False,False,0,3.5111,False,False,0.0,0,0,0,shorttv.live,http://shorttv.live
368,29,100,230,4,1,0,91,33,False,False,0,5.0977,False,False,0.42924528301886794,5,8,1,cloudfront.net,https://d30sec8k5ond2x.cloudfront.net/Stanbury-Estate-Novel-Kimberly-Thomas-ebook/dp/B0FHLNJ4P7/ref=pd_sbs_d_sccl_1_6/143-9350453-2346763?pd_rd_w=G2b8T&content-id=amzn1.sym.aa738fbd-ad05-4d11-aae2-04b598db6305&pf_rd_p=aa738fbd-ad05-4d11-aae2-04b598db6305&pf_rd_r=SZSZSF4DJVBEWWDFVFAJ&pd_rd_wg=jmgSe&pd_rd_r=cf5f5d10-32de-4c12-89c0-3a51d466af30&pd_rd_i=B0FHLNJ4P7&psc=1
16,9,0,0,1,0,0,0,0,False,False,0,3.3278,False,False,0.0,0,0,0,paypal.me,http://paypal.me
15,8,0,0,1,0,0,0,0,False,False,0,3.3232,False,False,0.0,0,0,0,leggo.it,http://leggo.it
21,14,0,0,1,0,0,0,0,False,False,0,3.7849,False,False,0.0,0,0,0,energystar.gov,http://energystar.gov
26,19,0,0,1,0,1,0,0,False,False,0,4.027,False,False,0.0,0,0,0,minecraft-inside.ru,http://minecraft-inside.ru
22,15,0,0,1,0,0,0,0,False,False,0,4.0958,False,False,0.0,0,0,0,nydailynews.com,http://nydailynews.com
18,11,0,0,1,0,0,0,0,False,False,0,3.6835,False,False,0.0,0,0,0,cudasvc.com,http://cudasvc.com
27,20,0,0,1,0,1,1,0,False,False,0,4.0603,False,False,0.045454545454545456,0,0,0,bk6bba-resources.com,http://bk6bba-resources.com
23,16,0,0,1,0,0,0,0,False,False,0,3.882,False,False,0.0,0,0,0,imganalytics.com,http://imganalytics.com
18,11,0,0,1,0,0,0,0,False,False,0,3.128,False,False,0.0,0,0,0,thepure.app,http://thepure.app
23,16,0,0,1,0,0,0,0,False,False,0,3.6753,False,False,0.0,0,0,0,manageengine.com,http://manageengine.com
17,10,0,0,1,0,0,0,0,False,False,0,3.4104,False,False,0.0,0,0,0,prtimes.jp,http://prtimes.jp
16,9,0,0,1,0,0,0,0,False,False,0,3.625,False,False,0.0,0,0,0,exblog.jp,http://exblog.jp
18,11,0,0,1,0,0,0,0,False,False,0,3.7947,False,False,0.0,0,0,0,amnesty.org,http://amnesty.org
18,11,0,0,1,0,0,1,0,False,False,0,3.4613,False,False,0.07142857142857142,0,0,0,copper6.com,http://copper6.com
15,8,0,0,1,0,0,1,0,False,False,0,3.6402,False,False,0.09090909090909091,0,0,0,rkv1.com,http://rkv1.com
17,10,0,0,1,0,0,0,0,False,False,0,3.5725,False,False,0.0,0,0,0,zenodo.org,http://zenodo.org
18,11,0,0,1,0,0,0,0,False,False,0,3.7255,False,False,0.0,0,0,0,userapi.dev,http://userapi.dev
19,12,0,0,1,0,0,0,0,False,False,0,3.6819,False,False,0.0,0,0,0,justporn.com,http://justporn.com
17,10,0,0,2,0,0,0,0,False,False,0,3.3816,False,False,0.0,0,0,0,hpcl.co.in,http://hpcl.co.in
19,12,0,0,1,0,1,2,0,False,False,0,3.7871,False,False,0.15384615384615385,0,0,0,su89-cdn.net,http://su89-cdn.net
18,11,0,0,1,0,0,0,0,False,False,0,3.3921,False,False,0.0,0,0,0,forthnet.gr,http://forthnet.gr
22,15,0,0,1,0,1,0,0,False,False,0,3.8454,False,False,0.0,0,0,0,techlab-cdn.com,http://techlab-cdn.com
20,13,0,0,1,0,1,2,0,False,False,0,4.0219,False,False,0.14285714285714285,0,0,0,awsdns-32.com,http://awsdns-32.com
20,13,0,0,1,0,0,0,0,False,False,0,3.9219,False,False,0.0,0,0,0,knigavuhe.org,http://knigavuhe.org
17,10,0,0,1,0,0,0,0,False,False,0,3.5725,False,False,0.0,0,0,0,preply.com,http://preply.com
14,7,0,0,1,0,0,0,0,False,False,0,3.3788,False,False,0.0,0,0,0,upi.com,http://upi.com
16,9,0,0,1,0,0,0,0,False,False,0,3.625,False,False,0.0,0,0,0,myvzw.com,http://myvzw.com
18,11,0,0,2,0,0,0,0,False,False,0,3.7255,False,False,0.0,0,0,0,gnavi.co.jp,http://gnavi.co.jp
23,16,0,0,1,0,0,0,0,False,False,0,3.969,False,False,0.0,0,0,0,cognitivlabs.com,http://cognitivlabs.com
20,13,0,0,2,0,0,0,0,False,False,0,3.4219,False,False,0.0,0,0,0,betano.bet.ar,http://betano.bet.ar
22,15,0,0,1,0,0,0,0,False,False,0,3.8797,False,False,0.0,0,0,0,firebaseapp.com,http://firebaseapp.com
25,18,0,0,1,0,0,0,0,False,False,0,4.0839,False,False,0.0,0,0,0,speedifyvolcai.com,http://speedifyvolcai.com
20,13,0,0,2,0,0,0,0,False,False,0,3.6842,False,False,0.0,0,0,0,google.com.af,http://google.com.af
14,7,0,0,1,0,0,0,0,False,False,0,3.2359,False,False,0.0,0,0,0,iop.org,http://iop.org
15,8,0,0,1,0,0,0,0,False,False,0,3.1069,False,False,0.0,0,0,0,moppy.jp,http://moppy.jp
15,8,0,0,1,0,1,0,0,False,False,0,3.4566,False,False,0.0,0,0,0,a-mx.net,http://a-mx.net
16,9,0,0,1,0,0,0,0,False,False,0,3.625,False,False,0.0,0,0,0,blogs.com,http://blogs.com
16,9,0,0,1,0,0,0,0,False,False,0,3.5,False,False,0.0,0,0,0,kurnik.pl,http://kurnik.pl
13,6,0,0,1,0,0,1,0,False,False,0,3.3927,False,False,0.1111111111111111,0,0,0,1rx.io,http://1rx.io
18,11,0,0,2,0,0,0,0,False,False,0,3.5724,False,False,0.0,0,0,0,xoso.com.vn,http://xoso.com.vn
15,8,0,0,1,0,0,0,0,False,False,0,3.4566,False,False,0.0,0,0,0,jable.tv,http://jable.tv
19,12,0,0,1,0,0,0,0,False,False,0,3.7871,False,False,0.0,0,0,0,jsdelivr.net,http://jsdelivr.net
21,14,0,0,1,0,0,0,0,False,False,0,3.8802,False,False,0.0,0,0,0,monetixads.com,http://monetixads.com
16,9,0,0,1,0,0,0,0,False,False,0,3.5,False,False,0.0,0,0,0,mango.com,http://mango.com
19,12,0,0,1,0,0,0,0,False,False,0,3.5369,False,False,0.0,0,0,0,cartocdn.com,http://cartocdn.com
24,17,0,0,1,0,0,0,0,False,False,0,3.6054,False,False,0.0,0,0,0,openstreetmap.org,http://openstreetmap.org
41,33,1,0,2,1,2,5,0,False,False,0,4.4123,False,False,0.1724137931034483,0,0,1,netlify.app,http://musical-pothos-6925f8.netlify.app/
19,12,0,0,1,0,0,0,0,False,False,0,3.7216,False,False,0.0,0,0,0,elcinema.com,http://elcinema.com
19,12,0,0,1,0,0,0,0,False,False,0,3.5766,False,False,0.0,0,0,0,callrail.com,http://callrail.com
22,15,0,0,1,0,0,0,0,False,False,0,3.6635,False,False,0.0,0,0,0,schwaebische.de,http://schwaebische.de
15,8,0,0,1,0,0,0,0,False,False,0,3.3232,False,False,0.0,0,0,0,poste.dz,http://poste.dz
16,9,0,0,1,0,0,0,0,False,False,0,3.5,False,False,0.0,0,0,0,bamper.by,http://bamper.by
23,16,0,0,1,0,0,0,0,False,False,0,3.8492,False,False,0.0,0,0,0,freejobalert.com,http://freejobalert.com
16,9,0,0,1,0,0,2,0,False,False,0,3.5,False,False,0.18181818181818182,0,0,0,omg10.com,http://omg10.com
31,24,0,0,1,0,1,0,0,False,False,0,4.0668,False,False,0.0,0,0,0,microsoftazuread-sso.com,http://microsoftazuread-sso.com
14,7,0,0,1,0,0,0,0,False,False,0,3.3788,False,False,0.0,0,0,0,mufg.jp,http://mufg.jp
17,10,0,0,1,0,0,0,0,False,False,0,3.4548,False,False,0.0,0,0,0,farpost.ru,http://farpost.ru
20,13,0,0,1,0,1,2,0,False,False,0,4.0219,False,False,0.14285714285714285,0,0,0,awsdns-14.com,http://awsdns-14.com
18,11,0,0,1,0,0,0,0,False,False,0,3.8366,False,False,0.0,0,0,0,newsbomb.gr,http://newsbomb.gr
18,11,0,0,1,0,0,0,0,False,False,0,3.7255,False,False,0.0,0,0,0,bhaskar.com,http://bhaskar.com
18,11,0,0,1,0,0,0,0,False,False,0,3.3921,False,False,0.0,0,0,0,akahost.net,http://akahost.net
21,14,0,0,1,0,0,0,0,False,False,0,3.8209,False,False,0.0,0,0,0,emojipedia.org,http://emojipedia.org
25,18,0,0,1,0,0,0,0,False,False,0,4.0235,False,False,0.0,0,0,0,mijnwoordenboek.nl,http://mijnwoordenboek.nl
18,11,0,0,1,0,0,0,0,False,False,0,3.4613,False,False,0.0,0,0,0,iponweb.net,http://iponweb.net
26,19,0,0,1,0,0,0,0,False,False,0,3.9501,False,False,0.0,0,0,0,assetsconfigcdn.org,http://assetsconfigcdn.org
14,7,0,0,1,0,0,1,0,False,False,0,3.5216,False,False,0.1,0,0,0,an1.com,http://an1.com
18,11,0,0,1,0,0,0,0,False,False,0,3.3502,False,False,0.0,0,0,0,hentai.name,http://hentai.name
20,13,0,0,1,0,1,0,0,False,False,0,3.5087,False,False,0.0,0,0,0,gree-apps.net,http://gree-apps.net
30,23,0,0,1,0,0,0,0,False,False,0,3.9614,False,False,0.0,0,0,0,architecturaldigest.com,http://architecturaldigest.com
21,14,0,0,1,0,0,0,0,False,False,0,4.0114,False,False,0.0,0,0,0,rudderlabs.com,http://rudderlabs.com
22,15,0,0,1,0,0,1,0,False,False,0,3.6978,False,False,0.05555555555555555,0,0,0,desikahani2.net,http://desikahani2.net
14,7,0,0,1,0,0,0,0,False,False,0,3.3788,False,False,0.0,0,0,0,nhl.com,http://nhl.com
18,11,0,0,1,0,0,0,0,False,False,0,3.7255,False,False,0.0,0,0,0,nielsen.com,http://nielsen.com
16,9,0,0,1,0,0,0,0,False,False,0,3.5778,False,False,0.0,0,0,0,drift.com,http://drift.com
15,8,0,0,1,0,0,0,0,False,False,0,3.5069,False,False,0.0,0,0,0,judge.me,http://judge.me
15,8,0,0,1,0,0,0,0,False,False,0,3.5069,False,False,0.0,0,0,0,ikman.lk,http://ikman.lk
14,7,0,0,1,0,0,0,0,False,False,0,3.5216,False,False,0.0,0,0,0,nsf.gov,http://nsf.gov
21,14,0,0,1,0,0,0,0,False,False,0,3.7257,False,False,0.0,0,0,0,articulate.com,http://articulate.com
19,12,0,0,1,0,0,0,0,False,False,0,3.7216,False,False,0.0,0,0,0,dianping.com,http://dianping.com
15,8,0,0,1,0,0,0,0,False,False,0,2.9736,False,False,0.0,0,0,0,heute.at,http://heute.at
22,15,0,0,1,0,0,0,0,False,False,0,3.9706,False,False,0.0,0,0,0,bidderstack.com,http://bidderstack.com
18,11,0,0,1,0,0,0,0,False,False,0,3.6835,False,False,0.0,0,0,0,javrate.com,http://javrate.com
17,10,0,0,2,0,0,0,0,False,False,0,3.6169,False,False,0.0,0,0,0,myna.go.jp,http://myna.go.jp
18,11,0,0,1,0,0,0,0,False,False,0,3.5724,False,False,0.0,0,0,0,amateri.com,http://amateri.com
17,10,0,0,1,0,0,0,0,False,False,0,3.8522,False,False,0.0,0,0,0,joyclub.de,http://joyclub.de
21,14,0,0,1,0,0,0,0,False,False,0,3.4992,False,False,0.0,0,0,0,cityheaven.net,http://cityheaven.net
66,12,46,0,4,0,0,0,0,False,False,0,4.2025,False,False,0.0,4,0,1,asdap.com.br,https://asdap.com.br/.well-known/acme-challenge/adsa/dmlkorea.html
16,9,0,0,1,0,1,0,0,False,False,0,3.4528,False,False,0.0,0,0,0,d-net.pro,http://d-net.pro
14,7,0,0,1,0,0,0,0,False,False,0,3.3788,False,False,0.0,0,0,0,okx.com,http://okx.com
21,14,0,0,1,0,0,0,0,False,False,0,3.4992,False,False,0.0,0,0,0,centralnic.net,http://centralnic.net
19,12,0,0,2,0,0,0,0,False,False,0,3.7216,False,False,0.0,0,0,0,abril.com.br,http://abril.com.br
14,7,0,0,1,0,0,0,0,False,False,0,3.182,False,False,0.0,0,0,0,rtbf.be,http://rtbf.be
20,13,0,0,1,0,1,2,0,False,False,0,3.7842,False,False,0.14285714285714285,0,0,0,awsdns-32.net,http://awsdns-32.net
20,13,0,0,1,0,1,2,0,False,False,0,3.7842,False,False,0.14285714285714285,0,0,0,awsdns-01.net,http://awsdns-01.net
18,11,0,0,1,0,0,0,0,False,False,0,3.4613,False,False,0.0,0,0,0,ssrchat.com,http://ssrchat.com
19,12,0,0,1,0,0,0,0,False,False,0,3.8269,False,False,0.0,0,0,0,dzeninfra.ru,http://dzeninfra.ru
23,16,0,0,1,0,0,0,0,False,False,0,3.969,False,False,0.0,0,0,0,appleinsider.com,http://appleinsider.com
16,9,0,0,1,0,0,0,0,False,False,0,3.75,False,False,0.0,0,0,0,drweb.com,http://drweb.com
16,9,0,0,1,0,0,0,0,False,False,0,3.625,False,False,0.0,0,0,0,uquiz.com,http://uquiz.com
17,10,0,0,1,0,0,0,0,False,False,0,3.4992,False,False,0.0,0,0,0,xhopen.com,http://xhopen.com
25,18,0,0,2,0,0,0,0,False,False,0,4.0537,False,False,0.0,0,0,0,ewaybillgst.gov.in,http://ewaybillgst.gov.in
18,11,0,0,1,0,0,0,0,False,False,0,3.6144,False,False,0.0,0,0,0,biorxiv.org,http://biorxiv.org
18,11,0,0,1,0,0,0,0,False,False,0,3.6144,False,False,0.0,0,0,0,wowhead.com,http://wowhead.com
16,9,0,0,1,0,0,0,0,False,False,0,3.5,False,False,0.0,0,0,0,hybrid.ai,http://hybrid.ai
21,14,0,0,1,0,0,0,0,False,False,0,3.4992,False,False,0.0,0,0,0,metacritic.com,http://metacritic.com
15,8,0,0,1,0,0,0,0,False,False,0,3.0566,False,False,0.0,0,0,0,cash.app,http://cash.app
19,12,0,0,1,0,0,0,0,False,False,0,3.4714,False,False,0.0,0,0,0,snapchat.com,http://snapchat.com
17,10,0,0,1,0,0,0,0,False,False,0,3.4992,False,False,0.0,0,0,0,hbomax.com,http://hbomax.com
22,15,0,0,1,0,0,0,0,False,False,0,3.7499,False,False,0.0,0,0,0,ltwebstatic.com,http://ltwebstatic.com
24,17,0,0,1,0,0,0,0,False,False,0,3.9387,False,False,0.0,0,0,0,youradchoices.com,http://youradchoices.com
22,15,0,0,1,0,0,0,0,False,False,0,3.7888,False,False,0.0,0,0,0,videocelebs.net,http://videocelebs.net
17,10,0,0,1,0,0,0,0,False,False,0,3.5725,False,False,0.0,0,0,0,proxad.net,http://proxad.net
18,11,0,0,1,0,0,0,0,False,False,0,3.3921,False,False,0.0,0,0,0,kontur.host,http://kontur.host
19,12,0,0,1,0,1,1,0,False,False,0,3.9321,False,False,0.07142857142857142,0,0,0,id5-sync.com,http://id5-sync.com
17,10,0,0,1,0,0,0,0,False,False,0,3.6169,False,False,0.0,0,0,0,pexels.com,http://pexels.com
13,6,0,0,1,0,0,0,0,False,False,0,3.3927,False,False,0.0,0,0,0,dw.com,http://dw.com
25,18,0,0,1,0,0,0,0,False,False,0,4.0235,False,False,0.0,0,0,0,granbluefantasy.jp,http://granbluefantasy.jp
15,8,0,0,1,0,0,0,0,False,False,0,3.5069,False,False,0.0,0,0,0,funda.nl,http://funda.nl
24,17,0,0,1,0,0,0,0,False,False,0,3.6368,False,False,0.0,0,0,0,rddrnpnyytcax.net,http://rddrnpnyytcax.net
17,10,0,0,1,0,0,0,0,False,False,0,3.4104,False,False,0.0,0,0,0,netapp.com,http://netapp.com
15,8,0,0,1,0,1,0,0,False,False,0,3.5069,False,False,0.0,0,0,0,p-cdn.us,http://p-cdn.us
19,12,0,0,1,0,0,0,0,False,False,0,3.5766,False,False,0.0,0,0,0,msftncsi.com,http://msftncsi.com
23,16,0,0,1,0,0,0,0,False,False,0,4.056,False,False,0.0,0,0,0,buzzfeednews.com,http://buzzfeednews.com
19,12,0,0,1,0,0,0,0,False,False,0,3.7871,False,False,0.0,0,0,0,adikteev.com,http://adikteev.com
27,20,0,0,2,0,0,0,0,False,False,0,4.0323,False,False,0.0,0,0,0,digitallocker.gov.in,http://digitallocker.gov.in
21,14,0,0,1,0,0,0,0,False,False,0,3.8209,False,False,0.0,0,0,0,yellowpages.ca,http://yellowpages.ca
18,11,0,0,1,0,0,0,0,False,False,0,3.5724,False,False,0.0,0,0,0,helsinki.fi,http://helsinki.fi
23,16,0,0,1,0,0,0,0,False,False,0,3.9149,False,False,0.0,0,0,0,razersynapse.com,http://razersynapse.com
14,7,0,0,1,0,0,0,0,False,False,0,3.3788,False,False,0.0,0,0,0,cmu.edu,http://cmu.edu
16,9,0,0,1,0,0,0,0,False,False,0,3.625,False,False,0.0,0,0,0,fbsbx.com,http://fbsbx.com
14,7,0,0,1,0,0,1,0,False,False,0,3.3788,False,False,0.1,0,0,0,pi7.org,http://pi7.org
20,13,0,0,1,0,0,0,0,False,False,0,3.5219,False,False,0.0,0,0,0,tmtreader.com,http://tmtreader.com
15,8,0,0,1,0,0,0,0,False,False,0,3.1899,False,False,0.0,0,0,0,popin.cc,http://popin.cc
24,17,0,0,1,0,0,0,0,False,False,0,3.9702,False,False,0.0,0,0,0,bankofamerica.com,http://bankofamerica.com
16,9,0,0,1,0,0,0,0,False,False,0,3.75,False,False,0.0,0,0,0,vuejs.org,http://vuejs.org
22,15,0,0,2,0,1,2,0,False,False,0,4.0958,False,False,0.13333333333333333,0,0,0,awsdns-21.co.uk,http://awsdns-21.co.uk
17,10,0,0,1,0,2,0,0,False,False,0,3.2928,False,False,0.0,0,0,0,x-x-x.tube,http://x-x-x.tube
20,13,0,0,2,0,0,0,0,False,False,0,3.6842,False,False,0.0,0,0,0,google.com.sa,http://google.com.sa
16,9,0,0,1,0,0,0,0,False,False,0,3.4528,False,False,0.0,0,0,0,eaton.com,http://eaton.com
23,14,1,0,2,0,0,0,0,False,False,0,3.6753,False,False,0.0,0,0,1,cgpgroup.co.za,https://cgpgroup.co.za/
20,13,0,0,1,0,0,0,0,False,False,0,3.3219,False,False,0.0,0,0,0,minhchinh.com,http://minhchinh.com
19,12,0,0,1,0,0,0,0,False,False,0,3.5766,False,False,0.0,0,0,0,naturabuy.fr,http://naturabuy.fr
283,29,25,220,4,1,0,79,25,False,False,0,5.0493,False,False,0.5096774193548387,3,7,1,cloudfront.net,https://d30sec8k5ond2x.cloudfront.net/dp/B0GGTXBTFT/ref=mes-dp?_encoding=UTF8&pd_rd_w=i0O2C&content-id=amzn1.sym.f45dea16-f25a-4516-b170-6b4033444233&pf_rd_p=f45dea16-f25a-4516-b170-6b4033444233&pf_rd_r=SZSZSF4DJVBEWWDFVFAJ&pd_rd_wg=jmgSe&pd_rd_r=cf5f5d10-32de-4c12-89c0-3a51d466af30
22,15,0,0,1,0,0,0,0,False,False,0,3.7544,False,False,0.0,0,0,0,nguoiquansat.vn,http://nguoiquansat.vn
17,10,0,0,1,0,0,0,0,False,False,0,3.5725,False,False,0.0,0,0,0,antagus.de,http://antagus.de
20,13,0,0,1,0,0,0,0,False,False,0,3.6842,False,False,0.0,0,0,0,filmyfly.cafe,http://filmyfly.cafe
18,11,0,0,1,0,0,0,0,False,False,0,3.7947,False,False,0.0,0,0,0,tnaflix.com,http://tnaflix.com
22,15,0,0,1,0,0,0,0,False,False,0,3.7888,False,False,0.0,0,0,0,morningstar.com,http://morningstar.com
21,14,0,0,1,0,0,0,0,False,False,0,3.7849,False,False,0.0,0,0,0,mergesigma.com,http://mergesigma.com
17,10,0,0,1,0,0,0,0,False,False,0,3.7345,False,False,0.0,0,0,0,ahrefs.com,http://ahrefs.com
16,9,0,0,1,0,0,0,0,False,False,0,3.5778,False,False,0.0,0,0,0,zdnet.com,http://zdnet.com
18,11,0,0,1,0,0,0,0,False,False,0,3.5724,False,False,0.0,0,0,0,iotbing.com,http://iotbing.com
13,6,0,0,1,0,0,0,0,False,False,0,3.2389,False,False,0.0,0,0,0,boe.es,http://boe.es
26,19,0,0,1,0,0,1,0,False,False,0,4.162,False,False,0.045454545454545456,0,0,0,jaya9bangladesh.com,http://jaya9bangladesh.com
20,13,0,0,1,0,1,2,0,False,False,0,3.7842,False,False,0.14285714285714285,0,0,0,awsdns-50.net,http://awsdns-50.net
22,15,0,0,1,0,0,0,0,False,False,0,3.5383,False,False,0.0,0,0,0,channelcom.tech,http://channelcom.tech
13,6,0,0,1,0,0,0,0,False,False,0,3.0851,False,False,0.0,0,0,0,fnn.jp,http://fnn.jp
19,12,0,0,1,0,0,1,0,False,False,0,3.5766,False,False,0.06666666666666667,0,0,0,thscore3.com,http://thscore3.com
22,15,0,0,2,0,1,2,0,False,False,0,3.6978,False,False,0.13333333333333333,0,0,0,23.in-addr.arpa,http://23.in-addr.arpa
23,16,0,0,1,0,0,3,0,False,False,0,3.882,False,False,0.17647058823529413,0,0,0,sportfilm800.com,http://sportfilm800.com
15,8,0,0,1,0,0,0,0,False,False,0,3.6402,False,False,0.0,0,0,0,bain.com,http://bain.com
22,15,0,0,1,0,0,0,0,False,False,0,3.8454,False,False,0.0,0,0,0,lootedpinay.com,http://lootedpinay.com
18,11,0,0,1,0,0,1,0,False,False,0,3.8366,False,False,0.07142857142857142,0,0,0,okjds8z.com,http://okjds8z.com
15,8,0,0,1,0,0,1,0,False,False,0,3.3232,False,False,0.09090909090909091,0,0,0,1porn.tv,http://1porn.tv
14,7,0,0,1,0,0,0,0,False,False,0,3.3788,False,False,0.0,0,0,0,nuro.jp,http://nuro.jp
22,15,0,0,1,0,0,3,0,False,False,0,4.1867,False,False,0.1875,0,0,0,bongdalu812.com,http://bongdalu812.com
20,13,0,0,1,0,0,0,0,False,False,0,3.4464,False,False,0.0,0,0,0,nyahentai.one,http://nyahentai.one
22,15,0,0,1,0,0,0,0,False,False,0,3.9706,False,False,0.0,0,0,0,vkuseraudio.net,http://vkuseraudio.net
16,9,0,0,1,0,0,0,0,False,False,0,3.5,False,False,0.0,0,0,0,mcgill.ca,http://mcgill.ca
24,17,0,0,1,0,1,0,0,False,False,0,3.8035,False,False,0.0,0,0,0,dg-datenschutz.de,http://dg-datenschutz.de
19,12,0,0,1,0,0,0,0,False,False,0,3.5369,False,False,0.0,0,0,0,ninisite.com,http://ninisite.com
14,7,0,0,1,0,0,0,0,False,False,0,3.2359,False,False,0.0,0,0,0,home.pl,http://home.pl
14,7,0,0,1,0,0,0,0,False,False,0,3.182,False,False,0.0,0,0,0,ravm.tv,http://ravm.tv
20,13,0,0,1,0,0,0,0,False,False,0,3.6219,False,False,0.0,0,0,0,trustburn.com,http://trustburn.com
23,16,0,0,1,0,0,0,0,False,False,0,3.654,False,False,0.0,0,0,0,newscientist.com,http://newscientist.com
28,21,0,0,1,0,0,0,0,False,False,0,3.9233,False,False,0.0,0,0,0,youronlinechoices.com,http://youronlinechoices.com
21,14,0,0,1,0,0,0,0,False,False,0,3.9161,False,False,0.0,0,0,0,mobilefuse.com,http://mobilefuse.com
18,11,0,0,1,0,0,0,0,False,False,0,3.7255,False,False,0.0,0,0,0,qihucdn.com,http://qihucdn.com
17,10,0,0,1,0,0,0,0,False,False,0,3.4548,False,False,0.0,0,0,0,hotnews.ro,http://hotnews.ro
17,10,0,0,1,0,0,0,0,False,False,0,3.6169,False,False,0.0,0,0,0,unisoc.com,http://unisoc.com
21,14,0,0,1,0,0,0,0,False,False,0,3.5538,False,False,0.0,0,0,0,btinternet.com,http://btinternet.com
18,11,0,0,1,0,0,0,0,False,False,0,3.3083,False,False,0.0,0,0,0,nhentai.xxx,http://nhentai.xxx
18,11,0,0,1,0,0,0,0,False,False,0,3.8366,False,False,0.0,0,0,0,sellvir.com,http://sellvir.com
19,12,0,0,1,0,0,0,0,False,False,0,3.5766,False,False,0.0,0,0,0,supertms.com,http://supertms.com
16,9,0,0,1,0,0,0,0,False,False,0,3.5,False,False,0.0,0,0,0,giphy.com,http://giphy.com
18,11,0,0,1,0,0,0,0,False,False,0,3.6144,False,False,0.0,0,0,0,academy.com,http://academy.com
27,20,0,0,1,0,0,3,0,False,False,0,4.1027,False,False,0.14285714285714285,0,0,0,360totalsecurity.com,http://360totalsecurity.com
18,11,0,0,1,0,0,0,0,False,False,0,3.3083,False,False,0.0,0,0,0,onenote.com,http://onenote.com
15,8,0,0,1,0,0,0,0,False,False,0,3.3736,False,False,0.0,0,0,0,pushy.io,http://pushy.io
16,9,0,0,1,0,0,1,0,False,False,0,3.5,False,False,0.08333333333333333,0,0,0,youm7.com,http://youm7.com
13,6,0,0,1,0,0,0,0,False,False,0,3.2389,False,False,0.0,0,0,0,ovh.us,http://ovh.us
19,12,0,0,1,0,0,0,0,False,False,0,3.3661,False,False,0.0,0,0,0,tapatalk.com,http://tapatalk.com
19,12,0,0,1,0,0,0,0,False,False,0,3.7871,False,False,0.0,0,0,0,xvideos.tube,http://xvideos.tube
18,11,0,0,2,0,0,0,0,False,False,0,3.7255,False,False,0.0,0,0,0,dian.gov.co,http://dian.gov.co
17,10,0,0,1,0,0,0,0,False,False,0,3.7345,False,False,0.0,0,0,0,glosbe.com,http://glosbe.com
13,6,0,0,1,0,0,0,0,False,False,0,3.1808,False,False,0.0,0,0,0,nic.tv,http://nic.tv
16,9,0,0,1,0,0,0,0,False,False,0,3.3278,False,False,0.0,0,0,0,honor.com,http://honor.com
27,20,0,0,1,0,1,0,0,False,False,0,3.8842,False,False,0.0,0,0,0,liftoff-creatives.io,http://liftoff-creatives.io
15,8,0,0,1,0,0,0,0,False,False,0,3.2402,False,False,0.0,0,0,0,ipwho.is,http://ipwho.is
14,7,0,0,1,0,0,0,0,False,False,0,3.3788,False,False,0.0,0,0,0,web.nhk,http://web.nhk
19,12,0,0,2,0,0,0,0,False,False,0,3.7216,False,False,0.0,0,0,0,daraz.com.bd,http://daraz.com.bd
16,9,0,0,1,0,0,0,0,False,False,0,3.75,False,False,0.0,0,0,0,yandex.uz,http://yandex.uz
16,9,0,0,1,0,0,0,0,False,False,0,3.5,False,False,0.0,0,0,0,veeam.com,http://veeam.com
18,11,0,0,1,0,0,0,0,False,False,0,3.5033,False,False,0.0,0,0,0,rexporn.sex,http://rexporn.sex
20,13,0,0,1,0,0,0,0,False,False,0,3.7219,False,False,0.0,0,0,0,epicgames.com,http://epicgames.com
18,11,0,0,1,0,0,0,0,False,False,0,3.7255,False,False,0.0,0,0,0,ivideon.com,http://ivideon.com
20,13,0,0,1,0,0,0,0,False,False,0,3.7842,False,False,0.0,0,0,0,janusaent.com,http://janusaent.com
17,10,0,0,1,0,0,0,0,False,False,0,3.5725,False,False,0.0,0,0,0,canva.site,http://canva.site
23,16,0,0,1,0,1,0,0,False,False,0,3.882,False,False,0.0,0,0,0,weborama-tech.ru,http://weborama-tech.ru
19,12,0,0,1,0,0,0,0,False,False,0,3.6163,False,False,0.0,0,0,0,michelin.com,http://michelin.com
13,6,0,0,1,0,0,0,0,False,False,0,3.2389,False,False,0.0,0,0,0,ihk.de,http://ihk.de
21,14,0,0,1,0,1,0,0,False,False,0,3.6897,False,False,0.0,0,0,0,zi-scripts.com,http://zi-scripts.com
19,12,0,0,1,0,0,0,0,False,False,0,3.5369,False,False,0.0,0,0,0,uptodown.com,http://uptodown.com
17,10,0,0,1,0,0,0,0,False,False,0,3.5725,False,False,0.0,0,0,0,faceit.com,http://faceit.com
16,9,0,0,1,0,0,0,0,False,False,0,3.5,False,False,0.0,0,0,0,dpdns.org,http://dpdns.org
19,12,0,0,1,0,0,0,0,False,False,0,3.7871,False,False,0.0,0,0,0,adthrive.com,http://adthrive.com
24,17,0,0,1,0,0,0,0,False,False,0,3.7202,False,False,0.0,0,0,0,harpersbazaar.com,http://harpersbazaar.com
16,9,0,0,1,0,0,0,0,False,False,0,3.625,False,False,0.0,0,0,0,askona.ru,http://askona.ru
19,12,0,0,1,0,0,0,0,False,False,0,3.8924,False,False,0.0,0,0,0,dingtalk.com,http://dingtalk.com
20,13,0,0,1,0,0,0,0,False,False,0,3.4219,False,False,0.0,0,0,0,oaistatic.com,http://oaistatic.com
20,13,0,0,1,0,0,0,0,False,False,0,3.5842,False,False,0.0,0,0,0,nbcsports.com,http://nbcsports.com
20,13,0,0,1,0,1,0,0,False,False,0,3.5087,False,False,0.0,0,0,0,tu-dresden.de,http://tu-dresden.de
14,7,0,0,1,0,0,0,0,False,False,0,3.3788,False,False,0.0,0,0,0,cbr.com,http://cbr.com
18,11,0,0,1,0,0,3,0,False,False,0,3.9477,False,False,0.25,0,0,0,life360.com,http://life360.com
20,13,0,0,1,0,0,0,0,False,False,0,3.8219,False,False,0.0,0,0,0,bricklink.com,http://bricklink.com
17,10,0,0,1,0,0,0,0,False,False,0,3.8522,False,False,0.0,0,0,0,yandex.com,http://yandex.com
15,8,0,0,1,0,0,1,0,False,False,0,3.3232,False,False,0.09090909090909091,0,0,0,4wps.net,http://4wps.net
21,14,0,0,1,0,0,0,0,False,False,0,3.8802,False,False,0.0,0,0,0,iconify.design,http://iconify.design
17,10,0,0,1,0,0,0,0,False,False,0,3.4104,False,False,0.0,0,0,0,ifixit.com,http://ifixit.com
13,6,0,0,1,0,0,0,0,False,False,0,3.2389,False,False,0.0,0,0,0,cnn.io,http://cnn.io
21,14,0,0,1,0,0,0,0,False,False,0,3.8209,False,False,0.0,0,0,0,spiceworks.com,http://spiceworks.com
14,7,0,0,1,0,0,0,0,False,False,0,3.3788,False,False,0.0,0,0,0,ufl.edu,http://ufl.edu
15,8,0,0,1,0,0,0,0,False,False,0,3.3736,False,False,0.0,0,0,0,usps.com,http://usps.com
18,11,0,0,2,0,0,0,0,False,False,0,3.3921,False,False,0.0,0,0,0,icbc.com.cn,http://icbc.com.cn
22,15,0,0,1,0,0,0,0,False,False,0,3.7888,False,False,0.0,0,0,0,volcfcdndvs.com,http://volcfcdndvs.com
17,10,0,0,1,0,0,0,0,False,False,0,3.7345,False,False,0.0,0,0,0,clarin.com,http://clarin.com
17,10,0,0,1,0,0,0,0,False,False,0,3.6169,False,False,0.0,0,0,0,pron.click,http://pron.click
16,9,0,0,1,0,0,0,0,False,False,0,3.625,False,False,0.0,0,0,0,kwcdn.com,http://kwcdn.com
19,12,0,0,1,0,0,0,0,False,False,0,3.3661,False,False,0.0,0,0,0,bytegle.tech,http://bytegle.tech
20,13,0,0,1,0,0,0,0,False,False,0,3.5464,False,False,0.0,0,0,0,falconnet.app,http://falconnet.app
33,25,1,0,2,1,0,0,0,False,False,0,3.8471,False,False,0.0,0,0,1,webflow.io,http://gemminilooginn.webflow.io/
19,12,0,0,1,0,0,0,0,False,False,0,3.6819,False,False,0.0,0,0,0,cricbuzz.com,http://cricbuzz.com
22,15,0,0,1,0,0,2,0,False,False,0,3.8797,False,False,0.11764705882352941,0,0,0,xhamster45.desi,http://xhamster45.desi
19,12,0,0,2,0,0,0,0,False,False,0,3.5766,False,False,0.0,0,0,0,google.co.in,http://google.co.in
23,16,0,0,1,0,0,0,0,False,False,0,3.4642,False,False,0.0,0,0,0,planethoster.net,http://planethoster.net
22,15,0,0,2,0,1,2,0,False,False,0,4.0958,False,False,0.13333333333333333,0,0,0,awsdns-53.co.uk,http://awsdns-53.co.uk
23,16,0,0,1,0,0,0,0,False,False,0,3.9362,False,False,0.0,0,0,0,unrealengine.com,http://unrealengine.com
19,12,0,0,1,0,0,0,0,False,False,0,3.8269,False,False,0.0,0,0,0,bluecava.com,http://bluecava.com
13,6,0,0,1,0,0,0,0,False,False,0,3.3927,False,False,0.0,0,0,0,ig.com,http://ig.com
20,13,0,0,1,0,0,0,0,False,False,0,3.5842,False,False,0.0,0,0,0,hashicorp.com,http://hashicorp.com
22,15,0,0,1,0,0,0,0,False,False,0,3.9706,False,False,0.0,0,0,0,gayporntube.com,http://gayporntube.com
19,12,0,0,1,0,0,0,0,False,False,0,3.5111,False,False,0.0,0,0,0,anichin.cafe,http://anichin.cafe
15,8,0,0,1,0,0,0,0,False,False,0,3.3736,False,False,0.0,0,0,0,osha.gov,http://osha.gov
18,11,0,0,1,0,0,0,0,False,False,0,3.6835,False,False,0.0,0,0,0,grafana.com,http://grafana.com
18,11,0,0,1,0,0,0,0,False,False,0,3.7255,False,False,0.0,0,0,0,zhqidown.cn,http://zhqidown.cn
15,8,0,0,1,0,0,0,0,False,False,0,3.3736,False,False,0.0,0,0,0,gzone.ph,http://gzone.ph
19,12,0,0,1,0,0,0,0,False,False,0,3.4714,False,False,0.0,0,0,0,barchart.com,http://barchart.com
15,8,0,0,1,0,0,0,0,False,False,0,3.3232,False,False,0.0,0,0,0,youtu.be,http://youtu.be
18,11,0,0,1,0,0,0,0,False,False,0,3.5033,False,False,0.0,0,0,0,kochava.com,http://kochava.com
16,9,0,0,1,0,0,2,0,False,False,0,3.75,False,False,0.18181818181818182,0,0,0,srv53.com,http://srv53.com
17,10,0,0,1,0,0,0,0,False,False,0,3.5725,False,False,0.0,0,0,0,elastic.co,http://elastic.co
17,10,0,0,2,0,0,0,0,False,False,0,3.6169,False,False,0.0,0,0,0,uol.com.br,http://uol.com.br
16,9,0,0,1,0,0,0,0,False,False,0,3.375,False,False,0.0,0,0,0,zopim.com,http://zopim.com
19,12,0,0,1,0,0,0,0,False,False,0,3.3661,False,False,0.0,0,0,0,idealista.it,http://idealista.it
22,15,0,0,1,0,0,0,0,False,False,0,3.6635,False,False,0.0,0,0,0,parastorage.com,http://parastorage.com
19,12,0,0,1,0,0,0,0,False,False,0,3.5111,False,False,0.0,0,0,0,utorrent.com,http://utorrent.com
15,8,0,0,1,0,0,0,0,False,False,0,3.3736,False,False,0.0,0,0,0,pghub.io,http://pghub.io
24,17,0,0,1,0,1,0,0,False,False,0,3.9183,False,False,0.0,0,0,0,mercedes-benz.com,http://mercedes-benz.com
13,6,0,0,1,0,0,0,0,False,False,0,3.3927,False,False,0.0,0,0,0,go.dev,http://go.dev
18,11,0,0,1,0,0,0,0,False,False,0,3.3921,False,False,0.0,0,0,0,appmedia.jp,http://appmedia.jp
19,12,0,0,1,0,0,0,0,False,False,0,3.5111,False,False,0.0,0,0,0,upmusics.com,http://upmusics.com
20,13,0,0,1,0,0,0,0,False,False,0,3.9219,False,False,0.0,0,0,0,blismedia.com,http://blismedia.com
19,12,0,0,1,0,0,0,0,False,False,0,3.9321,False,False,0.0,0,0,0,queniusy.com,http://queniusy.com
17,10,0,0,1,0,1,0,0,False,False,0,3.7345,False,False,0.0,0,0,0,wbs-law.de,http://wbs-law.de
16,9,0,0,1,0,0,0,0,False,False,0,3.625,False,False,0.0,0,0,0,zjcdn.com,http://zjcdn.com
18,11,0,0,1,0,0,0,0,False,False,0,3.5724,False,False,0.0,0,0,0,esuteru.com,http://esuteru.com
19,12,0,0,1,0,0,0,0,False,False,0,3.5766,False,False,0.0,0,0,0,hackaday.com,http://hackaday.com
67,17,42,0,3,1,0,10,0,False,False,0,4.5719,False,False,0.20408163265306123,3,0,1,roblox.com.mu,https://www.roblox.com.mu/users/9512649433/profilemalwarenetworkrat
22,15,0,0,1,0,0,0,0,False,False,0,3.6412,False,False,0.0,0,0,0,onthemarket.com,http://onthemarket.com
20,13,0,0,1,0,0,0,0,False,False,0,3.7842,False,False,0.0,0,0,0,hostinger.com,http://hostinger.com
16,9,0,0,1,0,0,0,0,False,False,0,3.75,False,False,0.0,0,0,0,auvik.com,http://auvik.com
19,12,0,0,1,0,1,0,0,False,False,0,3.5766,False,False,0.0,0,0,0,ndcpp-os.com,http://ndcpp-os.com
20,13,0,0,1,0,0,0,0,False,False,0,3.6219,False,False,0.0,0,0,0,breitbart.com,http://breitbart.com
18,11,0,0,1,0,0,0,0,False,False,0,3.7255,False,False,0.0,0,0,0,hanbiro.com,http://hanbiro.com
27,20,0,0,1,0,0,0,0,False,False,0,4.1064,False,False,0.0,0,0,0,servedbyadbutler.com,http://servedbyadbutler.com
17,10,0,0,1,0,0,0,0,False,False,0,3.3816,False,False,0.0,0,0,0,adme.media,http://adme.media
21,14,0,0,1,0,0,2,0,False,False,0,4.0114,False,False,0.125,0,0,0,refinery29.com,http://refinery29.com
20,13,0,0,2,0,0,0,0,False,False,0,3.7219,False,False,0.0,0,0,0,jorudan.co.jp,http://jorudan.co.jp
17,10,0,0,1,0,0,3,0,False,False,0,3.6901,False,False,0.2727272727272727,0,0,0,bet365.com,http://bet365.com
26,19,0,0,1,0,1,0,0,False,False,0,3.8151,False,False,0.0,0,0,0,search-redirect.com,http://search-redirect.com
24,17,0,0,1,0,0,0,0,False,False,0,3.7721,False,False,0.0,0,0,0,computerworld.com,http://computerworld.com
19,12,0,0,2,0,0,0,0,False,False,0,3.3661,False,False,0.0,0,0,0,deped.gov.ph,http://deped.gov.ph
18,11,0,0,1,0,0,0,0,False,False,0,3.5305,False,False,0.0,0,0,0,typepad.com,http://typepad.com
19,12,0,0,2,0,0,0,0,False,False,0,3.5111,False,False,0.0,0,0,0,claro.com.ar,http://claro.com.ar
17,10,0,0,1,0,0,0,0,False,False,0,3.6169,False,False,0.0,0,0,0,icloud.com,http://icloud.com
19,12,0,0,1,0,0,0,0,False,False,0,3.3661,False,False,0.0,0,0,0,bezeqint.net,http://bezeqint.net
16,9,0,0,1,0,0,0,0,False,False,0,3.375,False,False,0.0,0,0,0,harica.gr,http://harica.gr
15,8,0,0,1,0,0,0,0,False,False,0,3.3736,False,False,0.0,0,0,0,gimp.org,http://gimp.org
22,15,0,0,2,0,0,0,0,False,False,0,3.7322,False,False,0.0,0,0,0,pinterest.co.uk,http://pinterest.co.uk
15,8,0,0,1,0,0,0,0,False,False,0,3.6402,False,False,0.0,0,0,0,blesk.cz,http://blesk.cz
14,7,0,0,1,0,0,0,0,False,False,0,3.2359,False,False,0.0,0,0,0,chip.de,http://chip.de
17,10,0,0,1,0,0,0,0,False,False,0,3.6169,False,False,0.0,0,0,0,redwap.sex,http://redwap.sex
14,7,0,0,1,0,0,0,0,False,False,0,3.3788,False,False,0.0,0,0,0,veed.io,http://veed.io
17,10,0,0,1,0,0,0,0,False,False,0,3.4992,False,False,0.0,0,0,0,loggly.com,http://loggly.com
20,13,0,0,1,0,1,0,0,False,False,0,3.6219,False,False,0.0,0,0,0,x-fetish.tube,http://x-fetish.tube
28,21,0,0,1,0,0,0,0,False,False,0,3.9947,False,False,0.0,0,0,0,googlesyndication.com,http://googlesyndication.com
18,11,0,0,1,0,0,0,0,False,False,0,3.5724,False,False,0.0,0,0,0,mahacet.org,http://mahacet.org
19,12,0,0,1,0,0,0,0,False,False,0,3.8269,False,False,0.0,0,0,0,liveramp.com,http://liveramp.com
18,11,0,0,1,0,0,0,0,False,False,0,3.8366,False,False,0.0,0,0,0,linksys.com,http://linksys.com
17,10,0,0,1,0,0,0,0,False,False,0,3.4548,False,False,0.0,0,0,0,amtrak.com,http://amtrak.com
20,13,0,0,1,0,0,2,0,False,False,0,3.5842,False,False,0.13333333333333333,0,0,0,thscore99.com,http://thscore99.com
43,35,1,0,2,1,0,0,0,False,False,0,4.0719,False,False,0.0,0,0,1,fidelitydigitalassetspolicy.com,http://www.fidelitydigitalassetspolicy.com/
28,21,0,0,2,0,0,0,0,False,False,0,3.6959,False,False,0.0,0,0,0,agenziaentrate.gov.it,http://agenziaentrate.gov.it
21,14,0,0,1,0,0,0,0,False,False,0,3.6538,False,False,0.0,0,0,0,withgoogle.com,http://withgoogle.com
18,11,0,0,1,0,0,0,0,False,False,0,3.6144,False,False,0.0,0,0,0,brdtest.com,http://brdtest.com
20,13,0,0,1,0,0,1,0,False,False,0,3.8219,False,False,0.0625,0,0,0,faphouse2.com,http://faphouse2.com
19,12,0,0,1,0,0,0,0,False,False,0,3.7216,False,False,0.0,0,0,0,movieweb.com,http://movieweb.com
17,10,0,0,1,0,0,0,0,False,False,0,3.6169,False,False,0.0,0,0,0,semana.com,http://semana.com
21,14,0,0,1,0,0,0,0,False,False,0,3.3633,False,False,0.0,0,0,0,automattic.com,http://automattic.com
18,11,0,0,1,0,0,0,0,False,False,0,3.6144,False,False,0.0,0,0,0,joporn.name,http://joporn.name
24,17,0,0,1,0,0,0,0,False,False,0,3.9387,False,False,0.0,0,0,0,desitelugusex.com,http://desitelugusex.com
22,15,0,0,2,0,0,0,0,False,False,0,3.6978,False,False,0.0,0,0,0,chinatax.gov.cn,http://chinatax.gov.cn
18,11,0,0,1,0,0,0,0,False,False,0,3.3083,False,False,0.0,0,0,0,copilot.com,http://copilot.com
22,15,0,0,1,0,0,0,0,False,False,0,3.5726,False,False,0.0,0,0,0,usercentrics.eu,http://usercentrics.eu
17,10,0,0,1,0,0,0,0,False,False,0,3.6169,False,False,0.0,0,0,0,pure.cloud,http://pure.cloud
22,15,0,0,1,0,0,0,0,False,False,0,3.7888,False,False,0.0,0,0,0,fdownloader.net,http://fdownloader.net
20,13,0,0,1,0,0,2,0,False,False,0,3.8842,False,False,0.13333333333333333,0,0,0,camsite26.lol,http://camsite26.lol
13,6,0,0,1,0,0,0,0,False,False,0,3.2389,False,False,0.0,0,0,0,nrc.nl,http://nrc.nl
35,28,0,0,2,0,0,0,0,False,False,0,3.976,False,False,0.0,0,0,0,delegaciondelgobierno.gob.es,http://delegaciondelgobierno.gob.es
17,10,0,0,1,0,0,0,0,False,False,0,3.8522,False,False,0.0,0,0,0,zebawy.com,http://zebawy.com
15,8,0,0,1,0,0,0,0,False,False,0,3.2402,False,False,0.0,0,0,0,test.com,http://test.com
24,17,0,0,1,0,0,0,0,False,False,0,3.9073,False,False,0.0,0,0,0,walmartimages.com,http://walmartimages.com
20,13,0,0,1,0,0,0,0,False,False,0,3.8219,False,False,0.0,0,0,0,runescape.com,http://runescape.com
23,16,0,0,1,0,1,0,0,False,False,0,3.8492,False,False,0.0,0,0,0,cust-service.com,http://cust-service.com
15,8,0,0,1,0,0,0,0,False,False,0,3.6402,False,False,0.0,0,0,0,sage.com,http://sage.com
25,18,0,0,1,0,0,0,0,False,False,0,3.6039,False,False,0.0,0,0,0,therapservices.net,http://therapservices.net
18,11,0,0,1,0,0,0,0,False,False,0,3.6144,False,False,0.0,0,0,0,vecernji.hr,http://vecernji.hr
17,10,0,0,1,0,0,0,0,False,False,0,3.7345,False,False,0.0,0,0,0,dnsowl.com,http://dnsowl.com
16,9,0,0,1,0,0,0,0,False,False,0,3.1556,False,False,0.0,0,0,0,ctecdn.cn,http://ctecdn.cn
20,13,0,0,1,0,0,0,0,False,False,0,3.6464,False,False,0.0,0,0,0,aditude.cloud,http://aditude.cloud
17,10,0,0,1,0,0,0,0,False,False,0,3.3372,False,False,0.0,0,0,0,meetup.com,http://meetup.com
21,14,0,0,1,0,0,0,0,False,False,0,3.5585,False,False,0.0,0,0,0,checkpoint.com,http://checkpoint.com
19,12,0,0,1,0,0,0,0,False,False,0,3.8269,False,False,0.0,0,0,0,neverssl.com,http://neverssl.com
15,8,0,0,1,0,0,0,0,False,False,0,3.1899,False,False,0.0,0,0,0,avple.tv,http://avple.tv
20,13,0,0,1,0,0,0,0,False,False,0,3.5842,False,False,0.0,0,0,0,paylocity.com,http://paylocity.com
27,20,0,0,1,0,0,0,0,False,False,0,3.8562,False,False,0.0,0,0,0,languagetoolplus.com,http://languagetoolplus.com
13,6,0,0,1,0,0,0,0,False,False,0,3.2389,False,False,0.0,0,0,0,zus.pl,http://zus.pl
13,6,0,0,1,0,0,0,0,False,False,0,3.3927,False,False,0.0,0,0,0,fmb.la,http://fmb.la
28,21,0,0,1,0,0,0,0,False,False,0,4.1375,False,False,0.0,0,0,0,breakingtrumpnews.icu,http://breakingtrumpnews.icu
17,10,0,0,1,0,0,0,0,False,False,0,3.7345,False,False,0.0,0,0,0,buffer.com,http://buffer.com
24,17,0,0,1,0,0,0,0,False,False,0,3.9702,False,False,0.0,0,0,0,cloudflaressl.com,http://cloudflaressl.com
22,15,0,0,1,0,0,0,0,False,False,0,3.8454,False,False,0.0,0,0,0,obozrevatel.com,http://obozrevatel.com
19,12,0,0,1,0,0,0,0,False,False,0,3.5766,False,False,0.0,0,0,0,decathlon.pl,http://decathlon.pl
14,7,0,0,1,0,0,0,0,False,False,0,3.3788,False,False,0.0,0,0,0,scdn.co,http://scdn.co
14,7,0,0,1,0,0,0,0,False,False,0,3.5216,False,False,0.0,0,0,0,ubi.com,http://ubi.com
18,11,0,0,1,0,0,0,0,False,False,0,3.7947,False,False,0.0,0,0,0,justice.gov,http://justice.gov
17,10,0,0,1,0,0,0,0,False,False,0,3.5725,False,False,0.0,0,0,0,adzerk.net,http://adzerk.net
23,16,0,0,1,0,0,0,0,False,False,0,3.741,False,False,0.0,0,0,0,zillowstatic.com,http://zillowstatic.com
20,13,0,0,1,0,0,0,0,False,False,0,3.6842,False,False,0.0,0,0,0,wargaming.net,http://wargaming.net
17,10,0,0,1,0,0,0,0,False,False,0,3.4992,False,False,0.0,0,0,0,apdcdn.com,http://apdcdn.com
18,11,0,0,1,0,0,0,0,False,False,0,3.4613,False,False,0.0,0,0,0,alphonso.tv,http://alphonso.tv
19,12,0,0,1,0,0,0,0,False,False,0,3.6819,False,False,0.0,0,0,0,mendeley.com,http://mendeley.com
18,11,0,0,1,0,0,0,0,False,False,0,3.4194,False,False,0.0,0,0,0,reverso.net,http://reverso.net
14,7,0,0,1,0,0,0,0,False,False,0,3.5216,False,False,0.0,0,0,0,avg.com,http://avg.com
16,9,0,0,1,0,0,0,0,False,False,0,3.5,False,False,0.0,0,0,0,mxpnl.com,http://mxpnl.com
19,12,0,0,1,0,1,0,0,False,False,0,3.5369,False,False,0.0,0,0,0,s-msedge.net,http://s-msedge.net
16,9,0,0,1,0,0,0,0,False,False,0,3.5,False,False,0.0,0,0,0,grofer.io,http://grofer.io
26,19,0,0,1,0,1,0,0,False,False,0,4.2099,False,False,0.0,0,0,0,vorwerk-digital.com,http://vorwerk-digital.com
15,8,0,0,1,0,0,0,0,False,False,0,3.3232,False,False,0.0,0,0,0,sport.cz,http://sport.cz
22,15,0,0,1,0,0,0,0,False,False,0,3.6978,False,False,0.0,0,0,0,movieboxpro.app,http://movieboxpro.app
17,10,0,0,1,0,0,0,0,False,False,0,3.4548,False,False,0.0,0,0,0,taxssp.com,http://taxssp.com
17,10,0,0,1,0,0,0,0,False,False,0,3.2928,False,False,0.0,0,0,0,aparat.com,http://aparat.com
18,11,0,0,1,0,0,0,0,False,False,0,3.8366,False,False,0.0,0,0,0,surriel.com,http://surriel.com
18,11,0,0,1,0,0,0,0,False,False,0,3.4613,False,False,0.0,0,0,0,caltech.edu,http://caltech.edu
15,8,0,0,1,0,0,0,0,False,False,0,3.5069,False,False,0.0,0,0,0,vice.com,http://vice.com
23,16,0,0,1,0,0,0,0,False,False,0,3.8279,False,False,0.0,0,0,0,elsevierpure.com,http://elsevierpure.com
16,9,0,0,1,0,0,0,0,False,False,0,3.625,False,False,0.0,0,0,0,kiabi.com,http://kiabi.com
23,16,0,0,1,0,0,0,0,False,False,0,3.671,False,False,0.0,0,0,0,ticketmaster.com,http://ticketmaster.com
13,6,0,0,1,0,0,0,0,False,False,0,3.0851,False,False,0.0,0,0,0,sbb.rs,http://sbb.rs
23,16,0,0,1,0,1,0,0,False,False,0,3.882,False,False,0.0,0,0,0,crowd-umlaut.com,http://crowd-umlaut.com
17,10,0,0,1,0,0,0,0,False,False,0,3.3372,False,False,0.0,0,0,0,dnspod.net,http://dnspod.net
21,14,0,0,1,0,0,0,0,False,False,0,3.5585,False,False,0.0,0,0,0,userreport.com,http://userreport.com
20,13,0,0,1,0,0,0,0,False,False,0,3.7842,False,False,0.0,0,0,0,hentaifox.com,http://hentaifox.com
20,13,0,0,1,0,0,0,0,False,False,0,3.6464,False,False,0.0,0,0,0,eurogamer.net,http://eurogamer.net
14,7,0,0,1,0,0,0,0,False,False,0,3.5216,False,False,0.0,0,0,0,crm.dev,http://crm.dev
20,13,0,0,1,0,0,0,0,False,False,0,3.7842,False,False,0.0,0,0,0,douyinvod.com,http://douyinvod.com
26,19,0,0,1,0,0,0,0,False,False,0,3.7193,False,False,0.0,0,0,0,concursolutions.com,http://concursolutions.com
16,9,0,0,1,0,0,0,0,False,False,0,3.625,False,False,0.0,0,0,0,mysql.com,http://mysql.com
24,17,0,0,1,0,0,0,0,False,False,0,4.085,False,False,0.0,0,0,0,exlibrisgroup.com,http://exlibrisgroup.com
14,7,0,0,1,0,0,0,0,False,False,0,3.3249,False,False,0.0,0,0,0,oar.net,http://oar.net
17,10,0,0,1,0,0,0,0,False,False,0,3.7345,False,False,0.0,0,0,0,eloqua.com,http://eloqua.com
18,11,0,0,1,0,0,0,0,False,False,0,3.5724,False,False,0.0,0,0,0,admaster.cc,http://admaster.cc
23,16,0,0,1,0,0,0,0,False,False,0,3.969,False,False,0.0,0,0,0,uberinternal.com,http://uberinternal.com
16,9,0,0,1,0,0,0,0,False,False,0,3.5778,False,False,0.0,0,0,0,mradx.net,http://mradx.net
16,9,0,0,1,0,0,0,0,False,False,0,3.5,False,False,0.0,0,0,0,gcore.com,http://gcore.com
16,9,0,0,1,0,0,0,0,False,False,0,3.0306,False,False,0.0,0,0,0,shopee.ph,http://shopee.ph
19,12,0,0,1,0,0,0,0,False,False,0,3.6819,False,False,0.0,0,0,0,infopanel.jp,http://infopanel.jp
13,6,0,0,1,0,0,0,0,False,False,0,3.2389,False,False,0.0,0,0,0,rbc.ru,http://rbc.ru
18,11,0,0,1,0,0,0,0,False,False,0,3.5033,False,False,0.0,0,0,0,boltdns.net,http://boltdns.net
21,14,0,0,1,0,0,0,0,False,False,0,3.8209,False,False,0.0,0,0,0,deviantart.com,http://deviantart.com
18,11,0,0,1,0,0,0,0,False,False,0,3.7255,False,False,0.0,0,0,0,dbankcdn.ru,http://dbankcdn.ru
15,8,0,0,1,0,0,0,0,False,False,0,3.6402,False,False,0.0,0,0,0,navi.com,http://navi.com
23,16,0,0,1,0,0,0,0,False,False,0,3.7081,False,False,0.0,0,0,0,elcorteingles.es,http://elcorteingles.es
18,11,0,0,1,0,0,0,0,False,False,0,3.5724,False,False,0.0,0,0,0,entekhab.ir,http://entekhab.ir
20,13,0,0,1,0,0,0,0,False,False,0,3.9219,False,False,0.0,0,0,0,sundaysky.com,http://sundaysky.com
26,19,0,0,1,0,0,0,0,False,False,0,3.9501,False,False,0.0,0,0,0,aliyuncsslbintl.com,http://aliyuncsslbintl.com
20,13,0,0,1,0,0,0,0,False,False,0,3.5414,False,False,0.0,0,0,0,nettiauto.com,http://nettiauto.com
17,10,0,0,1,0,0,0,0,False,False,0,3.4548,False,False,0.0,0,0,0,bungie.net,http://bungie.net
18,11,0,0,1,0,0,0,0,False,False,0,3.3921,False,False,0.0,0,0,0,mediaset.it,http://mediaset.it
14,7,0,0,1,0,0,0,0,False,False,0,3.3788,False,False,0.0,0,0,0,jio.com,http://jio.com
19,12,0,0,1,0,0,0,0,False,False,0,3.5766,False,False,0.0,0,0,0,leprogres.fr,http://leprogres.fr
19,12,0,0,1,0,0,0,0,False,False,0,3.7216,False,False,0.0,0,0,0,plausible.io,http://plausible.io
17,10,0,0,1,0,0,0,0,False,False,0,3.6169,False,False,0.0,0,0,0,mediago.io,http://mediago.io
17,10,0,0,1,0,0,0,0,False,False,0,3.4548,False,False,0.0,0,0,0,spokeo.com,http://spokeo.com
15,8,0,0,1,0,0,0,0,False,False,0,3.3232,False,False,0.0,0,0,0,tamu.edu,http://tamu.edu
19,12,0,0,1,0,0,0,0,False,False,0,3.7871,False,False,0.0,0,0,0,duolingo.com,http://duolingo.com
18,11,0,0,1,0,0,0,0,False,False,0,3.4613,False,False,0.0,0,0,0,philips.com,http://philips.com
29,21,1,0,2,1,0,2,0,False,False,0,3.8664,False,False,0.09090909090909091,0,0,1,netlify.app,http://spotify25.netlify.app/
22,15,0,0,1,0,0,0,0,False,False,0,3.6978,False,False,0.0,0,0,0,onefootball.com,http://onefootball.com
22,15,0,0,2,0,1,2,0,False,False,0,4.0958,False,False,0.13333333333333333,0,0,0,awsdns-52.co.uk,http://awsdns-52.co.uk
19,12,0,0,1,0,0,0,0,False,False,0,3.5766,False,False,0.0,0,0,0,openfpcdn.io,http://openfpcdn.io
18,11,0,0,2,0,0,0,0,False,False,0,3.5033,False,False,0.0,0,0,0,npci.org.in,http://npci.org.in
21,14,0,0,1,0,0,0,0,False,False,0,3.6897,False,False,0.0,0,0,0,ciscospark.com,http://ciscospark.com
15,8,0,0,1,0,0,0,0,False,False,0,3.5069,False,False,0.0,0,0,0,dler.org,http://dler.org
14,7,0,0,1,0,0,0,0,False,False,0,3.5216,False,False,0.0,0,0,0,saby.ru,http://saby.ru
21,14,0,0,1,0,0,0,0,False,False,0,3.6897,False,False,0.0,0,0,0,hackernoon.com,http://hackernoon.com
22,15,0,0,1,0,0,0,0,False,False,0,3.914,False,False,0.0,0,0,0,yellowpages.com,http://yellowpages.com
18,11,0,0,1,0,0,0,0,False,False,0,3.6144,False,False,0.0,0,0,0,fapello.com,http://fapello.com
26,19,0,0,1,0,0,0,0,False,False,0,3.7633,False,False,0.0,0,0,0,fortnitetracker.com,http://fortnitetracker.com
19,12,0,0,1,0,0,0,0,False,False,0,3.7216,False,False,0.0,0,0,0,haberler.com,http://haberler.com
18,11,0,0,1,0,0,0,0,False,False,0,3.6144,False,False,0.0,0,0,0,codeium.com,http://codeium.com
16,9,0,0,1,0,0,0,0,False,False,0,3.625,False,False,0.0,0,0,0,fwupd.org,http://fwupd.org
16,9,0,0,1,0,0,1,0,False,False,0,3.75,False,False,0.08333333333333333,0,0,0,awin1.com,http://awin1.com
16,9,0,0,1,0,0,0,0,False,False,0,3.2028,False,False,0.0,0,0,0,whoop.com,http://whoop.com
13,6,0,0,1,0,0,0,0,False,False,0,3.3927,False,False,0.0,0,0,0,vk.com,http://vk.com
21,14,0,0,1,0,0,0,0,False,False,0,3.9161,False,False,0.0,0,0,0,firebaseio.com,http://firebaseio.com
14,7,0,0,1,0,0,0,0,False,False,0,3.182,False,False,0.0,0,0,0,xxx.com,http://xxx.com
17,10,0,0,2,0,0,0,0,False,False,0,3.4548,False,False,0.0,0,0,0,lpga.or.jp,http://lpga.or.jp
17,10,0,0,1,0,0,0,0,False,False,0,3.5725,False,False,0.0,0,0,0,centos.org,http://centos.org
15,8,0,0,1,0,0,0,0,False,False,0,3.4566,False,False,0.0,0,0,0,vtex.com,http://vtex.com
18,11,0,0,1,0,0,0,0,False,False,1,3.4194,False,False,0.0,0,0,0,ada.support,http://ada.support
19,12,0,0,1,0,0,0,0,False,False,0,3.6163,False,False,0.0,0,0,0,razorpay.com,http://razorpay.com
12,5,0,0,1,0,0,0,0,False,False,0,3.085,False,False,0.0,0,0,0,ip.sb,http://ip.sb
15,8,0,0,1,0,0,0,0,False,False,0,3.6402,False,False,0.0,0,0,0,fang.com,http://fang.com
13,6,0,0,1,0,0,0,0,False,False,0,2.7774,False,False,0.0,0,0,0,gag.gg,http://gag.gg
21,14,0,0,1,0,0,0,0,False,False,0,3.404,False,False,0.0,0,0,0,prothomalo.com,http://prothomalo.com
15,8,0,0,1,0,0,0,0,False,False,0,3.3736,False,False,0.0,0,0,0,mudah.my,http://mudah.my
19,12,0,0,1,0,0,0,0,False,False,0,3.8269,False,False,0.0,0,0,0,pensador.com,http://pensador.com
17,10,0,0,1,0,0,0,0,False,False,0,3.5725,False,False,0.0,0,0,0,yammer.com,http://yammer.com
105,13,29,54,2,0,0,42,1,False,False,0,4.8876,False,False,0.7924528301886793,3,1,1,robiox.com.gr,https://robiox.com.gr/games/2753915549/Blox-Fruits?privateServerLinkCode=56851347042751367995695552639237
16,9,0,0,1,0,0,0,0,False,False,0,3.5,False,False,0.0,0,0,0,google.sn,http://google.sn
16,9,0,0,2,0,0,0,0,False,False,0,3.375,False,False,0.0,0,0,0,ocn.ne.jp,http://ocn.ne.jp
18,11,0,0,1,0,0,0,0,False,False,0,3.7255,False,False,0.0,0,0,0,gifshow.com,http://gifshow.com
20,13,0,0,1,0,0,0,0,False,False,0,3.5219,False,False,0.0,0,0,0,thenation.com,http://thenation.com
12,5,0,0,1,0,0,0,0,False,False,0,3.2516,False,False,0.0,0,0,0,uv.es,http://uv.es
24,17,0,0,1,0,0,0,0,False,False,0,3.6846,False,False,0.0,0,0,0,boxofficemojo.com,http://boxofficemojo.com
22,15,0,0,1,0,0,0,0,False,False,0,3.6978,False,False,0.0,0,0,0,confluent.cloud,http://confluent.cloud
20,13,0,0,1,0,0,0,0,False,False,0,3.7219,False,False,0.0,0,0,0,flashscore.fr,http://flashscore.fr
15,8,0,0,1,0,0,0,0,False,False,0,3.1396,False,False,0.0,0,0,0,gree.net,http://gree.net
19,12,0,0,1,0,0,0,0,False,False,0,3.5766,False,False,0.0,0,0,0,telegram.org,http://telegram.org
17,10,0,0,2,0,0,0,0,False,False,0,3.6169,False,False,0.0,0,0,0,moe.gov.cn,http://moe.gov.cn
16,9,0,0,1,0,0,0,0,False,False,0,3.5778,False,False,0.0,0,0,0,gitea.com,http://gitea.com
16,9,0,0,1,0,0,0,0,False,False,0,3.5,False,False,0.0,0,0,0,idokep.hu,http://idokep.hu
20,13,0,0,1,0,0,0,0,False,False,0,3.8842,False,False,0.0,0,0,0,bollyflix.med,http://bollyflix.med
16,9,0,0,1,0,0,0,0,False,False,0,3.3278,False,False,0.0,0,0,0,google.gr,http://google.gr
14,7,0,0,1,0,0,0,0,False,False,0,3.3788,False,False,0.0,0,0,0,icio.us,http://icio.us
13,6,0,0,1,0,0,0,0,False,False,0,3.1808,False,False,0.0,0,0,0,orf.at,http://orf.at
20,13,0,0,1,0,0,0,0,False,False,0,3.3414,False,False,0.0,0,0,0,hsprotect.net,http://hsprotect.net
20,13,0,0,1,0,1,2,0,False,False,0,3.9219,False,False,0.14285714285714285,0,0,0,awsdns-11.com,http://awsdns-11.com
22,15,0,0,1,0,0,0,0,False,False,0,3.914,False,False,0.0,0,0,0,huaweicloud.com,http://huaweicloud.com
21,14,0,0,1,0,0,0,0,False,False,0,3.7257,False,False,0.0,0,0,0,msidentity.com,http://msidentity.com
20,13,0,0,2,0,0,0,0,False,False,0,3.5842,False,False,0.0,0,0,0,tanishq.co.in,http://tanishq.co.in
21,14,0,0,1,0,0,0,0,False,False,0,3.8802,False,False,0.0,0,0,0,printerval.com,http://printerval.com
18,11,0,0,1,0,0,0,0,False,False,0,3.7255,False,False,0.0,0,0,0,housing.com,http://housing.com
21,14,0,0,1,0,0,0,0,False,False,0,3.5585,False,False,0.0,0,0,0,nontondrama.my,http://nontondrama.my
19,12,0,0,1,0,0,0,0,False,False,0,3.3006,False,False,0.0,0,0,0,techspot.com,http://techspot.com
16,9,0,0,1,0,0,4,0,False,False,0,3.625,False,False,0.4444444444444444,0,0,0,f0113.com,http://f0113.com
26,19,0,0,1,0,0,0,0,False,False,0,3.921,False,False,0.0,0,0,0,linuxfoundation.org,http://linuxfoundation.org
14,7,0,0,1,0,0,0,0,False,False,0,3.2359,False,False,0.0,0,0,0,espn.in,http://espn.in
16,9,0,0,1,0,0,0,0,False,False,0,3.3278,False,False,0.0,0,0,0,ndash.net,http://ndash.net
20,13,0,0,1,0,0,0,0,False,False,0,3.4219,False,False,0.0,0,0,0,corpinter.net,http://corpinter.net
19,12,0,0,1,0,0,0,0,False,False,0,3.5111,False,False,0.0,0,0,0,storytv.asia,http://storytv.asia
21,14,0,0,1,0,0,0,0,False,False,0,3.5585,False,False,0.0,0,0,0,irishtimes.com,http://irishtimes.com
15,8,0,0,1,0,0,0,0,False,False,0,3.3736,False,False,0.0,0,0,0,noip.com,http://noip.com
18,11,0,0,1,0,0,0,0,False,False,0,3.7947,False,False,0.0,0,0,0,bytedns.com,http://bytedns.com
20,13,0,0,1,0,0,0,0,False,False,0,3.5464,False,False,0.0,0,0,0,amplience.net,http://amplience.net
18,11,0,0,1,0,0,0,0,False,False,0,3.5033,False,False,0.0,0,0,0,hsforms.com,http://hsforms.com
22,15,0,0,2,0,1,2,0,False,False,0,4.0049,False,False,0.13333333333333333,0,0,0,awsdns-11.co.uk,http://awsdns-11.co.uk
19,12,0,0,1,0,0,0,0,False,False,0,3.6819,False,False,0.0,0,0,0,decathlon.es,http://decathlon.es
18,11,0,0,1,0,0,0,0,False,False,0,3.7255,False,False,0.0,0,0,0,javdock.com,http://javdock.com
26,19,0,0,1,0,0,0,0,False,False,0,3.921,False,False,0.0,0,0,0,worldtimeserver.com,http://worldtimeserver.com
20,13,0,0,1,0,0,0,0,False,False,0,3.6842,False,False,0.0,0,0,0,javhdporn.net,http://javhdporn.net
20,13,0,0,1,0,0,0,0,False,False,0,3.7842,False,False,0.0,0,0,0,softpedia.com,http://softpedia.com
14,7,0,0,1,0,0,0,0,False,False,0,3.2359,False,False,0.0,0,0,0,lidl.de,http://lidl.de
19,12,0,0,2,0,0,0,0,False,False,0,3.7216,False,False,0.0,0,0,0,moeys.gov.kh,http://moeys.gov.kh
16,9,0,0,1,0,0,0,0,False,False,0,3.625,False,False,0.0,0,0,0,ameblo.jp,http://ameblo.jp
22,15,0,0,1,0,0,0,0,False,False,0,3.5503,False,False,0.0,0,0,0,wetteronline.de,http://wetteronline.de
18,11,0,0,1,0,0,0,0,False,False,0,3.6835,False,False,0.0,0,0,0,cylance.com,http://cylance.com
25,18,0,0,1,0,1,0,0,False,False,0,4.0537,False,False,0.0,0,0,0,kaspersky-labs.com,http://kaspersky-labs.com
16,9,0,0,1,0,0,0,0,False,False,0,3.625,False,False,0.0,0,0,0,ksord.com,http://ksord.com
27,20,0,0,1,0,0,0,0,False,False,0,3.708,False,False,0.0,0,0,0,googletagmanager.com,http://googletagmanager.com
16,9,0,0,1,0,0,0,0,False,False,0,3.5778,False,False,0.0,0,0,0,vinted.fr,http://vinted.fr
22,15,0,0,1,0,0,0,0,False,False,0,3.7888,False,False,0.0,0,0,0,banahosting.com,http://banahosting.com
20,13,0,0,1,0,0,0,0,False,False,0,3.5464,False,False,0.0,0,0,0,metmuseum.org,http://metmuseum.org
18,11,0,0,1,0,0,0,0,False,False,0,3.5724,False,False,0.0,0,0,0,sinoptik.ua,http://sinoptik.ua
20,13,0,0,2,0,0,0,0,False,False,0,3.5842,False,False,0.0,0,0,0,google.com.bh,http://google.com.bh
19,12,0,0,1,0,0,0,0,False,False,0,3.8924,False,False,0.0,0,0,0,ventusky.com,http://ventusky.com
15,8,0,0,1,0,0,0,0,False,False,0,3.5069,False,False,0.0,0,0,0,sony.com,http://sony.com
20,13,0,0,1,0,0,0,0,False,False,0,3.6842,False,False,0.0,0,0,0,rostelecom.ru,http://rostelecom.ru
24,17,0,0,1,0,0,0,0,False,False,0,3.9702,False,False,0.0,0,0,0,countryliving.com,http://countryliving.com
13,6,0,0,1,0,0,0,0,False,False,0,3.3927,False,False,0.0,0,0,0,ves.io,http://ves.io
15,8,0,0,1,0,0,0,0,False,False,0,3.6402,False,False,0.0,0,0,0,ilbe.com,http://ilbe.com
18,11,0,0,1,0,0,0,0,False,False,0,3.3083,False,False,0.0,0,0,0,happymh.com,http://happymh.com
17,10,0,0,1,0,0,0,0,False,False,0,3.7345,False,False,0.0,0,0,0,adweek.com,http://adweek.com
23,16,0,0,2,0,0,0,0,False,False,0,3.6753,False,False,0.0,0,0,0,indiapost.gov.in,http://indiapost.gov.in
22,15,0,0,1,0,0,0,0,False,False,0,3.8454,False,False,0.0,0,0,0,bandsintown.com,http://bandsintown.com
20,13,0,0,1,0,0,0,0,False,False,0,3.7842,False,False,0.0,0,0,0,siteground.us,http://siteground.us
20,13,0,0,1,0,0,0,0,False,False,0,3.6842,False,False,0.0,0,0,0,shawcable.net,http://shawcable.net
19,12,0,0,1,0,0,0,0,False,False,0,3.8269,False,False,0.0,0,0,0,ilovepdf.com,http://ilovepdf.com
19,12,0,0,1,0,1,0,0,False,False,0,3.6421,False,False,0.0,0,0,0,b-msedge.net,http://b-msedge.net
21,14,0,0,1,0,0,0,0,False,False,0,3.8209,False,False,0.0,0,0,0,dcloudlive.com,http://dcloudlive.com
17,10,0,0,1,0,0,3,0,False,False,0,3.5725,False,False,0.2727272727272727,0,0,0,site123.me,http://site123.me
16,9,0,0,1,0,0,0,0,False,False,0,3.5,False,False,0.0,0,0,0,vizio.com,http://vizio.com
14,7,0,0,1,0,0,0,0,False,False,0,3.3249,False,False,0.0,0,0,0,ted.com,http://ted.com
21,14,0,0,1,0,0,0,0,False,False,0,3.7849,False,False,0.0,0,0,0,wordstream.com,http://wordstream.com
17,10,0,0,1,0,0,0,0,False,False,0,3.6901,False,False,0.0,0,0,0,tubidy.com,http://tubidy.com
17,10,0,0,1,0,0,0,0,False,False,0,3.2928,False,False,0.0,0,0,0,gentoo.org,http://gentoo.org
20,13,0,0,1,0,0,0,0,False,False,0,3.7219,False,False,0.0,0,0,0,playfamily.ru,http://playfamily.ru
14,7,0,0,1,0,0,0,0,False,False,0,3.5216,False,False,0.0,0,0,0,ebay.fr,http://ebay.fr
13,6,0,0,1,0,0,0,0,False,False,0,3.3927,False,False,0.0,0,0,0,uk.com,http://uk.com
17,10,0,0,1,0,0,0,0,False,False,0,3.2639,False,False,0.0,0,0,0,pluxee.app,http://pluxee.app
19,12,0,0,2,0,0,0,0,False,False,0,3.8269,False,False,0.0,0,0,0,lance.com.br,http://lance.com.br
19,12,0,0,1,0,0,0,0,False,False,0,3.7216,False,False,0.0,0,0,0,kuaishou.com,http://kuaishou.com
20,13,0,0,1,0,0,0,0,False,False,0,3.5842,False,False,0.0,0,0,0,feedtofap.com,http://feedtofap.com
21,14,0,0,1,0,0,0,0,False,False,0,3.8802,False,False,0.0,0,0,0,feedburner.com,http://feedburner.com
18,11,0,0,1,0,0,0,0,False,False,0,3.3502,False,False,0.0,0,0,0,edgekey.net,http://edgekey.net
18,11,0,0,1,0,0,0,0,False,False,0,3.7947,False,False,0.0,0,0,0,dnsexit.com,http://dnsexit.com
15,8,0,0,1,0,0,0,0,False,False,0,3.4566,False,False,0.0,0,0,0,sift.com,http://sift.com
19,12,0,0,1,0,0,0,0,False,False,0,3.6819,False,False,0.0,0,0,0,bigthink.com,http://bigthink.com
19,12,0,0,1,0,0,0,0,False,False,0,3.6163,False,False,0.0,0,0,0,machotube.tv,http://machotube.tv
18,11,0,0,1,0,0,0,0,False,False,0,3.7255,False,False,0.0,0,0,0,ucdavis.edu,http://ucdavis.edu
23,16,0,0,1,0,0,0,0,False,False,0,3.6753,False,False,0.0,0,0,0,computrabajo.com,http://computrabajo.com
20,13,0,0,1,0,0,0,0,False,False,0,3.7219,False,False,0.0,0,0,0,storygize.net,http://storygize.net
27,20,0,0,1,0,1,0,0,False,False,0,3.7784,False,False,0.0,0,0,0,goodnotes-devops.com,http://goodnotes-devops.com
18,11,0,0,1,0,0,0,0,False,False,0,3.5724,False,False,0.0,0,0,0,thewrap.com,http://thewrap.com
14,7,0,0,1,0,0,0,0,False,False,0,3.3788,False,False,0.0,0,0,0,aol.com,http://aol.com
22,15,0,0,2,0,1,2,0,False,False,0,4.0958,False,False,0.13333333333333333,0,0,0,awsdns-07.co.uk,http://awsdns-07.co.uk
24,17,0,0,1,0,2,0,0,False,False,0,3.8554,False,False,0.0,0,0,0,wac-dc-msedge.net,http://wac-dc-msedge.net
20,13,0,0,1,0,0,0,0,False,False,0,3.7219,False,False,0.0,0,0,0,infomaniak.ch,http://infomaniak.ch
16,9,0,0,1,0,0,0,0,False,False,0,3.3278,False,False,0.0,0,0,0,tmall.com,http://tmall.com
21,14,0,0,1,0,0,0,0,False,False,0,4.0114,False,False,0.0,0,0,0,javlibrary.com,http://javlibrary.com
16,9,0,0,2,0,0,0,0,False,False,0,3.2028,False,False,0.0,0,0,0,jst.go.jp,http://jst.go.jp
17,10,0,0,1,0,0,0,0,False,False,0,3.2639,False,False,0.0,0,0,0,strpst.com,http://strpst.com
19,12,0,0,1,0,0,0,0,False,False,0,3.5766,False,False,0.0,0,0,0,sheypoor.com,http://sheypoor.com
18,11,0,0,1,0,0,0,0,False,False,0,3.3502,False,False,0.0,0,0,0,pornhat.one,http://pornhat.one
14,7,0,0,1,0,0,0,0,False,False,0,3.182,False,False,0.0,0,0,0,tmz.com,http://tmz.com
16,9,0,0,1,0,0,0,0,False,False,0,3.625,False,False,0.0,0,0,0,licdn.com,http://licdn.com
23,16,0,0,1,0,0,0,0,False,False,0,3.7951,False,False,0.0,0,0,0,nikkansports.com,http://nikkansports.com
14,7,0,0,1,0,0,0,0,False,False,0,3.3788,False,False,0.0,0,0,0,loja.li,http://loja.li
23,16,0,0,1,0,0,0,0,False,False,0,4.0018,False,False,0.0,0,0,0,surveymonkey.com,http://surveymonkey.com
15,8,0,0,1,0,0,0,0,False,False,0,3.1899,False,False,0.0,0,0,0,ctdns.cn,http://ctdns.cn
20,13,0,0,1,0,1,2,0,False,False,0,4.0219,False,False,0.14285714285714285,0,0,0,awsdns-13.com,http://awsdns-13.com
20,13,0,0,1,0,1,2,0,False,False,0,3.6842,False,False,0.14285714285714285,0,0,0,awsdns-00.net,http://awsdns-00.net
18,11,0,0,1,0,1,0,0,False,False,0,3.6144,False,False,0.0,0,0,0,dns-shop.ru,http://dns-shop.ru
19,12,0,0,1,0,0,0,0,False,False,0,3.8924,False,False,0.0,0,0,0,boyfriend.tv,http://boyfriend.tv
23,16,0,0,1,0,0,0,0,False,False,0,3.7081,False,False,0.0,0,0,0,delishkitchen.tv,http://delishkitchen.tv
23,16,0,0,1,0,0,0,0,False,False,0,3.4101,False,False,0.0,0,0,0,capcutstatic.com,http://capcutstatic.com
15,8,0,0,1,0,0,0,0,False,False,0,3.5069,False,False,0.0,0,0,0,my.games,http://my.games
16,9,0,0,1,0,0,0,0,False,False,0,3.5,False,False,0.0,0,0,0,macys.com,http://macys.com
20,13,0,0,1,0,0,0,0,False,False,0,3.8842,False,False,0.0,0,0,0,stylevana.com,http://stylevana.com
21,14,0,0,1,0,0,0,0,False,False,0,3.6538,False,False,0.0,0,0,0,admanmedia.com,http://admanmedia.com
17,10,0,0,1,0,0,0,0,False,False,0,3.4992,False,False,0.0,0,0,0,litnet.com,http://litnet.com
19,12,0,0,1,0,0,0,0,False,False,0,4.0374,False,False,0.0,0,0,0,ukdevilz.com,http://ukdevilz.com
13,6,0,0,1,0,0,0,0,False,False,0,3.2389,False,False,0.0,0,0,0,dba.dk,http://dba.dk
21,14,0,0,1,0,0,0,0,False,False,0,3.8209,False,False,0.0,0,0,0,sidrachain.com,http://sidrachain.com
16,9,0,0,1,0,0,0,0,False,False,0,3.5778,False,False,0.0,0,0,0,lngtd.com,http://lngtd.com
15,8,0,0,1,0,0,2,0,False,False,0,3.1899,False,False,0.2,0,0,0,2ch2.net,http://2ch2.net
21,14,0,0,1,0,0,0,0,False,False,0,3.9161,False,False,0.0,0,0,0,cloudflare.com,http://cloudflare.com
18,11,0,0,1,0,0,0,0,False,False,0,3.6835,False,False,0.0,0,0,0,isnssdk.com,http://isnssdk.com
23,16,0,0,1,0,0,0,0,False,False,0,3.9149,False,False,0.0,0,0,0,movieswood.cloud,http://movieswood.cloud
16,9,0,0,1,0,0,4,0,False,False,0,3.125,False,False,0.4444444444444444,0,0,0,8888.porn,http://8888.porn
18,11,0,0,1,0,0,0,0,False,False,0,3.5724,False,False,0.0,0,0,0,kuleuven.be,http://kuleuven.be
17,10,0,0,1,0,0,0,0,False,False,0,3.6901,False,False,0.0,0,0,0,betika.com,http://betika.com
15,8,0,0,1,0,0,0,0,False,False,0,3.6402,False,False,0.0,0,0,0,egais.ru,http://egais.ru
19,12,0,0,1,0,0,0,0,False,False,0,3.5111,False,False,0.0,0,0,0,truoptik.com,http://truoptik.com
19,12,0,0,1,0,0,0,0,False,False,0,3.6163,False,False,0.0,0,0,0,netsuite.com,http://netsuite.com
20,13,0,0,2,0,0,0,0,False,False,0,3.5842,False,False,0.0,0,0,0,google.com.jm,http://google.com.jm
17,10,0,0,1,0,0,0,0,False,False,0,3.5725,False,False,0.0,0,0,0,sportal.bg,http://sportal.bg
16,9,0,0,1,0,0,0,0,False,False,0,3.625,False,False,0.0,0,0,0,wsdvs.com,http://wsdvs.com
17,10,0,0,1,0,0,0,0,False,False,0,3.6169,False,False,0.0,0,0,0,volces.com,http://volces.com
25,18,0,0,1,0,0,0,0,False,False,0,3.8635,False,False,0.0,0,0,0,usbrowserspeed.com,http://usbrowserspeed.com
22,15,0,0,1,0,0,0,0,False,False,0,3.9706,False,False,0.0,0,0,0,bestjavporn.com,http://bestjavporn.com
15,8,0,0,1,0,0,0,0,False,False,0,3.3736,False,False,0.0,0,0,0,ehow.com,http://ehow.com
19,12,0,0,1,0,0,0,0,False,False,0,3.5766,False,False,0.0,0,0,0,cachefly.net,http://cachefly.net
12,5,0,0,1,0,0,2,0,False,False,0,3.085,False,False,0.2857142857142857,0,0,0,24.hu,http://24.hu
29,22,0,0,1,0,1,0,0,False,False,0,3.9749,False,False,0.0,0,0,0,baseball-reference.com,http://baseball-reference.com
13,6,0,0,1,0,0,0,0,False,False,0,3.3927,False,False,0.0,0,0,0,bc.edu,http://bc.edu
17,10,0,0,1,0,0,2,0,False,False,0,3.5725,False,False,0.16666666666666666,0,0,0,viet69z.me,http://viet69z.me
14,7,0,0,1,0,0,2,0,False,False,0,3.5216,False,False,0.2222222222222222,0,0,0,az24.vn,http://az24.vn
18,11,0,0,2,0,0,0,0,False,False,0,3.8366,False,False,0.0,0,0,0,nice.org.uk,http://nice.org.uk
23,16,0,0,1,0,0,0,0,False,False,0,3.7951,False,False,0.0,0,0,0,deccanherald.com,http://deccanherald.com
16,9,0,0,1,0,0,0,0,False,False,0,3.75,False,False,0.0,0,0,0,donmai.us,http://donmai.us
16,9,0,0,2,0,0,0,0,False,False,0,3.375,False,False,0.0,0,0,0,ucl.ac.uk,http://ucl.ac.uk
21,14,0,0,1,0,0,0,0,False,False,0,3.6897,False,False,0.0,0,0,0,truecaller.com,http://truecaller.com
17,10,0,0,1,0,0,0,0,False,False,0,3.7345,False,False,0.0,0,0,0,klarna.com,http://klarna.com
21,14,0,0,1,0,0,0,0,False,False,0,3.7849,False,False,0.0,0,0,0,hatenablog.com,http://hatenablog.com
17,10,0,0,1,0,0,0,0,False,False,0,3.7345,False,False,0.0,0,0,0,nasdaq.com,http://nasdaq.com
14,7,0,0,1,0,0,0,0,False,False,0,3.3788,False,False,0.0,0,0,0,ebay.de,http://ebay.de
20,13,0,0,1,0,0,0,0,False,False,0,3.5842,False,False,0.0,0,0,0,launchpad.net,http://launchpad.net
23,16,0,0,1,0,0,0,0,False,False,0,3.7951,False,False,0.0,0,0,0,libramemoria.com,http://libramemoria.com
19,12,0,0,1,0,0,0,0,False,False,0,3.6819,False,False,0.0,0,0,0,mediatek.com,http://mediatek.com
18,11,0,0,2,0,0,0,0,False,False,0,3.5033,False,False,0.0,0,0,0,tate.org.uk,http://tate.org.uk
13,6,0,0,1,0,0,0,0,False,False,0,3.3927,False,False,0.0,0,0,0,msk.ru,http://msk.ru
22,15,0,0,1,0,0,0,0,False,False,0,3.8797,False,False,0.0,0,0,0,paysafecard.com,http://paysafecard.com
16,9,0,0,1,0,0,0,0,False,False,0,3.3278,False,False,0.0,0,0,0,fantia.jp,http://fantia.jp
18,11,0,0,1,0,0,0,0,False,False,0,3.5724,False,False,0.0,0,0,0,wikidot.com,http://wikidot.com
21,14,0,0,1,0,0,0,0,False,False,0,3.7257,False,False,0.0,0,0,0,letterboxd.com,http://letterboxd.com
15,8,0,0,1,0,0,0,0,False,False,0,3.3232,False,False,0.0,0,0,0,unibo.it,http://unibo.it
19,12,0,0,1,0,0,0,0,False,False,0,3.6163,False,False,0.0,0,0,0,onetrust.com,http://onetrust.com
17,10,0,0,1,0,0,0,0,False,False,0,3.3372,False,False,0.0,0,0,0,sensic.net,http://sensic.net
21,14,0,0,1,0,0,0,0,False,False,0,4.0114,False,False,0.0,0,0,0,sendinblue.com,http://sendinblue.com
20,13,0,0,1,0,0,1,0,False,False,0,3.5842,False,False,0.0625,0,0,0,fliphtml5.com,http://fliphtml5.com
18,11,0,0,1,0,0,0,0,False,False,0,3.3921,False,False,0.0,0,0,0,netflix.net,http://netflix.net
17,10,0,0,2,0,0,1,0,False,False,0,3.7345,False,False,0.08333333333333333,0,0,0,yad2.co.il,http://yad2.co.il
20,13,0,0,1,0,1,2,0,False,False,0,3.7842,False,False,0.14285714285714285,0,0,0,awsdns-61.net,http://awsdns-61.net
17,10,0,0,1,0,0,0,0,False,False,0,3.8522,False,False,0.0,0,0,0,webdav.org,http://webdav.org
17,10,0,0,1,0,0,1,0,False,False,0,3.7345,False,False,0.07692307692307693,0,0,0,rapid7.com,http://rapid7.com
13,6,0,0,1,0,0,0,0,False,False,0,3.2389,False,False,0.0,0,0,0,nic.ir,http://nic.ir
24,17,0,0,1,0,0,1,0,False,False,0,3.7721,False,False,0.05,0,0,0,2kcoretech.online,http://2kcoretech.online
21,14,0,0,1,0,0,2,0,False,False,0,3.6538,False,False,0.125,0,0,0,meoodata01.com,http://meoodata01.com
18,11,0,0,1,0,0,0,0,False,False,0,3.6144,False,False,0.0,0,0,0,brdtnet.com,http://brdtnet.com
16,9,0,0,1,0,0,0,0,False,False,0,3.625,False,False,0.0,0,0,0,cloud.sap,http://cloud.sap
16,9,0,0,1,0,0,0,0,False,False,0,3.3278,False,False,0.0,0,0,0,ctrip.com,http://ctrip.com
18,11,0,0,1,0,0,0,0,False,False,0,3.8366,False,False,0.0,0,0,0,respawn.com,http://respawn.com
73,17,48,0,3,1,0,12,0,False,False,0,4.5588,False,False,0.22641509433962265,3,0,1,roblox.com.pt,https://www.roblox.com.pt/users/282030707450/profileexploitmalwarenetwork
15,8,0,0,1,0,0,0,0,False,False,0,3.1899,False,False,0.0,0,0,0,telex.hu,http://telex.hu
15,8,0,0,1,0,0,0,0,False,False,0,3.3232,False,False,0.0,0,0,0,snapp.ir,http://snapp.ir
16,9,0,0,1,0,0,0,0,False,False,0,3.5778,False,False,0.0,0,0,0,darty.com,http://darty.com
16,9,0,0,1,0,0,0,0,False,False,0,3.3278,False,False,0.0,0,0,0,people.cn,http://people.cn
21,14,0,0,1,0,0,0,0,False,False,0,3.7257,False,False,0.0,0,0,0,ptsecurity.com,http://ptsecurity.com
20,13,0,0,2,0,0,0,0,False,False,0,3.6842,False,False,0.0,0,0,0,google.com.ar,http://google.com.ar
22,15,0,0,1,0,0,0,0,False,False,0,3.516,False,False,0.0,0,0,0,electrodepot.fr,http://electrodepot.fr
20,13,0,0,2,0,0,0,0,False,False,0,3.6842,False,False,0.0,0,0,0,google.com.ai,http://google.com.ai
16,9,0,0,2,0,0,0,0,False,False,0,3.5,False,False,0.0,0,0,0,gla.ac.uk,http://gla.ac.uk
18,11,0,0,1,0,0,0,0,False,False,0,3.6835,False,False,0.0,0,0,0,hornbach.de,http://hornbach.de
18,11,0,0,1,0,0,0,0,False,False,0,3.7255,False,False,0.0,0,0,0,logmein.com,http://logmein.com
29,22,0,0,1,0,0,0,0,False,False,0,4.1683,False,False,0.0,0,0,0,scrabblewordfinder.org,http://scrabblewordfinder.org
18,11,0,0,1,0,0,2,0,False,False,0,3.5724,False,False,0.15384615384615385,0,0,0,52shuku.net,http://52shuku.net
18,11,0,0,1,0,0,1,0,False,False,0,3.281,False,False,0.07142857142857142,0,0,0,3hentai.net,http://3hentai.net
17,10,0,0,1,0,0,0,0,False,False,0,3.6169,False,False,0.0,0,0,0,resume.com,http://resume.com
18,11,0,0,1,0,1,0,0,False,False,0,3.7255,False,False,0.0,0,0,0,gcd-dns.com,http://gcd-dns.com
25,18,0,0,2,0,0,0,0,False,False,0,3.9737,False,False,0.0,0,0,0,legislation.gov.uk,http://legislation.gov.uk
21,14,0,0,1,0,1,0,0,False,False,0,3.8802,False,False,0.0,0,0,0,cdn-tinkoff.ru,http://cdn-tinkoff.ru
24,17,0,0,1,0,0,0,0,False,False,0,3.6054,False,False,0.0,0,0,0,tconnect.services,http://tconnect.services
19,12,0,0,1,0,0,0,0,False,False,0,3.8269,False,False,0.0,0,0,0,musicsweb.ir,http://musicsweb.ir
15,8,0,0,1,0,0,0,0,False,False,0,3.6402,False,False,0.0,0,0,0,weibo.cn,http://weibo.cn
18,11,0,0,1,0,0,0,0,False,False,0,3.6835,False,False,0.0,0,0,0,ragpets.com,http://ragpets.com
19,12,0,0,1,0,0,0,0,False,False,0,3.5766,False,False,0.0,0,0,0,starwars.com,http://starwars.com
15,8,0,0,1,0,0,0,0,False,False,0,3.2402,False,False,0.0,0,0,0,sslip.io,http://sslip.io
20,13,0,0,1,0,0,0,0,False,False,0,3.7842,False,False,0.0,0,0,0,sketchfab.com,http://sketchfab.com
22,15,0,0,1,0,0,0,0,False,False,0,3.6412,False,False,0.0,0,0,0,shopifyapps.com,http://shopifyapps.com
20,13,0,0,1,0,0,0,0,False,False,0,3.5842,False,False,0.0,0,0,0,anthropic.com,http://anthropic.com
27,20,0,0,1,0,2,0,0,False,False,0,3.9862,False,False,0.0,0,0,0,arabic-porn-tube.com,http://arabic-porn-tube.com
13,6,0,0,1,0,0,0,0,False,False,0,3.2389,False,False,0.0,0,0,0,dns.id,http://dns.id
21,14,0,0,1,0,0,0,0,False,False,0,3.6897,False,False,0.0,0,0,0,avidreaders.ru,http://avidreaders.ru
27,20,0,0,1,0,0,0,0,False,False,0,3.9582,False,False,0.0,0,0,0,popularmechanics.com,http://popularmechanics.com
25,18,0,0,2,0,1,0,0,False,False,0,3.5737,False,False,0.0,0,0,0,tokyo-sports.co.jp,http://tokyo-sports.co.jp
16,9,0,0,1,0,0,0,0,False,False,0,3.625,False,False,0.0,0,0,0,yandex.by,http://yandex.by
15,8,0,0,1,0,0,0,0,False,False,0,3.1396,False,False,0.0,0,0,0,cctv.com,http://cctv.com
20,13,0,0,1,0,0,0,0,False,False,0,3.2842,False,False,0.0,0,0,0,optonline.net,http://optonline.net
16,9,0,0,1,0,0,0,0,False,False,0,3.625,False,False,0.0,0,0,0,rkdms.com,http://rkdms.com
19,12,0,0,1,0,0,0,0,False,False,0,3.7216,False,False,0.0,0,0,0,sniffies.com,http://sniffies.com
28,21,0,0,1,0,0,0,0,False,False,0,3.655,False,False,0.0,0,0,0,solopornoitaliani.xxx,http://solopornoitaliani.xxx
21,14,0,0,1,0,0,2,0,False,False,0,3.6538,False,False,0.125,0,0,0,property24.com,http://property24.com
20,13,0,0,1,0,1,2,0,False,False,0,3.7842,False,False,0.14285714285714285,0,0,0,awsdns-36.net,http://awsdns-36.net
16,9,0,0,1,0,0,0,0,False,False,0,3.4528,False,False,0.0,0,0,0,libero.it,http://libero.it
23,16,0,0,1,0,0,0,0,False,False,0,3.882,False,False,0.0,0,0,0,ruidongcloud.com,http://ruidongcloud.com
16,9,0,0,1,0,0,0,0,False,False,0,3.375,False,False,0.0,0,0,0,erome.com,http://erome.com
18,11,0,0,1,0,0,0,0,False,False,0,3.5033,False,False,0.0,0,0,0,haproxy.org,http://haproxy.org
13,6,0,0,1,0,0,0,0,False,False,0,3.2389,False,False,0.0,0,0,0,iu.edu,http://iu.edu
24,17,0,0,1,0,0,0,0,False,False,0,4.0016,False,False,0.0,0,0,0,freshworksapi.com,http://freshworksapi.com
13,6,0,0,1,0,0,1,0,False,False,0,3.1808,False,False,0.1111111111111111,0,0,0,tv2.dk,http://tv2.dk
19,12,0,0,1,0,0,0,0,False,False,0,3.8269,False,False,0.0,0,0,0,mixpanel.com,http://mixpanel.com
22,15,0,0,1,0,0,0,0,False,False,0,3.8454,False,False,0.0,0,0,0,taboolanews.com,http://taboolanews.com
20,13,0,0,1,0,0,0,0,False,False,0,3.8219,False,False,0.0,0,0,0,alfasense.com,http://alfasense.com
19,12,0,0,1,0,0,0,0,False,False,0,3.6819,False,False,0.0,0,0,0,assertcom.de,http://assertcom.de
17,10,0,0,1,0,0,0,0,False,False,0,3.4992,False,False,0.0,0,0,0,pinimg.com,http://pinimg.com
15,8,0,0,1,0,0,0,0,False,False,0,3.3736,False,False,0.0,0,0,0,paris.fr,http://paris.fr
27,20,0,0,1,0,0,0,0,False,False,0,3.838,False,False,0.0,0,0,0,tokyodisneyresort.jp,http://tokyodisneyresort.jp
20,13,0,0,1,0,0,0,0,False,False,0,3.6842,False,False,0.0,0,0,0,flashscore.es,http://flashscore.es
17,10,0,0,1,0,0,0,0,False,False,0,3.5725,False,False,0.0,0,0,0,tumbex.com,http://tumbex.com
20,13,0,0,1,0,0,0,0,False,False,0,3.9219,False,False,0.0,0,0,0,bingoplus.com,http://bingoplus.com
24,17,0,0,1,0,0,0,0,False,False,0,3.7202,False,False,0.0,0,0,0,garanteprivacy.it,http://garanteprivacy.it
20,13,0,0,1,0,0,0,0,False,False,0,3.6842,False,False,0.0,0,0,0,eastmoney.com,http://eastmoney.com
23,16,0,0,1,0,0,0,0,False,False,0,3.7081,False,False,0.0,0,0,0,treasuredata.com,http://treasuredata.com
20,13,0,0,1,0,0,0,0,False,False,0,3.6842,False,False,0.0,0,0,0,astrocade.com,http://astrocade.com
20,13,0,0,1,0,0,0,0,False,False,0,3.6219,False,False,0.0,0,0,0,jumpcloud.com,http://jumpcloud.com
16,9,0,0,1,0,0,0,0,False,False,0,3.375,False,False,0.0,0,0,0,chegg.com,http://chegg.com
22,15,0,0,1,0,0,0,0,False,False,0,3.6978,False,False,0.0,0,0,0,smartinmate.com,http://smartinmate.com
22,15,0,0,1,0,0,0,0,False,False,0,3.7544,False,False,0.0,0,0,0,crashlytics.com,http://crashlytics.com
19,12,0,0,1,0,0,0,0,False,False,0,3.7216,False,False,0.0,0,0,0,mixcloud.com,http://mixcloud.com
18,11,0,0,1,0,0,0,0,False,False,0,3.5724,False,False,0.0,0,0,0,dominos.com,http://dominos.com
14,7,0,0,1,0,0,0,0,False,False,0,3.5216,False,False,0.0,0,0,0,cve.org,http://cve.org
16,9,0,0,1,0,0,0,0,False,False,0,3.4528,False,False,0.0,0,0,0,rdcnw.net,http://rdcnw.net
24,17,0,0,1,0,0,0,0,False,False,0,3.835,False,False,0.0,0,0,0,escortbabylon.net,http://escortbabylon.net
16,9,0,0,1,0,0,0,0,False,False,0,3.3278,False,False,0.0,0,0,0,jstor.org,http://jstor.org
19,12,0,0,1,0,0,0,0,False,False,0,3.5766,False,False,0.0,0,0,0,tecnoera.com,http://tecnoera.com
15,8,0,0,1,0,0,0,0,False,False,0,3.5069,False,False,0.0,0,0,0,yale.edu,http://yale.edu
20,13,0,0,1,0,1,2,0,False,False,0,4.0219,False,False,0.14285714285714285,0,0,0,awsdns-20.com,http://awsdns-20.com
21,14,0,0,1,0,0,0,0,False,False,0,3.5352,False,False,0.0,0,0,0,proteantech.in,http://proteantech.in
21,14,0,0,1,0,0,0,0,False,False,0,3.6897,False,False,0.0,0,0,0,fatalmodel.com,http://fatalmodel.com
16,9,0,0,1,0,0,0,0,False,False,0,3.375,False,False,0.0,0,0,0,cursor.sh,http://cursor.sh
21,14,0,0,1,0,0,0,0,False,False,0,3.6897,False,False,0.0,0,0,0,buzzsprout.com,http://buzzsprout.com
19,12,0,0,1,0,0,0,0,False,False,0,3.6819,False,False,0.0,0,0,0,usatoday.com,http://usatoday.com
13,6,0,0,1,0,0,0,0,False,False,0,3.3927,False,False,0.0,0,0,0,kw.com,http://kw.com
14,7,0,0,1,0,0,2,0,False,False,0,3.3249,False,False,0.2222222222222222,0,0,0,b92.net,http://b92.net
22,15,0,0,1,0,0,0,0,False,False,0,3.5726,False,False,0.0,0,0,0,pornohirsch.net,http://pornohirsch.net
16,9,0,0,1,0,0,1,0,False,False,0,3.5,False,False,0.08333333333333333,0,0,0,r7ops.com,http://r7ops.com
22,15,0,0,1,0,0,0,0,False,False,0,3.6069,False,False,0.0,0,0,0,kinoafisha.info,http://kinoafisha.info
22,15,0,0,1,0,0,0,0,False,False,0,3.9706,False,False,0.0,0,0,0,virginmedia.com,http://virginmedia.com
24,17,0,0,2,0,0,0,0,False,False,0,3.6683,False,False,0.0,0,0,0,casasbahia.com.br,http://casasbahia.com.br
17,10,0,0,1,0,0,0,0,False,False,0,3.5725,False,False,0.0,0,0,0,konami.net,http://konami.net
22,15,0,0,1,0,0,0,0,False,False,0,3.5338,False,False,0.0,0,0,0,ttoverseaus.net,http://ttoverseaus.net
18,11,0,0,1,0,0,0,0,False,False,0,3.5305,False,False,0.0,0,0,0,bangcdn.net,http://bangcdn.net
15,8,0,0,2,0,0,0,0,False,False,0,3.5069,False,False,0.0,0,0,0,ox.ac.uk,http://ox.ac.uk
19,12,0,0,2,0,0,0,0,False,False,0,3.5766,False,False,0.0,0,0,0,tenda.com.cn,http://tenda.com.cn
34,27,0,0,1,0,0,0,0,False,False,0,4.2117,False,False,0.0,0,0,0,acquaintjokinglyscoring.com,http://acquaintjokinglyscoring.com
19,12,0,0,1,0,0,0,0,False,False,0,3.7871,False,False,0.0,0,0,0,stanford.edu,http://stanford.edu
20,13,0,0,2,0,0,0,0,False,False,0,3.6842,False,False,0.0,0,0,0,google.com.fj,http://google.com.fj
15,8,0,0,1,0,0,0,0,False,False,0,3.6402,False,False,0.0,0,0,0,ikea.com,http://ikea.com
22,15,0,0,1,0,0,0,0,False,False,0,3.6978,False,False,0.0,0,0,0,counterpane.com,http://counterpane.com
16,9,0,0,1,0,0,0,0,False,False,0,3.3278,False,False,0.0,0,0,0,kontur.ru,http://kontur.ru
20,13,0,0,1,0,0,0,0,False,False,0,3.2464,False,False,0.0,0,0,0,mynetname.net,http://mynetname.net
26,19,0,0,1,0,0,0,0,False,False,0,3.7924,False,False,0.0,0,0,0,ctolabperfstats.com,http://ctolabperfstats.com
19,12,0,0,1,0,0,0,0,False,False,0,3.3006,False,False,0.0,0,0,0,snapinsta.to,http://snapinsta.to
22,15,0,0,1,0,1,0,0,False,False,0,4.0615,False,False,0.0,0,0,0,verkada-lan.com,http://verkada-lan.com
13,6,0,0,1,0,0,0,0,False,False,0,3.2389,False,False,0.0,0,0,0,hln.be,http://hln.be
21,14,0,0,1,0,0,0,0,False,False,0,3.9161,False,False,0.0,0,0,0,playinboss.com,http://playinboss.com
19,12,0,0,1,0,0,3,0,False,False,0,3.9321,False,False,0.23076923076923078,0,0,0,office365.us,http://office365.us
15,8,0,0,1,0,0,0,0,False,False,0,3.4566,False,False,0.0,0,0,0,gmru.net,http://gmru.net
22,15,0,0,2,0,1,2,0,False,False,0,4.0958,False,False,0.13333333333333333,0,0,0,awsdns-03.co.uk,http://awsdns-03.co.uk
23,16,0,0,1,0,0,0,0,False,False,0,3.969,False,False,0.0,0,0,0,guzelhosting.com,http://guzelhosting.com
20,13,0,0,1,0,0,0,0,False,False,0,3.9219,False,False,0.0,0,0,0,globalnews.ca,http://globalnews.ca
21,14,0,0,1,0,0,0,0,False,False,0,3.2728,False,False,0.0,0,0,0,lottomatica.it,http://lottomatica.it
20,13,0,0,1,0,1,2,0,False,False,0,3.7842,False,False,0.14285714285714285,0,0,0,awsdns-13.net,http://awsdns-13.net
22,15,0,0,2,0,0,0,0,False,False,0,3.5681,False,False,0.0,0,0,0,tatasteel.co.in,http://tatasteel.co.in
18,11,0,0,1,0,0,0,0,False,False,0,3.6835,False,False,0.0,0,0,0,tclking.com,http://tclking.com
60,17,33,1,3,1,0,0,0,False,False,0,4.2104,False,False,0.0,1,0,1,boook.com.vn,https://face.boook.com.vn/tham-gia-minigame-back-to-school?a
23,16,0,0,1,0,0,0,0,False,False,0,3.3816,False,False,0.0,0,0,0,tvinteractive.tv,http://tvinteractive.tv
17,10,0,0,1,0,0,0,0,False,False,0,3.5725,False,False,0.0,0,0,0,samokat.ru,http://samokat.ru
18,11,0,0,2,0,1,3,0,False,False,0,3.5724,False,False,0.3,0,0,0,7-11.com.tw,http://7-11.com.tw
18,11,0,0,1,0,0,0,0,False,False,0,3.5724,False,False,0.0,0,0,0,poringa.net,http://poringa.net
17,10,0,0,1,0,0,0,0,False,False,0,3.8522,False,False,0.0,0,0,0,airbus.com,http://airbus.com
17,10,0,0,1,0,0,0,0,False,False,0,3.6169,False,False,0.0,0,0,0,allegro.hu,http://allegro.hu
17,10,0,0,1,0,0,0,0,False,False,0,3.4548,False,False,0.0,0,0,0,devline.tv,http://devline.tv
13,6,0,0,1,0,0,0,0,False,False,0,3.1808,False,False,0.0,0,0,0,ome.tv,http://ome.tv
17,10,0,0,2,0,0,0,0,False,False,0,3.6169,False,False,0.0,0,0,0,ico.org.uk,http://ico.org.uk
24,17,0,0,1,0,2,0,0,False,False,0,3.835,False,False,0.0,0,0,0,aws-thinq-prd.net,http://aws-thinq-prd.net
16,9,0,0,1,0,0,0,0,False,False,0,3.5,False,False,0.0,0,0,0,xhcdn.com,http://xhcdn.com
17,10,0,0,1,0,0,0,0,False,False,0,3.4548,False,False,0.0,0,0,0,milli.gold,http://milli.gold
18,11,0,0,1,0,0,0,0,False,False,0,3.5724,False,False,0.0,0,0,0,godaddy.com,http://godaddy.com
16,9,0,0,1,0,0,0,0,False,False,0,3.3278,False,False,0.0,0,0,0,google.tn,http://google.tn
23,16,0,0,1,0,1,0,0,False,False,0,3.882,False,False,0.0,0,0,0,dns-redirect.com,http://dns-redirect.com
22,15,0,0,2,0,1,2,0,False,False,0,4.0958,False,False,0.13333333333333333,0,0,0,awsdns-42.co.uk,http://awsdns-42.co.uk
29,22,0,0,1,0,2,0,0,False,False,0,4.0733,False,False,0.0,0,0,0,search-porn-videos.com,http://search-porn-videos.com
14,7,0,0,1,0,0,0,0,False,False,0,3.3249,False,False,0.0,0,0,0,nimo.tv,http://nimo.tv
16,9,0,0,1,0,0,0,0,False,False,0,3.625,False,False,0.0,0,0,0,nokia.com,http://nokia.com
21,14,0,0,1,0,0,0,0,False,False,0,3.7849,False,False,0.0,0,0,0,samsunghrm.com,http://samsunghrm.com
18,11,0,0,1,0,0,0,0,False,False,0,3.3921,False,False,0.0,0,0,0,hubspot.net,http://hubspot.net
13,6,0,0,1,0,0,0,0,False,False,0,3.1808,False,False,0.0,0,0,0,vtb.ru,http://vtb.ru
24,17,0,0,1,0,0,0,0,False,False,0,3.9387,False,False,0.0,0,0,0,crealitycloud.com,http://crealitycloud.com
16,9,0,0,1,0,1,0,0,False,False,0,3.625,False,False,0.0,0,0,0,jc-gs.com,http://jc-gs.com
16,9,0,0,1,0,0,0,0,False,False,0,3.375,False,False,0.0,0,0,0,absher.sa,http://absher.sa
18,11,0,0,1,0,0,0,0,False,False,0,3.7255,False,False,0.0,0,0,0,nbcnews.com,http://nbcnews.com
21,14,0,0,1,0,0,0,0,False,False,0,3.8802,False,False,0.0,0,0,0,iqzonertb.live,http://iqzonertb.live
18,11,0,0,1,0,0,0,0,False,False,0,3.8366,False,False,0.0,0,0,0,wsukwai.com,http://wsukwai.com
15,8,0,0,1,0,0,0,0,False,False,0,3.3232,False,False,0.0,0,0,0,note.com,http://note.com
20,13,0,0,1,0,0,0,0,False,False,0,3.7842,False,False,0.0,0,0,0,stripecdn.com,http://stripecdn.com
19,12,0,0,1,0,0,0,0,False,False,0,3.6819,False,False,0.0,0,0,0,missyusa.com,http://missyusa.com
20,13,0,0,1,0,0,0,0,False,False,0,3.7219,False,False,0.0,0,0,0,mcdonalds.com,http://mcdonalds.com
19,12,0,0,1,0,0,0,0,False,False,0,3.9321,False,False,0.0,0,0,0,qlivecdn.com,http://qlivecdn.com
24,17,0,0,1,0,0,0,0,False,False,0,3.6054,False,False,0.0,0,0,0,gammaplatform.com,http://gammaplatform.com
22,15,0,0,1,0,1,0,0,False,False,0,3.8797,False,False,0.0,0,0,0,afilias-nst.org,http://afilias-nst.org
26,19,0,0,1,0,0,0,0,False,False,0,3.8253,False,False,0.0,0,0,0,thenationalnews.com,http://thenationalnews.com
19,12,0,0,1,0,0,0,0,False,False,0,3.3264,False,False,0.0,0,0,0,redporn.porn,http://redporn.porn
18,11,0,0,2,0,0,0,0,False,False,0,3.6144,False,False,0.0,0,0,0,mofa.gov.sa,http://mofa.gov.sa
21,14,0,0,1,0,0,0,0,False,False,0,3.7849,False,False,0.0,0,0,0,voximplant.com,http://voximplant.com
13,6,0,0,1,0,0,0,0,False,False,0,3.3927,False,False,0.0,0,0,0,un.org,http://un.org
21,14,0,0,1,0,0,0,0,False,False,0,3.9754,False,False,0.0,0,0,0,riyasewana.com,http://riyasewana.com
19,12,0,0,2,0,0,0,0,False,False,0,3.4714,False,False,0.0,0,0,0,bplay.bet.ar,http://bplay.bet.ar
17,10,0,0,1,0,0,0,0,False,False,0,3.2639,False,False,0.0,0,0,0,toptal.com,http://toptal.com
20,13,0,0,1,0,0,0,0,False,False,0,3.5842,False,False,0.0,0,0,0,apkmirror.com,http://apkmirror.com
22,15,0,0,1,0,0,0,0,False,False,0,3.8454,False,False,0.0,0,0,0,ridewithvia.com,http://ridewithvia.com
17,10,0,0,2,0,0,0,0,False,False,0,3.4992,False,False,0.0,0,0,0,nha.gov.in,http://nha.gov.in
19,12,0,0,1,0,0,0,0,False,False,0,3.8269,False,False,0.0,0,0,0,queniucf.com,http://queniucf.com
20,13,0,0,1,0,0,0,0,False,False,0,3.7219,False,False,0.0,0,0,0,royalmail.com,http://royalmail.com
27,20,0,0,1,0,0,0,0,False,False,0,4.0323,False,False,0.0,0,0,0,googleadservices.com,http://googleadservices.com
17,10,0,0,1,0,1,0,0,False,False,0,3.7345,False,False,0.0,0,0,0,ib-game.jp,http://ib-game.jp
20,13,0,0,1,0,0,0,0,False,False,0,3.5842,False,False,0.0,0,0,0,hingeprod.net,http://hingeprod.net
15,8,0,0,1,0,0,0,0,False,False,0,3.3736,False,False,0.0,0,0,0,nrich.ai,http://nrich.ai
15,8,0,0,1,0,0,0,0,False,False,0,3.5069,False,False,0.0,0,0,0,vlxx.moi,http://vlxx.moi
18,11,0,0,1,0,0,0,0,False,False,0,3.5305,False,False,0.0,0,0,0,mumsnet.com,http://mumsnet.com
28,21,0,0,2,0,0,0,0,False,False,0,3.7534,False,False,0.0,0,0,0,madeiramadeira.com.br,http://madeiramadeira.com.br
19,12,0,0,1,0,0,0,0,False,False,0,3.9321,False,False,0.0,0,0,0,arabnews.com,http://arabnews.com
15,8,0,0,1,0,0,0,0,False,False,0,3.5069,False,False,0.0,0,0,0,pair.com,http://pair.com
16,9,0,0,1,0,0,0,0,False,False,0,3.4528,False,False,0.0,0,0,0,sanity.io,http://sanity.io
17,10,0,0,1,0,0,0,0,False,False,0,3.6169,False,False,0.0,0,0,0,domain.com,http://domain.com
15,8,0,0,1,0,0,0,0,False,False,0,3.3736,False,False,0.0,0,0,0,expo.dev,http://expo.dev
20,13,0,0,1,0,0,0,0,False,False,0,3.4464,False,False,0.0,0,0,0,hosteurope.de,http://hosteurope.de
14,7,0,0,1,0,0,3,0,False,False,0,3.3788,False,False,0.375,0,0,0,166.com,http://166.com
19,12,0,0,1,0,0,0,0,False,False,0,3.0503,False,False,0.0,0,0,0,eset.systems,http://eset.systems
16,9,0,0,1,0,0,0,0,False,False,0,3.625,False,False,0.0,0,0,0,amazon.es,http://amazon.es
22,15,0,0,1,0,0,0,0,False,False,0,3.7544,False,False,0.0,0,0,0,arstechnica.com,http://arstechnica.com
27,20,0,0,1,0,0,0,0,False,False,0,3.9121,False,False,0.0,0,0,0,starmakerstudios.com,http://starmakerstudios.com
20,13,0,0,1,0,0,0,0,False,False,0,3.8219,False,False,0.0,0,0,0,idnscloud.com,http://idnscloud.com
15,8,0,0,1,0,0,0,0,False,False,0,3.3736,False,False,0.0,0,0,0,hola.org,http://hola.org
23,16,0,0,1,0,0,0,0,False,False,0,3.8279,False,False,0.0,0,0,0,vervegroup.cloud,http://vervegroup.cloud
16,9,0,0,1,0,0,0,0,False,False,0,3.0,False,False,0.0,0,0,0,hinet.net,http://hinet.net
19,12,0,0,1,0,1,0,0,False,False,0,3.7871,False,False,0.0,0,0,0,tu-berlin.de,http://tu-berlin.de
19,12,0,0,1,0,0,0,0,False,False,0,3.7871,False,False,0.0,0,0,0,kaldagan.com,http://kaldagan.com
19,12,0,0,1,0,0,0,0,False,False,0,3.7871,False,False,0.0,0,0,0,livedoor.com,http://livedoor.com
17,10,0,0,1,0,0,0,0,False,False,0,3.2928,False,False,0.0,0,0,0,inleed.net,http://inleed.net
22,15,0,0,1,0,1,0,0,False,False,0,3.914,False,False,0.0,0,0,0,uni-freiburg.de,http://uni-freiburg.de
17,10,0,0,1,0,0,0,0,False,False,0,3.5725,False,False,0.0,0,0,0,sanook.com,http://sanook.com
18,11,0,0,1,0,0,0,0,False,False,0,3.6835,False,False,0.0,0,0,0,spotify.dev,http://spotify.dev
21,14,0,0,1,0,0,0,0,False,False,0,3.6897,False,False,0.0,0,0,0,mtgglobals.com,http://mtgglobals.com
21,14,0,0,1,0,0,0,0,False,False,0,4.0114,False,False,0.0,0,0,0,moviespage.xyz,http://moviespage.xyz
20,13,0,0,1,0,0,0,0,False,False,0,3.6842,False,False,0.0,0,0,0,mangaread.org,http://mangaread.org
20,13,0,0,1,0,1,2,0,False,False,0,3.7842,False,False,0.14285714285714285,0,0,0,awsdns-02.net,http://awsdns-02.net
16,9,0,0,1,0,0,0,0,False,False,0,3.5778,False,False,0.0,0,0,0,adtng.com,http://adtng.com
16,9,0,0,1,0,0,0,0,False,False,0,3.5,False,False,0.0,0,0,0,google.is,http://google.is
21,14,0,0,1,0,0,0,0,False,False,0,3.9754,False,False,0.0,0,0,0,globaltimes.cn,http://globaltimes.cn
14,7,0,0,1,0,0,0,0,False,False,0,3.2359,False,False,0.0,0,0,0,ussp.io,http://ussp.io
20,13,0,0,1,0,0,0,0,False,False,0,3.7219,False,False,0.0,0,0,0,hackerone.com,http://hackerone.com
14,7,0,0,1,0,0,0,0,False,False,0,3.182,False,False,0.0,0,0,0,welt.de,http://welt.de
22,15,0,0,1,0,0,0,0,False,False,0,3.4429,False,False,0.0,0,0,0,mangakatana.com,http://mangakatana.com
16,9,0,0,1,0,0,0,0,False,False,0,3.5,False,False,0.0,0,0,0,alrosa.ru,http://alrosa.ru
19,12,0,0,1,0,0,0,0,False,False,0,3.6819,False,False,0.0,0,0,0,queniuum.com,http://queniuum.com
15,8,0,0,1,0,0,1,0,False,False,0,3.5069,False,False,0.09090909090909091,0,0,0,9gag.com,http://9gag.com
15,8,0,0,1,0,0,0,0,False,False,0,3.6402,False,False,0.0,0,0,0,zend.com,http://zend.com
18,11,0,0,1,0,0,0,0,False,False,0,3.3083,False,False,0.0,0,0,0,blog.google,http://blog.google
22,15,0,0,2,0,0,0,0,False,False,0,3.914,False,False,0.0,0,0,0,losandes.com.ar,http://losandes.com.ar
16,9,0,0,1,0,0,0,0,False,False,0,3.3278,False,False,0.0,0,0,0,romeo.com,http://romeo.com
22,15,0,0,1,0,0,0,0,False,False,0,3.8797,False,False,0.0,0,0,0,tailwindcss.com,http://tailwindcss.com
20,13,0,0,1,0,0,0,0,False,False,0,3.6842,False,False,0.0,0,0,0,formstack.com,http://formstack.com
17,10,0,0,1,0,0,0,0,False,False,0,3.7345,False,False,0.0,0,0,0,xanimu.com,http://xanimu.com
22,15,0,0,1,0,0,0,0,False,False,0,3.6635,False,False,0.0,0,0,0,intercomcdn.com,http://intercomcdn.com
21,14,0,0,2,0,0,0,0,False,False,0,3.6304,False,False,0.0,0,0,0,thestar.com.my,http://thestar.com.my
14,7,0,0,1,0,0,0,0,False,False,0,3.3788,False,False,0.0,0,0,0,aip.org,http://aip.org
20,13,0,0,1,0,0,0,0,False,False,0,3.5842,False,False,0.0,0,0,0,pokemondb.net,http://pokemondb.net
19,12,0,0,1,0,1,0,0,False,False,0,3.5369,False,False,0.0,0,0,0,hs-sites.com,http://hs-sites.com
20,13,0,0,1,0,0,0,0,False,False,0,3.8219,False,False,0.0,0,0,0,honeygain.com,http://honeygain.com
17,10,0,0,1,0,0,0,0,False,False,0,3.7345,False,False,0.0,0,0,0,aryion.com,http://aryion.com
18,11,0,0,1,0,0,0,0,False,False,0,3.5724,False,False,0.0,0,0,0,telegram.im,http://telegram.im
17,10,0,0,1,0,0,0,0,False,False,0,3.3816,False,False,0.0,0,0,0,tiktokw.eu,http://tiktokw.eu
18,11,0,0,1,0,0,0,0,False,False,0,3.6144,False,False,0.0,0,0,0,telstra.com,http://telstra.com
19,12,0,0,1,0,0,1,0,False,False,0,3.8269,False,False,0.06666666666666667,0,0,0,b2clogin.com,http://b2clogin.com
20,13,0,0,1,0,0,0,0,False,False,0,3.7464,False,False,0.0,0,0,0,unixtools.org,http://unixtools.org
20,13,0,0,1,0,0,0,0,False,False,0,3.6842,False,False,0.0,0,0,0,xhchannel.com,http://xhchannel.com
16,9,0,0,1,0,0,0,0,False,False,0,3.5,False,False,0.0,0,0,0,ahcdn.com,http://ahcdn.com
18,11,0,0,1,0,0,0,0,False,False,0,3.4613,False,False,0.0,0,0,0,mainichi.jp,http://mainichi.jp
17,10,0,0,1,0,0,0,0,False,False,0,3.8522,False,False,0.0,0,0,0,gbnews.com,http://gbnews.com
18,11,0,0,1,0,0,0,0,False,False,0,3.0588,False,False,0.0,0,0,0,toptoon.com,http://toptoon.com
15,8,0,0,1,0,0,0,0,False,False,0,3.4566,False,False,0.0,0,0,0,sixt.com,http://sixt.com
18,11,0,0,1,0,0,0,0,False,False,0,3.5033,False,False,0.0,0,0,0,calameo.com,http://calameo.com
22,15,0,0,1,0,0,0,0,False,False,0,3.352,False,False,0.0,0,0,0,lettuceclub.net,http://lettuceclub.net
22,15,0,0,2,0,0,0,0,False,False,0,3.6635,False,False,0.0,0,0,0,blogspot.com.es,http://blogspot.com.es
21,14,0,0,1,0,0,0,0,False,False,0,3.7849,False,False,0.0,0,0,0,ibosscloud.com,http://ibosscloud.com
20,13,0,0,1,0,0,0,0,False,False,0,3.8219,False,False,0.0,0,0,0,buienradar.nl,http://buienradar.nl
16,9,0,0,1,0,0,0,0,False,False,0,3.3278,False,False,0.0,0,0,0,google.kg,http://google.kg
22,15,0,0,1,0,0,0,0,False,False,0,3.7888,False,False,0.0,0,0,0,blancheporte.fr,http://blancheporte.fr
21,14,0,0,2,0,0,0,0,False,False,0,3.6538,False,False,0.0,0,0,0,ecitizen.go.ke,http://ecitizen.go.ke
16,9,0,0,1,0,0,0,0,False,False,0,3.375,False,False,0.0,0,0,0,lfstrm.tv,http://lfstrm.tv
21,14,0,0,1,0,0,0,0,False,False,0,4.0114,False,False,0.0,0,0,0,wpguardian.com,http://wpguardian.com
20,13,0,0,2,0,0,0,0,False,False,0,3.6219,False,False,0.0,0,0,0,warwick.ac.uk,http://warwick.ac.uk
19,12,0,0,1,0,0,0,0,False,False,0,3.8269,False,False,0.0,0,0,0,wishlink.com,http://wishlink.com
19,12,0,0,1,0,0,0,0,False,False,0,3.5766,False,False,0.0,0,0,0,boomplay.com,http://boomplay.com
13,6,0,0,1,0,0,0,0,False,False,0,3.2389,False,False,0.0,0,0,0,ubc.ca,http://ubc.ca
12,5,0,0,1,0,0,0,0,False,False,0,3.2516,False,False,0.0,0,0,0,ok.ru,http://ok.ru
31,24,0,0,2,0,0,0,0,False,False,0,4.0911,False,False,0.0,0,0,0,udyamregistration.gov.in,http://udyamregistration.gov.in
16,9,0,0,1,0,0,0,0,False,False,0,3.5,False,False,0.0,0,0,0,symcd.com,http://symcd.com
20,13,0,0,1,0,1,0,0,False,False,0,3.7842,False,False,0.0,0,0,0,cdn-apple.com,http://cdn-apple.com
19,12,0,0,1,0,0,0,0,False,False,0,3.5369,False,False,0.0,0,0,0,papercut.com,http://papercut.com
12,5,0,0,1,0,0,0,0,False,False,0,3.2516,False,False,0.0,0,0,0,is.gd,http://is.gd
21,14,0,0,1,0,0,0,0,False,False,0,3.7849,False,False,0.0,0,0,0,jwplatform.com,http://jwplatform.com
18,11,0,0,1,0,0,0,0,False,False,0,3.7255,False,False,0.0,0,0,0,spaceweb.ru,http://spaceweb.ru
13,6,0,0,1,0,0,0,0,False,False,0,3.2389,False,False,0.0,0,0,0,hna.de,http://hna.de
18,11,0,0,1,0,0,0,0,False,False,0,3.5724,False,False,0.0,0,0,0,ibtimes.com,http://ibtimes.com
24,17,0,0,1,0,0,0,0,False,False,0,3.7202,False,False,0.0,0,0,0,romanticgolpo.com,http://romanticgolpo.com
20,13,0,0,1,0,0,0,0,False,False,0,4.0219,False,False,0.0,0,0,0,wxlivecdn.com,http://wxlivecdn.com
15,8,0,0,1,0,0,0,0,False,False,0,3.4566,False,False,0.0,0,0,0,tudn.com,http://tudn.com
17,10,0,0,1,0,0,0,0,False,False,0,3.6169,False,False,0.0,0,0,0,iranlms.ir,http://iranlms.ir
16,9,0,0,1,0,0,0,0,False,False,0,3.5,False,False,0.0,0,0,0,gekso.org,http://gekso.org
25,18,0,0,1,0,0,0,0,False,False,0,4.0537,False,False,0.0,0,0,0,safebrowsing.apple,http://safebrowsing.apple
28,21,0,0,2,0,0,0,0,False,False,0,3.6924,False,False,0.0,0,0,0,joinindianarmy.nic.in,http://joinindianarmy.nic.in
20,13,0,0,1,0,0,0,0,False,False,0,3.6219,False,False,0.0,0,0,0,perchance.org,http://perchance.org
16,9,0,0,1,0,0,1,0,False,False,0,3.3278,False,False,0.08333333333333333,0,0,0,hihi2.com,http://hihi2.com
18,11,0,0,1,0,0,0,0,False,False,0,3.6835,False,False,0.0,0,0,0,revolut.com,http://revolut.com
14,7,0,0,1,0,0,0,0,False,False,0,3.2359,False,False,0.0,0,0,0,psu.edu,http://psu.edu
17,10,0,0,1,0,0,0,0,False,False,0,3.3816,False,False,0.0,0,0,0,shopee.com,http://shopee.com
19,12,0,0,1,0,0,0,0,False,False,0,3.7216,False,False,0.0,0,0,0,complianz.io,http://complianz.io
17,10,0,0,1,0,0,0,0,False,False,0,3.6169,False,False,0.0,0,0,0,soufun.com,http://soufun.com
17,10,0,0,1,0,0,0,0,False,False,0,3.5725,False,False,0.0,0,0,0,xasiat.com,http://xasiat.com
22,15,0,0,2,0,0,0,0,False,False,0,3.6635,False,False,0.0,0,0,0,pgportal.gov.in,http://pgportal.gov.in
15,8,0,0,1,0,0,0,0,False,False,0,3.6402,False,False,0.0,0,0,0,comfy.ua,http://comfy.ua
19,12,0,0,1,0,1,0,0,False,False,0,3.9321,False,False,0.0,0,0,0,fu-berlin.de,http://fu-berlin.de
19,12,0,0,1,0,0,0,0,False,False,0,3.5766,False,False,0.0,0,0,0,filmyfly.soy,http://filmyfly.soy
16,9,0,0,1,0,0,1,0,False,False,0,3.4528,False,False,0.08333333333333333,0,0,0,auth0.com,http://auth0.com
22,15,0,0,1,0,0,0,0,False,False,0,3.8231,False,False,0.0,0,0,0,ggpolarbear.com,http://ggpolarbear.com
31,24,0,0,1,0,2,6,0,False,False,0,3.9747,False,True,0.3,0,0,0,xn--42cf7cgd7gxbd4m7c.cc,http://xn--42cf7cgd7gxbd4m7c.cc
19,12,0,0,1,0,0,0,0,False,False,0,3.8269,False,False,0.0,0,0,0,buzzfeed.com,http://buzzfeed.com
20,13,0,0,1,0,0,0,0,False,False,0,3.6842,False,False,0.0,0,0,0,greenhouse.io,http://greenhouse.io
20,13,0,0,1,0,1,2,0,False,False,0,4.0219,False,False,0.14285714285714285,0,0,0,awsdns-51.com,http://awsdns-51.com
18,11,0,0,1,0,0,0,0,False,False,0,3.4138,False,False,0.0,0,0,0,tecnomat.it,http://tecnomat.it
17,10,0,0,2,0,0,0,0,False,False,0,3.4548,False,False,0.0,0,0,0,www.gob.mx,http://www.gob.mx
20,13,0,0,1,0,0,0,0,False,False,0,3.4219,False,False,0.0,0,0,0,pavietnam.net,http://pavietnam.net
18,11,0,0,1,0,0,0,0,False,False,0,3.9477,False,False,0.0,0,0,0,iubenda.com,http://iubenda.com
17,10,0,0,1,0,0,0,0,False,False,0,3.5725,False,False,0.0,0,0,0,listdl.com,http://listdl.com
15,8,0,0,1,0,0,0,0,False,False,0,2.9736,False,False,0.0,0,0,0,pccc.com,http://pccc.com
15,8,0,0,1,0,0,0,0,False,False,0,3.3736,False,False,0.0,0,0,0,nazwa.pl,http://nazwa.pl
26,19,0,0,1,0,0,0,0,False,False,0,3.7774,False,False,0.0,0,0,0,lameteoagricole.net,http://lameteoagricole.net
17,10,0,0,1,0,1,0,0,False,False,0,3.7345,False,False,0.0,0,0,0,gn-dns.com,http://gn-dns.com
22,15,0,0,1,0,0,0,0,False,False,0,3.7544,False,False,0.0,0,0,0,ycombinator.com,http://ycombinator.com
18,11,0,0,1,0,0,0,0,False,False,0,3.8366,False,False,0.0,0,0,0,indexww.com,http://indexww.com
17,10,0,0,1,0,0,0,0,False,False,0,3.4992,False,False,0.0,0,0,0,artnet.com,http://artnet.com
20,13,0,0,1,0,0,0,0,False,False,0,3.6842,False,False,0.0,0,0,0,superporn.com,http://superporn.com
27,20,0,0,1,0,0,0,0,False,False,0,4.1623,False,False,0.0,0,0,0,discovermagazine.com,http://discovermagazine.com
20,13,0,0,1,0,0,0,0,False,False,0,3.5464,False,False,0.0,0,0,0,foxsports.com,http://foxsports.com
13,6,0,0,1,0,0,0,0,False,False,0,3.2389,False,False,0.0,0,0,0,nos.nl,http://nos.nl
15,8,0,0,1,0,0,0,0,False,False,0,3.3736,False,False,0.0,0,0,0,prosv.ru,http://prosv.ru
15,8,0,0,1,0,0,0,0,False,False,0,3.5069,False,False,0.0,0,0,0,money.pl,http://money.pl
24,17,0,0,2,0,0,0,0,False,False,0,3.8035,False,False,0.0,0,0,0,mahaonline.gov.in,http://mahaonline.gov.in
19,12,0,0,1,0,1,0,0,False,False,0,3.4058,False,False,0.0,0,0,0,xi-rutor.top,http://xi-rutor.top
19,12,0,0,1,0,1,0,0,False,False,0,3.7871,False,False,0.0,0,0,0,volc-dns.net,http://volc-dns.net
19,12,0,0,1,0,0,0,0,False,False,0,3.7871,False,False,0.0,0,0,0,diabetes.org,http://diabetes.org
15,8,0,0,1,0,0,2,0,False,False,0,3.3232,False,False,0.2,0,0,0,tvn24.pl,http://tvn24.pl
24,17,0,0,1,0,0,0,0,False,False,0,3.7202,False,False,0.0,0,0,0,aibotplatform.com,http://aibotplatform.com
19,12,0,0,1,0,0,0,0,False,False,0,3.4316,False,False,0.0,0,0,0,whatsapp.com,http://whatsapp.com
18,11,0,0,1,0,1,1,0,False,False,0,3.6835,False,False,0.07692307692307693,0,0,0,gvt1-cn.com,http://gvt1-cn.com
16,9,0,0,2,0,0,0,0,False,False,0,3.375,False,False,0.0,0,0,0,ana.co.jp,http://ana.co.jp
15,8,0,0,1,0,0,0,0,False,False,0,3.1899,False,False,0.0,0,0,0,ddnss.de,http://ddnss.de
23,16,0,0,1,0,0,0,0,False,False,0,3.882,False,False,0.0,0,0,0,stradivarius.com,http://stradivarius.com
20,13,0,0,1,0,0,0,0,False,False,0,3.6842,False,False,0.0,0,0,0,neilpatel.com,http://neilpatel.com
18,11,0,0,1,0,0,0,0,False,False,0,3.3921,False,False,0.0,0,0,0,xhtotal.com,http://xhtotal.com
22,15,0,0,2,0,1,2,0,False,False,0,4.0958,False,False,0.13333333333333333,0,0,0,awsdns-50.co.uk,http://awsdns-50.co.uk
22,15,0,0,2,0,0,0,0,False,False,0,3.5503,False,False,0.0,0,0,0,ventraip.net.au,http://ventraip.net.au
24,17,0,0,1,0,0,0,0,False,False,0,3.9183,False,False,0.0,0,0,0,hentaivietsub.com,http://hentaivietsub.com
18,11,0,0,1,0,0,0,0,False,False,0,3.7255,False,False,0.0,0,0,0,oreilly.com,http://oreilly.com
25,18,0,0,1,0,1,0,0,False,False,0,3.8439,False,False,0.0,0,0,0,company-target.com,http://company-target.com
19,12,0,0,1,0,0,0,0,False,False,0,3.6819,False,False,0.0,0,0,0,humeysha.com,http://humeysha.com
23,16,0,0,1,0,0,1,0,False,False,0,4.056,False,False,0.05263157894736842,0,0,0,5movierulz.legal,http://5movierulz.legal
19,12,0,0,1,0,0,0,0,False,False,0,3.6163,False,False,0.0,0,0,0,incognia.com,http://incognia.com
19,12,0,0,1,0,0,0,0,False,False,0,3.5766,False,False,0.0,0,0,0,netscape.com,http://netscape.com
21,14,0,0,1,0,0,0,0,False,False,0,3.5945,False,False,0.0,0,0,0,duckduckgo.com,http://duckduckgo.com
22,15,0,0,1,0,0,0,0,False,False,0,3.8797,False,False,0.0,0,0,0,gaymaletube.com,http://gaymaletube.com
16,9,0,0,2,0,0,0,0,False,False,0,3.625,False,False,0.0,0,0,0,my.gov.ir,http://my.gov.ir
19,12,0,0,1,0,0,0,0,False,False,0,3.7216,False,False,0.0,0,0,0,smallpdf.com,http://smallpdf.com
40,32,1,0,2,1,2,6,0,False,False,0,4.1342,False,False,0.2222222222222222,0,0,1,framer.app,http://multiple-level-203606.framer.app/
15,8,0,0,1,0,0,0,0,False,False,0,3.4566,False,False,0.0,0,0,0,ixdzs.tw,http://ixdzs.tw
18,11,0,0,1,0,0,2,0,False,False,0,3.7255,False,False,0.15384615384615385,0,0,0,91porna.com,http://91porna.com
20,13,0,0,2,0,0,0,0,False,False,0,3.8219,False,False,0.0,0,0,0,gujgov.edu.in,http://gujgov.edu.in
13,6,0,0,1,0,0,0,0,False,False,0,2.7774,False,False,0.0,0,0,0,tim.it,http://tim.it
22,15,0,0,2,0,0,0,0,False,False,0,3.7322,False,False,0.0,0,0,0,startech.com.bd,http://startech.com.bd
16,9,0,0,1,0,0,0,0,False,False,0,3.5778,False,False,0.0,0,0,0,magnit.ru,http://magnit.ru
17,10,0,0,1,0,0,0,0,False,False,0,3.3372,False,False,0.0,0,0,0,pddpic.com,http://pddpic.com
17,10,0,0,1,0,0,0,0,False,False,0,3.7345,False,False,0.0,0,0,0,oxylabs.io,http://oxylabs.io
14,7,0,0,1,0,0,0,0,False,False,0,2.9852,False,False,0.0,0,0,0,iiko.it,http://iiko.it
15,8,0,0,1,0,0,0,0,False,False,0,3.1899,False,False,0.0,0,0,0,runnr.in,http://runnr.in
19,12,0,0,1,0,0,0,0,False,False,0,3.3264,False,False,0.0,0,0,0,character.ai,http://character.ai
20,13,0,0,2,0,0,0,0,False,False,0,3.6842,False,False,0.0,0,0,0,ripley.com.pe,http://ripley.com.pe
20,13,0,0,1,0,1,0,0,False,False,0,3.7842,False,False,0.0,0,0,0,rust-lang.org,http://rust-lang.org
24,17,0,0,1,0,0,0,0,False,False,0,3.8554,False,False,0.0,0,0,0,outsideonline.com,http://outsideonline.com
18,11,0,0,1,0,0,0,0,False,False,0,3.7255,False,False,0.0,0,0,0,eldiario.es,http://eldiario.es
15,8,0,0,1,0,0,2,0,False,False,0,3.4566,False,False,0.2,0,0,0,15min.lt,http://15min.lt
17,10,0,0,1,0,0,1,0,False,False,0,3.6901,False,False,0.07692307692307693,0,0,0,tdnsv6.com,http://tdnsv6.com
19,12,0,0,1,0,0,0,0,False,False,0,3.6819,False,False,0.0,0,0,0,abebooks.com,http://abebooks.com
16,9,0,0,1,0,0,0,0,False,False,0,3.75,False,False,0.0,0,0,0,dlink.com,http://dlink.com
16,9,0,0,1,0,0,0,0,False,False,0,3.625,False,False,0.0,0,0,0,orange.pl,http://orange.pl
14,7,0,0,1,0,0,0,0,False,False,0,2.8963,False,False,0.0,0,0,0,ipcc.ch,http://ipcc.ch
13,6,0,0,1,0,0,0,0,False,False,0,3.0851,False,False,0.0,0,0,0,g.page,http://g.page
15,8,0,0,1,0,0,1,0,False,False,0,3.3232,False,False,0.09090909090909091,0,0,0,inf0.net,http://inf0.net
17,10,0,0,1,0,0,0,0,False,False,0,3.7345,False,False,0.0,0,0,0,garmin.com,http://garmin.com
16,9,0,0,1,0,0,0,0,False,False,0,3.4528,False,False,0.0,0,0,0,otieu.com,http://otieu.com
16,9,0,0,1,0,0,0,0,False,False,0,3.75,False,False,0.0,0,0,0,drugs.com,http://drugs.com
19,12,0,0,1,0,0,0,0,False,False,0,3.6819,False,False,0.0,0,0,0,jivosite.com,http://jivosite.com
12,5,0,0,1,0,0,0,0,False,False,0,2.8554,False,False,0.0,0,0,0,rt.ru,http://rt.ru
16,9,0,0,1,0,0,0,0,False,False,0,3.4528,False,False,0.0,0,0,0,pscube.jp,http://pscube.jp
28,21,0,0,1,0,0,0,0,False,False,0,3.8963,False,False,0.0,0,0,0,pragmaticplaylive.net,http://pragmaticplaylive.net
16,9,0,0,1,0,0,1,0,False,False,0,3.5778,False,False,0.08333333333333333,0,0,0,g2nft.com,http://g2nft.com
20,13,0,0,1,0,0,0,0,False,False,0,3.6842,False,False,0.0,0,0,0,sportschau.de,http://sportschau.de
16,9,0,0,1,0,0,0,0,False,False,0,3.5,False,False,0.0,0,0,0,google.mv,http://google.mv
19,12,0,0,1,0,0,0,0,False,False,0,3.9321,False,False,0.0,0,0,0,maryland.gov,http://maryland.gov
20,13,0,0,1,0,0,0,0,False,False,0,3.7842,False,False,0.0,0,0,0,ridibooks.com,http://ridibooks.com
19,12,0,0,1,0,0,0,0,False,False,0,3.7871,False,False,0.0,0,0,0,freevideo.cz,http://freevideo.cz
16,9,0,0,1,0,0,0,0,False,False,0,3.4528,False,False,0.0,0,0,0,meitu.com,http://meitu.com
13,6,0,0,1,0,0,0,0,False,False,0,3.3927,False,False,0.0,0,0,0,ke.com,http://ke.com
17,10,0,0,1,0,0,0,0,False,False,0,3.6169,False,False,0.0,0,0,0,like.video,http://like.video
18,11,0,0,1,0,1,0,0,False,False,0,3.8366,False,False,0.0,0,0,0,anzu-us.com,http://anzu-us.com
23,16,0,0,1,0,0,0,0,False,False,0,3.7623,False,False,0.0,0,0,0,clickmeeting.com,http://clickmeeting.com
20,13,0,0,1,0,0,0,0,False,False,0,3.5842,False,False,0.0,0,0,0,citigroup.com,http://citigroup.com
20,13,0,0,1,0,0,0,0,False,False,0,3.6842,False,False,0.0,0,0,0,yallakora.com,http://yallakora.com
15,8,0,0,1,0,0,0,0,False,False,0,3.3736,False,False,0.0,0,0,0,allen.in,http://allen.in
28,21,0,0,1,0,0,0,0,False,False,0,3.9677,False,False,0.0,0,0,0,freeprivacypolicy.com,http://freeprivacypolicy.com
22,15,0,0,1,0,0,0,0,False,False,0,3.6978,False,False,0.0,0,0,0,ottadvisors.com,http://ottadvisors.com
18,11,0,0,1,0,0,0,0,False,False,0,3.3502,False,False,0.0,0,0,0,ottgoods.ru,http://ottgoods.ru
16,9,0,0,1,0,0,0,0,False,False,0,3.625,False,False,0.0,0,0,0,namu.wiki,http://namu.wiki
24,17,0,0,1,0,0,0,0,False,False,0,3.7516,False,False,0.0,0,0,0,sapphireonline.pk,http://sapphireonline.pk
20,13,0,0,1,0,0,0,0,False,False,0,3.7842,False,False,0.0,0,0,0,detailroi.com,http://detailroi.com
14,7,0,0,1,0,0,0,0,False,False,0,3.2359,False,False,0.0,0,0,0,qpic.cn,http://qpic.cn
16,9,0,0,1,0,0,0,0,False,False,0,3.5,False,False,0.0,0,0,0,vivox.com,http://vivox.com
19,12,0,0,1,0,0,0,0,False,False,0,3.7216,False,False,0.0,0,0,0,changeip.com,http://changeip.com
21,14,0,0,1,0,0,0,0,False,False,0,3.6538,False,False,0.0,0,0,0,georgetown.edu,http://georgetown.edu
15,8,0,0,1,0,0,0,0,False,False,0,3.3736,False,False,0.0,0,0,0,pcre.org,http://pcre.org
22,15,0,0,1,0,0,0,0,False,False,0,3.9706,False,False,0.0,0,0,0,flightaware.com,http://flightaware.com
17,10,0,0,2,0,0,0,0,False,False,0,3.2195,False,False,0.0,0,0,0,sss.gov.ph,http://sss.gov.ph
20,13,0,0,1,0,0,0,0,False,False,0,3.5464,False,False,0.0,0,0,0,gutenberg.org,http://gutenberg.org
23,16,0,0,1,0,0,0,0,False,False,0,3.882,False,False,0.0,0,0,0,encyclopedia.com,http://encyclopedia.com
20,13,0,0,1,0,0,0,0,False,False,0,3.7842,False,False,0.0,0,0,0,idealista.com,http://idealista.com
18,11,0,0,1,0,0,0,0,False,False,0,3.6144,False,False,0.0,0,0,0,myspace.com,http://myspace.com
162,29,26,99,2,1,0,9,7,False,False,0,4.6258,False,False,0.06976744186046512,2,3,1,cloudfront.net,http://d30sec8k5ond2x.cloudfront.net/customer-preferences/edit?ie=UTF8&ref_=footer_cop&preferencesReturnUrl=/Exposure-House-Harrington-Book-2-ebook/dp/B0GTBQVGQ3/
21,14,0,0,1,0,0,0,0,False,False,0,4.1066,False,False,0.0,0,0,0,findagrave.com,http://findagrave.com
20,13,0,0,1,0,1,2,0,False,False,0,3.7842,False,False,0.14285714285714285,0,0,0,awsdns-25.net,http://awsdns-25.net
19,12,0,0,1,0,0,0,0,False,False,0,3.6163,False,False,0.0,0,0,0,fizzopic.org,http://fizzopic.org
18,11,0,0,1,0,0,0,0,False,False,0,3.8366,False,False,0.0,0,0,0,eurodns.com,http://eurodns.com
18,11,0,0,1,0,0,0,0,False,False,0,3.5724,False,False,0.0,0,0,0,ecuabet.com,http://ecuabet.com
16,9,0,0,1,0,0,0,0,False,False,0,3.625,False,False,0.0,0,0,0,liadm.com,http://liadm.com
24,17,0,0,1,0,0,0,0,False,False,0,3.9183,False,False,0.0,0,0,0,starfieldtech.com,http://starfieldtech.com
22,15,0,0,1,0,0,0,0,False,False,0,3.7322,False,False,0.0,0,0,0,instructure.com,http://instructure.com
20,13,0,0,1,0,0,0,0,False,False,0,3.4219,False,False,0.0,0,0,0,edgesuite.net,http://edgesuite.net
22,15,0,0,1,0,1,0,0,False,False,0,4.0049,False,False,0.0,0,0,0,service-now.com,http://service-now.com
18,11,0,0,1,0,0,0,0,False,False,0,3.3502,False,False,0.0,0,0,0,piccoma.com,http://piccoma.com
16,9,0,0,1,0,0,0,0,False,False,0,3.75,False,False,0.0,0,0,0,swrve.com,http://swrve.com
20,13,0,0,1,0,0,0,0,False,False,0,3.7842,False,False,0.0,0,0,0,tomsguide.com,http://tomsguide.com
18,11,0,0,1,0,0,0,0,False,False,0,3.5724,False,False,0.0,0,0,0,registry.in,http://registry.in
20,13,0,0,1,0,0,0,0,False,False,0,3.7842,False,False,0.0,0,0,0,musicviral.ir,http://musicviral.ir
18,11,0,0,1,0,0,0,0,False,False,0,3.4613,False,False,0.0,0,0,0,screener.in,http://screener.in
22,15,0,0,1,0,0,0,0,False,False,0,4.0958,False,False,0.0,0,0,0,unrulymedia.com,http://unrulymedia.com
18,11,0,0,1,0,0,0,0,False,False,0,3.5724,False,False,0.0,0,0,0,srmdata.com,http://srmdata.com
18,11,0,0,1,0,0,0,0,False,False,0,3.7255,False,False,0.0,0,0,0,fmkorea.com,http://fmkorea.com
16,9,0,0,1,0,0,0,0,False,False,0,3.625,False,False,0.0,0,0,0,uiowa.edu,http://uiowa.edu
13,6,0,0,1,0,0,0,0,False,False,0,3.3927,False,False,0.0,0,0,0,iq.com,http://iq.com
15,8,0,0,1,0,0,0,0,False,False,0,3.6402,False,False,0.0,0,0,0,videy.co,http://videy.co
38,30,1,0,2,1,0,0,0,False,False,0,4.2211,False,False,0.0,0,0,1,webcindario.com,http://actualizarsubs.webcindario.com/
18,11,0,0,1,0,0,0,0,False,False,0,3.4613,False,False,0.0,0,0,0,samsara.com,http://samsara.com
22,15,0,0,1,0,1,0,0,False,False,0,3.8454,False,False,0.0,0,0,0,uni-erlangen.de,http://uni-erlangen.de
18,11,0,0,1,0,0,0,0,False,False,0,3.6144,False,False,0.0,0,0,0,symfony.com,http://symfony.com
17,10,0,0,1,0,0,0,0,False,False,0,3.3372,False,False,0.0,0,0,0,pudelek.pl,http://pudelek.pl
16,9,0,0,2,0,0,0,0,False,False,0,3.5,False,False,0.0,0,0,0,up.gov.in,http://up.gov.in
19,12,0,0,1,0,0,0,0,False,False,0,3.5766,False,False,0.0,0,0,0,serveriai.lt,http://serveriai.lt
22,15,0,0,1,0,0,0,0,False,False,0,3.7888,False,False,0.0,0,0,0,bitrixphone.com,http://bitrixphone.com
17,10,0,0,1,0,0,0,0,False,False,0,3.7345,False,False,0.0,0,0,0,credly.com,http://credly.com
15,8,0,0,1,0,0,0,0,False,False,0,3.6402,False,False,0.0,0,0,0,kufar.by,http://kufar.by
28,21,0,0,1,0,0,0,0,False,False,0,3.9408,False,False,0.0,0,0,0,minecraftservices.com,http://minecraftservices.com
110,13,34,54,2,1,0,42,1,False,False,0,4.9017,False,False,0.7368421052631579,3,1,1,roblox.et,https://www.roblox.et/games/4960160668/Resting-Place-RP?privateServerLinkCode=91191078057358605246769318473877
15,8,0,0,1,0,0,0,0,False,False,0,3.3736,False,False,0.0,0,0,0,domru.ru,http://domru.ru
20,13,0,0,1,0,0,0,0,False,False,0,3.5464,False,False,0.0,0,0,0,genieesspv.jp,http://genieesspv.jp
18,11,0,0,1,0,0,0,0,False,False,0,3.8366,False,False,0.0,0,0,0,hyundai.com,http://hyundai.com
19,12,0,0,1,0,0,0,0,False,False,0,3.5766,False,False,0.0,0,0,0,virginia.gov,http://virginia.gov
23,16,0,0,1,0,1,0,0,False,False,0,3.7294,False,False,0.0,0,0,0,transsion-os.com,http://transsion-os.com
28,20,1,0,2,1,0,4,0,False,False,0,4.0122,False,False,0.21052631578947367,0,0,1,icefactory.cl,http://70af80.icefactory.cl/
22,15,0,0,1,0,0,0,0,False,False,0,3.5726,False,False,0.0,0,0,0,getcomposer.org,http://getcomposer.org
15,8,0,0,1,0,0,0,0,False,False,0,3.6402,False,False,0.0,0,0,0,webs.com,http://webs.com
20,13,0,0,1,0,0,0,0,False,False,0,3.7842,False,False,0.0,0,0,0,nflxvideo.net,http://nflxvideo.net
18,11,0,0,1,0,0,0,0,False,False,0,3.281,False,False,0.0,0,0,0,tencent.com,http://tencent.com
17,10,0,0,2,0,0,0,0,False,False,0,3.4548,False,False,0.0,0,0,0,www.gov.br,http://www.gov.br
43,35,1,0,2,1,2,5,0,False,False,0,4.3617,False,False,0.16129032258064516,0,0,1,netlify.app,http://idyllic-sunshine-30847d.netlify.app/
16,9,0,0,1,0,0,0,0,False,False,0,3.4528,False,False,0.0,0,0,0,eitaa.com,http://eitaa.com
17,10,0,0,1,0,0,0,0,False,False,0,3.2928,False,False,0.0,0,0,0,demdex.net,http://demdex.net
17,10,0,0,1,0,0,1,0,False,False,0,3.7345,False,False,0.07692307692307693,0,0,0,3xyaoi.com,http://3xyaoi.com
14,7,0,0,1,0,0,0,0,False,False,0,3.3249,False,False,0.0,0,0,0,mit.edu,http://mit.edu
19,12,0,0,1,0,0,0,0,False,False,0,3.5766,False,False,0.0,0,0,0,mktoresp.com,http://mktoresp.com
20,13,0,0,1,0,0,0,0,False,False,0,3.5219,False,False,0.0,0,0,0,packetsdk.net,http://packetsdk.net
14,7,0,0,1,0,0,0,0,False,False,0,3.5216,False,False,0.0,0,0,0,mega.nz,http://mega.nz
20,13,0,0,1,0,0,0,0,False,False,0,3.6842,False,False,0.0,0,0,0,freeipapi.com,http://freeipapi.com
22,15,0,0,1,0,0,0,0,False,False,0,4.0049,False,False,0.0,0,0,0,mensjournal.com,http://mensjournal.com
18,11,0,0,1,0,0,0,0,False,False,0,3.6144,False,False,0.0,0,0,0,irancell.ir,http://irancell.ir
20,13,0,0,1,0,0,0,0,False,False,0,3.4464,False,False,0.0,0,0,0,cspserver.net,http://cspserver.net
19,12,0,0,2,0,0,0,0,False,False,0,3.5766,False,False,0.0,0,0,0,sabah.com.tr,http://sabah.com.tr
14,7,0,0,1,0,0,0,0,False,False,0,3.2359,False,False,0.0,0,0,0,gree.jp,http://gree.jp
22,15,0,0,1,0,0,0,0,False,False,0,3.914,False,False,0.0,0,0,0,hyperliquid.xyz,http://hyperliquid.xyz
23,16,0,0,2,0,0,0,0,False,False,0,3.5884,False,False,0.0,0,0,0,boticario.com.br,http://boticario.com.br
19,12,0,0,1,0,0,0,0,False,False,0,3.8269,False,False,0.0,0,0,0,ksapisrv.com,http://ksapisrv.com
20,13,0,0,1,0,0,0,0,False,False,0,3.5464,False,False,0.0,0,0,0,forrester.com,http://forrester.com
18,11,0,0,1,0,0,0,0,False,False,0,3.3502,False,False,0.0,0,0,0,connman.net,http://connman.net
24,17,0,0,1,0,0,0,0,False,False,0,3.4346,False,False,0.0,0,0,0,poliziadistato.it,http://poliziadistato.it
19,12,0,0,1,0,0,0,0,False,False,0,3.4714,False,False,0.0,0,0,0,nunuporn.com,http://nunuporn.com
18,11,0,0,1,0,0,0,0,False,False,0,3.8366,False,False,0.0,0,0,0,qianxun.com,http://qianxun.com
17,10,0,0,1,0,0,0,0,False,False,0,3.5725,False,False,0.0,0,0,0,fojik.site,http://fojik.site
17,10,0,0,1,0,0,0,0,False,False,0,3.6169,False,False,0.0,0,0,0,eskimi.com,http://eskimi.com
19,12,0,0,1,0,0,0,0,False,False,0,3.7871,False,False,0.0,0,0,0,zefrdata.com,http://zefrdata.com
21,14,0,0,1,0,0,0,0,False,False,0,3.404,False,False,0.0,0,0,0,onepeloton.com,http://onepeloton.com
18,11,0,0,1,0,0,0,0,False,False,0,3.6835,False,False,0.0,0,0,0,mailgun.net,http://mailgun.net
20,13,0,0,1,0,1,2,0,False,False,0,4.0219,False,False,0.14285714285714285,0,0,0,awsdns-42.com,http://awsdns-42.com
27,20,0,0,1,0,0,0,0,False,False,0,4.0043,False,False,0.0,0,0,0,cloudflareclient.com,http://cloudflareclient.com
20,13,0,0,1,0,0,0,0,False,False,0,3.7842,False,False,0.0,0,0,0,tcgplayer.com,http://tcgplayer.com
16,9,0,0,1,0,0,0,0,False,False,0,3.3278,False,False,0.0,0,0,0,jalan.net,http://jalan.net
18,11,0,0,1,0,0,0,0,False,False,0,3.6835,False,False,0.0,0,0,0,loveread.ec,http://loveread.ec
18,11,0,0,1,0,0,0,0,False,False,0,3.5724,False,False,0.0,0,0,0,bouncex.net,http://bouncex.net
18,11,0,0,1,0,1,0,0,False,False,0,3.8366,False,False,0.0,0,0,0,xbox-dns.ru,http://xbox-dns.ru
24,17,0,0,1,0,0,0,0,False,False,0,3.7202,False,False,0.0,0,0,0,domaincontrol.com,http://domaincontrol.com
17,10,0,0,1,0,0,0,0,False,False,0,3.7345,False,False,0.0,0,0,0,bidvol.com,http://bidvol.com
16,9,0,0,1,0,0,0,0,False,False,0,3.5,False,False,0.0,0,0,0,hibiny.ru,http://hibiny.ru
23,16,0,0,1,0,1,0,0,False,False,0,3.9149,False,False,0.0,0,0,0,network-auth.com,http://network-auth.com
28,21,0,0,2,0,0,2,0,False,False,0,3.8788,False,False,0.09090909090909091,0,0,0,correio24horas.com.br,http://correio24horas.com.br
17,10,0,0,1,0,0,0,0,False,False,0,3.6169,False,False,0.0,0,0,0,cashify.in,http://cashify.in
16,9,0,0,1,0,0,0,0,False,False,0,3.3278,False,False,0.0,0,0,0,pixiv.net,http://pixiv.net
16,9,0,0,1,0,0,0,0,False,False,0,3.5,False,False,0.0,0,0,0,umich.edu,http://umich.edu
20,13,0,0,1,0,1,2,0,False,False,0,4.0219,False,False,0.14285714285714285,0,0,0,awsdns-38.com,http://awsdns-38.com
14,7,0,0,1,0,0,0,0,False,False,0,3.5216,False,False,0.0,0,0,0,maze.co,http://maze.co
22,15,0,0,1,0,0,0,0,False,False,0,3.4474,False,False,0.0,0,0,0,hentaihaven.xxx,http://hentaihaven.xxx
21,14,0,0,1,0,0,0,0,False,False,0,3.6304,False,False,0.0,0,0,0,literotica.com,http://literotica.com
20,13,0,0,1,0,0,0,0,False,False,0,3.7219,False,False,0.0,0,0,0,humoruniv.com,http://humoruniv.com
18,11,0,0,1,0,0,0,0,False,False,0,3.8366,False,False,0.0,0,0,0,ravelry.com,http://ravelry.com
17,10,0,0,1,0,0,0,0,False,False,0,3.7345,False,False,0.0,0,0,0,census.gov,http://census.gov
22,15,0,0,1,0,0,0,0,False,False,0,4.0958,False,False,0.0,0,0,0,blackspider.com,http://blackspider.com
17,10,0,0,1,0,0,0,0,False,False,0,3.6169,False,False,0.0,0,0,0,dyndns.com,http://dyndns.com
23,16,0,0,1,0,0,0,0,False,False,0,3.9149,False,False,0.0,0,0,0,singaporeair.com,http://singaporeair.com
20,13,0,0,1,0,0,0,0,False,False,0,3.9219,False,False,0.0,0,0,0,blueapron.com,http://blueapron.com
21,14,0,0,1,0,0,0,0,False,False,0,3.6538,False,False,0.0,0,0,0,liquipedia.net,http://liquipedia.net
16,9,0,0,1,0,0,0,0,False,False,0,3.5,False,False,0.0,0,0,0,google.dz,http://google.dz
18,11,0,0,2,0,0,0,0,False,False,0,3.7255,False,False,0.0,0,0,0,daily.co.jp,http://daily.co.jp
16,9,0,0,1,0,0,0,0,False,False,0,3.4528,False,False,0.0,0,0,0,bybit.com,http://bybit.com
23,16,0,0,2,0,0,0,0,False,False,0,3.741,False,False,0.0,0,0,0,nottingham.ac.uk,http://nottingham.ac.uk
31,24,0,0,2,0,0,0,0,False,False,0,4.0181,False,False,0.0,0,0,0,clickpetroleoegas.com.br,http://clickpetroleoegas.com.br
18,11,0,0,1,0,0,0,0,False,False,0,3.6835,False,False,0.0,0,0,0,byteglb.com,http://byteglb.com
19,12,0,0,1,0,0,0,0,False,False,0,3.6819,False,False,0.0,0,0,0,wikidata.org,http://wikidata.org
19,12,0,0,2,0,0,0,0,False,False,0,3.6163,False,False,0.0,0,0,0,currys.co.uk,http://currys.co.uk
18,11,0,0,1,0,0,0,0,False,False,0,3.8366,False,False,0.0,0,0,0,verkada.com,http://verkada.com
18,11,0,0,1,0,0,0,0,False,False,0,3.7255,False,False,0.0,0,0,0,cornell.edu,http://cornell.edu
17,10,0,0,1,0,0,0,0,False,False,0,3.4548,False,False,0.0,0,0,0,msecnd.net,http://msecnd.net
21,14,0,0,1,0,0,0,0,False,False,0,3.7849,False,False,0.0,0,0,0,sourceforge.io,http://sourceforge.io
19,12,0,0,1,0,0,0,0,False,False,0,3.4316,False,False,0.0,0,0,0,nocookie.net,http://nocookie.net
19,12,0,0,1,0,0,0,0,False,False,0,3.8269,False,False,0.0,0,0,0,sprinklr.com,http://sprinklr.com
23,16,0,0,1,0,0,0,0,False,False,0,3.9149,False,False,0.0,0,0,0,gslbjpmchase.com,http://gslbjpmchase.com
19,12,0,0,1,0,0,0,0,False,False,0,3.7871,False,False,0.0,0,0,0,treasury.gov,http://treasury.gov
16,9,0,0,1,0,0,0,0,False,False,0,3.5,False,False,0.0,0,0,0,kicker.de,http://kicker.de
18,11,0,0,1,0,0,1,0,False,False,0,3.9477,False,False,0.07142857142857142,0,0,0,d4swing.com,http://d4swing.com
15,8,0,0,1,0,0,0,0,False,False,0,3.4566,False,False,0.0,0,0,0,avito.ru,http://avito.ru
19,12,0,0,1,0,0,0,0,False,False,0,3.5766,False,False,0.0,0,0,0,broadcom.com,http://broadcom.com
27,20,0,0,1,0,0,0,0,False,False,0,3.6899,False,False,0.0,0,0,0,crowncoinscasino.com,http://crowncoinscasino.com
17,10,0,0,1,0,0,0,0,False,False,0,3.4548,False,False,0.0,0,0,0,airbnb.net,http://airbnb.net
46,37,1,0,2,1,4,5,0,False,False,0,4.5613,False,False,0.15625,0,0,1,pages.dev,https://nmi8jh-qospv-frp-2w38q-6yhi.pages.dev/
23,16,0,0,1,0,0,0,0,False,False,0,3.882,False,False,0.0,0,0,0,investopedia.com,http://investopedia.com
21,14,0,0,1,0,0,0,0,False,False,0,3.4226,False,False,0.0,0,0,0,datatables.net,http://datatables.net
22,15,0,0,1,0,0,0,0,False,False,0,3.6635,False,False,0.0,0,0,0,meteofrance.com,http://meteofrance.com
18,11,0,0,1,0,0,2,0,False,False,0,3.4613,False,False,0.15384615384615385,0,0,0,9to5mac.com,http://9to5mac.com
23,16,0,0,1,0,0,0,0,False,False,0,3.3603,False,False,0.0,0,0,0,nepremicnine.net,http://nepremicnine.net
15,8,0,0,1,0,0,0,0,False,False,0,3.1899,False,False,0.0,0,0,0,taoa.com,http://taoa.com
21,14,0,0,1,0,0,0,0,False,False,0,3.5352,False,False,0.0,0,0,0,webhostbox.net,http://webhostbox.net
20,13,0,0,1,0,0,0,0,False,False,0,3.7464,False,False,0.0,0,0,0,alodokter.com,http://alodokter.com
22,15,0,0,2,0,1,2,0,False,False,0,4.0958,False,False,0.13333333333333333,0,0,0,awsdns-02.co.uk,http://awsdns-02.co.uk
19,12,0,0,1,0,0,0,0,False,False,0,3.6163,False,False,0.0,0,0,0,decathlon.it,http://decathlon.it
19,12,0,0,1,0,0,0,0,False,False,0,3.4058,False,False,0.0,0,0,0,kolkataff.tv,http://kolkataff.tv
21,14,0,0,1,0,0,0,0,False,False,0,3.8209,False,False,0.0,0,0,0,nobelprize.org,http://nobelprize.org
17,10,0,0,1,0,0,0,0,False,False,0,3.5725,False,False,0.0,0,0,0,vkuser.net,http://vkuser.net
20,13,0,0,1,0,0,0,0,False,False,0,3.7219,False,False,0.0,0,0,0,ibytedtos.com,http://ibytedtos.com
14,7,0,0,1,0,0,0,0,False,False,0,3.5216,False,False,0.0,0,0,0,cms.gov,http://cms.gov
23,16,0,0,2,0,0,0,0,False,False,0,3.7623,False,False,0.0,0,0,0,rajasthan.gov.in,http://rajasthan.gov.in
21,14,0,0,1,0,0,0,0,False,False,0,3.4992,False,False,0.0,0,0,0,stackadapt.com,http://stackadapt.com
20,13,0,0,1,0,0,0,0,False,False,0,3.9219,False,False,0.0,0,0,0,moviezwap.onl,http://moviezwap.onl
23,16,0,0,1,0,0,0,0,False,False,0,3.882,False,False,0.0,0,0,0,randomchoice.org,http://randomchoice.org
17,10,0,0,1,0,0,0,0,False,False,0,3.3816,False,False,0.0,0,0,0,bstats.org,http://bstats.org
20,13,0,0,1,0,0,0,0,False,False,0,3.6842,False,False,0.0,0,0,0,iefimerida.gr,http://iefimerida.gr
22,15,0,0,2,0,0,0,0,False,False,0,3.6412,False,False,0.0,0,0,0,milliyet.com.tr,http://milliyet.com.tr
19,12,0,0,1,0,0,0,0,False,False,0,3.5369,False,False,0.0,0,0,0,datagrail.io,http://datagrail.io
16,9,0,0,1,0,0,0,0,False,False,0,3.3278,False,False,0.0,0,0,0,poznan.pl,http://poznan.pl
28,21,0,0,1,0,2,0,0,False,False,0,3.9947,False,False,0.0,0,0,0,meraki-sdavc-saas.com,http://meraki-sdavc-saas.com
20,13,0,0,1,0,0,0,0,False,False,0,3.6842,False,False,0.0,0,0,0,protonmail.ch,http://protonmail.ch
16,9,0,0,1,0,0,0,0,False,False,0,3.75,False,False,0.0,0,0,0,usaid.gov,http://usaid.gov
16,9,0,0,1,0,0,0,0,False,False,0,3.5,False,False,0.0,0,0,0,mobcup.fm,http://mobcup.fm
16,9,0,0,1,0,0,0,0,False,False,0,3.4528,False,False,0.0,0,0,0,inxxx.com,http://inxxx.com
23,16,0,0,1,0,1,0,0,False,False,0,3.654,False,False,0.0,0,0,0,trouble-free.net,http://trouble-free.net
16,9,0,0,1,0,0,0,0,False,False,0,3.625,False,False,0.0,0,0,0,blurb.com,http://blurb.com
21,14,0,0,1,0,0,0,0,False,False,0,3.5585,False,False,0.0,0,0,0,allsectech.com,http://allsectech.com
17,10,0,0,1,0,0,0,0,False,False,0,3.7345,False,False,0.0,0,0,0,sojern.com,http://sojern.com
23,16,0,0,1,0,0,0,0,False,False,0,3.6212,False,False,0.0,0,0,0,cosmopolitan.com,http://cosmopolitan.com
14,7,0,0,1,0,0,0,0,False,False,0,3.5216,False,False,0.0,0,0,0,news.ru,http://news.ru
20,13,0,0,1,0,1,2,0,False,False,0,4.0219,False,False,0.14285714285714285,0,0,0,awsdns-21.com,http://awsdns-21.com
18,11,0,0,1,0,0,0,0,False,False,0,3.7255,False,False,0.0,0,0,0,buffalo.edu,http://buffalo.edu
21,14,0,0,1,0,0,0,0,False,False,0,3.6897,False,False,0.0,0,0,0,opensource.org,http://opensource.org
15,8,0,0,1,0,0,0,0,False,False,0,3.6402,False,False,0.0,0,0,0,axis.com,http://axis.com
15,8,0,0,1,0,0,0,0,False,False,0,3.5069,False,False,0.0,0,0,0,pnas.org,http://pnas.org
19,12,0,0,1,0,0,0,0,False,False,0,3.6819,False,False,0.0,0,0,0,digicert.com,http://digicert.com
21,14,0,0,1,0,0,2,0,False,False,0,3.7257,False,False,0.125,0,0,0,autoscout24.de,http://autoscout24.de
13,6,0,0,1,0,0,1,0,False,False,0,3.2389,False,False,0.1111111111111111,0,0,0,5ch.io,http://5ch.io
18,11,0,0,1,0,0,0,0,False,False,0,3.5724,False,False,0.0,0,0,0,adobedc.net,http://adobedc.net
17,10,0,0,1,0,0,0,0,False,False,0,3.7345,False,False,0.0,0,0,0,alicdn.com,http://alicdn.com
19,12,0,0,1,0,0,0,0,False,False,0,3.7216,False,False,0.0,0,0,0,faphouse.com,http://faphouse.com
15,8,0,0,1,0,0,0,0,False,False,0,3.3232,False,False,0.0,0,0,0,delfi.lt,http://delfi.lt
20,13,0,0,1,0,0,0,0,False,False,0,3.066,False,False,0.0,0,0,0,thehentai.net,http://thehentai.net
20,13,0,0,1,0,0,0,0,False,False,0,3.7842,False,False,0.0,0,0,0,zdnscloud.net,http://zdnscloud.net
20,13,0,0,1,0,0,0,0,False,False,0,3.8219,False,False,0.0,0,0,0,cadenaser.com,http://cadenaser.com
23,16,0,0,1,0,0,0,0,False,False,0,3.741,False,False,0.0,0,0,0,cnnindonesia.com,http://cnnindonesia.com
21,14,0,0,1,0,0,0,0,False,False,0,3.6304,False,False,0.0,0,0,0,chapturist.com,http://chapturist.com
16,9,0,0,1,0,0,0,0,False,False,0,3.5,False,False,0.0,0,0,0,google.fi,http://google.fi
23,16,0,0,1,0,0,0,0,False,False,0,3.882,False,False,0.0,0,0,0,asurahosting.com,http://asurahosting.com
20,13,0,0,1,0,0,0,0,False,False,0,3.7219,False,False,0.0,0,0,0,razerzone.com,http://razerzone.com
18,11,0,0,1,0,0,0,0,False,False,0,3.3502,False,False,0.0,0,0,0,todoist.com,http://todoist.com
16,9,0,0,1,0,0,0,0,False,False,0,3.625,False,False,0.0,0,0,0,eneba.com,http://eneba.com
16,9,0,0,1,0,0,0,0,False,False,0,3.75,False,False,0.0,0,0,0,wired.com,http://wired.com
16,9,0,0,2,0,0,0,0,False,False,0,3.5,False,False,0.0,0,0,0,ap.gov.in,http://ap.gov.in
17,10,0,0,1,0,0,0,0,False,False,0,3.6169,False,False,0.0,0,0,0,docker.com,http://docker.com
21,14,0,0,1,0,0,0,0,False,False,0,3.6897,False,False,0.0,0,0,0,heytapmobi.com,http://heytapmobi.com
17,10,0,0,1,0,0,0,0,False,False,0,3.4548,False,False,0.0,0,0,0,apple.news,http://apple.news
19,12,0,0,1,0,0,0,0,False,False,0,3.7216,False,False,0.0,0,0,0,ochanges.com,http://ochanges.com
20,13,0,0,1,0,1,0,0,False,False,0,3.9219,False,False,0.0,0,0,0,suki-kira.com,http://suki-kira.com
16,9,0,0,1,0,0,3,0,False,False,0,3.5,False,False,0.3,0,0,0,255md.com,http://255md.com
17,10,0,0,1,0,0,0,0,False,False,0,3.7345,False,False,0.0,0,0,0,ijavhd.com,http://ijavhd.com
17,10,0,0,1,0,0,0,0,False,False,0,3.6169,False,False,0.0,0,0,0,sunrise.ch,http://sunrise.ch
18,11,0,0,1,0,0,1,0,False,False,0,3.4613,False,False,0.07142857142857142,0,0,0,hdhub4u.med,http://hdhub4u.med
18,11,0,0,1,0,0,0,0,False,False,0,3.5305,False,False,0.0,0,0,0,keenetic.ru,http://keenetic.ru
18,11,0,0,1,0,0,0,0,False,False,0,3.6144,False,False,0.0,0,0,0,cudaops.com,http://cudaops.com
22,15,0,0,1,0,0,0,0,False,False,0,3.516,False,False,0.0,0,0,0,hostmonster.com,http://hostmonster.com
16,9,0,0,1,0,0,0,0,False,False,0,3.375,False,False,0.0,0,0,0,europa.eu,http://europa.eu
45,37,1,0,2,1,2,4,0,False,False,0,4.3916,False,False,0.11764705882352941,0,0,1,netlify.app,http://admirable-tiramisu-f8d761.netlify.app/
20,13,0,0,1,0,0,0,0,False,False,0,3.7842,False,False,0.0,0,0,0,tplinknbu.com,http://tplinknbu.com
21,14,0,0,1,0,0,2,0,False,False,0,3.9161,False,False,0.125,0,0,0,24videos.space,http://24videos.space
17,10,0,0,1,0,0,0,0,False,False,0,3.5725,False,False,0.0,0,0,0,natalie.mu,http://natalie.mu
14,7,0,0,1,0,0,0,0,False,False,0,3.3249,False,False,0.0,0,0,0,trkn.us,http://trkn.us
22,15,0,0,1,0,0,0,0,False,False,0,3.7888,False,False,0.0,0,0,0,bulbagarden.net,http://bulbagarden.net
20,13,0,0,1,0,0,0,0,False,False,0,3.5842,False,False,0.0,0,0,0,homestead.com,http://homestead.com
44,35,1,0,2,1,4,7,0,False,False,0,4.5443,False,False,0.25,0,0,1,pages.dev,https://93v-nmyhz-t1g9-5du-6pj3xl.pages.dev/
22,15,0,0,1,0,1,0,0,False,False,0,3.8797,False,False,0.0,0,0,0,xnxx-arabic.com,http://xnxx-arabic.com
23,16,0,0,1,0,0,0,0,False,False,0,3.5014,False,False,0.0,0,0,0,allthefallen.moe,http://allthefallen.moe
21,14,0,0,2,0,0,0,0,False,False,0,3.7257,False,False,0.0,0,0,0,telstra.com.au,http://telstra.com.au
53,32,13,0,3,1,0,5,0,False,False,0,4.433,False,False,0.11904761904761904,1,0,1,webcindario.com,https://sec365officlient.webcindario.com/index05.html
17,10,0,0,1,0,0,1,0,False,False,0,3.8522,False,False,0.07692307692307693,0,0,0,g4media.ro,http://g4media.ro
20,13,0,0,1,0,0,0,0,False,False,0,3.5219,False,False,0.0,0,0,0,interpals.net,http://interpals.net
20,13,0,0,1,0,0,0,0,False,False,0,3.6464,False,False,0.0,0,0,0,systemdns.com,http://systemdns.com
16,9,0,0,1,0,0,0,0,False,False,0,3.375,False,False,0.0,0,0,0,google.lu,http://google.lu
15,8,0,0,1,0,0,1,0,False,False,0,3.4566,False,False,0.09090909090909091,0,0,0,1cbit.ru,http://1cbit.ru
15,8,0,0,1,0,0,0,0,False,False,0,3.5069,False,False,0.0,0,0,0,azure.us,http://azure.us
18,11,0,0,1,0,0,0,0,False,False,0,3.6835,False,False,0.0,0,0,0,tenable.com,http://tenable.com
22,15,0,0,2,0,0,0,0,False,False,0,3.8231,False,False,0.0,0,0,0,personal.com.ar,http://personal.com.ar
17,10,0,0,1,0,0,0,0,False,False,0,3.4548,False,False,0.0,0,0,0,telekom.hu,http://telekom.hu
26,19,0,0,1,0,0,0,0,False,False,0,3.9791,False,False,0.0,0,0,0,semanticscholar.org,http://semanticscholar.org
16,9,0,0,1,0,0,0,0,False,False,0,3.4528,False,False,0.0,0,0,0,certum.pl,http://certum.pl
19,12,0,0,1,0,0,0,0,False,False,0,3.6819,False,False,0.0,0,0,0,tuasaude.com,http://tuasaude.com
23,16,0,0,1,0,0,0,0,False,False,0,3.8492,False,False,0.0,0,0,0,khaleejtimes.com,http://khaleejtimes.com
18,11,0,0,1,0,0,0,0,False,False,0,3.9477,False,False,0.0,0,0,0,anydesk.com,http://anydesk.com
17,10,0,0,1,0,0,0,0,False,False,0,3.6169,False,False,0.0,0,0,0,allianz.de,http://allianz.de
16,9,0,0,1,0,0,3,0,False,False,0,3.5,False,False,0.3,0,0,0,500px.com,http://500px.com
16,9,0,0,1,0,0,1,0,False,False,0,3.75,False,False,0.08333333333333333,0,0,0,kgns3.com,http://kgns3.com
21,14,0,0,1,0,0,0,0,False,False,0,3.5538,False,False,0.0,0,0,0,secomtrust.net,http://secomtrust.net
17,10,0,0,1,0,0,0,0,False,False,0,3.7345,False,False,0.0,0,0,0,ecosia.org,http://ecosia.org
17,10,0,0,1,0,0,0,0,False,False,0,3.6169,False,False,0.0,0,0,0,monday.com,http://monday.com
24,17,0,0,1,0,0,0,0,False,False,0,3.6683,False,False,0.0,0,0,0,elegantthemes.com,http://elegantthemes.com
20,13,0,0,1,0,1,2,0,False,False,0,3.9219,False,False,0.14285714285714285,0,0,0,awsdns-55.com,http://awsdns-55.com
16,9,0,0,1,0,0,0,0,False,False,0,3.5,False,False,0.0,0,0,0,agoda.com,http://agoda.com
14,7,0,0,1,0,0,0,0,False,False,0,3.5216,False,False,0.0,0,0,0,ixl.com,http://ixl.com
22,15,0,0,1,0,0,0,0,False,False,0,3.9706,False,False,0.0,0,0,0,pulaujudinx.com,http://pulaujudinx.com
24,17,0,0,1,0,0,0,0,False,False,0,4.0221,False,False,0.0,0,0,0,stackoverflow.com,http://stackoverflow.com
16,9,0,0,1,0,0,0,0,False,False,0,3.4528,False,False,0.0,0,0,0,imgix.net,http://imgix.net
17,10,0,0,1,0,0,2,0,False,False,0,3.5725,False,False,0.16666666666666666,0,0,0,int08h.com,http://int08h.com
22,15,0,0,1,0,0,0,0,False,False,0,3.6978,False,False,0.0,0,0,0,mercadopago.com,http://mercadopago.com
15,8,0,0,1,0,0,0,0,False,False,0,3.5069,False,False,0.0,0,0,0,espn.com,http://espn.com
19,12,0,0,1,0,0,2,0,False,False,0,3.7216,False,False,0.14285714285714285,0,0,0,arabx88.mobi,http://arabx88.mobi
24,17,0,0,1,0,0,0,0,False,False,0,3.9183,False,False,0.0,0,0,0,jpmorganchase.com,http://jpmorganchase.com
17,10,0,0,1,0,0,0,0,False,False,0,3.4548,False,False,0.0,0,0,0,tracker.gg,http://tracker.gg
21,14,0,0,1,0,0,0,0,False,False,0,3.4992,False,False,0.0,0,0,0,deepintent.com,http://deepintent.com
16,9,0,0,1,0,0,0,0,False,False,0,3.625,False,False,0.0,0,0,0,udemy.com,http://udemy.com
18,11,0,0,1,0,0,0,0,False,False,0,3.6144,False,False,0.0,0,0,0,flysleep.cn,http://flysleep.cn
16,9,0,0,1,0,0,0,0,False,False,0,3.5,False,False,0.0,0,0,0,pndsn.com,http://pndsn.com
18,11,0,0,1,0,0,0,0,False,False,0,3.7255,False,False,0.0,0,0,0,pearson.com,http://pearson.com
15,8,0,0,1,0,0,0,0,False,False,0,3.3232,False,False,0.0,0,0,0,sport.de,http://sport.de
18,11,0,0,2,0,0,0,0,False,False,0,3.3502,False,False,0.0,0,0,0,plala.or.jp,http://plala.or.jp
18,11,0,0,1,0,0,0,0,False,False,0,3.7255,False,False,0.0,0,0,0,abhibus.com,http://abhibus.com
16,9,0,0,1,0,0,0,0,False,False,0,3.4528,False,False,0.0,0,0,0,ifilo.net,http://ifilo.net
18,11,0,0,1,0,0,0,0,False,False,0,3.7255,False,False,0.0,0,0,0,igamecj.com,http://igamecj.com
35,28,0,0,1,0,0,0,0,False,False,0,3.8513,False,False,0.0,0,0,0,microsoftpersonalcontent.com,http://microsoftpersonalcontent.com
23,16,0,0,1,0,1,0,0,False,False,0,3.8279,False,False,0.0,0,0,0,tiktokcdn-us.com,http://tiktokcdn-us.com
17,10,0,0,1,0,0,0,0,False,False,0,3.7345,False,False,0.0,0,0,0,dunelm.com,http://dunelm.com
16,9,0,0,1,0,0,0,0,False,False,0,3.375,False,False,0.0,0,0,0,indown.io,http://indown.io
17,10,0,0,1,0,0,0,0,False,False,0,3.6169,False,False,0.0,0,0,0,qcloud.com,http://qcloud.com
20,13,0,0,1,0,0,0,0,False,False,0,3.7842,False,False,0.0,0,0,0,aniagotuje.pl,http://aniagotuje.pl
20,13,0,0,1,0,0,0,0,False,False,0,3.5219,False,False,0.0,0,0,0,stripchat.com,http://stripchat.com
12,5,0,0,1,0,0,0,0,False,False,0,3.085,False,False,0.0,0,0,0,ku.dk,http://ku.dk
15,8,0,0,1,0,0,0,0,False,False,0,3.3736,False,False,0.0,0,0,0,nel.goog,http://nel.goog
24,17,0,0,1,0,0,0,0,False,False,0,3.7202,False,False,0.0,0,0,0,hollywoodbets.net,http://hollywoodbets.net
23,16,0,0,1,0,0,3,0,False,False,0,3.9362,False,False,0.17647058823529413,0,0,0,blacktoon415.com,http://blacktoon415.com
19,12,0,0,1,0,0,0,0,False,False,0,3.6819,False,False,0.0,0,0,0,biblehub.com,http://biblehub.com
19,12,0,0,1,0,0,0,0,False,False,0,3.6819,False,False,0.0,0,0,0,anybunny.org,http://anybunny.org
16,9,0,0,1,0,0,0,0,False,False,0,3.4528,False,False,0.0,0,0,0,mambu.com,http://mambu.com
21,14,0,0,1,0,0,1,0,False,False,0,3.8802,False,False,0.058823529411764705,0,0,0,desitales2.com,http://desitales2.com
24,17,0,0,1,0,0,1,0,False,False,0,4.0535,False,False,0.05,0,0,0,5movierulz.school,http://5movierulz.school
23,16,0,0,1,0,0,0,0,False,False,0,3.9149,False,False,0.0,0,0,0,urbanairship.com,http://urbanairship.com
18,11,0,0,1,0,0,0,0,False,False,0,3.5305,False,False,0.0,0,0,0,locanto.org,http://locanto.org
19,12,0,0,1,0,1,0,0,False,False,0,3.7216,False,False,0.0,0,0,0,vps-vids.com,http://vps-vids.com
16,9,0,0,1,0,0,0,0,False,False,0,3.4528,False,False,0.0,0,0,0,nanit.com,http://nanit.com
11,4,0,0,1,0,0,0,0,False,False,0,2.8454,False,False,0.0,0,0,0,t.co,http://t.co
19,12,0,0,1,0,0,0,0,False,False,0,3.7216,False,False,0.0,0,0,0,proxyium.com,http://proxyium.com
18,11,0,0,1,0,0,0,0,False,False,0,3.7255,False,False,0.0,0,0,0,porkbun.com,http://porkbun.com
17,10,0,0,1,0,0,0,0,False,False,0,3.6901,False,False,0.0,0,0,0,kgirls.net,http://kgirls.net
23,16,0,0,1,0,1,0,0,False,False,0,3.882,False,False,0.0,0,0,0,futbol-libres.su,http://futbol-libres.su
21,14,0,0,1,0,0,0,0,False,False,0,3.9754,False,False,0.0,0,0,0,quantserve.com,http://quantserve.com
21,14,0,0,2,0,0,0,0,False,False,0,3.9161,False,False,0.0,0,0,0,service.gov.uk,http://service.gov.uk
19,12,0,0,1,0,0,0,0,False,False,0,3.5766,False,False,0.0,0,0,0,pornpics.com,http://pornpics.com
14,7,0,0,1,0,0,0,0,False,False,0,3.5216,False,False,0.0,0,0,0,eia.gov,http://eia.gov
13,6,0,0,1,0,0,1,0,False,False,0,3.3927,False,False,0.1111111111111111,0,0,0,r2.dev,http://r2.dev
24,17,0,0,1,0,0,0,0,False,False,0,3.9702,False,False,0.0,0,0,0,biomedcentral.com,http://biomedcentral.com
19,12,0,0,1,0,0,0,0,False,False,0,3.8269,False,False,0.0,0,0,0,ksyuncdn.com,http://ksyuncdn.com
18,11,0,0,1,0,0,0,0,False,False,0,3.1699,False,False,0.0,0,0,0,sspnet.tech,http://sspnet.tech
23,16,0,0,1,0,0,0,0,False,False,0,3.9149,False,False,0.0,0,0,0,pacloudflare.com,http://pacloudflare.com
19,12,0,0,1,0,0,0,0,False,False,0,3.7871,False,False,0.0,0,0,0,novartis.com,http://novartis.com
14,7,0,0,1,0,0,0,0,False,False,0,3.2359,False,False,0.0,0,0,0,emc.com,http://emc.com
16,9,0,0,1,0,0,0,0,False,False,0,3.625,False,False,0.0,0,0,0,foreca.fi,http://foreca.fi
20,13,0,0,1,0,0,0,0,False,False,0,3.8219,False,False,0.0,0,0,0,cloudlinks.cn,http://cloudlinks.cn
17,10,0,0,1,0,0,0,0,False,False,0,3.4992,False,False,0.0,0,0,0,zproxy.org,http://zproxy.org
26,19,0,0,1,0,1,0,0,False,False,0,4.162,False,False,0.0,0,0,0,huaweicloud-dns.com,http://huaweicloud-dns.com
17,10,0,0,1,0,0,0,0,False,False,0,3.4548,False,False,0.0,0,0,0,zappos.com,http://zappos.com
20,13,0,0,1,0,0,0,0,False,False,0,3.7842,False,False,0.0,0,0,0,nairaland.com,http://nairaland.com
21,14,0,0,1,0,0,0,0,False,False,0,3.6897,False,False,0.0,0,0,0,clearscore.com,http://clearscore.com
24,17,0,0,1,0,0,0,0,False,False,0,3.8512,False,False,0.0,0,0,0,stabletransit.com,http://stabletransit.com
17,10,0,0,1,0,0,2,0,False,False,0,3.7345,False,False,0.16666666666666666,0,0,0,cloud86.nl,http://cloud86.nl
16,9,0,0,1,0,0,0,0,False,False,0,3.625,False,False,0.0,0,0,0,luugy.com,http://luugy.com
24,17,0,0,1,0,0,0,0,False,False,0,3.8035,False,False,0.0,0,0,0,ampaeservices.com,http://ampaeservices.com
18,11,0,0,1,0,0,0,0,False,False,0,3.4613,False,False,0.0,0,0,0,govinfo.gov,http://govinfo.gov
13,6,0,0,1,0,0,0,0,False,False,0,3.3927,False,False,0.0,0,0,0,avs.io,http://avs.io
17,10,0,0,1,0,0,0,0,False,False,0,3.2195,False,False,0.0,0,0,0,eyeota.net,http://eyeota.net
27,20,0,0,1,0,1,0,0,False,False,0,3.9582,False,False,0.0,0,0,0,campaign-archive.com,http://campaign-archive.com
20,13,0,0,1,0,0,0,0,False,False,0,3.4842,False,False,0.0,0,0,0,allyonoapp.in,http://allyonoapp.in
14,7,0,0,1,0,0,0,0,False,False,0,3.2359,False,False,0.0,0,0,0,bspb.ru,http://bspb.ru
18,11,0,0,1,0,1,0,0,False,False,0,3.8366,False,False,0.0,0,0,0,gandi-ns.fr,http://gandi-ns.fr
23,16,0,0,1,0,0,0,0,False,False,0,3.5014,False,False,0.0,0,0,0,entrepreneur.com,http://entrepreneur.com
15,8,0,0,1,0,0,0,0,False,False,0,3.1899,False,False,0.0,0,0,0,loom.com,http://loom.com
13,6,0,0,1,0,0,0,0,False,False,0,3.3927,False,False,0.0,0,0,0,liu.se,http://liu.se
22,15,0,0,1,0,0,0,0,False,False,0,3.7322,False,False,0.0,0,0,0,googlevideo.com,http://googlevideo.com
13,6,0,0,1,0,0,0,0,False,False,0,3.3927,False,False,0.0,0,0,0,ny.gov,http://ny.gov
15,8,0,0,1,0,0,0,0,False,False,0,3.6402,False,False,0.0,0,0,0,wyze.com,http://wyze.com
25,18,0,0,1,0,0,0,0,False,False,0,3.4635,False,False,0.0,0,0,0,rottentomatoes.com,http://rottentomatoes.com
22,15,0,0,1,0,0,0,0,False,False,0,3.659,False,False,0.0,0,0,0,tolunastart.com,http://tolunastart.com
21,14,0,0,1,0,0,0,0,False,False,0,3.7849,False,False,0.0,0,0,0,racingpost.com,http://racingpost.com
14,7,0,0,1,0,0,0,0,False,False,0,3.5216,False,False,0.0,0,0,0,lynk.id,http://lynk.id
14,7,0,0,1,0,0,0,0,False,False,0,3.5216,False,False,0.0,0,0,0,dnb.com,http://dnb.com
18,11,0,0,1,0,0,0,0,False,False,0,3.5724,False,False,0.0,0,0,0,addthis.com,http://addthis.com
19,12,0,0,1,0,0,0,0,False,False,0,3.7216,False,False,0.0,0,0,0,discomax.com,http://discomax.com
27,20,0,0,1,0,0,0,0,False,False,0,3.8805,False,False,0.0,0,0,0,webstaurantstore.com,http://webstaurantstore.com
14,7,0,0,1,0,0,0,0,False,False,0,3.3249,False,False,0.0,0,0,0,ets.org,http://ets.org
32,23,1,0,2,1,1,0,0,False,False,0,3.9528,False,False,0.0,0,0,1,pages.dev,https://ioldgres-live.pages.dev/
16,9,0,0,1,0,0,0,0,False,False,0,3.4528,False,False,0.0,0,0,0,avcdn.net,http://avcdn.net
21,14,0,0,1,0,0,0,0,False,False,0,3.6538,False,False,0.0,0,0,0,whitehouse.gov,http://whitehouse.gov
19,12,0,0,1,0,0,0,0,False,False,0,3.8269,False,False,0.0,0,0,0,nseindia.com,http://nseindia.com
15,8,0,0,1,0,0,2,0,False,False,0,3.3736,False,False,0.2,0,0,0,cdn90.cn,http://cdn90.cn
48,40,1,0,2,1,2,12,0,False,False,0,4.7044,False,False,0.41379310344827586,0,0,1,webflow.io,http://portugal-demo-b809c22957159f4.webflow.io/
17,10,0,0,1,0,0,0,0,False,False,0,3.6169,False,False,0.0,0,0,0,xhpro.live,http://xhpro.live
26,19,0,0,2,0,0,0,0,False,False,0,3.8151,False,False,0.0,0,0,0,catracalivre.com.br,http://catracalivre.com.br
22,15,0,0,1,0,0,0,0,False,False,0,3.8231,False,False,0.0,0,0,0,milanuncios.com,http://milanuncios.com
12,5,0,0,1,0,0,0,0,False,False,0,3.085,False,False,0.0,0,0,0,wp.me,http://wp.me
20,13,0,0,1,0,0,0,0,False,False,0,3.8219,False,False,0.0,0,0,0,arionplay.com,http://arionplay.com
14,7,0,0,1,0,0,0,0,False,False,0,3.5216,False,False,0.0,0,0,0,curl.se,http://curl.se
104,20,66,9,2,1,0,10,1,False,False,0,4.8909,False,False,0.11627906976744186,1,1,1,icefactory.cl,https://dbcc0f.icefactory.cl/CQeNV30RvX1s3odkmAFzzmBIUKZpuPlcLJc14C5mTUeTELgKrysk6yPlsVXMkyLF/?rotated=1
22,15,0,0,1,0,0,0,0,False,False,0,3.8797,False,False,0.0,0,0,0,vivawebhost.com,http://vivawebhost.com
20,13,0,0,1,0,1,2,0,False,False,0,4.0219,False,False,0.14285714285714285,0,0,0,awsdns-28.com,http://awsdns-28.com
20,13,0,0,1,0,0,0,0,False,False,0,3.7219,False,False,0.0,0,0,0,filmstarts.de,http://filmstarts.de
20,13,0,0,1,0,0,0,0,False,False,0,3.6842,False,False,0.0,0,0,0,juegosonce.es,http://juegosonce.es
16,9,0,0,1,0,0,0,0,False,False,0,3.375,False,False,0.0,0,0,0,google.hr,http://google.hr
16,9,0,0,1,0,0,0,0,False,False,0,3.125,False,False,0.0,0,0,0,ilpost.it,http://ilpost.it
17,10,0,0,1,0,1,0,0,False,False,0,3.4548,False,False,0.0,0,0,0,mi-img.com,http://mi-img.com
17,10,0,0,1,0,1,0,0,False,False,0,3.8522,False,False,0.0,0,0,0,n-able.com,http://n-able.com
19,12,0,0,1,0,0,0,0,False,False,0,3.5111,False,False,0.0,0,0,0,spectrum.net,http://spectrum.net
20,13,0,0,1,0,0,0,0,False,False,0,3.5464,False,False,0.0,0,0,0,themeisle.com,http://themeisle.com
22,15,0,0,1,0,0,0,0,False,False,0,3.7888,False,False,0.0,0,0,0,mheducation.com,http://mheducation.com
20,13,0,0,1,0,0,0,0,False,False,0,3.6464,False,False,0.0,0,0,0,termsfeed.com,http://termsfeed.com
15,8,0,0,1,0,0,0,0,False,False,0,3.1899,False,False,0.0,0,0,0,ripn.net,http://ripn.net
15,8,0,0,1,0,0,0,0,False,False,0,3.4566,False,False,0.0,0,0,0,ojrq.net,http://ojrq.net
18,11,0,0,1,0,0,0,0,False,False,0,3.5724,False,False,0.0,0,0,0,spotify.com,http://spotify.com
22,15,0,0,1,0,0,0,0,False,False,0,3.8231,False,False,0.0,0,0,0,stickyadstv.com,http://stickyadstv.com
16,9,0,0,1,0,0,0,0,False,False,0,3.625,False,False,0.0,0,0,0,bodis.com,http://bodis.com
19,12,0,0,1,0,0,0,0,False,False,0,3.8269,False,False,0.0,0,0,0,rainbird.com,http://rainbird.com
19,12,0,0,1,0,0,0,0,False,False,0,3.7871,False,False,0.0,0,0,0,tplinkra.com,http://tplinkra.com
21,14,0,0,1,0,1,0,0,False,False,0,3.749,False,False,0.0,0,0,0,drift-pixel.ai,http://drift-pixel.ai
27,20,0,0,1,0,0,0,0,False,False,0,3.7821,False,False,0.0,0,0,0,bedbathandbeyond.com,http://bedbathandbeyond.com
20,13,0,0,1,0,0,0,0,False,False,0,3.5464,False,False,0.0,0,0,0,impactcdn.com,http://impactcdn.com
14,7,0,0,1,0,0,0,0,False,False,0,3.3788,False,False,0.0,0,0,0,wps.com,http://wps.com
15,8,0,0,1,0,0,0,0,False,False,0,3.5069,False,False,0.0,0,0,0,wbur.org,http://wbur.org
22,15,0,0,1,0,0,0,0,False,False,0,3.7888,False,False,0.0,0,0,0,myrostelecom.ru,http://myrostelecom.ru
21,14,0,0,1,0,1,0,0,False,False,0,3.749,False,False,0.0,0,0,0,mcr-msedge.net,http://mcr-msedge.net
22,15,0,0,2,0,1,2,0,False,False,0,3.6978,False,False,0.13333333333333333,0,0,0,52.in-addr.arpa,http://52.in-addr.arpa
15,8,0,0,1,0,0,0,0,False,False,0,3.6402,False,False,0.0,0,0,0,agkn.com,http://agkn.com
21,14,0,0,1,0,0,0,0,False,False,0,3.5585,False,False,0.0,0,0,0,codecanyon.net,http://codecanyon.net
15,8,0,0,1,0,0,0,0,False,False,0,3.3232,False,False,0.0,0,0,0,gitea.io,http://gitea.io
16,9,0,0,1,0,0,0,0,False,False,0,3.375,False,False,0.0,0,0,0,vpsvc.com,http://vpsvc.com
12,5,0,0,1,0,0,0,0,False,False,0,3.2516,False,False,0.0,0,0,0,au.dk,http://au.dk
19,12,0,0,1,0,0,0,0,False,False,0,3.5766,False,False,0.0,0,0,0,freedot.info,http://freedot.info
20,13,0,0,1,0,0,0,0,False,False,0,3.9219,False,False,0.0,0,0,0,jeuxvideo.com,http://jeuxvideo.com
20,13,0,0,1,0,0,0,0,False,False,0,3.8219,False,False,0.0,0,0,0,punchmedia.ru,http://punchmedia.ru
17,10,0,0,1,0,0,0,0,False,False,0,3.6169,False,False,0.0,0,0,0,affirm.com,http://affirm.com
22,15,0,0,2,0,1,2,0,False,False,0,4.0958,False,False,0.13333333333333333,0,0,0,awsdns-39.co.uk,http://awsdns-39.co.uk
19,12,0,0,1,0,0,0,0,False,False,0,3.5766,False,False,0.0,0,0,0,gamestop.com,http://gamestop.com
17,10,0,0,1,0,0,0,0,False,False,0,3.5725,False,False,0.0,0,0,0,cadent.com,http://cadent.com
20,13,0,0,1,0,0,0,0,False,False,0,3.7842,False,False,0.0,0,0,0,adnkronos.com,http://adnkronos.com
20,13,0,0,2,0,0,0,0,False,False,0,3.7219,False,False,0.0,0,0,0,newsnow.co.uk,http://newsnow.co.uk
15,8,0,0,1,0,0,1,0,False,False,0,3.5069,False,False,0.09090909090909091,0,0,0,e2ro.com,http://e2ro.com
13,6,0,0,1,0,0,0,0,False,False,0,3.1808,False,False,0.0,0,0,0,ors.at,http://ors.at
30,23,0,0,1,0,0,0,0,False,False,0,3.8062,False,False,0.0,0,0,0,churchofjesuschrist.org,http://churchofjesuschrist.org
18,11,0,0,1,0,0,0,0,False,False,0,3.3502,False,False,0.0,0,0,0,freebit.net,http://freebit.net
19,12,0,0,1,0,0,0,0,False,False,0,3.6163,False,False,0.0,0,0,0,tixcraft.com,http://tixcraft.com
19,12,0,0,1,0,0,0,0,False,False,0,3.5369,False,False,0.0,0,0,0,lenovomm.com,http://lenovomm.com
12,5,0,0,1,0,0,0,0,False,False,0,3.2516,False,False,0.0,0,0,0,fb.me,http://fb.me
20,13,0,0,1,0,0,0,0,False,False,0,3.7219,False,False,0.0,0,0,0,douyinpic.com,http://douyinpic.com
25,18,0,0,1,0,0,0,0,False,False,0,4.0537,False,False,0.0,0,0,0,guardingvision.com,http://guardingvision.com
18,11,0,0,1,0,0,0,0,False,False,0,3.8366,False,False,0.0,0,0,0,verizon.com,http://verizon.com
15,8,0,0,1,0,0,0,0,False,False,0,3.1069,False,False,0.0,0,0,0,pluto.tv,http://pluto.tv
24,17,0,0,2,0,0,0,0,False,False,0,3.8868,False,False,0.0,0,0,0,americanas.com.br,http://americanas.com.br
22,15,0,0,1,0,0,0,0,False,False,0,3.8797,False,False,0.0,0,0,0,openlibrary.org,http://openlibrary.org
23,16,0,0,1,0,1,0,0,False,False,0,3.8492,False,False,0.0,0,0,0,aiv-delivery.net,http://aiv-delivery.net
19,12,0,0,1,0,0,0,0,False,False,0,3.4058,False,False,0.0,0,0,0,marriott.com,http://marriott.com
18,11,0,0,1,0,0,0,0,False,False,0,3.5033,False,False,0.0,0,0,0,abtasty.com,http://abtasty.com
21,14,0,0,1,0,0,0,0,False,False,0,3.9161,False,False,0.0,0,0,0,sciencemag.org,http://sciencemag.org
18,11,0,0,2,0,0,0,0,False,False,0,3.6144,False,False,0.0,0,0,0,sina.com.cn,http://sina.com.cn
17,10,0,0,2,0,0,1,0,False,False,0,3.7345,False,False,0.08333333333333333,0,0,0,dns1.co.za,http://dns1.co.za
14,7,0,0,1,0,0,0,0,False,False,0,3.182,False,False,0.0,0,0,0,snai.it,http://snai.it
20,13,0,0,1,0,0,0,0,False,False,0,3.6842,False,False,0.0,0,0,0,dndbeyond.com,http://dndbeyond.com
21,14,0,0,1,0,1,0,0,False,False,0,3.8802,False,False,0.0,0,0,0,dark-manga.com,http://dark-manga.com
23,16,0,0,1,0,0,0,0,False,False,0,3.654,False,False,0.0,0,0,0,niedersachsen.de,http://niedersachsen.de
20,13,0,0,1,0,0,0,0,False,False,0,3.6842,False,False,0.0,0,0,0,dialmyapp.com,http://dialmyapp.com
22,15,0,0,1,0,0,0,0,False,False,0,3.7888,False,False,0.0,0,0,0,tripadvisor.com,http://tripadvisor.com
21,14,0,0,1,0,0,0,0,False,False,0,3.6538,False,False,0.0,0,0,0,musixmatch.com,http://musixmatch.com
14,7,0,0,1,0,0,0,0,False,False,0,3.3788,False,False,0.0,0,0,0,gsa.gov,http://gsa.gov
14,7,0,0,1,0,0,0,0,False,False,0,3.0391,False,False,0.0,0,0,0,inps.it,http://inps.it
20,13,0,0,2,0,0,0,0,False,False,0,3.9219,False,False,0.0,0,0,0,kerala.gov.in,http://kerala.gov.in
19,12,0,0,1,0,0,0,0,False,False,0,3.8269,False,False,0.0,0,0,0,playerok.com,http://playerok.com
18,11,0,0,1,0,0,0,0,False,False,0,3.6144,False,False,0.0,0,0,0,zhaopin.com,http://zhaopin.com
15,8,0,0,1,0,0,0,0,False,False,0,3.3736,False,False,0.0,0,0,0,icrc.org,http://icrc.org
17,10,0,0,2,0,0,0,0,False,False,0,3.4548,False,False,0.0,0,0,0,cwa.gov.tw,http://cwa.gov.tw
21,14,0,0,1,0,0,0,0,False,False,0,3.6304,False,False,0.0,0,0,0,autotrader.com,http://autotrader.com
16,9,0,0,1,0,0,0,0,False,False,0,3.625,False,False,0.0,0,0,0,alexa.com,http://alexa.com
19,12,0,0,1,0,0,0,0,False,False,0,3.5369,False,False,0.0,0,0,0,telecinco.es,http://telecinco.es
20,13,0,0,1,0,1,2,0,False,False,0,4.0219,False,False,0.14285714285714285,0,0,0,awsdns-43.com,http://awsdns-43.com
17,10,0,0,1,0,0,0,0,False,False,0,3.4548,False,False,0.0,0,0,0,namemc.com,http://namemc.com
17,10,0,0,1,0,0,0,0,False,False,0,3.7345,False,False,0.0,0,0,0,pixels.com,http://pixels.com
17,10,0,0,1,0,0,0,0,False,False,0,3.7345,False,False,0.0,0,0,0,musical.ly,http://musical.ly
19,12,0,0,1,0,1,0,0,False,False,0,3.9321,False,False,0.0,0,0,0,anker-in.com,http://anker-in.com
23,16,0,0,1,0,0,0,0,False,False,0,3.7951,False,False,0.0,0,0,0,staticflickr.com,http://staticflickr.com
19,12,0,0,1,0,0,0,0,False,False,0,3.7871,False,False,0.0,0,0,0,lecturas.com,http://lecturas.com
20,13,0,0,2,0,0,0,0,False,False,0,3.6842,False,False,0.0,0,0,0,google.com.bd,http://google.com.bd
19,12,0,0,1,0,0,0,0,False,False,0,3.5111,False,False,0.0,0,0,0,ethdisco.net,http://ethdisco.net
16,9,0,0,1,0,1,0,0,False,False,0,3.625,False,False,0.0,0,0,0,os-lb.com,http://os-lb.com
17,10,0,0,1,0,0,0,0,False,False,0,3.7345,False,False,0.0,0,0,0,delish.com,http://delish.com
27,20,0,0,1,0,0,0,0,False,False,0,3.9582,False,False,0.0,0,0,0,braintreegateway.com,http://braintreegateway.com
24,17,0,0,1,0,0,0,0,False,False,0,3.9387,False,False,0.0,0,0,0,worldometers.info,http://worldometers.info
20,13,0,0,1,0,0,0,0,False,False,0,3.6219,False,False,0.0,0,0,0,icanhazip.com,http://icanhazip.com
17,10,0,0,1,0,1,0,0,False,False,0,3.7345,False,False,0.0,0,0,0,c-span.org,http://c-span.org
23,16,0,0,1,0,0,3,0,False,False,0,3.8492,False,False,0.17647058823529413,0,0,0,blacktoon414.com,http://blacktoon414.com
17,10,0,0,1,0,0,0,0,False,False,0,3.4992,False,False,0.0,0,0,0,tuoitre.vn,http://tuoitre.vn
17,10,0,0,1,0,0,0,0,False,False,0,3.4548,False,False,0.0,0,0,0,fanpage.it,http://fanpage.it
16,9,0,0,1,0,0,0,0,False,False,0,3.125,False,False,0.0,0,0,0,zpath.net,http://zpath.net
14,7,0,0,1,0,0,0,0,False,False,0,3.5216,False,False,0.0,0,0,0,nic.xyz,http://nic.xyz
20,13,0,0,1,0,0,0,0,False,False,0,3.5842,False,False,0.0,0,0,0,onlinesbi.sbi,http://onlinesbi.sbi
14,7,0,0,1,0,0,0,0,False,False,0,2.9502,False,False,0.0,0,0,0,itu.int,http://itu.int
21,14,0,0,1,0,0,0,0,False,False,0,3.6304,False,False,0.0,0,0,0,storysaver.net,http://storysaver.net
18,11,0,0,1,0,0,0,0,False,False,0,3.5033,False,False,0.0,0,0,0,bidster.net,http://bidster.net
18,11,0,0,1,0,0,0,0,False,False,0,3.5724,False,False,0.0,0,0,0,easybell.de,http://easybell.de
17,10,0,0,1,0,0,0,0,False,False,0,3.4548,False,False,0.0,0,0,0,gatech.edu,http://gatech.edu
16,9,0,0,1,0,0,0,0,False,False,0,3.4528,False,False,0.0,0,0,0,vbrtex.cc,http://vbrtex.cc
20,13,0,0,1,0,0,0,0,False,False,0,3.5219,False,False,0.0,0,0,0,reference.com,http://reference.com
15,8,0,0,1,0,1,0,0,False,False,0,3.3232,False,False,0.0,0,0,0,av-th.io,http://av-th.io
13,6,0,0,1,0,0,0,0,False,False,0,3.1808,False,False,0.0,0,0,0,mjt.lu,http://mjt.lu
31,17,1,4,2,1,0,4,0,False,False,0,4.3248,False,False,0.19047619047619047,0,0,1,craftum.io,https://lj4704.craftum.io/?naps
16,9,0,0,1,0,0,0,0,False,False,0,3.5,False,False,0.0,0,0,0,beeg.porn,http://beeg.porn
23,16,0,0,1,0,0,0,0,False,False,0,3.6753,False,False,0.0,0,0,0,prismaaccess.com,http://prismaaccess.com
16,9,0,0,1,0,0,0,0,False,False,0,3.4528,False,False,0.0,0,0,0,tchibo.de,http://tchibo.de
20,13,0,0,1,0,0,1,0,False,False,0,3.8219,False,False,0.0625,0,0,0,1password.com,http://1password.com
16,9,0,0,1,0,0,0,0,False,False,0,3.375,False,False,0.0,0,0,0,google.al,http://google.al
13,6,0,0,1,0,0,0,0,False,False,0,3.3927,False,False,0.0,0,0,0,gfx.ms,http://gfx.ms
17,10,0,0,1,0,0,0,0,False,False,0,3.2639,False,False,0.0,0,0,0,vinted.net,http://vinted.net
17,10,0,0,1,0,0,2,0,False,False,0,3.6169,False,False,0.16666666666666666,0,0,0,ishe88.com,http://ishe88.com
18,11,0,0,1,0,0,0,0,False,False,0,3.9477,False,False,0.0,0,0,0,newsday.com,http://newsday.com
17,10,0,0,1,0,0,0,0,False,False,0,3.5725,False,False,0.0,0,0,0,arbada.com,http://arbada.com
18,11,0,0,1,0,0,1,0,False,False,0,3.7255,False,False,0.07142857142857142,0,0,0,device9.com,http://device9.com
19,12,0,0,1,0,0,0,0,False,False,0,3.7871,False,False,0.0,0,0,0,luxuretv.com,http://luxuretv.com
18,11,0,0,1,0,0,0,0,False,False,0,3.5724,False,False,0.0,0,0,0,hsforms.net,http://hsforms.net
25,9,9,0,1,0,0,1,0,False,False,0,3.7035,False,False,0.05,1,0,1,openup.to,http://openup.to/nfc0gtae
17,10,0,0,1,0,0,0,0,False,False,0,3.4548,False,False,0.0,0,0,0,mosspf.net,http://mosspf.net
21,14,0,0,2,0,0,0,0,False,False,0,3.8209,False,False,0.0,0,0,0,jornada.com.mx,http://jornada.com.mx
19,12,0,0,1,0,0,0,0,False,False,0,3.6819,False,False,0.0,0,0,0,spaceweb.pro,http://spaceweb.pro
18,11,0,0,1,0,0,0,0,False,False,0,3.2391,False,False,0.0,0,0,0,appspot.com,http://appspot.com
14,7,0,0,1,0,0,0,0,False,False,0,3.0391,False,False,0.0,0,0,0,wow.xxx,http://wow.xxx
15,8,0,0,1,0,0,0,0,False,False,0,3.2402,False,False,0.0,0,0,0,otter.ai,http://otter.ai
27,20,0,0,1,0,3,0,0,False,False,0,3.9023,False,False,0.0,0,0,0,dual-s-dc-msedge.net,http://dual-s-dc-msedge.net
20,13,0,0,2,0,0,0,0,False,False,0,3.5842,False,False,0.0,0,0,0,google.com.pr,http://google.com.pr
19,12,0,0,1,0,0,0,0,False,False,0,3.6819,False,False,0.0,0,0,0,azureedge.us,http://azureedge.us
18,11,0,0,1,0,0,0,0,False,False,0,3.8366,False,False,0.0,0,0,0,aniwaves.ru,http://aniwaves.ru
17,10,0,0,2,0,0,0,0,False,False,0,3.4992,False,False,0.0,0,0,0,dion.ne.jp,http://dion.ne.jp
20,13,0,0,1,0,0,0,0,False,False,0,3.9219,False,False,0.0,0,0,0,ouedkniss.com,http://ouedkniss.com
25,18,0,0,1,0,0,0,0,False,False,0,3.8937,False,False,0.0,0,0,0,sparkdriverapp.com,http://sparkdriverapp.com
23,16,0,0,2,0,0,0,0,False,False,0,3.741,False,False,0.0,0,0,0,steadfast.com.bd,http://steadfast.com.bd
21,14,0,0,1,0,0,0,0,False,False,0,3.7849,False,False,0.0,0,0,0,platinmods.com,http://platinmods.com
19,12,0,0,1,0,0,0,0,False,False,0,3.6819,False,False,0.0,0,0,0,akaquill.net,http://akaquill.net
17,10,0,0,1,0,0,2,0,False,False,0,3.8522,False,False,0.16666666666666666,0,0,0,news18.com,http://news18.com
16,9,0,0,1,0,0,0,0,False,False,0,3.4528,False,False,0.0,0,0,0,topdns.me,http://topdns.me
17,10,0,0,1,0,0,0,0,False,False,0,3.4548,False,False,0.0,0,0,0,topdns.com,http://topdns.com
21,14,0,0,1,0,0,0,0,False,False,0,3.8802,False,False,0.0,0,0,0,crickexnow.com,http://crickexnow.com
17,10,0,0,1,0,0,2,0,False,False,0,3.8522,False,False,0.16666666666666666,0,0,0,vid30s.com,http://vid30s.com
20,13,0,0,1,0,0,0,0,False,False,0,3.4219,False,False,0.0,0,0,0,protothema.gr,http://protothema.gr
20,13,0,0,1,0,1,2,0,False,False,0,4.0219,False,False,0.14285714285714285,0,0,0,awsdns-46.com,http://awsdns-46.com
16,9,0,0,1,0,0,0,0,False,False,0,3.5,False,False,0.0,0,0,0,gofile.io,http://gofile.io
17,10,0,0,1,0,0,0,0,False,False,0,3.1463,False,False,0.0,0,0,0,theqoo.net,http://theqoo.net
21,14,0,0,1,0,0,0,0,False,False,0,3.749,False,False,0.0,0,0,0,discordapp.net,http://discordapp.net
28,21,0,0,1,0,0,0,0,False,False,0,3.9138,False,False,0.0,0,0,0,googletagservices.com,http://googletagservices.com
20,13,0,0,1,0,0,0,0,False,False,0,4.0219,False,False,0.0,0,0,0,volkswagen.de,http://volkswagen.de
20,13,0,0,1,0,0,0,0,False,False,0,3.8219,False,False,0.0,0,0,0,billboard.com,http://billboard.com
16,9,0,0,1,0,0,0,0,False,False,0,3.3278,False,False,0.0,0,0,0,batch.com,http://batch.com
17,10,0,0,1,0,0,0,0,False,False,0,3.5725,False,False,0.0,0,0,0,ulisboa.pt,http://ulisboa.pt
23,16,0,0,1,0,0,0,0,False,False,0,3.7623,False,False,0.0,0,0,0,mailinabox.email,http://mailinabox.email
21,14,0,0,1,0,0,0,0,False,False,0,3.7257,False,False,0.0,0,0,0,aftonbladet.se,http://aftonbladet.se
14,7,0,0,1,0,0,0,0,False,False,0,3.5216,False,False,0.0,0,0,0,skai.gr,http://skai.gr
20,13,0,0,1,0,0,0,0,False,False,0,3.7219,False,False,0.0,0,0,0,bongacams.com,http://bongacams.com
22,15,0,0,1,0,0,0,0,False,False,0,3.4817,False,False,0.0,0,0,0,hasznaltauto.hu,http://hasznaltauto.hu
14,7,0,0,1,0,0,0,0,False,False,0,3.3788,False,False,0.0,0,0,0,uky.edu,http://uky.edu
20,13,0,0,1,0,0,0,0,False,False,0,3.6219,False,False,0.0,0,0,0,musescore.com,http://musescore.com
18,11,0,0,1,0,0,0,0,False,False,0,3.8366,False,False,0.0,0,0,0,ezvizru.com,http://ezvizru.com
16,9,0,0,1,0,0,1,0,False,False,0,3.75,False,False,0.08333333333333333,0,0,0,dnsv2.com,http://dnsv2.com
16,9,0,0,1,0,0,0,0,False,False,0,3.4528,False,False,0.0,0,0,0,redwap.tv,http://redwap.tv
15,8,0,0,1,0,0,0,0,False,False,0,3.2402,False,False,0.0,0,0,0,paho.org,http://paho.org
21,14,0,0,1,0,0,0,0,False,False,0,3.4992,False,False,0.0,0,0,0,steptofsvo.com,http://steptofsvo.com
22,15,0,0,1,0,0,0,0,False,False,0,3.7544,False,False,0.0,0,0,0,fontawesome.com,http://fontawesome.com
18,11,0,0,1,0,0,0,0,False,False,0,3.7255,False,False,0.0,0,0,0,rayjump.com,http://rayjump.com
20,13,0,0,1,0,1,2,0,False,False,0,4.0219,False,False,0.14285714285714285,0,0,0,awsdns-03.com,http://awsdns-03.com
19,12,0,0,1,0,0,0,0,False,False,0,3.3211,False,False,0.0,0,0,0,rtcfront.net,http://rtcfront.net
21,14,0,0,1,0,0,0,0,False,False,0,3.7849,False,False,0.0,0,0,0,haremaltin.com,http://haremaltin.com
15,8,0,0,1,0,0,0,0,False,False,0,3.6402,False,False,0.0,0,0,0,focus.de,http://focus.de
18,11,0,0,1,0,0,0,0,False,False,0,3.8366,False,False,0.0,0,0,0,bysex.click,http://bysex.click
22,15,0,0,1,0,0,0,0,False,False,0,3.7544,False,False,0.0,0,0,0,fragrantica.com,http://fragrantica.com
20,13,0,0,1,0,0,0,0,False,False,0,3.3842,False,False,0.0,0,0,0,atlassian.net,http://atlassian.net
23,16,0,0,1,0,0,3,0,False,False,0,3.9362,False,False,0.17647058823529413,0,0,0,blacktoon416.com,http://blacktoon416.com
16,9,0,0,1,0,0,2,0,False,False,0,3.625,False,False,0.18181818181818182,0,0,0,cdn77.org,http://cdn77.org
13,6,0,0,1,0,0,0,0,False,False,0,3.3927,False,False,0.0,0,0,0,ge.com,http://ge.com
16,9,0,0,1,0,0,0,0,False,False,0,3.625,False,False,0.0,0,0,0,icann.org,http://icann.org
17,10,0,0,1,0,0,0,0,False,False,0,3.3372,False,False,0.0,0,0,0,homeip.net,http://homeip.net
24,17,0,0,1,0,0,0,0,False,False,0,3.7721,False,False,0.0,0,0,0,downloadwella.com,http://downloadwella.com
20,13,0,0,1,0,1,0,0,False,False,0,3.8219,False,False,0.0,0,0,0,evo-games.com,http://evo-games.com
12,5,0,0,1,0,0,1,0,False,False,0,3.2516,False,False,0.125,0,0,0,o3.ru,http://o3.ru
17,10,0,0,1,0,0,0,0,False,False,0,3.3816,False,False,0.0,0,0,0,kooora.com,http://kooora.com
17,10,0,0,1,0,1,0,0,False,False,0,3.4548,False,False,0.0,0,0,0,sc-cdn.net,http://sc-cdn.net
13,6,0,0,1,0,0,0,0,False,False,0,3.0851,False,False,0.0,0,0,0,hm.com,http://hm.com
24,17,0,0,1,0,0,0,0,False,False,0,3.9183,False,False,0.0,0,0,0,growcdnssedge.com,http://growcdnssedge.com
15,8,0,0,1,0,0,0,0,False,False,0,3.3736,False,False,0.0,0,0,0,oclc.org,http://oclc.org
23,16,0,0,1,0,0,0,0,False,False,0,3.6753,False,False,0.0,0,0,0,hdporncomics.com,http://hdporncomics.com
17,10,0,0,2,0,0,0,0,False,False,0,3.4548,False,False,0.0,0,0,0,set.gov.py,http://set.gov.py
26,19,0,0,1,0,0,0,0,False,False,0,4.027,False,False,0.0,0,0,0,sleepfoundation.org,http://sleepfoundation.org
22,15,0,0,1,0,0,0,0,False,False,0,3.7888,False,False,0.0,0,0,0,themoviebox.xyz,http://themoviebox.xyz
16,9,0,0,1,0,0,1,0,False,False,0,3.625,False,False,0.08333333333333333,0,0,0,3iskk.xyz,http://3iskk.xyz
12,5,0,0,1,0,0,0,0,False,False,0,3.2516,False,False,0.0,0,0,0,in.gr,http://in.gr
25,18,0,0,1,0,1,0,0,False,False,0,4.0235,False,False,0.0,0,0,0,your-storagebox.de,http://your-storagebox.de
17,10,0,0,1,0,0,0,0,False,False,0,3.6169,False,False,0.0,0,0,0,narvar.com,http://narvar.com
15,8,0,0,1,0,0,0,0,False,False,0,3.1396,False,False,0.0,0,0,0,txxx.com,http://txxx.com
20,13,0,0,1,0,1,2,0,False,False,0,4.0219,False,False,0.14285714285714285,0,0,0,awsdns-35.com,http://awsdns-35.com
18,11,0,0,1,0,0,0,0,False,False,0,3.8366,False,False,0.0,0,0,0,wayfair.com,http://wayfair.com
19,12,0,0,1,0,0,0,0,False,False,0,3.6819,False,False,0.0,0,0,0,partsouq.com,http://partsouq.com
17,10,0,0,1,0,0,0,0,False,False,0,3.2928,False,False,0.0,0,0,0,fastdl.app,http://fastdl.app
20,13,0,0,1,0,1,2,0,False,False,0,4.0219,False,False,0.14285714285714285,0,0,0,awsdns-17.com,http://awsdns-17.com
15,8,0,0,1,0,0,0,0,False,False,0,3.5069,False,False,0.0,0,0,0,cuny.edu,http://cuny.edu
20,13,0,0,1,0,0,0,0,False,False,0,3.5842,False,False,0.0,0,0,0,idealmedia.io,http://idealmedia.io
23,16,0,0,1,0,0,0,0,False,False,0,3.882,False,False,0.0,0,0,0,digitalocean.com,http://digitalocean.com
12,5,0,0,1,0,0,0,0,False,False,0,2.9183,False,False,0.0,0,0,0,op.gg,http://op.gg
20,13,0,0,1,0,0,0,0,False,False,0,3.6842,False,False,0.0,0,0,0,turfomania.fr,http://turfomania.fr
38,30,1,0,2,1,3,0,0,False,False,0,3.9907,False,False,0.0,0,0,1,pages.dev,http://portls-ledgr-live-io.pages.dev/
15,8,0,0,1,0,0,0,0,False,False,0,3.6402,False,False,0.0,0,0,0,king.com,http://king.com
19,12,0,0,1,0,0,0,0,False,False,0,3.4714,False,False,0.0,0,0,0,leaktube.net,http://leaktube.net
19,12,0,0,1,0,0,0,0,False,False,0,3.6819,False,False,0.0,0,0,0,carrefour.es,http://carrefour.es
19,12,0,0,1,0,1,0,0,False,False,0,3.8269,False,False,0.0,0,0,0,uni-koeln.de,http://uni-koeln.de
17,10,0,0,1,0,0,0,0,False,False,0,3.5725,False,False,0.0,0,0,0,lazada.com,http://lazada.com
23,16,0,0,1,0,0,0,0,False,False,0,3.7951,False,False,0.0,0,0,0,skipthegames.com,http://skipthegames.com
17,10,0,0,1,0,0,0,0,False,False,0,3.7345,False,False,0.0,0,0,0,huawei.com,http://huawei.com
16,9,0,0,1,0,0,0,0,False,False,0,3.75,False,False,0.0,0,0,0,uribl.com,http://uribl.com
15,8,0,0,1,0,0,0,0,False,False,0,3.6402,False,False,0.0,0,0,0,juris.de,http://juris.de
17,10,0,0,1,0,0,0,0,False,False,0,3.4548,False,False,0.0,0,0,0,kotaku.com,http://kotaku.com
18,11,0,0,1,0,0,0,0,False,False,0,3.8366,False,False,0.0,0,0,0,vecdnlb.com,http://vecdnlb.com
16,9,0,0,1,0,1,0,0,False,False,0,3.625,False,False,0.0,0,0,0,r-line.ru,http://r-line.ru
16,9,0,0,1,0,0,0,0,False,False,0,3.3278,False,False,0.0,0,0,0,thalia.de,http://thalia.de
14,7,0,0,1,0,0,0,0,False,False,0,3.182,False,False,0.0,0,0,0,fakt.pl,http://fakt.pl
17,10,0,0,1,0,1,0,0,False,False,0,3.5725,False,False,0.0,0,0,0,x-arxx.com,http://x-arxx.com
19,12,0,0,1,0,0,0,0,False,False,0,3.4058,False,False,0.0,0,0,0,thetimes.com,http://thetimes.com
20,13,0,0,2,0,0,0,0,False,False,0,3.5219,False,False,0.0,0,0,0,google.com.bo,http://google.com.bo
16,9,0,0,1,0,0,0,0,False,False,0,3.3278,False,False,0.0,0,0,0,nssvc.net,http://nssvc.net
19,12,0,0,1,0,0,0,0,False,False,0,3.6163,False,False,0.0,0,0,0,micasino.com,http://micasino.com
14,7,0,0,1,0,0,0,0,False,False,0,2.9852,False,False,0.0,0,0,0,xnxx.tv,http://xnxx.tv
19,12,0,0,1,0,0,0,0,False,False,0,3.7216,False,False,0.0,0,0,0,michigan.gov,http://michigan.gov
13,6,0,0,1,0,0,0,0,False,False,0,3.3927,False,False,0.0,0,0,0,gmw.cn,http://gmw.cn
12,5,0,0,1,0,0,0,0,False,False,0,3.085,False,False,0.0,0,0,0,dm.de,http://dm.de
17,10,0,0,1,0,0,0,0,False,False,0,3.2195,False,False,0.0,0,0,0,sophos.com,http://sophos.com
18,11,0,0,1,0,0,0,0,False,False,0,3.281,False,False,0.0,0,0,0,bystys.tech,http://bystys.tech
21,14,0,0,1,0,1,0,0,False,False,0,3.6538,False,False,0.0,0,0,0,gegen-hartz.de,http://gegen-hartz.de
20,13,0,0,1,0,0,0,0,False,False,0,3.9219,False,False,0.0,0,0,0,gunbroker.com,http://gunbroker.com
19,12,0,0,1,0,0,0,0,False,False,0,3.8269,False,False,0.0,0,0,0,mfadsrvr.com,http://mfadsrvr.com
18,11,0,0,1,0,0,0,0,False,False,0,3.8366,False,False,0.0,0,0,0,foxnews.com,http://foxnews.com
25,18,0,0,1,0,0,0,0,False,False,0,3.6733,False,False,0.0,0,0,0,hdfilmcehennemi.nl,http://hdfilmcehennemi.nl
28,21,0,0,1,0,1,0,0,False,False,0,4.182,False,False,0.0,0,0,0,enable-javascript.com,http://enable-javascript.com
18,11,0,0,1,0,0,2,0,False,False,0,3.8366,False,False,0.15384615384615385,0,0,0,69shuba.com,http://69shuba.com
15,8,0,0,1,0,0,0,0,False,False,0,3.5069,False,False,0.0,0,0,0,admin.ch,http://admin.ch
39,31,1,0,2,1,2,0,0,False,False,1,4.1285,False,False,0.0,0,0,1,netlify.app,http://uber-driver-support.netlify.app/
23,16,0,0,1,0,0,0,0,False,False,0,3.882,False,False,0.0,0,0,0,thousandeyes.com,http://thousandeyes.com
20,13,0,0,1,0,1,2,0,False,False,0,4.0219,False,False,0.14285714285714285,0,0,0,awsdns-09.com,http://awsdns-09.com
18,11,0,0,1,0,0,0,0,False,False,0,3.5724,False,False,0.0,0,0,0,polygon.com,http://polygon.com
16,9,0,0,1,0,0,0,0,False,False,0,3.625,False,False,0.0,0,0,0,brivo.com,http://brivo.com
21,14,0,0,1,0,0,0,0,False,False,0,3.7849,False,False,0.0,0,0,0,huggingface.co,http://huggingface.co
20,13,0,0,2,0,0,0,0,False,False,0,3.5842,False,False,0.0,0,0,0,lazada.com.ph,http://lazada.com.ph
15,8,0,0,1,0,0,1,0,False,False,0,3.5069,False,False,0.09090909090909091,0,0,0,goal7.co,http://goal7.co
20,13,0,0,1,0,0,0,0,False,False,0,3.4464,False,False,0.0,0,0,0,islonline.net,http://islonline.net
25,18,0,0,1,0,0,0,0,False,False,0,3.7639,False,False,0.0,0,0,0,easyhomescreen.com,http://easyhomescreen.com
18,11,0,0,1,0,0,0,0,False,False,0,3.8366,False,False,0.0,0,0,0,mxplayer.in,http://mxplayer.in
17,10,0,0,1,0,0,0,0,False,False,0,3.7345,False,False,0.0,0,0,0,zimbra.com,http://zimbra.com
73,17,48,0,3,1,0,12,0,False,False,0,4.635,False,False,0.22641509433962265,3,0,1,roblox.com.gr,https://www.roblox.com.gr/users/622177948453/profilemalwarenetworkstealer
18,11,0,0,2,0,0,0,0,False,False,0,3.5724,False,False,0.0,0,0,0,soton.ac.uk,http://soton.ac.uk
20,13,0,0,1,0,0,0,0,False,False,0,3.3842,False,False,0.0,0,0,0,brightree.net,http://brightree.net
21,14,0,0,1,0,0,0,0,False,False,0,3.6897,False,False,0.0,0,0,0,voetbalzone.nl,http://voetbalzone.nl
17,10,0,0,1,0,0,0,0,False,False,0,3.7345,False,False,0.0,0,0,0,zalando.fr,http://zalando.fr
23,16,0,0,2,0,0,0,0,False,False,0,3.9149,False,False,0.0,0,0,0,udiseplus.gov.in,http://udiseplus.gov.in
18,11,0,0,1,0,0,0,0,False,False,0,3.9477,False,False,0.0,0,0,0,audible.com,http://audible.com
13,6,0,0,1,0,0,0,0,False,False,0,3.027,False,False,0.0,0,0,0,rte.ie,http://rte.ie
20,13,0,0,1,0,0,0,0,False,False,0,3.7842,False,False,0.0,0,0,0,wireshark.org,http://wireshark.org
17,10,0,0,1,0,1,0,0,False,False,0,3.3816,False,False,0.0,0,0,0,gos-gsp.io,http://gos-gsp.io
15,8,0,0,1,0,0,1,0,False,False,0,3.5069,False,False,0.09090909090909091,0,0,0,ap4r.com,http://ap4r.com
18,11,0,0,1,0,1,0,0,False,False,0,3.6835,False,False,0.0,0,0,0,eki-net.com,http://eki-net.com
19,12,0,0,1,0,0,6,0,False,False,0,3.6819,False,False,0.6,0,0,0,tmn141246.ru,http://tmn141246.ru
15,8,0,0,1,0,0,2,0,False,False,0,3.6402,False,False,0.2,0,0,0,ey43.com,http://ey43.com
24,17,0,0,2,0,0,0,0,False,False,0,3.6054,False,False,0.0,0,0,0,admissions.nic.in,http://admissions.nic.in
22,15,0,0,2,0,1,2,0,False,False,0,4.0049,False,False,0.13333333333333333,0,0,0,awsdns-44.co.uk,http://awsdns-44.co.uk
21,14,0,0,1,0,0,0,0,False,False,0,3.8209,False,False,0.0,0,0,0,salesforce.com,http://salesforce.com
20,12,1,0,2,1,0,4,0,False,False,0,3.3842,False,False,0.36363636363636365,0,0,1,2129.win,http://www.2129.win/
19,12,0,0,1,0,0,3,0,False,False,0,3.8269,False,False,0.23076923076923078,0,0,0,soccer365.ru,http://soccer365.ru
20,13,0,0,1,0,0,0,0,False,False,0,3.6842,False,False,0.0,0,0,0,repubblica.it,http://repubblica.it
23,16,0,0,2,0,0,0,0,False,False,0,3.7081,False,False,0.0,0,0,0,amazonaws.com.cn,http://amazonaws.com.cn
16,9,0,0,1,0,0,0,0,False,False,0,3.5,False,False,0.0,0,0,0,google.cn,http://google.cn
13,6,0,0,1,0,0,0,0,False,False,0,3.027,False,False,0.0,0,0,0,mtu.ru,http://mtu.ru
15,8,0,0,1,0,0,0,0,False,False,0,3.4566,False,False,0.0,0,0,0,tango.me,http://tango.me
18,11,0,0,1,0,0,0,0,False,False,0,3.4613,False,False,0.0,0,0,0,chefkoch.de,http://chefkoch.de
24,17,0,0,1,0,0,0,0,False,False,0,3.9702,False,False,0.0,0,0,0,lavozdegalicia.es,http://lavozdegalicia.es
14,7,0,0,1,0,0,1,0,False,False,0,3.5216,False,False,0.1,0,0,0,ys7.com,http://ys7.com
20,13,0,0,1,0,0,0,0,False,False,0,3.3842,False,False,0.0,0,0,0,tencentcs.com,http://tencentcs.com
13,6,0,0,1,0,0,0,0,False,False,0,3.2389,False,False,0.0,0,0,0,bu.edu,http://bu.edu
17,10,0,0,1,0,0,0,0,False,False,0,3.6169,False,False,0.0,0,0,0,maxroll.gg,http://maxroll.gg
20,13,0,0,1,0,0,0,0,False,False,0,3.5464,False,False,0.0,0,0,0,netcologne.de,http://netcologne.de
19,12,0,0,1,0,0,0,0,False,False,0,3.6163,False,False,0.0,0,0,0,hiddenvpn.ru,http://hiddenvpn.ru
14,7,0,0,1,0,0,0,0,False,False,0,3.3788,False,False,0.0,0,0,0,ghcr.io,http://ghcr.io
18,11,0,0,1,0,0,0,0,False,False,0,3.7255,False,False,0.0,0,0,0,heyzine.com,http://heyzine.com
18,11,0,0,1,0,0,0,0,False,False,0,3.1699,False,False,0.0,0,0,0,wikiwiki.jp,http://wikiwiki.jp
68,13,48,0,2,0,0,12,0,False,False,0,4.5087,False,False,0.24489795918367346,3,0,1,roblox.com.bi,http://roblox.com.bi/users/948999725954/profilemalwarenetworkstealer
28,21,0,0,1,0,0,0,0,False,False,0,3.9947,False,False,0.0,0,0,0,nationalacademies.org,http://nationalacademies.org
14,7,0,0,1,0,0,0,0,False,False,0,3.3788,False,False,0.0,0,0,0,abcp.ru,http://abcp.ru
21,14,0,0,1,0,0,0,0,False,False,0,3.7849,False,False,0.0,0,0,0,watchguard.com,http://watchguard.com
16,9,0,0,1,0,0,0,0,False,False,0,3.75,False,False,0.0,0,0,0,avdbs.com,http://avdbs.com
18,11,0,0,2,0,0,0,0,False,False,0,3.1972,False,False,0.0,0,0,0,eonet.ne.jp,http://eonet.ne.jp
16,9,0,0,1,0,0,0,0,False,False,0,3.625,False,False,0.0,0,0,0,ikarem.io,http://ikarem.io
19,12,0,0,2,0,0,0,0,False,False,0,3.5766,False,False,0.0,0,0,0,mirror.co.uk,http://mirror.co.uk
18,11,0,0,1,0,0,0,0,False,False,0,3.1916,False,False,0.0,0,0,0,mxptint.net,http://mxptint.net
18,11,0,0,1,0,0,0,0,False,False,0,3.5724,False,False,0.0,0,0,0,basalam.com,http://basalam.com
16,9,0,0,1,0,0,0,0,False,False,0,3.3278,False,False,0.0,0,0,0,toyhou.se,http://toyhou.se
19,12,0,0,2,0,0,0,0,False,False,0,3.5111,False,False,0.0,0,0,0,shopee.co.id,http://shopee.co.id
24,17,0,0,1,0,0,0,0,False,False,0,3.8554,False,False,0.0,0,0,0,securityfocus.com,http://securityfocus.com
22,15,0,0,2,0,1,2,0,False,False,0,4.0049,False,False,0.13333333333333333,0,0,0,awsdns-00.co.uk,http://awsdns-00.co.uk
18,11,0,0,1,0,0,0,0,False,False,0,3.7255,False,False,0.0,0,0,0,djpunjab.is,http://djpunjab.is
14,7,0,0,1,0,0,0,0,False,False,0,3.5216,False,False,0.0,0,0,0,nba.com,http://nba.com
24,17,0,0,1,0,1,0,0,False,False,0,3.9702,False,False,0.0,0,0,0,azure-devices.net,http://azure-devices.net
29,22,0,0,1,0,0,0,0,False,False,0,3.8925,False,False,0.0,0,0,0,dropboxusercontent.com,http://dropboxusercontent.com
19,12,0,0,1,0,0,0,0,False,False,0,3.6163,False,False,0.0,0,0,0,gendai.media,http://gendai.media
15,8,0,0,1,0,0,0,0,False,False,0,3.5069,False,False,0.0,0,0,0,crex.com,http://crex.com
20,13,0,0,1,0,0,0,0,False,False,0,3.7842,False,False,0.0,0,0,0,soccerway.com,http://soccerway.com
29,22,0,0,1,0,0,0,0,False,False,0,3.8925,False,False,0.0,0,0,0,livechatenterprise.com,http://livechatenterprise.com
16,9,0,0,1,0,0,0,0,False,False,0,3.4528,False,False,0.0,0,0,0,stocrm.ru,http://stocrm.ru
15,8,0,0,1,0,0,0,0,False,False,0,3.3736,False,False,0.0,0,0,0,agora.io,http://agora.io
13,6,0,0,1,0,0,0,0,False,False,0,3.3927,False,False,0.0,0,0,0,wn.com,http://wn.com
13,6,0,0,1,0,0,0,0,False,False,0,3.2389,False,False,0.0,0,0,0,uba.ar,http://uba.ar
18,11,0,0,1,0,0,0,0,False,False,0,3.5724,False,False,0.0,0,0,0,ucalgary.ca,http://ucalgary.ca
24,17,0,0,1,0,0,0,0,False,False,0,3.8035,False,False,0.0,0,0,0,britishmuseum.org,http://britishmuseum.org
20,13,0,0,1,0,0,0,0,False,False,0,3.7842,False,False,0.0,0,0,0,traveloka.com,http://traveloka.com
28,21,0,0,1,0,0,0,0,False,False,0,4.0391,False,False,0.0,0,0,0,cloudflarestorage.com,http://cloudflarestorage.com
19,12,0,0,1,0,0,0,0,False,False,0,3.5111,False,False,0.0,0,0,0,ghostery.net,http://ghostery.net
16,9,0,0,1,0,0,0,0,False,False,0,3.75,False,False,0.0,0,0,0,yandex.ru,http://yandex.ru
20,13,0,0,1,0,1,2,0,False,False,0,4.0219,False,False,0.14285714285714285,0,0,0,awsdns-52.com,http://awsdns-52.com
14,7,0,0,1,0,0,0,0,False,False,0,3.3788,False,False,0.0,0,0,0,bhg.com,http://bhg.com
17,10,0,0,1,0,0,0,0,False,False,0,3.7345,False,False,0.0,0,0,0,mcpedl.org,http://mcpedl.org
18,11,0,0,1,0,0,0,0,False,False,0,3.7255,False,False,0.0,0,0,0,filgoal.com,http://filgoal.com
22,15,0,0,2,0,0,0,0,False,False,0,3.6412,False,False,0.0,0,0,0,dhlottery.co.kr,http://dhlottery.co.kr
21,14,0,0,1,0,0,0,0,False,False,0,3.4992,False,False,0.0,0,0,0,croxyproxy.com,http://croxyproxy.com
20,13,0,0,2,0,0,0,0,False,False,0,3.4464,False,False,0.0,0,0,0,google.com.pg,http://google.com.pg
13,6,0,0,1,0,0,0,0,False,False,0,3.0851,False,False,0.0,0,0,0,whc.ca,http://whc.ca
14,7,0,0,1,0,0,0,0,False,False,0,3.2359,False,False,0.0,0,0,0,alza.cz,http://alza.cz
18,11,0,0,1,0,0,0,0,False,False,0,3.5724,False,False,0.0,0,0,0,ssllabs.com,http://ssllabs.com
14,7,0,0,1,0,0,0,0,False,False,0,3.2359,False,False,0.0,0,0,0,vsco.co,http://vsco.co
24,17,0,0,1,0,1,0,0,False,False,0,4.0221,False,False,0.0,0,0,0,clients-cdnnow.ru,http://clients-cdnnow.ru
19,12,0,0,1,0,0,0,0,False,False,0,3.6819,False,False,0.0,0,0,0,afribaba.com,http://afribaba.com
22,15,0,0,1,0,0,0,0,False,False,0,3.5726,False,False,0.0,0,0,0,steelseries.com,http://steelseries.com
25,18,0,0,1,0,0,0,0,False,False,0,3.7337,False,False,0.0,0,0,0,reliancedigital.in,http://reliancedigital.in
36,27,1,0,2,1,1,0,0,False,False,0,3.8747,False,False,0.0,0,0,1,pages.dev,https://ledger-livedsktpp.pages.dev/
17,10,0,0,1,0,0,0,0,False,False,0,3.4992,False,False,0.0,0,0,0,xserver.jp,http://xserver.jp
19,12,0,0,1,0,0,0,0,False,False,0,3.8269,False,False,0.0,0,0,0,vidaahub.com,http://vidaahub.com
19,12,0,0,1,0,0,0,0,False,False,0,3.4264,False,False,0.0,0,0,0,msftauth.net,http://msftauth.net
13,6,0,0,1,0,0,0,0,False,False,0,3.1808,False,False,0.0,0,0,0,net.ru,http://net.ru
19,12,0,0,1,0,0,0,0,False,False,0,3.6163,False,False,0.0,0,0,0,moengage.com,http://moengage.com
19,12,0,0,1,0,0,0,0,False,False,0,3.7216,False,False,0.0,0,0,0,samsclub.com,http://samsclub.com
19,12,0,0,2,0,0,0,0,False,False,0,3.4058,False,False,0.0,0,0,0,google.co.ao,http://google.co.ao
20,13,0,0,1,0,1,0,0,False,False,0,3.7464,False,False,0.0,0,0,0,ax-msedge.net,http://ax-msedge.net
20,13,0,0,1,0,0,0,0,False,False,0,3.9219,False,False,0.0,0,0,0,worldbank.org,http://worldbank.org
18,11,0,0,1,0,0,0,0,False,False,0,3.4613,False,False,0.0,0,0,0,smartape.ru,http://smartape.ru
15,8,0,0,1,0,0,0,0,False,False,0,3.3736,False,False,0.0,0,0,0,vivo.com,http://vivo.com
16,9,0,0,2,0,0,0,0,False,False,0,3.3278,False,False,0.0,0,0,0,aa.com.tr,http://aa.com.tr
20,13,0,0,1,0,0,0,0,False,False,0,3.9219,False,False,0.0,0,0,0,gingerall.com,http://gingerall.com
22,15,0,0,1,0,0,0,0,False,False,0,3.8231,False,False,0.0,0,0,0,splunkcloud.com,http://splunkcloud.com
15,8,0,0,1,0,0,0,0,False,False,0,3.3232,False,False,0.0,0,0,0,ugent.be,http://ugent.be
19,12,0,0,1,0,0,0,0,False,False,0,3.9321,False,False,0.0,0,0,0,inkscape.org,http://inkscape.org
17,10,0,0,1,0,0,0,0,False,False,0,3.3816,False,False,0.0,0,0,0,trbcdn.net,http://trbcdn.net
14,7,0,0,1,0,0,0,0,False,False,0,3.3788,False,False,0.0,0,0,0,nih.gov,http://nih.gov
17,10,0,0,1,0,0,0,0,False,False,0,3.8522,False,False,0.0,0,0,0,naukri.com,http://naukri.com
13,6,0,0,1,0,0,0,0,False,False,0,3.0851,False,False,0.0,0,0,0,rnp.br,http://rnp.br
17,10,0,0,1,0,0,0,0,False,False,0,3.6169,False,False,0.0,0,0,0,bumble.com,http://bumble.com
21,14,0,0,1,0,0,0,0,False,False,0,3.7849,False,False,0.0,0,0,0,vivoglobal.com,http://vivoglobal.com
19,12,0,0,1,0,0,0,0,False,False,0,3.6163,False,False,0.0,0,0,0,onrender.com,http://onrender.com
20,13,0,0,1,0,1,2,0,False,False,0,3.7842,False,False,0.14285714285714285,0,0,0,awsdns-34.net,http://awsdns-34.net
19,12,0,0,2,0,0,0,0,False,False,0,3.5766,False,False,0.0,0,0,0,google.co.id,http://google.co.id
15,8,0,0,1,0,0,0,0,False,False,0,3.6402,False,False,0.0,0,0,0,ameli.fr,http://ameli.fr
17,10,0,0,1,0,0,0,0,False,False,0,3.4548,False,False,0.0,0,0,0,snplow.net,http://snplow.net
16,9,0,0,1,0,0,0,0,False,False,0,3.5,False,False,0.0,0,0,0,google.ms,http://google.ms
19,12,0,0,1,0,0,0,0,False,False,0,3.8924,False,False,0.0,0,0,0,justdial.com,http://justdial.com
18,11,0,0,1,0,0,0,0,False,False,0,3.9477,False,False,0.0,0,0,0,julydns.com,http://julydns.com
15,8,0,0,1,0,0,0,0,False,False,0,3.3736,False,False,0.0,0,0,0,danas.rs,http://danas.rs
21,14,0,0,1,0,0,0,0,False,False,0,3.2321,False,False,0.0,0,0,0,tohotheater.jp,http://tohotheater.jp
16,9,0,0,1,0,0,0,0,False,False,0,3.3278,False,False,0.0,0,0,0,myshn.net,http://myshn.net
18,11,0,0,1,0,0,1,0,False,False,0,3.6835,False,False,0.07142857142857142,0,0,0,kir2kos.net,http://kir2kos.net
18,11,0,0,1,0,0,0,0,False,False,0,3.6835,False,False,0.0,0,0,0,fujitsu.com,http://fujitsu.com
18,11,0,0,1,0,0,0,0,False,False,0,3.6835,False,False,0.0,0,0,0,gartner.com,http://gartner.com
16,9,0,0,1,0,0,0,0,False,False,0,3.3278,False,False,0.0,0,0,0,pochta.ru,http://pochta.ru
29,20,1,0,2,1,0,4,0,False,False,0,4.0642,False,False,0.2,0,0,1,icefactory.cl,https://f35f44.icefactory.cl/
14,7,0,0,1,0,0,0,0,False,False,0,3.3788,False,False,0.0,0,0,0,fox.com,http://fox.com
16,9,0,0,1,0,0,0,0,False,False,0,3.3278,False,False,0.0,0,0,0,google.so,http://google.so
22,15,0,0,1,0,0,0,0,False,False,0,3.3908,False,False,0.0,0,0,0,woocommerce.com,http://woocommerce.com
16,9,0,0,1,0,1,0,0,False,False,0,3.75,False,False,0.0,0,0,0,d-zone.ca,http://d-zone.ca
16,9,0,0,1,0,0,1,0,False,False,0,3.75,False,False,0.08333333333333333,0,0,0,dwin1.com,http://dwin1.com
22,15,0,0,1,0,0,0,0,False,False,0,3.9706,False,False,0.0,0,0,0,foxbusiness.com,http://foxbusiness.com
18,11,0,0,1,0,1,0,0,False,False,0,3.9477,False,False,0.0,0,0,0,ks-live.com,http://ks-live.com
18,11,0,0,1,0,0,0,0,False,False,0,3.8366,False,False,0.0,0,0,0,proximus.be,http://proximus.be
17,10,0,0,1,0,0,0,0,False,False,0,3.8522,False,False,0.0,0,0,0,qunaer.com,http://qunaer.com
19,12,0,0,1,0,0,1,0,False,False,0,3.7216,False,False,0.06666666666666667,0,0,0,channel4.com,http://channel4.com
23,16,0,0,2,0,0,0,0,False,False,0,3.6212,False,False,0.0,0,0,0,autotrader.co.za,http://autotrader.co.za
25,18,0,0,1,0,0,0,0,False,False,0,3.8635,False,False,0.0,0,0,0,bounceexchange.com,http://bounceexchange.com
15,8,0,0,1,0,0,0,0,False,False,0,3.3232,False,False,0.0,0,0,0,comix.to,http://comix.to
19,12,0,0,1,0,0,0,0,False,False,0,3.7216,False,False,0.0,0,0,0,wpengine.com,http://wpengine.com
22,15,0,0,1,0,0,0,0,False,False,0,3.9706,False,False,0.0,0,0,0,theguardian.com,http://theguardian.com
20,13,0,0,2,0,0,0,0,False,False,0,3.7219,False,False,0.0,0,0,0,domain.com.au,http://domain.com.au
23,16,0,0,1,0,0,0,0,False,False,0,3.8279,False,False,0.0,0,0,0,mercadoclics.com,http://mercadoclics.com
23,16,0,0,1,0,0,0,0,False,False,0,3.882,False,False,0.0,0,0,0,bancsabadell.com,http://bancsabadell.com
24,17,0,0,1,0,0,1,0,False,False,0,3.7091,False,False,0.05,0,0,0,expressapisv2.net,http://expressapisv2.net
23,16,0,0,1,0,0,0,0,False,False,0,3.6212,False,False,0.0,0,0,0,alldatasheet.com,http://alldatasheet.com
21,14,0,0,1,0,0,0,0,False,False,0,3.9161,False,False,0.0,0,0,0,globalsign.com,http://globalsign.com
19,12,0,0,1,0,0,0,0,False,False,0,3.6819,False,False,0.0,0,0,0,gcloudcs.com,http://gcloudcs.com
18,11,0,0,1,0,0,0,0,False,False,0,3.7255,False,False,0.0,0,0,0,gumroad.com,http://gumroad.com
21,14,0,0,2,0,0,0,0,False,False,0,3.7849,False,False,0.0,0,0,0,samarth.edu.in,http://samarth.edu.in
16,9,0,0,1,0,0,0,0,False,False,0,3.625,False,False,0.0,0,0,0,yango.com,http://yango.com
16,9,0,0,1,0,0,0,0,False,False,0,3.375,False,False,0.0,0,0,0,cimri.com,http://cimri.com
30,23,0,0,1,0,2,0,0,False,False,0,3.7614,False,False,0.0,0,0,0,dmitriy-mevedev-tor.top,http://dmitriy-mevedev-tor.top
17,10,0,0,1,0,0,0,0,False,False,0,3.6169,False,False,0.0,0,0,0,zalando.de,http://zalando.de
19,12,0,0,1,0,0,0,0,False,False,0,3.7871,False,False,0.0,0,0,0,dizibox.live,http://dizibox.live
18,11,0,0,1,0,0,0,0,False,False,0,3.3921,False,False,0.0,0,0,0,tsdtocl.com,http://tsdtocl.com
20,13,0,0,1,0,0,0,0,False,False,0,3.6219,False,False,0.0,0,0,0,upcloudlb.com,http://upcloudlb.com
17,10,0,0,1,0,0,0,0,False,False,0,3.4548,False,False,0.0,0,0,0,oath.cloud,http://oath.cloud
15,8,0,0,1,0,0,0,0,False,False,0,3.5069,False,False,0.0,0,0,0,bash.com,http://bash.com
26,19,0,0,1,0,0,0,0,False,False,0,3.9791,False,False,0.0,0,0,0,myhentaigallery.com,http://myhentaigallery.com
20,13,0,0,1,0,0,0,0,False,False,0,3.5842,False,False,0.0,0,0,0,pitchfork.com,http://pitchfork.com
17,10,0,0,1,0,0,0,0,False,False,0,3.6169,False,False,0.0,0,0,0,dyndns.org,http://dyndns.org
27,20,0,0,1,0,1,0,0,False,False,0,4.0323,False,False,0.0,0,0,0,creative-serving.com,http://creative-serving.com
19,12,0,0,2,0,0,0,0,False,False,0,3.7216,False,False,0.0,0,0,0,maariv.co.il,http://maariv.co.il
14,7,0,0,1,0,0,0,0,False,False,0,3.3788,False,False,0.0,0,0,0,wsu.edu,http://wsu.edu
67,17,42,0,3,1,0,10,0,False,False,0,4.6221,False,False,0.20408163265306123,3,0,1,robiox.com.gr,https://www.robiox.com.gr/users/9536463287/profilemalwarenetworkrat
21,14,0,0,1,0,0,0,0,False,False,0,4.0114,False,False,0.0,0,0,0,newgrounds.com,http://newgrounds.com
24,17,0,0,1,0,0,0,0,False,False,0,3.4387,False,False,0.0,0,0,0,theepochtimes.com,http://theepochtimes.com
19,12,0,0,1,0,0,0,0,False,False,0,3.8269,False,False,0.0,0,0,0,rapidssl.com,http://rapidssl.com
19,12,0,0,1,0,0,0,0,False,False,0,3.5766,False,False,0.0,0,0,0,catawiki.com,http://catawiki.com
21,14,0,0,1,0,0,0,0,False,False,0,3.5585,False,False,0.0,0,0,0,treehugger.com,http://treehugger.com
17,10,0,0,1,0,0,0,0,False,False,0,3.4548,False,False,0.0,0,0,0,citrix.com,http://citrix.com
15,8,0,0,1,0,0,0,0,False,False,0,3.3232,False,False,0.0,0,0,0,aruba.it,http://aruba.it
18,11,0,0,1,0,0,0,0,False,False,0,3.6835,False,False,0.0,0,0,0,mullvad.net,http://mullvad.net
17,10,0,0,1,0,0,0,0,False,False,0,3.6169,False,False,0.0,0,0,0,kernel.org,http://kernel.org
18,11,0,0,1,0,1,0,0,False,False,0,3.6835,False,False,0.0,0,0,0,xnxx-ru.com,http://xnxx-ru.com
20,13,0,0,1,0,0,0,0,False,False,0,3.5464,False,False,0.0,0,0,0,onfinality.io,http://onfinality.io
21,14,0,0,1,0,0,0,0,False,False,0,3.7849,False,False,0.0,0,0,0,expressvpn.com,http://expressvpn.com
22,15,0,0,1,0,0,0,0,False,False,0,3.8797,False,False,0.0,0,0,0,yandexcloud.net,http://yandexcloud.net
18,11,0,0,1,0,0,0,0,False,False,0,3.3921,False,False,0.0,0,0,0,tiktokv.com,http://tiktokv.com
24,17,0,0,1,0,1,0,0,False,False,0,3.8868,False,False,0.0,0,0,0,manhwa-online.com,http://manhwa-online.com
16,9,0,0,2,0,0,0,0,False,False,0,3.375,False,False,0.0,0,0,0,hef.co.ke,http://hef.co.ke
17,10,0,0,1,0,0,0,0,False,False,0,3.6169,False,False,0.0,0,0,0,konghq.com,http://konghq.com
24,17,0,0,1,0,0,0,0,False,False,0,3.7202,False,False,0.0,0,0,0,stroyserviceru.ru,http://stroyserviceru.ru
21,14,0,0,2,0,0,0,0,False,False,0,3.1728,False,False,0.0,0,0,0,thairath.co.th,http://thairath.co.th
16,9,0,0,1,0,0,0,0,False,False,0,3.625,False,False,0.0,0,0,0,lamoda.ru,http://lamoda.ru
18,11,0,0,1,0,0,0,0,False,False,0,3.5724,False,False,0.0,0,0,0,shalove.net,http://shalove.net
13,6,0,0,1,0,0,0,0,False,False,0,3.3927,False,False,0.0,0,0,0,gva.es,http://gva.es
18,11,0,0,1,0,0,0,0,False,False,0,3.6144,False,False,0.0,0,0,0,nobroker.in,http://nobroker.in
20,13,0,0,1,0,0,0,0,False,False,0,3.8842,False,False,0.0,0,0,0,tendawifi.com,http://tendawifi.com
20,13,0,0,1,0,1,2,0,False,False,0,3.7842,False,False,0.14285714285714285,0,0,0,awsdns-29.net,http://awsdns-29.net
15,8,0,0,1,0,0,2,0,False,False,0,3.3232,False,False,0.2,0,0,0,ns14.net,http://ns14.net
22,15,0,0,1,0,0,0,0,False,False,0,3.7888,False,False,0.0,0,0,0,casalemedia.com,http://casalemedia.com
17,10,0,0,1,0,0,0,0,False,False,0,3.6169,False,False,0.0,0,0,0,envoyer.io,http://envoyer.io
19,12,0,0,2,0,0,0,0,False,False,0,3.6163,False,False,0.0,0,0,0,claro.com.br,http://claro.com.br
17,10,0,0,2,0,0,0,0,False,False,0,3.6169,False,False,0.0,0,0,0,ssc.gov.in,http://ssc.gov.in
23,16,0,0,1,0,0,0,0,False,False,0,3.969,False,False,0.0,0,0,0,malwarebytes.com,http://malwarebytes.com
19,12,0,0,1,0,0,0,0,False,False,0,3.5766,False,False,0.0,0,0,0,majordomo.ru,http://majordomo.ru
18,11,0,0,1,0,1,0,0,False,False,0,3.3027,False,False,0.0,0,0,0,best-hit.tv,http://best-hit.tv
20,13,0,0,1,0,0,0,0,False,False,0,3.7842,False,False,0.0,0,0,0,baifentan.com,http://baifentan.com
18,11,0,0,1,0,0,0,0,False,False,0,3.7255,False,False,0.0,0,0,0,polybuzz.ai,http://polybuzz.ai
18,11,0,0,1,0,0,0,0,False,False,0,3.4613,False,False,0.0,0,0,0,dropmms.com,http://dropmms.com
17,10,0,0,1,0,0,0,0,False,False,0,3.8522,False,False,0.0,0,0,0,belkin.com,http://belkin.com
18,11,0,0,1,0,0,0,0,False,False,0,3.8366,False,False,0.0,0,0,0,userapi.com,http://userapi.com
16,9,0,0,1,0,0,0,0,False,False,0,3.625,False,False,0.0,0,0,0,racing.nl,http://racing.nl
17,10,0,0,2,0,0,0,0,False,False,0,3.6169,False,False,0.0,0,0,0,bom.gov.au,http://bom.gov.au
14,7,0,0,1,0,0,0,0,False,False,0,3.3788,False,False,0.0,0,0,0,mlb.com,http://mlb.com
20,13,0,0,1,0,0,0,0,False,False,0,3.6842,False,False,0.0,0,0,0,espressif.com,http://espressif.com
18,11,0,0,1,0,1,0,0,False,False,0,3.5305,False,False,0.0,0,0,0,goo-net.com,http://goo-net.com
14,7,0,0,1,0,0,0,0,False,False,0,3.3788,False,False,0.0,0,0,0,lnkd.in,http://lnkd.in
14,7,0,0,1,0,0,0,0,False,False,0,3.3788,False,False,0.0,0,0,0,abb.com,http://abb.com
16,9,0,0,1,0,0,0,0,False,False,0,3.5778,False,False,0.0,0,0,0,uafix.net,http://uafix.net
22,15,0,0,1,0,0,0,0,False,False,0,3.4251,False,False,0.0,0,0,0,chimpstatic.com,http://chimpstatic.com
14,7,0,0,1,0,0,0,0,False,False,0,3.5216,False,False,0.0,0,0,0,sdna.gr,http://sdna.gr
26,19,0,0,1,0,0,0,0,False,False,0,3.7193,False,False,0.0,0,0,0,consumerreports.org,http://consumerreports.org
18,11,0,0,1,0,0,0,0,False,False,0,3.3502,False,False,0.0,0,0,0,vsassets.io,http://vsassets.io
17,10,0,0,2,0,0,0,0,False,False,0,3.7345,False,False,0.0,0,0,0,fca.org.uk,http://fca.org.uk
23,16,0,0,1,0,0,0,0,False,False,0,4.056,False,False,0.0,0,0,0,aylanetworks.com,http://aylanetworks.com
21,14,0,0,1,0,0,0,0,False,False,0,3.5585,False,False,0.0,0,0,0,maticooads.com,http://maticooads.com
18,11,0,0,1,0,0,0,0,False,False,0,3.7255,False,False,0.0,0,0,0,mogujie.com,http://mogujie.com
19,12,0,0,1,0,0,0,0,False,False,0,3.8269,False,False,0.0,0,0,0,banvenez.com,http://banvenez.com
14,7,0,0,1,0,0,0,0,False,False,0,3.3788,False,False,0.0,0,0,0,bip.com,http://bip.com
17,10,0,0,1,0,0,0,0,False,False,0,3.6169,False,False,0.0,0,0,0,xhname.com,http://xhname.com
36,28,1,0,2,1,3,0,0,False,False,0,3.83,False,False,0.0,0,0,1,pages.dev,http://start-io-treser-en.pages.dev/
18,11,0,0,1,0,0,3,0,False,False,0,3.3083,False,False,0.25,0,0,0,porno666.fo,http://porno666.fo
22,15,0,0,1,0,0,0,0,False,False,0,4.0049,False,False,0.0,0,0,0,govdelivery.com,http://govdelivery.com
27,20,0,0,1,0,0,0,0,False,False,0,3.8101,False,False,0.0,0,0,0,namecheaphosting.com,http://namecheaphosting.com
17,10,0,0,1,0,0,0,0,False,False,0,3.4548,False,False,0.0,0,0,0,wartank.ru,http://wartank.ru
48,40,1,0,2,1,2,2,0,False,False,0,4.1298,False,False,0.05128205128205128,0,0,1,netlify.app,http://magenta-dieffenbachia-de4f3f.netlify.app/
14,7,0,0,1,0,0,0,0,False,False,0,3.3788,False,False,0.0,0,0,0,giga.de,http://giga.de
19,12,0,0,1,0,0,0,0,False,False,0,3.5766,False,False,0.0,0,0,0,willhaben.at,http://willhaben.at
12,5,0,0,1,0,0,0,0,False,False,0,2.8554,False,False,0.0,0,0,0,sl.pt,http://sl.pt
28,21,0,0,1,0,1,0,0,False,False,0,3.9233,False,False,0.0,0,0,0,my-personaltrainer.it,http://my-personaltrainer.it
14,7,0,0,1,0,0,1,0,False,False,0,3.5216,False,False,0.1,0,0,0,4dex.io,http://4dex.io
18,11,0,0,1,0,1,0,0,False,False,0,3.4138,False,False,0.0,0,0,0,t-static.ru,http://t-static.ru
19,12,0,0,1,0,0,0,0,False,False,0,3.6819,False,False,0.0,0,0,0,shahvani.com,http://shahvani.com
19,12,0,0,1,0,0,0,0,False,False,0,3.3264,False,False,0.0,0,0,0,capcutapi.us,http://capcutapi.us
20,13,0,0,1,0,0,0,0,False,False,0,3.4464,False,False,0.0,0,0,0,natomanga.com,http://natomanga.com
17,10,0,0,1,0,0,0,0,False,False,0,3.3816,False,False,0.0,0,0,0,phncdn.com,http://phncdn.com
17,10,0,0,1,0,0,0,0,False,False,0,3.3816,False,False,0.0,0,0,0,xhtv.today,http://xhtv.today
19,12,0,0,1,0,1,0,0,False,False,0,3.7871,False,False,0.0,0,0,0,s-onetag.com,http://s-onetag.com
18,11,0,0,1,0,0,0,0,False,False,0,3.7947,False,False,0.0,0,0,0,vedantu.com,http://vedantu.com
18,11,0,0,1,0,0,0,0,False,False,0,3.7255,False,False,0.0,0,0,0,booklive.jp,http://booklive.jp
13,6,0,0,1,0,0,0,0,False,False,0,3.3927,False,False,0.0,0,0,0,nrw.de,http://nrw.de
23,16,0,0,1,0,0,0,0,False,False,0,3.7951,False,False,0.0,0,0,0,githubassets.com,http://githubassets.com
16,9,0,0,1,0,0,0,0,False,False,0,3.75,False,False,0.0,0,0,0,ifeng.com,http://ifeng.com
16,9,0,0,1,0,0,1,0,False,False,0,3.625,False,False,0.08333333333333333,0,0,0,ak2yy.com,http://ak2yy.com
16,9,0,0,1,0,0,0,0,False,False,0,3.625,False,False,0.0,0,0,0,ucweb.com,http://ucweb.com
24,17,0,0,2,0,0,0,0,False,False,0,3.9702,False,False,0.0,0,0,0,claveunica.gob.cl,http://claveunica.gob.cl
14,7,0,0,1,0,0,0,0,False,False,0,3.3788,False,False,0.0,0,0,0,aps.org,http://aps.org
17,10,0,0,1,0,0,0,0,False,False,0,3.7345,False,False,0.0,0,0,0,fresha.com,http://fresha.com
24,17,0,0,1,0,1,0,0,False,False,0,3.7406,False,False,0.0,0,0,0,assets-yammer.com,http://assets-yammer.com
20,13,0,0,1,0,0,0,0,False,False,0,3.7842,False,False,0.0,0,0,0,yodobashi.com,http://yodobashi.com
16,9,0,0,1,0,0,0,0,False,False,0,3.3278,False,False,0.0,0,0,0,heart.org,http://heart.org
20,13,0,0,1,0,0,0,0,False,False,0,3.6842,False,False,0.0,0,0,0,neocities.org,http://neocities.org
17,10,0,0,1,0,0,0,0,False,False,0,3.4548,False,False,0.0,0,0,0,google.cat,http://google.cat
20,13,0,0,1,0,0,0,0,False,False,0,3.8219,False,False,0.0,0,0,0,scribehow.com,http://scribehow.com
26,19,0,0,1,0,0,0,0,False,False,0,3.7483,False,False,0.0,0,0,0,victoriassecret.com,http://victoriassecret.com
14,7,0,0,1,0,0,0,0,False,False,0,3.5216,False,False,0.0,0,0,0,cian.ru,http://cian.ru
18,11,0,0,1,0,1,0,0,False,False,0,3.7255,False,False,0.0,0,0,0,dropz-k.com,http://dropz-k.com
21,14,0,0,1,0,0,0,0,False,False,0,3.5538,False,False,0.0,0,0,0,rtactivate.com,http://rtactivate.com
22,15,0,0,1,0,0,0,0,False,False,0,3.6635,False,False,0.0,0,0,0,cleverreach.com,http://cleverreach.com
19,12,0,0,1,0,0,0,0,False,False,0,3.8269,False,False,0.0,0,0,0,gofundme.com,http://gofundme.com
15,8,0,0,1,0,0,0,0,False,False,0,3.1396,False,False,0.0,0,0,0,aemet.es,http://aemet.es
14,7,0,0,1,0,0,0,0,False,False,0,3.2359,False,False,0.0,0,0,0,ok.porn,http://ok.porn
24,17,0,0,1,0,0,0,0,False,False,0,3.8554,False,False,0.0,0,0,0,latamairlines.com,http://latamairlines.com
21,14,0,0,1,0,0,0,0,False,False,0,4.0114,False,False,0.0,0,0,0,servenobid.com,http://servenobid.com
21,14,0,0,1,0,0,0,0,False,False,0,3.7849,False,False,0.0,0,0,0,samsungads.com,http://samsungads.com
21,14,0,0,1,0,0,0,0,False,False,0,3.4992,False,False,0.0,0,0,0,jecontacte.com,http://jecontacte.com
23,16,0,0,1,0,0,0,0,False,False,0,3.7294,False,False,0.0,0,0,0,hentaiheroes.com,http://hentaiheroes.com
15,8,0,0,1,0,0,0,0,False,False,0,3.3736,False,False,0.0,0,0,0,usgs.gov,http://usgs.gov
14,7,0,0,1,0,0,0,0,False,False,0,3.3788,False,False,0.0,0,0,0,unl.edu,http://unl.edu
18,11,0,0,1,0,0,0,0,False,False,0,3.3083,False,False,0.0,0,0,0,ohthree.com,http://ohthree.com
14,7,0,0,1,0,0,0,0,False,False,0,3.3788,False,False,0.0,0,0,0,arm.com,http://arm.com
20,13,0,0,1,0,0,0,0,False,False,0,3.7219,False,False,0.0,0,0,0,cinepolis.com,http://cinepolis.com
20,13,0,0,1,0,0,0,0,False,False,0,3.7219,False,False,0.0,0,0,0,manhwaweb.com,http://manhwaweb.com
16,9,0,0,2,0,0,0,0,False,False,0,3.25,False,False,0.0,0,0,0,ioh.co.id,http://ioh.co.id
19,12,0,0,1,0,0,0,0,False,False,0,3.8269,False,False,0.0,0,0,0,queniurc.com,http://queniurc.com
16,9,0,0,1,0,0,0,0,False,False,0,3.625,False,False,0.0,0,0,0,forpsi.cz,http://forpsi.cz
24,17,0,0,1,0,1,0,0,False,False,0,3.6683,False,False,0.0,0,0,0,muumuu-domain.com,http://muumuu-domain.com
16,9,0,0,1,0,0,0,0,False,False,0,3.625,False,False,0.0,0,0,0,kandji.io,http://kandji.io
22,15,0,0,2,0,1,2,0,False,False,0,4.0958,False,False,0.13333333333333333,0,0,0,awsdns-47.co.uk,http://awsdns-47.co.uk
18,11,0,0,1,0,0,0,0,False,False,0,3.8366,False,False,0.0,0,0,0,menards.com,http://menards.com
17,10,0,0,1,0,0,0,0,False,False,0,3.6901,False,False,0.0,0,0,0,castbox.fm,http://castbox.fm
17,10,0,0,1,0,0,0,0,False,False,0,3.4548,False,False,0.0,0,0,0,pardot.com,http://pardot.com
18,11,0,0,2,0,0,0,0,False,False,0,3.3083,False,False,0.0,0,0,0,irctc.co.in,http://irctc.co.in
17,10,0,0,1,0,0,0,0,False,False,0,3.4992,False,False,0.0,0,0,0,obihai.com,http://obihai.com
20,13,0,0,1,0,0,0,0,False,False,0,3.6842,False,False,0.0,0,0,0,blackhub.team,http://blackhub.team
27,20,0,0,1,0,1,0,0,False,False,0,4.0323,False,False,0.0,0,0,0,captcha-delivery.com,http://captcha-delivery.com
19,12,0,0,1,0,0,0,0,False,False,0,3.3919,False,False,0.0,0,0,0,crocobet.com,http://crocobet.com
21,14,0,0,1,0,0,0,0,False,False,0,3.749,False,False,0.0,0,0,0,novotelecom.ru,http://novotelecom.ru
21,14,0,0,1,0,0,0,0,False,False,0,3.6304,False,False,0.0,0,0,0,confirmtkt.com,http://confirmtkt.com
17,10,0,0,1,0,0,0,0,False,False,0,3.2195,False,False,0.0,0,0,0,mmstat.com,http://mmstat.com
19,12,0,0,1,0,0,0,0,False,False,0,3.7871,False,False,0.0,0,0,0,umontreal.ca,http://umontreal.ca
20,13,0,0,1,0,0,0,0,False,False,0,3.8219,False,False,0.0,0,0,0,spankbang.com,http://spankbang.com
12,5,0,0,1,0,0,1,0,False,False,0,3.2516,False,False,0.125,0,0,0,x5.ru,http://x5.ru
16,9,0,0,1,0,0,0,0,False,False,0,3.5,False,False,0.0,0,0,0,diigo.com,http://diigo.com
19,12,0,0,1,0,0,0,0,False,False,0,3.7871,False,False,0.0,0,0,0,vodafone.com,http://vodafone.com
24,17,0,0,1,0,0,0,0,False,False,0,3.8554,False,False,0.0,0,0,0,apuestasroyal.com,http://apuestasroyal.com
19,12,0,0,1,0,0,0,0,False,False,0,3.6819,False,False,0.0,0,0,0,inmarsat.com,http://inmarsat.com
19,12,0,0,1,0,1,0,0,False,False,0,3.6819,False,False,0.0,0,0,0,wo-cloud.com,http://wo-cloud.com
19,12,0,0,1,0,0,0,0,False,False,0,3.8269,False,False,0.0,0,0,0,coinbase.com,http://coinbase.com
16,9,0,0,1,0,0,0,0,False,False,0,3.5778,False,False,0.0,0,0,0,kidoz.net,http://kidoz.net
15,8,0,0,1,0,0,0,0,False,False,0,3.3232,False,False,0.0,0,0,0,gldn.net,http://gldn.net
17,10,0,0,1,0,0,0,0,False,False,0,3.7345,False,False,0.0,0,0,0,douban.com,http://douban.com
17,10,0,0,1,0,0,0,0,False,False,0,3.6169,False,False,0.0,0,0,0,xahani.com,http://xahani.com
15,8,0,0,1,0,0,0,0,False,False,0,3.2402,False,False,0.0,0,0,0,ortb.net,http://ortb.net
16,9,0,0,1,0,0,0,0,False,False,0,3.5,False,False,0.0,0,0,0,space.com,http://space.com
22,15,0,0,1,0,0,0,0,False,False,0,3.3908,False,False,0.0,0,0,0,totalbattle.com,http://totalbattle.com
19,12,0,0,1,0,0,0,0,False,False,0,3.8269,False,False,0.0,0,0,0,queniuck.com,http://queniuck.com
19,12,0,0,1,0,0,0,0,False,False,0,3.5369,False,False,0.0,0,0,0,goraggio.com,http://goraggio.com
17,10,0,0,1,0,0,0,0,False,False,0,3.4548,False,False,0.0,0,0,0,truper.com,http://truper.com
17,10,0,0,1,0,0,0,0,False,False,0,3.5725,False,False,0.0,0,0,0,senate.gov,http://senate.gov
31,22,1,0,2,1,1,0,0,False,False,0,3.889,False,False,0.0,0,0,1,ewc-event.com,https://supports.ewc-event.com/
20,13,0,0,1,0,0,0,0,False,False,0,3.4464,False,False,0.0,0,0,0,hentaimama.io,http://hentaimama.io
15,8,0,0,1,0,0,0,0,False,False,0,3.1899,False,False,0.0,0,0,0,atom.com,http://atom.com
19,12,0,0,1,0,0,0,0,False,False,0,3.4714,False,False,0.0,0,0,0,asuscomm.com,http://asuscomm.com
19,12,0,0,1,0,0,0,0,False,False,0,3.4316,False,False,0.0,0,0,0,openxcdn.net,http://openxcdn.net
20,13,0,0,1,0,0,3,0,False,False,0,3.8219,False,False,0.21428571428571427,0,0,0,9ffyu1g9c.com,http://9ffyu1g9c.com
16,9,0,0,1,0,0,0,0,False,False,0,3.75,False,False,0.0,0,0,0,rxnvg.com,http://rxnvg.com
19,12,0,0,1,0,0,0,0,False,False,0,3.4714,False,False,0.0,0,0,0,pavietnam.vn,http://pavietnam.vn
17,10,0,0,1,0,0,0,0,False,False,0,3.6169,False,False,0.0,0,0,0,framer.com,http://framer.com
13,6,0,0,1,0,0,0,0,False,False,0,3.027,False,False,0.0,0,0,0,taz.bz,http://taz.bz
16,9,0,0,1,0,0,0,0,False,False,0,3.1556,False,False,0.0,0,0,0,ctlcdn.cn,http://ctlcdn.cn
14,7,0,0,1,0,0,0,0,False,False,0,3.5216,False,False,0.0,0,0,0,wknd.ai,http://wknd.ai
20,13,0,0,1,0,0,0,0,False,False,0,3.6842,False,False,0.0,0,0,0,siteforce.com,http://siteforce.com
20,13,0,0,1,0,1,0,0,False,False,0,3.7464,False,False,0.0,0,0,0,bx-msedge.net,http://bx-msedge.net
16,9,0,0,1,0,0,0,0,False,False,0,3.75,False,False,0.0,0,0,0,redbus.in,http://redbus.in
22,15,0,0,1,0,0,0,0,False,False,0,3.914,False,False,0.0,0,0,0,dienmayxanh.com,http://dienmayxanh.com
18,11,0,0,1,0,0,0,0,False,False,0,3.8366,False,False,0.0,0,0,0,newsmax.com,http://newsmax.com
24,17,0,0,1,0,2,0,0,False,False,0,3.835,False,False,0.0,0,0,0,made-in-china.com,http://made-in-china.com
17,10,0,0,1,0,0,0,0,False,False,0,3.5725,False,False,0.0,0,0,0,setrol.com,http://setrol.com
18,11,0,0,1,0,0,0,0,False,False,0,3.8366,False,False,0.0,0,0,0,videojs.com,http://videojs.com
22,15,0,0,2,0,0,0,0,False,False,0,3.7888,False,False,0.0,0,0,0,education.ne.jp,http://education.ne.jp
19,12,0,0,1,0,0,0,0,False,False,0,3.6819,False,False,0.0,0,0,0,mobolize.com,http://mobolize.com
19,12,0,0,1,0,0,0,0,False,False,0,3.5111,False,False,0.0,0,0,0,animanch.com,http://animanch.com
19,12,0,0,1,0,0,0,0,False,False,0,3.7871,False,False,0.0,0,0,0,playmods.net,http://playmods.net
21,14,0,0,1,0,0,0,0,False,False,0,3.5945,False,False,0.0,0,0,0,parismatch.com,http://parismatch.com
18,11,0,0,1,0,0,0,0,False,False,0,3.8366,False,False,0.0,0,0,0,verisoul.ai,http://verisoul.ai
22,15,0,0,1,0,0,0,0,False,False,0,3.6978,False,False,0.0,0,0,0,gotoresolve.com,http://gotoresolve.com
13,6,0,0,1,0,0,0,0,False,False,0,3.2389,False,False,0.0,0,0,0,lin.ee,http://lin.ee
24,17,0,0,1,0,1,0,0,False,False,0,3.9702,False,False,0.0,0,0,0,name-services.com,http://name-services.com
20,13,0,0,1,0,1,2,0,False,False,0,3.9219,False,False,0.14285714285714285,0,0,0,awsdns-33.com,http://awsdns-33.com
17,10,0,0,1,0,0,0,0,False,False,0,3.7345,False,False,0.0,0,0,0,sendsay.ru,http://sendsay.ru
19,12,0,0,2,0,0,0,0,False,False,0,3.6819,False,False,0.0,0,0,0,gamer.com.tw,http://gamer.com.tw
13,6,0,0,1,0,0,0,0,False,False,0,3.0851,False,False,0.0,0,0,0,uh.edu,http://uh.edu
21,14,0,0,1,0,0,0,0,False,False,0,3.5226,False,False,0.0,0,0,0,famethemes.com,http://famethemes.com
16,9,0,0,1,0,0,0,0,False,False,0,3.625,False,False,0.0,0,0,0,pyrus.com,http://pyrus.com
15,8,0,0,1,0,0,0,0,False,False,0,3.5069,False,False,0.0,0,0,0,clean.gg,http://clean.gg
20,13,0,0,1,0,0,0,0,False,False,0,4.0219,False,False,0.0,0,0,0,walgreens.com,http://walgreens.com
25,18,0,0,1,0,0,0,0,False,False,0,4.0235,False,False,0.0,0,0,0,travelaudience.com,http://travelaudience.com
20,13,0,0,1,0,0,0,0,False,False,0,3.6842,False,False,0.0,0,0,0,qcloudcdn.com,http://qcloudcdn.com
16,9,0,0,1,0,0,0,0,False,False,0,3.5,False,False,0.0,0,0,0,gnome.org,http://gnome.org
20,13,0,0,1,0,1,2,0,False,False,0,3.7842,False,False,0.14285714285714285,0,0,0,awsdns-30.net,http://awsdns-30.net
19,12,0,0,1,0,0,0,0,False,False,0,3.2608,False,False,0.0,0,0,0,comodoca.com,http://comodoca.com
17,10,0,0,1,0,0,0,0,False,False,0,3.8522,False,False,0.0,0,0,0,unicef.org,http://unicef.org
19,12,0,0,1,0,0,0,0,False,False,0,3.5111,False,False,0.0,0,0,0,trustarc.com,http://trustarc.com
18,11,0,0,1,0,0,0,0,False,False,0,3.6144,False,False,0.0,0,0,0,infobip.com,http://infobip.com
16,9,0,0,1,0,0,0,0,False,False,0,3.5,False,False,0.0,0,0,0,amocrm.ru,http://amocrm.ru
14,7,0,0,1,0,0,0,0,False,False,0,3.2359,False,False,0.0,0,0,0,cnn.com,http://cnn.com
17,10,0,0,1,0,0,0,0,False,False,0,3.4548,False,False,0.0,0,0,0,yanmaga.jp,http://yanmaga.jp
18,11,0,0,1,0,0,0,0,False,False,0,3.8366,False,False,0.0,0,0,0,zscaler.com,http://zscaler.com
16,9,0,0,1,0,0,0,0,False,False,0,3.4528,False,False,0.0,0,0,0,pracuj.pl,http://pracuj.pl
19,12,0,0,2,0,0,0,0,False,False,0,3.8269,False,False,0.0,0,0,0,disney.co.jp,http://disney.co.jp
16,9,0,0,1,0,0,0,0,False,False,0,3.2028,False,False,0.0,0,0,0,openx.net,http://openx.net
15,8,0,0,1,0,0,0,0,False,False,0,3.4566,False,False,0.0,0,0,0,site.com,http://site.com
16,9,0,0,1,0,0,1,0,False,False,0,3.4528,False,False,0.08333333333333333,0,0,0,strip2.co,http://strip2.co
21,14,0,0,1,0,0,0,0,False,False,0,3.5945,False,False,0.0,0,0,0,apptentive.com,http://apptentive.com
16,9,0,0,1,0,0,0,0,False,False,0,3.75,False,False,0.0,0,0,0,wiley.com,http://wiley.com
14,7,0,0,1,0,0,1,0,False,False,0,3.3788,False,False,0.1,0,0,0,1mg.com,http://1mg.com
14,7,0,0,1,0,0,0,0,False,False,0,3.3249,False,False,0.0,0,0,0,wsj.net,http://wsj.net
17,10,0,0,1,0,0,0,0,False,False,0,3.6169,False,False,0.0,0,0,0,mcldns.com,http://mcldns.com
20,13,0,0,1,0,0,0,0,False,False,0,3.6842,False,False,0.0,0,0,0,pubnubapi.com,http://pubnubapi.com
25,18,0,0,1,0,0,0,0,False,False,0,3.6995,False,False,0.0,0,0,0,msftauthimages.net,http://msftauthimages.net
13,6,0,0,1,0,0,0,0,False,False,0,3.2389,False,False,0.0,0,0,0,usp.br,http://usp.br
23,16,0,0,1,0,0,0,0,False,False,0,3.584,False,False,0.0,0,0,0,digitaltarget.ru,http://digitaltarget.ru
16,9,0,0,1,0,0,0,0,False,False,0,3.375,False,False,0.0,0,0,0,shopsy.in,http://shopsy.in
18,11,0,0,1,0,0,0,0,False,False,0,3.7255,False,False,0.0,0,0,0,mariadb.org,http://mariadb.org
22,15,0,0,1,0,0,0,0,False,False,0,3.8231,False,False,0.0,0,0,0,libreoffice.org,http://libreoffice.org
25,18,0,0,1,0,0,0,0,False,False,0,4.0537,False,False,0.0,0,0,0,indianbfvideos.com,http://indianbfvideos.com
29,22,0,0,1,0,0,0,0,False,False,0,3.8833,False,False,0.0,0,0,0,nationalgeographic.com,http://nationalgeographic.com
18,11,0,0,1,0,0,0,0,False,False,0,3.7255,False,False,0.0,0,0,0,decolar.com,http://decolar.com
28,21,0,0,1,0,0,0,0,False,False,0,4.1645,False,False,0.0,0,0,0,playbattlegrounds.com,http://playbattlegrounds.com
19,12,0,0,1,0,1,0,0,False,False,0,3.5369,False,False,0.0,0,0,0,impact-ad.jp,http://impact-ad.jp
18,11,0,0,1,0,0,0,0,False,False,0,3.8366,False,False,0.0,0,0,0,parsely.com,http://parsely.com
17,10,0,0,1,0,0,0,0,False,False,0,3.3816,False,False,0.0,0,0,0,wetter.com,http://wetter.com
17,10,0,0,1,0,0,0,0,False,False,0,3.3372,False,False,0.0,0,0,0,jiveip.net,http://jiveip.net
18,11,0,0,1,0,0,0,0,False,False,0,3.8366,False,False,0.0,0,0,0,lexmark.com,http://lexmark.com
22,15,0,0,1,0,0,0,0,False,False,0,3.2222,False,False,0.0,0,0,0,everesttech.net,http://everesttech.net
20,13,0,0,1,0,0,0,0,False,False,0,3.5464,False,False,0.0,0,0,0,bluesystem.me,http://bluesystem.me
23,16,0,0,1,0,0,0,0,False,False,0,3.882,False,False,0.0,0,0,0,sportingnews.com,http://sportingnews.com
17,10,0,0,1,0,0,0,0,False,False,0,3.7345,False,False,0.0,0,0,0,uniqlo.com,http://uniqlo.com
23,16,0,0,1,0,0,0,0,False,False,0,3.7081,False,False,0.0,0,0,0,louisvuitton.com,http://louisvuitton.com
19,12,0,0,1,0,1,0,0,False,False,0,3.9321,False,False,0.0,0,0,0,rcdn-web.com,http://rcdn-web.com
16,9,0,0,1,0,0,0,0,False,False,0,3.4528,False,False,0.0,0,0,0,nabu.casa,http://nabu.casa
17,10,0,0,2,0,0,0,0,False,False,0,3.6169,False,False,0.0,0,0,0,cbl.gov.ly,http://cbl.gov.ly
18,11,0,0,1,0,0,0,0,False,False,0,3.5033,False,False,0.0,0,0,0,upstart.com,http://upstart.com
16,9,0,0,1,0,0,0,0,False,False,0,3.625,False,False,0.0,0,0,0,adingo.jp,http://adingo.jp
19,12,0,0,1,0,0,0,0,False,False,0,3.5766,False,False,0.0,0,0,0,yesstyle.com,http://yesstyle.com
18,11,0,0,1,0,0,1,0,False,False,0,3.6144,False,False,0.07142857142857142,0,0,0,2dehands.be,http://2dehands.be
18,11,0,0,1,0,0,0,0,False,False,0,3.7255,False,False,0.0,0,0,0,darkero.com,http://darkero.com
19,12,0,0,1,0,0,0,0,False,False,0,3.3211,False,False,0.0,0,0,0,justpaste.it,http://justpaste.it
22,15,0,0,1,0,0,0,0,False,False,0,3.8797,False,False,0.0,0,0,0,outbrainimg.com,http://outbrainimg.com
17,10,0,0,1,0,0,0,0,False,False,0,3.5725,False,False,0.0,0,0,0,thenai.org,http://thenai.org
16,9,0,0,1,0,0,0,0,False,False,0,3.625,False,False,0.0,0,0,0,uscis.gov,http://uscis.gov
15,8,0,0,1,0,0,1,0,False,False,0,3.3232,False,False,0.09090909090909091,0,0,0,ndm9.net,http://ndm9.net
20,13,0,0,1,0,0,0,0,False,False,0,3.7842,False,False,0.0,0,0,0,funnyjunk.com,http://funnyjunk.com
19,12,0,0,1,0,0,0,0,False,False,0,3.8269,False,False,0.0,0,0,0,learncbse.in,http://learncbse.in
18,11,0,0,1,0,0,0,0,False,False,0,3.5724,False,False,0.0,0,0,0,youtube.com,http://youtube.com
14,7,0,0,1,0,0,0,0,False,False,0,3.5216,False,False,0.0,0,0,0,flic.kr,http://flic.kr
15,8,0,0,1,0,0,0,0,False,False,0,3.5069,False,False,0.0,0,0,0,qnap.com,http://qnap.com
20,13,0,0,1,0,0,0,0,False,False,0,3.7219,False,False,0.0,0,0,0,ctripgslb.net,http://ctripgslb.net
16,9,0,0,1,0,0,0,0,False,False,0,3.5,False,False,0.0,0,0,0,google.mn,http://google.mn
30,23,0,0,1,0,2,0,0,False,False,0,3.9899,False,False,0.0,0,0,0,mobile-tracker-free.com,http://mobile-tracker-free.com
16,9,0,0,1,0,0,0,0,False,False,0,3.375,False,False,0.0,0,0,0,google.ps,http://google.ps
21,14,0,0,1,0,0,0,0,False,False,0,4.0114,False,False,0.0,0,0,0,windscribe.com,http://windscribe.com
20,13,0,0,1,0,1,0,0,False,False,0,3.6842,False,False,0.0,0,0,0,news-cdn.site,http://news-cdn.site
19,12,0,0,1,0,0,0,0,False,False,0,3.4316,False,False,0.0,0,0,0,geneanet.org,http://geneanet.org
16,9,0,0,1,0,1,0,0,False,False,0,3.4528,False,False,0.0,0,0,0,b-cdn.net,http://b-cdn.net
16,9,0,0,1,0,0,0,0,False,False,0,3.25,False,False,0.0,0,0,0,jtvnw.net,http://jtvnw.net
24,17,0,0,1,0,0,0,0,False,False,0,3.8554,False,False,0.0,0,0,0,lazybumblebee.com,http://lazybumblebee.com
17,10,0,0,1,0,0,0,0,False,False,0,3.2928,False,False,0.0,0,0,0,dnacdn.net,http://dnacdn.net
19,12,0,0,1,0,0,0,0,False,False,0,3.5111,False,False,0.0,0,0,0,llamarpc.com,http://llamarpc.com
17,10,0,0,1,0,0,0,0,False,False,0,3.4548,False,False,0.0,0,0,0,korona.net,http://korona.net
21,13,1,0,2,0,0,0,0,False,False,0,3.6538,False,False,0.0,0,0,1,roblox.com.gr,http://roblox.com.gr/
25,18,0,0,1,0,2,1,0,False,False,0,3.9239,False,True,0.05263157894736842,0,0,0,xn--mgbkt9eckr.net,http://xn--mgbkt9eckr.net
16,9,0,0,1,0,0,0,0,False,False,0,3.3278,False,False,0.0,0,0,0,zoomit.ir,http://zoomit.ir
19,12,0,0,1,0,0,0,0,False,False,0,3.5369,False,False,0.0,0,0,0,ketchcdn.com,http://ketchcdn.com
18,11,0,0,1,0,0,0,0,False,False,0,3.4194,False,False,0.0,0,0,0,vhostgo.com,http://vhostgo.com
19,12,0,0,1,0,0,0,0,False,False,0,3.6163,False,False,0.0,0,0,0,ultradns.net,http://ultradns.net
16,9,0,0,1,0,0,0,0,False,False,0,3.4528,False,False,0.0,0,0,0,deere.com,http://deere.com
14,7,0,0,1,0,0,0,0,False,False,0,3.3788,False,False,0.0,0,0,0,cfr.org,http://cfr.org
28,21,0,0,1,0,0,0,0,False,False,0,3.7499,False,False,0.0,0,0,0,assamesesexvideos.com,http://assamesesexvideos.com
16,9,0,0,1,0,0,0,0,False,False,0,3.625,False,False,0.0,0,0,0,wikia.com,http://wikia.com
18,11,0,0,1,0,0,0,0,False,False,0,3.3083,False,False,0.0,0,0,0,comcast.com,http://comcast.com
20,13,0,0,1,0,0,0,0,False,False,0,3.8842,False,False,0.0,0,0,0,mediawiki.org,http://mediawiki.org
17,10,0,0,1,0,0,0,0,False,False,0,3.1307,False,False,0.0,0,0,0,costco.com,http://costco.com
15,8,0,0,1,0,0,0,0,False,False,0,3.5069,False,False,0.0,0,0,0,nrdc.org,http://nrdc.org
19,12,0,0,1,0,0,0,0,False,False,0,3.5111,False,False,0.0,0,0,0,saveclip.app,http://saveclip.app
19,12,0,0,1,0,0,0,0,False,False,0,3.5766,False,False,0.0,0,0,0,gorgias.chat,http://gorgias.chat
30,23,0,0,1,0,0,0,0,False,False,0,3.6477,False,False,0.0,0,0,0,palmettostatearmory.com,http://palmettostatearmory.com
15,8,0,0,1,0,0,0,0,False,False,0,3.2402,False,False,0.0,0,0,0,spdns.de,http://spdns.de
18,11,0,0,1,0,0,0,0,False,False,0,3.7255,False,False,0.0,0,0,0,esper.cloud,http://esper.cloud
18,11,0,0,1,0,0,0,0,False,False,0,3.6835,False,False,0.0,0,0,0,travian.com,http://travian.com
20,13,0,0,1,0,0,0,0,False,False,0,3.7219,False,False,0.0,0,0,0,globalpay.com,http://globalpay.com
20,13,0,0,1,0,0,0,0,False,False,0,3.4464,False,False,0.0,0,0,0,pushwoosh.com,http://pushwoosh.com
22,15,0,0,1,0,0,0,0,False,False,0,3.6069,False,False,0.0,0,0,0,ioriveredge.net,http://ioriveredge.net
17,10,0,0,1,0,0,0,0,False,False,0,3.3372,False,False,0.0,0,0,0,oneget.org,http://oneget.org
20,13,0,0,2,0,0,0,0,False,False,0,3.9219,False,False,0.0,0,0,0,ndmais.com.br,http://ndmais.com.br
14,7,0,0,1,0,0,0,0,False,False,0,3.5216,False,False,0.0,0,0,0,idos.cz,http://idos.cz
18,11,0,0,1,0,0,0,0,False,False,0,3.8366,False,False,0.0,0,0,0,aniview.com,http://aniview.com
16,9,0,0,1,0,0,0,0,False,False,0,3.2028,False,False,0.0,0,0,0,match.com,http://match.com
20,13,0,0,1,0,0,0,0,False,False,0,3.6842,False,False,0.0,0,0,0,higgsfield.ai,http://higgsfield.ai
23,16,0,0,1,0,0,0,0,False,False,0,3.8492,False,False,0.0,0,0,0,westernunion.com,http://westernunion.com
17,10,0,0,1,0,0,0,0,False,False,0,3.4992,False,False,0.0,0,0,0,adscale.de,http://adscale.de
27,19,1,0,2,1,0,4,0,False,False,0,3.8562,False,False,0.2222222222222222,0,0,1,netlify.app,http://rob2222.netlify.app/
19,12,0,0,1,0,0,2,0,False,False,0,3.7871,False,False,0.14285714285714285,0,0,0,20minutos.es,http://20minutos.es
18,11,0,0,1,0,0,0,0,False,False,0,3.8366,False,False,0.0,0,0,0,viglink.com,http://viglink.com
21,14,0,0,1,0,0,0,0,False,False,0,3.749,False,False,0.0,0,0,0,dropboxapi.com,http://dropboxapi.com
14,7,0,0,1,0,0,0,0,False,False,0,3.5216,False,False,0.0,0,0,0,syr.edu,http://syr.edu
14,7,0,0,1,0,0,0,0,False,False,0,3.3788,False,False,0.0,0,0,0,yuga.ru,http://yuga.ru
19,12,0,0,1,0,0,1,0,False,False,0,3.7871,False,False,0.06666666666666667,0,0,0,qvdt3feo.com,http://qvdt3feo.com
16,9,0,0,1,0,0,0,0,False,False,0,3.375,False,False,0.0,0,0,0,micpn.com,http://micpn.com
22,15,0,0,2,0,0,0,0,False,False,0,4.0049,False,False,0.0,0,0,0,drogasil.com.br,http://drogasil.com.br
33,26,0,0,1,0,0,0,0,False,False,0,3.9424,False,False,0.0,0,0,0,pendingrenewaldeletion.com,http://pendingrenewaldeletion.com
17,10,0,0,1,0,0,0,0,False,False,0,3.3372,False,False,0.0,0,0,0,coppel.com,http://coppel.com
20,13,0,0,1,0,0,0,0,False,False,0,4.0219,False,False,0.0,0,0,0,boulanger.com,http://boulanger.com
22,15,0,0,2,0,1,2,0,False,False,0,4.0958,False,False,0.13333333333333333,0,0,0,awsdns-54.co.uk,http://awsdns-54.co.uk
27,20,0,0,1,0,0,0,0,False,False,0,3.8282,False,False,0.0,0,0,0,foggymorningmist.com,http://foggymorningmist.com
16,9,0,0,2,0,0,0,0,False,False,0,3.375,False,False,0.0,0,0,0,qq.com.cn,http://qq.com.cn
22,15,0,0,1,0,0,0,0,False,False,0,3.6412,False,False,0.0,0,0,0,kryptex.network,http://kryptex.network
22,15,0,0,1,0,0,0,0,False,False,0,3.7888,False,False,0.0,0,0,0,hostingradio.ru,http://hostingradio.ru
15,8,0,0,1,0,0,0,0,False,False,0,3.3232,False,False,0.0,0,0,0,bata.com,http://bata.com
18,11,0,0,1,0,1,0,0,False,False,0,3.4194,False,False,0.0,0,0,0,gree-pf.net,http://gree-pf.net
18,11,0,0,1,0,0,0,0,False,False,0,3.7947,False,False,0.0,0,0,0,rtbwise.com,http://rtbwise.com
18,11,0,0,1,0,0,0,0,False,False,0,3.4613,False,False,0.0,0,0,0,datadome.co,http://datadome.co
17,10,0,0,1,0,0,0,0,False,False,0,3.4548,False,False,0.0,0,0,0,fstr.rocks,http://fstr.rocks
25,18,0,0,1,0,0,0,0,False,False,0,3.8937,False,False,0.0,0,0,0,bdtelemetry.amazon,http://bdtelemetry.amazon
18,11,0,0,1,0,0,0,0,False,False,0,3.8366,False,False,0.0,0,0,0,wolvden.com,http://wolvden.com
20,13,0,0,1,0,0,0,0,False,False,0,3.4842,False,False,0.0,0,0,0,freeporno.xxx,http://freeporno.xxx
12,5,0,0,1,0,0,0,0,False,False,0,3.2516,False,False,0.0,0,0,0,fr.de,http://fr.de
13,6,0,0,1,0,0,0,0,False,False,0,3.2389,False,False,0.0,0,0,0,uio.no,http://uio.no
12,5,0,0,1,0,0,0,0,False,False,0,3.085,False,False,0.0,0,0,0,eu.cc,http://eu.cc
21,14,0,0,1,0,0,0,0,False,False,0,3.9754,False,False,0.0,0,0,0,adobelogin.com,http://adobelogin.com
16,9,0,0,1,0,0,0,0,False,False,0,3.4528,False,False,0.0,0,0,0,tiava.com,http://tiava.com
22,15,0,0,1,0,0,0,0,False,False,0,3.6978,False,False,0.0,0,0,0,pornolandia.xxx,http://pornolandia.xxx
27,20,0,0,1,0,1,0,0,False,False,0,4.0603,False,False,0.0,0,0,0,aliexpress-media.com,http://aliexpress-media.com
16,9,0,0,1,0,0,0,0,False,False,0,3.4528,False,False,0.0,0,0,0,bgtee.com,http://bgtee.com
22,15,0,0,1,0,0,0,0,False,False,0,3.7888,False,False,0.0,0,0,0,redditspace.com,http://redditspace.com
16,9,0,0,1,0,1,0,0,False,False,0,3.4528,False,False,0.0,0,0,0,mts-nn.ru,http://mts-nn.ru
19,12,0,0,1,0,0,0,0,False,False,0,3.6819,False,False,0.0,0,0,0,military.com,http://military.com
23,16,0,0,1,0,0,0,0,False,False,0,3.7951,False,False,0.0,0,0,0,freshservice.com,http://freshservice.com
16,9,0,0,1,0,0,0,0,False,False,0,3.1556,False,False,0.0,0,0,0,rutube.ru,http://rutube.ru
26,19,0,0,1,0,0,0,0,False,False,0,3.9312,False,False,0.0,0,0,0,marksandspencer.com,http://marksandspencer.com
29,22,0,0,1,0,1,0,0,False,False,0,3.8925,False,False,0.0,0,0,0,minecraft-services.net,http://minecraft-services.net
18,11,0,0,2,0,0,0,0,False,False,0,3.5724,False,False,0.0,0,0,0,tpgi.com.au,http://tpgi.com.au
21,14,0,0,1,0,0,0,0,False,False,0,3.6897,False,False,0.0,0,0,0,googlemail.com,http://googlemail.com
24,17,0,0,1,0,0,0,0,False,False,0,3.6368,False,False,0.0,0,0,0,huffingtonpost.jp,http://huffingtonpost.jp
19,12,0,0,1,0,0,0,0,False,False,0,3.5766,False,False,0.0,0,0,0,muscache.com,http://muscache.com
17,10,0,0,1,0,0,0,0,False,False,0,3.6901,False,False,0.0,0,0,0,tinder.com,http://tinder.com
18,11,0,0,2,0,0,0,0,False,False,0,3.5724,False,False,0.0,0,0,0,bisp.gov.pk,http://bisp.gov.pk
16,9,0,0,1,0,0,0,0,False,False,0,3.3278,False,False,0.0,0,0,0,piwik.pro,http://piwik.pro
21,14,0,0,2,0,0,0,0,False,False,0,3.8802,False,False,0.0,0,0,0,surabaya.go.id,http://surabaya.go.id
14,7,0,0,1,0,0,1,0,False,False,0,3.5216,False,False,0.1,0,0,0,1drv.ms,http://1drv.ms
16,9,0,0,1,0,1,0,0,False,False,0,3.5,False,False,0.0,0,0,0,no-ip.com,http://no-ip.com
21,14,0,0,1,0,0,0,0,False,False,0,3.6538,False,False,0.0,0,0,0,slideshare.net,http://slideshare.net
21,14,0,0,1,0,0,0,0,False,False,0,3.9161,False,False,0.0,0,0,0,dbankcloud.com,http://dbankcloud.com
30,23,0,0,1,0,1,0,0,False,False,0,4.0062,False,False,0.0,0,0,0,online-reservations.com,http://online-reservations.com
18,11,0,0,1,0,0,0,0,False,False,0,3.5724,False,False,0.0,0,0,0,immowelt.de,http://immowelt.de
23,16,0,0,1,0,0,0,0,False,False,0,3.9149,False,False,0.0,0,0,0,samsungcloud.com,http://samsungcloud.com
15,8,0,0,1,0,0,0,0,False,False,0,3.5069,False,False,0.0,0,0,0,jav.guru,http://jav.guru
18,11,0,0,1,0,0,0,0,False,False,0,3.5033,False,False,0.0,0,0,0,ratkojat.fi,http://ratkojat.fi
20,13,0,0,2,0,0,0,0,False,False,0,3.6842,False,False,0.0,0,0,0,gmarket.co.kr,http://gmarket.co.kr
23,16,0,0,1,0,0,1,0,False,False,0,4.056,False,False,0.05263157894736842,0,0,0,jet2holidays.com,http://jet2holidays.com
18,11,0,0,1,0,0,0,0,False,False,0,3.3502,False,False,0.0,0,0,0,paymaya.com,http://paymaya.com
21,14,0,0,2,0,0,0,0,False,False,0,3.8209,False,False,0.0,0,0,0,infoseek.co.jp,http://infoseek.co.jp
19,12,0,0,1,0,0,0,0,False,False,0,3.6163,False,False,0.0,0,0,0,colorado.gov,http://colorado.gov
22,15,0,0,1,0,0,0,0,False,False,0,4.0049,False,False,0.0,0,0,0,newrepublic.com,http://newrepublic.com
16,9,0,0,1,0,0,0,0,False,False,0,3.625,False,False,0.0,0,0,0,aabdw.com,http://aabdw.com
16,9,0,0,1,0,0,0,0,False,False,0,3.375,False,False,0.0,0,0,0,ricoh.com,http://ricoh.com
20,13,0,0,1,0,0,0,0,False,False,0,3.6464,False,False,0.0,0,0,0,firwinds.site,http://firwinds.site
20,13,0,0,1,0,0,0,0,False,False,0,3.9219,False,False,0.0,0,0,0,iqgamehub.com,http://iqgamehub.com
20,13,0,0,1,0,0,0,0,False,False,0,3.9219,False,False,0.0,0,0,0,bongdaplus.vn,http://bongdaplus.vn
27,18,1,0,2,0,1,0,0,False,False,0,3.8282,False,False,0.0,0,0,1,whotsapp-web.hl.cn,https://whotsapp-web.hl.cn/
22,15,0,0,1,0,0,0,0,False,False,0,3.6635,False,False,0.0,0,0,0,siftscience.com,http://siftscience.com
16,9,0,0,1,0,0,0,0,False,False,0,3.2806,False,False,0.0,0,0,0,kzhi.tech,http://kzhi.tech
18,11,0,0,1,0,0,0,0,False,False,0,3.3083,False,False,0.0,0,0,0,nexcess.net,http://nexcess.net
14,7,0,0,1,0,0,0,0,False,False,0,3.5216,False,False,0.0,0,0,0,sba.gov,http://sba.gov
22,15,0,0,1,0,1,0,0,False,False,0,3.6635,False,False,0.0,0,0,0,s-microsoft.com,http://s-microsoft.com
21,14,0,0,1,0,0,0,0,False,False,0,3.5352,False,False,0.0,0,0,0,greenpeace.org,http://greenpeace.org
25,18,0,0,1,0,0,0,0,False,False,0,3.8137,False,False,0.0,0,0,0,pointclickcare.com,http://pointclickcare.com
22,15,0,0,1,0,0,0,0,False,False,0,3.6069,False,False,0.0,0,0,0,theregister.com,http://theregister.com
14,7,0,0,1,0,0,0,0,False,False,0,3.3788,False,False,0.0,0,0,0,idc.com,http://idc.com
25,18,0,0,1,0,0,0,0,False,False,0,3.9737,False,False,0.0,0,0,0,albumoftheyear.org,http://albumoftheyear.org
21,14,0,0,1,0,0,0,0,False,False,0,3.7849,False,False,0.0,0,0,0,browsiprod.com,http://browsiprod.com
14,7,0,0,1,0,0,0,0,False,False,0,3.5216,False,False,0.0,0,0,0,afun.mx,http://afun.mx
20,13,0,0,1,0,0,0,0,False,False,0,3.7219,False,False,0.0,0,0,0,ecombdapi.com,http://ecombdapi.com
16,9,0,0,1,0,0,0,0,False,False,0,3.375,False,False,0.0,0,0,0,missav.ai,http://missav.ai
13,6,0,0,1,0,0,0,0,False,False,0,3.1808,False,False,0.0,0,0,0,it.com,http://it.com
21,14,0,0,1,0,0,0,0,False,False,0,3.4992,False,False,0.0,0,0,0,biobiochile.cl,http://biobiochile.cl
20,13,0,0,1,0,0,0,0,False,False,0,3.8842,False,False,0.0,0,0,0,skyhigh.cloud,http://skyhigh.cloud
25,18,0,0,1,0,1,0,0,False,False,0,3.7835,False,False,0.0,0,0,0,router-network.com,http://router-network.com
21,14,0,0,1,0,0,0,0,False,False,0,3.9161,False,False,0.0,0,0,0,publicnode.com,http://publicnode.com
16,9,0,0,1,0,0,0,0,False,False,0,3.625,False,False,0.0,0,0,0,wskam.com,http://wskam.com
20,13,0,0,1,0,0,0,0,False,False,0,3.6842,False,False,0.0,0,0,0,rosenergo.com,http://rosenergo.com
21,14,0,0,2,0,0,0,0,False,False,0,3.9161,False,False,0.0,0,0,0,xvideo.vlog.br,http://xvideo.vlog.br
14,7,0,0,1,0,0,0,0,False,False,0,3.2359,False,False,0.0,0,0,0,shmu.sk,http://shmu.sk
21,14,0,0,2,0,0,0,0,False,False,0,3.6897,False,False,0.0,0,0,0,redtube.com.br,http://redtube.com.br
21,14,0,0,1,0,0,0,0,False,False,0,3.6538,False,False,0.0,0,0,0,giantpanda.com,http://giantpanda.com
18,11,0,0,1,0,0,0,0,False,False,0,3.6144,False,False,0.0,0,0,0,linkmake.in,http://linkmake.in
19,12,0,0,1,0,0,0,0,False,False,0,3.7871,False,False,0.0,0,0,0,freewebs.com,http://freewebs.com
18,11,0,0,1,0,0,0,0,False,False,0,3.6144,False,False,0.0,0,0,0,moviebox.ph,http://moviebox.ph
21,14,0,0,1,0,1,1,0,False,False,0,3.7849,False,False,0.0625,0,0,0,lemon8-app.com,http://lemon8-app.com
14,7,0,0,1,0,0,0,0,False,False,0,3.5216,False,False,0.0,0,0,0,imf.org,http://imf.org
17,10,0,0,1,0,0,0,0,False,False,0,3.7345,False,False,0.0,0,0,0,fiverr.com,http://fiverr.com
15,8,0,0,1,0,0,0,0,False,False,0,3.6402,False,False,0.0,0,0,0,faqs.org,http://faqs.org
18,11,0,0,1,0,0,0,0,False,False,0,3.7255,False,False,0.0,0,0,0,aiscore.com,http://aiscore.com
18,11,0,0,1,0,0,2,0,False,False,0,3.5724,False,False,0.15384615384615385,0,0,0,hentai20.io,http://hentai20.io
13,6,0,0,1,0,0,0,0,False,False,0,3.2389,False,False,0.0,0,0,0,osf.io,http://osf.io
16,9,0,0,1,0,0,0,0,False,False,0,3.4528,False,False,0.0,0,0,0,fbcdn.net,http://fbcdn.net
20,13,0,0,1,0,0,0,0,False,False,0,3.7219,False,False,0.0,0,0,0,alaskaair.com,http://alaskaair.com
22,15,0,0,1,0,0,0,0,False,False,0,3.8797,False,False,0.0,0,0,0,pornobrasil.com,http://pornobrasil.com
17,10,0,0,1,0,0,0,0,False,False,0,3.4992,False,False,0.0,0,0,0,kompas.com,http://kompas.com
15,8,0,0,1,0,0,0,0,False,False,0,3.5069,False,False,0.0,0,0,0,dish.com,http://dish.com
20,13,0,0,1,0,1,0,0,False,False,0,3.7842,False,False,0.0,0,0,0,azure-dns.net,http://azure-dns.net
17,10,0,0,1,0,0,0,0,False,False,0,3.4548,False,False,0.0,0,0,0,tkmaxx.com,http://tkmaxx.com
14,7,0,0,1,0,0,0,0,False,False,0,3.2359,False,False,0.0,0,0,0,rshb.ru,http://rshb.ru
17,10,0,0,1,0,0,0,0,False,False,0,3.6169,False,False,0.0,0,0,0,mpsuadv.ru,http://mpsuadv.ru
23,16,0,0,1,0,1,0,0,False,False,0,3.4358,False,False,0.0,0,0,0,hardened-php.net,http://hardened-php.net
19,12,0,0,1,0,0,0,0,False,False,0,3.5111,False,False,0.0,0,0,0,symphony.com,http://symphony.com
18,11,0,0,1,0,0,0,0,False,False,0,3.128,False,False,0.0,0,0,0,xnxxsex.net,http://xnxxsex.net
21,14,0,0,1,0,0,0,0,False,False,0,3.7849,False,False,0.0,0,0,0,buchstaben.com,http://buchstaben.com
18,11,0,0,1,0,0,0,0,False,False,0,3.5305,False,False,0.0,0,0,0,appnext.com,http://appnext.com
18,11,0,0,1,0,0,0,0,False,False,0,3.5724,False,False,0.0,0,0,0,yummyani.me,http://yummyani.me
21,14,0,0,1,0,0,0,0,False,False,0,3.5352,False,False,0.0,0,0,0,trovaprezzi.it,http://trovaprezzi.it
16,9,0,0,1,0,0,0,0,False,False,0,3.625,False,False,0.0,0,0,0,hdslb.com,http://hdslb.com
14,7,0,0,1,0,0,0,0,False,False,0,3.0931,False,False,0.0,0,0,0,att.com,http://att.com
19,12,0,0,1,0,0,0,0,False,False,0,3.6421,False,False,0.0,0,0,0,meteociel.fr,http://meteociel.fr
18,11,0,0,1,0,0,0,0,False,False,0,3.4613,False,False,0.0,0,0,0,netperf.org,http://netperf.org
20,13,0,0,1,0,0,0,0,False,False,0,4.0219,False,False,0.0,0,0,0,liquidweb.com,http://liquidweb.com
22,15,0,0,1,0,0,0,0,False,False,0,3.914,False,False,0.0,0,0,0,vanguardngr.com,http://vanguardngr.com
22,15,0,0,1,0,0,0,0,False,False,0,3.6978,False,False,0.0,0,0,0,theporndude.com,http://theporndude.com
18,11,0,0,1,0,0,0,0,False,False,0,3.9477,False,False,0.0,0,0,0,adsurge.com,http://adsurge.com
16,9,0,0,1,0,0,0,0,False,False,0,3.4528,False,False,0.0,0,0,0,linktr.ee,http://linktr.ee
19,12,0,0,1,0,0,0,0,False,False,0,3.7871,False,False,0.0,0,0,0,netfirms.com,http://netfirms.com
15,8,0,0,1,0,0,0,0,False,False,0,3.2402,False,False,0.0,0,0,0,pki.goog,http://pki.goog
19,12,0,0,1,0,0,0,0,False,False,0,3.5369,False,False,0.0,0,0,0,mimecast.com,http://mimecast.com
22,15,0,0,1,0,0,0,0,False,False,0,3.6635,False,False,0.0,0,0,0,frontiersin.org,http://frontiersin.org
18,11,0,0,1,0,0,1,0,False,False,0,3.5724,False,False,0.07142857142857142,0,0,0,cdnhwc3.com,http://cdnhwc3.com
21,14,0,0,1,0,1,0,0,False,False,0,3.6304,False,False,0.0,0,0,0,tns-counter.ru,http://tns-counter.ru
21,14,0,0,1,0,0,0,0,False,False,0,3.7849,False,False,0.0,0,0,0,wallpapers.com,http://wallpapers.com
17,10,0,0,1,0,0,0,0,False,False,0,3.1019,False,False,0.0,0,0,0,komoot.com,http://komoot.com
19,12,0,0,1,0,0,0,0,False,False,0,3.4058,False,False,0.0,0,0,0,opentext.com,http://opentext.com
20,13,0,0,2,0,0,0,0,False,False,0,3.5842,False,False,0.0,0,0,0,patria.org.ve,http://patria.org.ve
26,19,0,0,1,0,0,0,0,False,False,0,3.8441,False,False,0.0,0,0,0,yaoimangaonline.com,http://yaoimangaonline.com
15,8,0,0,1,0,0,0,0,False,False,0,3.3232,False,False,0.0,0,0,0,tivo.com,http://tivo.com
17,10,0,0,1,0,0,0,0,False,False,0,3.4548,False,False,0.0,0,0,0,action.com,http://action.com
20,13,0,0,1,0,0,0,0,False,False,0,3.6842,False,False,0.0,0,0,0,princeton.edu,http://princeton.edu
20,13,0,0,1,0,0,0,0,False,False,0,3.7842,False,False,0.0,0,0,0,livekit.cloud,http://livekit.cloud
17,10,0,0,1,0,0,0,0,False,False,0,3.6169,False,False,0.0,0,0,0,pemsrv.com,http://pemsrv.com
48,40,1,0,2,1,5,4,0,False,False,0,4.5042,False,False,0.11764705882352941,0,0,1,pages.dev,http://sp22ct-zamel-biz-loru-kemu-17o.pages.dev/
18,11,0,0,1,0,0,0,0,False,False,0,3.7255,False,False,0.0,0,0,0,musinsa.com,http://musinsa.com
18,11,0,0,1,0,0,0,0,False,False,0,3.6144,False,False,0.0,0,0,0,semrush.com,http://semrush.com
34,21,5,0,2,1,0,6,0,False,False,0,4.4404,False,False,0.2727272727272727,1,0,1,duckdns.org,https://vmi523165.duckdns.org/cff/
21,14,0,0,1,0,0,0,0,False,False,0,3.749,False,False,0.0,0,0,0,samehadaku.how,http://samehadaku.how
21,14,0,0,1,0,1,0,0,False,False,0,3.6538,False,False,0.0,0,0,0,ci-servers.net,http://ci-servers.net
18,11,0,0,2,0,0,0,0,False,False,0,3.8366,False,False,0.0,0,0,0,news.com.au,http://news.com.au
52,17,27,0,3,1,0,12,0,False,False,0,4.5824,False,False,0.375,3,0,1,roblox.com.am,https://www.roblox.com.am/users/245289165572/profile
22,15,0,0,1,0,0,3,0,False,False,0,3.914,False,False,0.1875,0,0,0,nikkei225jp.com,http://nikkei225jp.com
16,9,0,0,1,0,0,0,0,False,False,0,3.375,False,False,0.0,0,0,0,google.ie,http://google.ie
16,9,0,0,1,0,0,0,0,False,False,0,3.4528,False,False,0.0,0,0,0,globo.com,http://globo.com
15,8,0,0,1,0,0,0,0,False,False,0,3.5069,False,False,0.0,0,0,0,mail.com,http://mail.com
13,6,0,0,1,0,0,0,0,False,False,0,3.3927,False,False,0.0,0,0,0,us.org,http://us.org
21,14,0,0,1,0,0,0,0,False,False,0,3.6897,False,False,0.0,0,0,0,mastercard.com,http://mastercard.com
20,13,0,0,1,0,0,0,0,False,False,0,3.8842,False,False,0.0,0,0,0,sexalarab.com,http://sexalarab.com
14,7,0,0,1,0,0,0,0,False,False,0,3.3788,False,False,0.0,0,0,0,mfms.ru,http://mfms.ru
17,10,0,0,1,0,0,0,0,False,False,0,3.6901,False,False,0.0,0,0,0,trulia.com,http://trulia.com
21,14,0,0,1,0,1,0,0,False,False,0,3.4273,False,False,0.0,0,0,0,chichi-pui.com,http://chichi-pui.com
17,10,0,0,1,0,0,0,0,False,False,0,3.4104,False,False,0.0,0,0,0,lnkdns.net,http://lnkdns.net
29,22,0,0,1,0,0,0,0,False,False,0,3.8404,False,False,0.0,0,0,0,capitaloneshopping.com,http://capitaloneshopping.com
23,16,0,0,1,0,0,0,0,False,False,0,3.7951,False,False,0.0,0,0,0,qatarairways.com,http://qatarairways.com
14,7,0,0,1,0,0,0,0,False,False,0,3.5216,False,False,0.0,0,0,0,cia.gov,http://cia.gov
20,13,0,0,1,0,1,2,0,False,False,0,3.7842,False,False,0.14285714285714285,0,0,0,awsdns-48.net,http://awsdns-48.net
22,15,0,0,1,0,0,0,0,False,False,0,3.6069,False,False,0.0,0,0,0,quickconnect.to,http://quickconnect.to
13,6,0,0,1,0,0,0,0,False,False,0,3.2389,False,False,0.0,0,0,0,voz.vn,http://voz.vn
12,5,0,0,1,0,0,0,0,False,False,0,2.8554,False,False,0.0,0,0,0,hh.ru,http://hh.ru
13,6,0,0,1,0,0,0,0,False,False,0,3.027,False,False,0.0,0,0,0,ok.xxx,http://ok.xxx
12,5,0,0,1,0,0,0,0,False,False,0,3.085,False,False,0.0,0,0,0,rg.ru,http://rg.ru
18,11,0,0,1,0,0,0,0,False,False,0,3.3921,False,False,0.0,0,0,0,timeout.com,http://timeout.com
26,19,0,0,1,0,0,0,0,False,False,0,3.9022,False,False,0.0,0,0,0,libertaddigital.com,http://libertaddigital.com
21,14,0,0,1,0,0,0,0,False,False,0,3.8209,False,False,0.0,0,0,0,demandbase.com,http://demandbase.com
17,10,0,0,1,0,0,0,0,False,False,0,3.2639,False,False,0.0,0,0,0,equant.net,http://equant.net
15,8,0,0,1,0,0,0,0,False,False,0,3.5069,False,False,0.0,0,0,0,qlogo.cn,http://qlogo.cn
17,10,0,0,1,0,0,0,0,False,False,0,3.7345,False,False,0.0,0,0,0,lwsdns.com,http://lwsdns.com
16,9,0,0,1,0,0,0,0,False,False,0,3.3278,False,False,0.0,0,0,0,google.mg,http://google.mg
16,9,0,0,2,0,0,0,0,False,False,0,3.375,False,False,0.0,0,0,0,jra.go.jp,http://jra.go.jp
22,15,0,0,1,0,1,0,0,False,False,0,4.0958,False,False,0.0,0,0,0,dns-parking.com,http://dns-parking.com
22,15,0,0,1,0,0,0,0,False,False,0,3.9706,False,False,0.0,0,0,0,mobiledokan.com,http://mobiledokan.com
20,13,0,0,1,0,0,0,0,False,False,0,3.2037,False,False,0.0,0,0,0,toroporno.com,http://toroporno.com
20,13,0,0,1,0,1,0,0,False,False,0,3.3842,False,False,0.0,0,0,0,coca-cola.com,http://coca-cola.com
18,11,0,0,1,0,0,0,0,False,False,0,3.6835,False,False,0.0,0,0,0,signalr.net,http://signalr.net
14,7,0,0,1,0,0,0,0,False,False,0,3.182,False,False,0.0,0,0,0,tpmn.io,http://tpmn.io
16,9,0,0,1,0,0,0,0,False,False,0,3.625,False,False,0.0,0,0,0,bible.com,http://bible.com
17,10,0,0,1,0,0,0,0,False,False,0,3.4548,False,False,0.0,0,0,0,kakaku.com,http://kakaku.com
22,15,0,0,1,0,0,3,0,False,False,0,3.6978,False,False,0.1875,0,0,0,cdnhwcuwd107.cn,http://cdnhwcuwd107.cn
15,8,0,0,1,0,0,0,0,False,False,0,3.5069,False,False,0.0,0,0,0,ning.com,http://ning.com
18,11,0,0,1,0,0,0,0,False,False,0,3.7255,False,False,0.0,0,0,0,amplreq.com,http://amplreq.com
17,10,0,0,2,0,0,0,0,False,False,0,3.3372,False,False,0.0,0,0,0,gdt.gov.vn,http://gdt.gov.vn
17,10,0,0,1,0,1,0,0,False,False,0,3.3816,False,False,0.0,0,0,0,dot-st.com,http://dot-st.com
15,8,0,0,1,0,0,1,0,False,False,0,3.5069,False,False,0.09090909090909091,0,0,0,0xrpc.io,http://0xrpc.io
16,9,0,0,1,0,0,0,0,False,False,0,3.625,False,False,0.0,0,0,0,xsmn.mobi,http://xsmn.mobi
21,7,6,0,1,0,0,0,0,False,False,0,3.4992,False,False,0.0,1,0,1,lnk.ink,https://lnk.ink/PKKdV
20,13,0,0,1,0,0,0,0,False,False,0,3.5464,False,False,0.0,0,0,0,polsatnews.pl,http://polsatnews.pl
13,6,0,0,1,0,0,0,0,False,False,0,3.2389,False,False,0.0,0,0,0,dns.jp,http://dns.jp
20,13,0,0,1,0,0,1,0,False,False,0,3.9842,False,False,0.0625,0,0,0,star4live.com,http://star4live.com
18,11,0,0,1,0,0,0,0,False,False,0,3.4613,False,False,0.0,0,0,0,xhbox.today,http://xhbox.today
43,35,1,0,2,1,3,3,0,False,False,0,4.3442,False,False,0.09375,0,0,1,pages.dev,http://gfytvd-wiyn-np4qjd-g9ewg7.pages.dev/
20,13,0,0,1,0,0,0,0,False,False,0,3.5842,False,False,0.0,0,0,0,europepmc.org,http://europepmc.org
19,12,0,0,2,0,0,0,0,False,False,0,3.7216,False,False,0.0,0,0,0,bihar.gov.in,http://bihar.gov.in
18,11,0,0,1,0,0,0,0,False,False,0,3.6144,False,False,0.0,0,0,0,revolve.com,http://revolve.com
22,15,0,0,1,0,0,0,0,False,False,0,3.8797,False,False,0.0,0,0,0,crowdstrike.com,http://crowdstrike.com
22,15,0,0,1,0,0,0,0,False,False,0,3.7544,False,False,0.0,0,0,0,echostarcdn.com,http://echostarcdn.com
17,10,0,0,1,0,0,0,0,False,False,0,3.4548,False,False,0.0,0,0,0,ctmail.com,http://ctmail.com
23,16,0,0,2,0,1,0,0,False,False,0,3.969,False,False,0.0,0,0,0,st-andrews.ac.uk,http://st-andrews.ac.uk
19,12,0,0,2,0,0,0,0,False,False,0,3.5766,False,False,0.0,0,0,0,lazada.co.id,http://lazada.co.id
27,20,0,0,1,0,2,0,0,False,False,0,3.9582,False,False,0.0,0,0,0,app-ads-services.com,http://app-ads-services.com
25,18,0,0,1,0,0,0,0,False,False,0,3.7337,False,False,0.0,0,0,0,trafficmanager.net,http://trafficmanager.net
17,10,0,0,1,0,0,0,0,False,False,0,3.3372,False,False,0.0,0,0,0,movetv.com,http://movetv.com
14,7,0,0,1,0,0,0,0,False,False,0,3.2359,False,False,0.0,0,0,0,irna.ir,http://irna.ir
21,14,0,0,1,0,0,0,0,False,False,0,3.9754,False,False,0.0,0,0,0,mobiledokan.co,http://mobiledokan.co
20,13,0,0,1,0,0,0,0,False,False,0,3.5842,False,False,0.0,0,0,0,macrumors.com,http://macrumors.com
19,12,0,0,1,0,0,0,0,False,False,0,3.6819,False,False,0.0,0,0,0,tinypass.com,http://tinypass.com
27,20,0,0,1,0,1,0,0,False,False,0,4.1805,False,False,0.0,0,0,0,bytefcdn-oversea.com,http://bytefcdn-oversea.com
18,11,0,0,1,0,0,0,0,False,False,0,3.7255,False,False,0.0,0,0,0,olympic.org,http://olympic.org
14,7,0,0,1,0,0,1,0,False,False,0,3.3788,False,False,0.1,0,0,0,eye4.cn,http://eye4.cn
15,8,0,0,1,0,0,1,0,False,False,0,3.6402,False,False,0.09090909090909091,0,0,0,nya2.com,http://nya2.com
17,10,0,0,1,0,0,0,0,False,False,0,3.7345,False,False,0.0,0,0,0,marvel.com,http://marvel.com
15,8,0,0,1,0,0,0,0,False,False,0,2.9996,False,False,0.0,0,0,0,ztat.net,http://ztat.net
22,15,0,0,2,0,1,2,0,False,False,0,4.0958,False,False,0.13333333333333333,0,0,0,awsdns-46.co.uk,http://awsdns-46.co.uk
19,12,0,0,1,0,0,0,0,False,False,0,3.6819,False,False,0.0,0,0,0,thenkiri.com,http://thenkiri.com
17,10,0,0,1,0,1,0,0,False,False,0,3.5725,False,False,0.0,0,0,0,cdn-vk.net,http://cdn-vk.net
19,12,0,0,1,0,0,0,0,False,False,0,3.8269,False,False,0.0,0,0,0,jiosaavn.com,http://jiosaavn.com
27,20,0,0,1,0,0,0,0,False,False,0,4.0603,False,False,0.0,0,0,0,capitalonegslbex.com,http://capitalonegslbex.com
19,12,0,0,1,0,0,0,0,False,False,0,3.6819,False,False,0.0,0,0,0,buzzoola.com,http://buzzoola.com
30,23,0,0,2,0,0,0,0,False,False,0,3.9484,False,False,0.0,0,0,0,drogariasaopaulo.com.br,http://drogariasaopaulo.com.br
23,16,0,0,1,0,0,0,0,False,False,0,3.5014,False,False,0.0,0,0,0,ojogodobicho.com,http://ojogodobicho.com
28,20,1,0,2,1,0,3,0,False,False,0,4.0391,False,False,0.15,0,0,1,icefactory.cl,http://c089be.icefactory.cl/
16,9,0,0,1,0,0,0,0,False,False,0,3.625,False,False,0.0,0,0,0,scw.cloud,http://scw.cloud
21,14,0,0,1,0,0,0,0,False,False,0,3.6304,False,False,0.0,0,0,0,teamstoday.com,http://teamstoday.com
18,11,0,0,1,0,0,0,0,False,False,0,3.8366,False,False,0.0,0,0,0,pagesix.com,http://pagesix.com
18,11,0,0,1,0,0,0,0,False,False,0,3.7255,False,False,0.0,0,0,0,roskazna.ru,http://roskazna.ru
16,9,0,0,1,0,0,0,0,False,False,0,3.375,False,False,0.0,0,0,0,google.ae,http://google.ae
17,10,0,0,1,0,0,0,0,False,False,0,3.3816,False,False,0.0,0,0,0,beebom.com,http://beebom.com
13,6,0,0,1,0,0,0,0,False,False,0,3.3927,False,False,0.0,0,0,0,fb.com,http://fb.com
28,21,0,0,1,0,0,0,0,False,False,0,3.7979,False,False,0.0,0,0,0,pornogratisdiario.com,http://pornogratisdiario.com
20,13,0,0,1,0,0,0,0,False,False,0,3.5087,False,False,0.0,0,0,0,aljazeera.net,http://aljazeera.net
18,11,0,0,1,0,0,0,0,False,False,0,3.5724,False,False,0.0,0,0,0,clickup.com,http://clickup.com
20,13,0,0,1,0,0,0,0,False,False,0,3.7219,False,False,0.0,0,0,0,overdrive.com,http://overdrive.com
21,14,0,0,1,0,0,0,0,False,False,0,3.6538,False,False,0.0,0,0,0,liveperson.net,http://liveperson.net
17,10,0,0,1,0,0,0,0,False,False,0,3.6169,False,False,0.0,0,0,0,libpng.org,http://libpng.org
14,7,0,0,1,0,0,0,0,False,False,0,3.2359,False,False,0.0,0,0,0,oup.com,http://oup.com
21,14,0,0,1,0,0,0,0,False,False,0,3.8209,False,False,0.0,0,0,0,shutterfly.com,http://shutterfly.com
22,15,0,0,1,0,0,0,0,False,False,0,3.8231,False,False,0.0,0,0,0,firstbytedns.ru,http://firstbytedns.ru
17,10,0,0,1,0,0,2,0,False,False,0,3.6169,False,False,0.16666666666666666,0,0,0,91porn.com,http://91porn.com
19,12,0,0,1,0,0,0,0,False,False,0,3.6819,False,False,0.0,0,0,0,reserved.com,http://reserved.com
19,12,0,0,2,0,0,0,0,False,False,0,3.4714,False,False,0.0,0,0,0,google.co.ve,http://google.co.ve
13,6,0,0,1,0,0,0,0,False,False,0,3.3927,False,False,0.0,0,0,0,nj.gov,http://nj.gov
19,12,0,0,1,0,0,0,0,False,False,0,3.7871,False,False,0.0,0,0,0,ancestry.com,http://ancestry.com
20,13,0,0,1,0,0,0,0,False,False,0,4.0219,False,False,0.0,0,0,0,snowflake.com,http://snowflake.com
16,9,0,0,1,0,0,0,0,False,False,0,3.4528,False,False,0.0,0,0,0,arabx.cam,http://arabx.cam
19,12,0,0,1,0,0,0,0,False,False,0,3.6819,False,False,0.0,0,0,0,netangels.ru,http://netangels.ru
19,12,0,0,1,0,0,0,0,False,False,0,3.5766,False,False,0.0,0,0,0,bambulab.com,http://bambulab.com
16,9,0,0,1,0,0,0,0,False,False,0,3.3278,False,False,0.0,0,0,0,google.tm,http://google.tm
12,5,0,0,1,0,0,1,0,False,False,0,3.0221,False,False,0.125,0,0,0,t2.ru,http://t2.ru
16,9,0,0,1,0,0,0,0,False,False,0,3.4528,False,False,0.0,0,0,0,rtvslo.si,http://rtvslo.si
16,9,0,0,1,0,0,0,0,False,False,0,3.375,False,False,0.0,0,0,0,homes.com,http://homes.com
18,11,0,0,1,0,0,0,0,False,False,0,3.7255,False,False,0.0,0,0,0,iionads.com,http://iionads.com
21,14,0,0,1,0,0,0,0,False,False,0,3.3633,False,False,0.0,0,0,0,matterport.com,http://matterport.com
20,13,0,0,1,0,1,0,0,False,False,0,3.6842,False,False,0.0,0,0,0,news-img.site,http://news-img.site
22,15,0,0,1,0,0,0,0,False,False,0,3.9706,False,False,0.0,0,0,0,brandbucket.com,http://brandbucket.com
20,13,0,0,1,0,1,2,0,False,False,0,3.7842,False,False,0.14285714285714285,0,0,0,awsdns-09.net,http://awsdns-09.net
18,11,0,0,1,0,0,0,0,False,False,0,3.4613,False,False,0.0,0,0,0,poynter.org,http://poynter.org
20,13,0,0,1,0,0,2,0,False,False,0,3.9219,False,False,0.13333333333333333,0,0,0,krikya11.club,http://krikya11.club
18,11,0,0,1,0,0,0,0,False,False,0,3.8366,False,False,0.0,0,0,0,cdnvideo.ru,http://cdnvideo.ru
14,7,0,0,1,0,0,0,0,False,False,0,3.2359,False,False,0.0,0,0,0,uncn.jp,http://uncn.jp
23,16,0,0,1,0,0,0,0,False,False,0,3.741,False,False,0.0,0,0,0,googlesource.com,http://googlesource.com
22,15,0,0,1,0,0,0,0,False,False,0,3.7888,False,False,0.0,0,0,0,directadmin.com,http://directadmin.com
21,14,0,0,1,0,1,0,0,False,False,0,3.5585,False,False,0.0,0,0,0,porn-comic.com,http://porn-comic.com
24,17,0,0,1,0,0,0,0,False,False,0,3.9702,False,False,0.0,0,0,0,illusionblack.com,http://illusionblack.com
20,13,0,0,1,0,0,0,0,False,False,0,3.6842,False,False,0.0,0,0,0,kkstories.com,http://kkstories.com
12,5,0,0,1,0,0,0,0,False,False,0,3.0221,False,False,0.0,0,0,0,we.tl,http://we.tl
17,10,0,0,1,0,0,1,0,False,False,0,3.4548,False,False,0.07692307692307693,0,0,0,antena3.ro,http://antena3.ro
20,13,0,0,1,0,0,0,0,False,False,0,3.7842,False,False,0.0,0,0,0,novelfull.com,http://novelfull.com
32,25,0,0,1,0,0,0,0,False,False,0,3.8011,False,False,0.0,0,0,0,privateinternetaccess.com,http://privateinternetaccess.com
14,7,0,0,1,0,0,0,0,False,False,0,3.2359,False,False,0.0,0,0,0,wiki.gg,http://wiki.gg
14,7,0,0,1,0,0,0,0,False,False,0,3.3788,False,False,0.0,0,0,0,dnsv.jp,http://dnsv.jp
24,17,0,0,1,0,0,0,0,False,False,0,3.9183,False,False,0.0,0,0,0,thedailybeast.com,http://thedailybeast.com
12,5,0,0,1,0,0,0,0,False,False,0,3.2516,False,False,0.0,0,0,0,di.se,http://di.se
17,10,0,0,1,0,0,0,0,False,False,0,3.5725,False,False,0.0,0,0,0,peatix.com,http://peatix.com
17,10,0,0,1,0,0,0,0,False,False,0,3.4548,False,False,0.0,0,0,0,postimg.cc,http://postimg.cc
22,15,0,0,2,0,1,2,0,False,False,0,4.0958,False,False,0.13333333333333333,0,0,0,awsdns-01.co.uk,http://awsdns-01.co.uk
19,12,0,0,1,0,1,0,0,False,False,0,3.5766,False,False,0.0,0,0,0,heap-api.com,http://heap-api.com
19,12,0,0,1,0,0,0,0,False,False,0,3.4058,False,False,0.0,0,0,0,cometchat.io,http://cometchat.io
18,11,0,0,1,0,0,0,0,False,False,0,3.6835,False,False,0.0,0,0,0,telogis.com,http://telogis.com
14,7,0,0,1,0,0,0,0,False,False,0,3.182,False,False,0.0,0,0,0,ovh.net,http://ovh.net
13,6,0,0,1,0,0,0,0,False,False,0,3.3927,False,False,0.0,0,0,0,ms.now,http://ms.now
16,9,0,0,1,0,0,0,0,False,False,0,3.2806,False,False,0.0,0,0,0,boots.com,http://boots.com
16,9,0,0,2,0,0,0,0,False,False,0,3.375,False,False,0.0,0,0,0,bbc.co.uk,http://bbc.co.uk
13,6,0,0,1,0,0,0,0,False,False,0,3.3927,False,False,0.0,0,0,0,se.com,http://se.com
21,14,0,0,2,0,0,0,0,False,False,0,3.7849,False,False,0.0,0,0,0,bigpond.net.au,http://bigpond.net.au
17,10,0,0,1,0,0,2,0,False,False,0,3.8522,False,False,0.16666666666666666,0,0,0,zani64.com,http://zani64.com
20,13,0,0,1,0,0,0,0,False,False,0,3.7842,False,False,0.0,0,0,0,timebucks.com,http://timebucks.com
20,13,0,0,1,0,0,0,0,False,False,0,3.8219,False,False,0.0,0,0,0,bgchprod.info,http://bgchprod.info
21,14,0,0,1,0,0,0,0,False,False,0,3.6897,False,False,0.0,0,0,0,coupangcdn.com,http://coupangcdn.com
134,29,11,85,2,1,0,6,15,False,False,0,4.7447,False,False,0.05660377358490566,1,4,1,cloudfront.net,https://d30sec8k5ond2x.cloudfront.net/your-books?tabView=library&discoveryType=on&viewType=genres&ref=ebooks_dsk_sn_yb_ip_lib_dis_d_t1
15,8,0,0,1,0,0,1,0,False,False,0,3.6402,False,False,0.09090909090909091,0,0,0,man7.org,http://man7.org
16,9,0,0,1,0,0,0,0,False,False,0,3.5778,False,False,0.0,0,0,0,telus.com,http://telus.com
18,11,0,0,1,0,0,0,0,False,False,0,3.5033,False,False,0.0,0,0,0,complex.com,http://complex.com
21,14,0,0,1,0,0,0,0,False,False,0,4.0114,False,False,0.0,0,0,0,disneyplus.com,http://disneyplus.com
20,13,0,0,2,0,0,0,0,False,False,0,3.4842,False,False,0.0,0,0,0,google.com.pe,http://google.com.pe
18,11,0,0,1,0,0,0,0,False,False,0,3.7255,False,False,0.0,0,0,0,bldrdoc.gov,http://bldrdoc.gov
19,12,0,0,2,0,0,2,0,False,False,0,3.8269,False,False,0.15384615384615385,0,0,0,cafe24.co.kr,http://cafe24.co.kr
15,8,0,0,1,0,0,0,0,False,False,0,3.5069,False,False,0.0,0,0,0,rand.org,http://rand.org
17,10,0,0,1,0,0,0,0,False,False,0,3.8522,False,False,0.0,0,0,0,vegalb.com,http://vegalb.com
18,11,0,0,1,0,0,0,0,False,False,0,3.7255,False,False,0.0,0,0,0,danword.com,http://danword.com
25,18,0,0,1,0,0,0,0,False,False,0,3.9737,False,False,0.0,0,0,0,noodlemagazine.com,http://noodlemagazine.com
20,13,0,0,1,0,0,0,0,False,False,0,3.6842,False,False,0.0,0,0,0,bloomberg.com,http://bloomberg.com
19,12,0,0,1,0,0,0,0,False,False,0,3.8269,False,False,0.0,0,0,0,docusign.com,http://docusign.com
19,12,0,0,1,0,0,0,0,False,False,0,3.6819,False,False,0.0,0,0,0,worldcat.org,http://worldcat.org
27,20,0,0,2,0,0,0,0,False,False,0,3.9582,False,False,0.0,0,0,0,registraduria.gov.co,http://registraduria.gov.co
19,12,0,0,1,0,0,0,0,False,False,0,3.7871,False,False,0.0,0,0,0,vedomosti.ru,http://vedomosti.ru
18,11,0,0,1,0,0,0,0,False,False,0,3.5724,False,False,0.0,0,0,0,plex.direct,http://plex.direct
27,20,0,0,2,0,0,0,0,False,False,0,3.9582,False,False,0.0,0,0,0,sarkariresult.com.cm,http://sarkariresult.com.cm
18,11,0,0,1,0,0,0,0,False,False,0,3.7255,False,False,0.0,0,0,0,bandlab.com,http://bandlab.com
16,9,0,0,1,0,0,0,0,False,False,0,3.5,False,False,0.0,0,0,0,symcb.com,http://symcb.com
15,8,0,0,1,0,0,0,0,False,False,0,3.5069,False,False,0.0,0,0,0,grok.com,http://grok.com
15,8,0,0,1,0,0,0,0,False,False,0,3.5069,False,False,0.0,0,0,0,yimg.com,http://yimg.com
20,13,0,0,1,0,0,0,0,False,False,0,3.4842,False,False,0.0,0,0,0,syncthing.net,http://syncthing.net
14,7,0,0,1,0,0,0,0,False,False,0,3.182,False,False,0.0,0,0,0,utk.edu,http://utk.edu
23,16,0,0,1,0,0,0,0,False,False,0,3.882,False,False,0.0,0,0,0,unitedcinemas.jp,http://unitedcinemas.jp
19,12,0,0,1,0,0,0,0,False,False,0,3.7216,False,False,0.0,0,0,0,dagospia.com,http://dagospia.com
22,15,0,0,1,0,0,0,0,False,False,0,3.8797,False,False,0.0,0,0,0,digicertdns.com,http://digicertdns.com
23,16,0,0,1,0,0,0,0,False,False,0,3.969,False,False,0.0,0,0,0,ukrainealarm.com,http://ukrainealarm.com
17,10,0,0,1,0,0,0,0,False,False,0,3.6169,False,False,0.0,0,0,0,parade.com,http://parade.com
16,9,0,0,1,0,0,0,0,False,False,0,3.75,False,False,0.0,0,0,0,bayer.com,http://bayer.com
16,9,0,0,1,0,0,0,0,False,False,0,3.3278,False,False,0.0,0,0,0,isipp.com,http://isipp.com
16,9,0,0,1,0,0,0,0,False,False,0,3.25,False,False,0.0,0,0,0,google.pl,http://google.pl
20,13,0,0,1,0,0,0,0,False,False,0,3.8219,False,False,0.0,0,0,0,cbsivideo.com,http://cbsivideo.com
17,10,0,0,1,0,0,0,0,False,False,0,3.3816,False,False,0.0,0,0,0,tudelft.nl,http://tudelft.nl
19,12,0,0,1,0,0,0,0,False,False,0,3.4058,False,False,0.0,0,0,0,tvtropes.org,http://tvtropes.org
13,6,0,0,1,0,0,0,0,False,False,0,3.1808,False,False,0.0,0,0,0,tue.nl,http://tue.nl
16,9,0,0,1,0,0,0,0,False,False,0,3.3278,False,False,0.0,0,0,0,protek.ru,http://protek.ru
21,14,0,0,1,0,0,0,0,False,False,0,3.8209,False,False,0.0,0,0,0,olympusxyz.com,http://olympusxyz.com
18,11,0,0,1,0,0,0,0,False,False,0,3.3921,False,False,0.0,0,0,0,iporntv.net,http://iporntv.net
21,14,0,0,1,0,0,0,0,False,False,0,3.8802,False,False,0.0,0,0,0,mobiuspace.net,http://mobiuspace.net
20,13,0,0,1,0,0,0,0,False,False,0,3.6842,False,False,0.0,0,0,0,wikimapia.org,http://wikimapia.org
21,14,0,0,1,0,0,0,0,False,False,0,3.4992,False,False,0.0,0,0,0,akamaitech.net,http://akamaitech.net
16,9,0,0,1,0,0,2,0,False,False,0,3.5778,False,False,0.18181818181818182,0,0,0,srv53.net,http://srv53.net
22,15,0,0,1,0,0,0,0,False,False,0,3.516,False,False,0.0,0,0,0,stirileprotv.ro,http://stirileprotv.ro
24,17,0,0,2,0,0,0,0,False,False,0,3.9183,False,False,0.0,0,0,0,flashscore.com.br,http://flashscore.com.br
15,8,0,0,1,0,0,1,0,False,False,0,3.6402,False,False,0.09090909090909091,0,0,0,wbx2.com,http://wbx2.com
18,11,0,0,1,0,0,0,0,False,False,0,3.5033,False,False,0.0,0,0,0,laztys.tech,http://laztys.tech
18,11,0,0,1,0,0,0,0,False,False,0,3.4194,False,False,0.0,0,0,0,dreame.tech,http://dreame.tech
18,11,0,0,1,0,0,0,0,False,False,0,3.7255,False,False,0.0,0,0,0,loudecho.ai,http://loudecho.ai
18,11,0,0,1,0,0,0,0,False,False,0,3.7255,False,False,0.0,0,0,0,imgsmail.ru,http://imgsmail.ru
17,10,0,0,1,0,0,0,0,False,False,0,3.3816,False,False,0.0,0,0,0,msauth.net,http://msauth.net
16,9,0,0,1,0,0,0,0,False,False,0,3.625,False,False,0.0,0,0,0,ladsp.com,http://ladsp.com
17,10,0,0,2,0,0,0,0,False,False,0,3.7345,False,False,0.0,0,0,0,ebay.co.uk,http://ebay.co.uk
18,11,0,0,1,0,0,0,0,False,False,0,3.5305,False,False,0.0,0,0,0,alkosto.com,http://alkosto.com
15,8,0,0,1,0,0,0,0,False,False,0,3.5069,False,False,0.0,0,0,0,beeg.com,http://beeg.com
24,17,0,0,1,0,0,0,0,False,False,0,3.6054,False,False,0.0,0,0,0,featureassets.org,http://featureassets.org
15,8,0,0,1,0,0,1,0,False,False,0,3.6402,False,False,0.09090909090909091,0,0,0,js7k.com,http://js7k.com
18,11,0,0,2,0,0,0,0,False,False,0,3.7255,False,False,0.0,0,0,0,scba.gov.ar,http://scba.gov.ar
20,13,0,0,1,0,0,0,0,False,False,0,3.4087,False,False,0.0,0,0,0,loilonote.app,http://loilonote.app
20,13,0,0,2,0,0,0,0,False,False,0,3.7219,False,False,0.0,0,0,0,yomiuri.co.jp,http://yomiuri.co.jp
15,8,0,0,1,0,0,0,0,False,False,0,3.5069,False,False,0.0,0,0,0,lpsg.com,http://lpsg.com
19,12,0,0,1,0,0,0,0,False,False,0,3.6819,False,False,0.0,0,0,0,lifeaiot.com,http://lifeaiot.com
20,13,0,0,1,0,0,0,0,False,False,0,3.7842,False,False,0.0,0,0,0,clarivate.com,http://clarivate.com
13,6,0,0,1,0,0,0,0,False,False,0,3.3927,False,False,0.0,0,0,0,nic.uk,http://nic.uk
21,14,0,0,1,0,0,0,0,False,False,0,4.0114,False,False,0.0,0,0,0,findmykids.org,http://findmykids.org
14,7,0,0,1,0,0,0,0,False,False,0,3.3788,False,False,0.0,0,0,0,sbrf.ru,http://sbrf.ru
18,11,0,0,1,0,0,1,0,False,False,0,3.8366,False,False,0.07142857142857142,0,0,0,easy4ip.com,http://easy4ip.com
25,18,0,0,3,0,0,0,0,False,False,0,3.9737,False,False,0.0,0,0,0,educacao.sp.gov.br,http://educacao.sp.gov.br
21,14,0,0,1,0,0,0,0,False,False,0,3.368,False,False,0.0,0,0,0,derstandard.at,http://derstandard.at
17,10,0,0,1,0,0,0,0,False,False,0,3.2928,False,False,0.0,0,0,0,appier.net,http://appier.net
30,23,0,0,1,0,0,0,0,False,False,0,4.0817,False,False,0.0,0,0,0,salesforceliveagent.com,http://salesforceliveagent.com
15,8,0,0,1,0,0,0,0,False,False,0,3.1899,False,False,0.0,0,0,0,topky.sk,http://topky.sk
18,11,0,0,1,0,0,2,0,False,False,0,3.5305,False,False,0.15384615384615385,0,0,0,alltel24.ru,http://alltel24.ru
15,8,0,0,1,0,0,0,0,False,False,0,3.5069,False,False,0.0,0,0,0,fnac.com,http://fnac.com
17,10,0,0,1,0,0,0,0,False,False,0,3.5725,False,False,0.0,0,0,0,viator.com,http://viator.com
15,8,0,0,1,0,0,0,0,False,False,0,3.3736,False,False,0.0,0,0,0,calm.com,http://calm.com
16,9,0,0,1,0,0,0,0,False,False,0,3.3278,False,False,0.0,0,0,0,gazeta.pl,http://gazeta.pl
17,10,0,0,1,0,0,0,0,False,False,0,3.2195,False,False,0.0,0,0,0,pstatp.com,http://pstatp.com
18,11,0,0,1,0,0,0,0,False,False,0,3.8366,False,False,0.0,0,0,0,reolink.com,http://reolink.com
20,13,0,0,1,0,1,0,0,False,False,0,3.3464,False,False,0.0,0,0,0,ext-twitch.tv,http://ext-twitch.tv
15,8,0,0,1,0,0,0,0,False,False,0,3.6402,False,False,0.0,0,0,0,nodes.ac,http://nodes.ac
14,7,0,0,1,0,0,0,0,False,False,0,3.5216,False,False,0.0,0,0,0,yadi.sk,http://yadi.sk
21,14,0,0,1,0,0,0,0,False,False,0,4.0114,False,False,0.0,0,0,0,wellsfargo.com,http://wellsfargo.com
19,12,0,0,1,0,0,0,0,False,False,0,3.6819,False,False,0.0,0,0,0,xincache.com,http://xincache.com
14,7,0,0,1,0,0,0,0,False,False,0,3.5216,False,False,0.0,0,0,0,usa.gov,http://usa.gov
15,8,0,0,1,0,0,0,0,False,False,0,3.4566,False,False,0.0,0,0,0,lenta.ru,http://lenta.ru
20,13,0,0,2,0,0,0,0,False,False,0,3.5842,False,False,0.0,0,0,0,google.com.np,http://google.com.np
21,14,0,0,1,0,0,0,0,False,False,0,3.7849,False,False,0.0,0,0,0,cordkit.online,http://cordkit.online
18,11,0,0,1,0,0,0,0,False,False,0,3.7255,False,False,0.0,0,0,0,masrawy.com,http://masrawy.com
19,12,0,0,1,0,1,0,0,False,False,1,3.8269,False,False,0.0,0,0,0,f-secure.com,http://f-secure.com
22,15,0,0,1,0,0,0,0,False,False,0,4.0958,False,False,0.0,0,0,0,ggblueshark.com,http://ggblueshark.com
52,17,27,0,3,1,0,12,0,False,False,0,4.5439,False,False,0.375,3,0,1,roblox.com.am,https://www.roblox.com.am/users/236788363081/profile
14,7,0,0,1,0,0,0,0,False,False,0,3.3788,False,False,0.0,0,0,0,doi.org,http://doi.org
20,13,0,0,1,0,0,0,0,False,False,0,3.4464,False,False,0.0,0,0,0,sophosupd.com,http://sophosupd.com
17,10,0,0,1,0,0,0,0,False,False,0,3.2639,False,False,0.0,0,0,0,abbott.com,http://abbott.com
20,13,0,0,2,0,0,0,0,False,False,0,3.6842,False,False,0.0,0,0,0,google.com.br,http://google.com.br
19,12,0,0,1,0,0,2,0,False,False,0,3.6819,False,False,0.14285714285714285,0,0,0,futbol11.com,http://futbol11.com
22,15,0,0,2,0,0,0,0,False,False,0,3.8231,False,False,0.0,0,0,0,mcdonalds.co.jp,http://mcdonalds.co.jp
15,8,0,0,1,0,0,0,0,False,False,0,3.1899,False,False,0.0,0,0,0,ddns.net,http://ddns.net
14,7,0,0,1,0,0,0,0,False,False,0,3.2359,False,False,0.0,0,0,0,csic.es,http://csic.es
20,13,0,0,2,0,0,0,0,False,False,0,3.6842,False,False,0.0,0,0,0,itmedia.co.jp,http://itmedia.co.jp
13,6,0,0,1,0,0,0,0,False,False,0,3.027,False,False,0.0,0,0,0,rtl.nl,http://rtl.nl
17,10,0,0,1,0,0,0,0,False,False,0,3.4548,False,False,0.0,0,0,0,armgs.team,http://armgs.team
16,9,0,0,1,0,0,0,0,False,False,0,3.625,False,False,0.0,0,0,0,seznam.cz,http://seznam.cz
14,7,0,0,1,0,0,0,0,False,False,0,3.3788,False,False,0.0,0,0,0,cal.com,http://cal.com
16,9,0,0,1,0,0,0,0,False,False,0,3.25,False,False,0.0,0,0,0,datto.com,http://datto.com
27,20,0,0,1,0,0,0,0,False,False,0,3.866,False,False,0.0,0,0,0,paloaltonetworks.com,http://paloaltonetworks.com
17,10,0,0,1,0,0,0,0,False,False,0,3.5725,False,False,0.0,0,0,0,myntra.com,http://myntra.com
18,11,0,0,1,0,0,0,0,False,False,0,3.7255,False,False,0.0,0,0,0,webshare.io,http://webshare.io
16,9,0,0,2,0,0,0,0,False,False,0,3.5,False,False,0.0,0,0,0,ncl.ac.uk,http://ncl.ac.uk
18,11,0,0,1,0,0,0,0,False,False,0,3.7255,False,False,0.0,0,0,0,ryanair.com,http://ryanair.com
13,6,0,0,1,0,0,0,0,False,False,0,3.1808,False,False,0.0,0,0,0,tum.de,http://tum.de
20,13,0,0,1,0,0,0,0,False,False,0,3.5842,False,False,0.0,0,0,0,azureedge.net,http://azureedge.net
16,9,0,0,1,0,0,0,0,False,False,0,3.3278,False,False,0.0,0,0,0,widen.net,http://widen.net
18,11,0,0,1,0,1,0,0,False,False,0,3.5724,False,False,0.0,0,0,0,p-bandai.jp,http://p-bandai.jp
18,11,0,0,1,0,0,0,0,False,False,0,3.5724,False,False,0.0,0,0,0,realtor.com,http://realtor.com
19,12,0,0,1,0,0,0,0,False,False,0,3.5766,False,False,0.0,0,0,0,isitmaal.com,http://isitmaal.com
18,11,0,0,1,0,0,0,0,False,False,0,3.2391,False,False,0.0,0,0,0,zerozero.pt,http://zerozero.pt
22,15,0,0,1,0,0,0,0,False,False,0,3.9706,False,False,0.0,0,0,0,khanacademy.org,http://khanacademy.org
21,14,0,0,1,0,0,0,0,False,False,0,3.7849,False,False,0.0,0,0,0,beinsports.com,http://beinsports.com
19,12,0,0,2,0,0,0,0,False,False,0,3.5766,False,False,0.0,0,0,0,cityu.edu.hk,http://cityu.edu.hk
21,14,0,0,1,0,0,1,0,False,False,0,3.8209,False,False,0.058823529411764705,0,0,0,clips4sale.com,http://clips4sale.com
17,10,0,0,1,0,0,0,0,False,False,0,3.8522,False,False,0.0,0,0,0,qualys.com,http://qualys.com
25,18,0,0,1,0,0,0,0,False,False,0,3.5435,False,False,0.0,0,0,0,thuvienphapluat.vn,http://thuvienphapluat.vn
17,10,0,0,1,0,0,0,0,False,False,0,3.4992,False,False,0.0,0,0,0,target.com,http://target.com
20,13,0,0,1,0,0,0,0,False,False,0,3.4842,False,False,0.0,0,0,0,hootsuite.com,http://hootsuite.com
18,11,0,0,1,0,0,0,0,False,False,0,3.3921,False,False,0.0,0,0,0,atptour.com,http://atptour.com
17,10,0,0,2,0,0,0,0,False,False,0,3.3372,False,False,0.0,0,0,0,ntp.org.cn,http://ntp.org.cn
14,7,0,0,1,0,0,0,0,False,False,0,3.0931,False,False,0.0,0,0,0,com.com,http://com.com
17,10,0,0,1,0,0,0,0,False,False,0,3.5725,False,False,0.0,0,0,0,rainews.it,http://rainews.it
17,10,0,0,1,0,0,0,0,False,False,0,3.3372,False,False,0.0,0,0,0,popsci.com,http://popsci.com
17,10,0,0,1,0,0,0,0,False,False,0,3.2928,False,False,0.0,0,0,0,gitbook.io,http://gitbook.io
21,14,0,0,1,0,0,0,0,False,False,0,3.7849,False,False,0.0,0,0,0,spotifycdn.com,http://spotifycdn.com
18,11,0,0,1,0,0,0,0,False,False,0,3.5724,False,False,0.0,0,0,0,carvana.com,http://carvana.com
15,8,0,0,1,0,0,0,0,False,False,0,3.3232,False,False,0.0,0,0,0,apple.co,http://apple.co
19,12,0,0,1,0,0,0,0,False,False,0,3.7871,False,False,0.0,0,0,0,adafruit.com,http://adafruit.com
19,12,0,0,1,0,0,0,0,False,False,0,3.6819,False,False,0.0,0,0,0,visuys.space,http://visuys.space
21,14,0,0,1,0,0,0,0,False,False,0,3.6178,False,False,0.0,0,0,0,eurekalert.org,http://eurekalert.org
20,13,0,0,1,0,0,0,0,False,False,0,3.3037,False,False,0.0,0,0,0,thestreet.com,http://thestreet.com
26,19,0,0,1,0,0,0,0,False,False,0,4.056,False,False,0.0,0,0,0,alibabachengdun.com,http://alibabachengdun.com
18,11,0,0,1,0,0,0,0,False,False,0,3.6835,False,False,0.0,0,0,0,seedtag.com,http://seedtag.com
22,15,0,0,2,0,0,0,0,False,False,0,3.8231,False,False,0.0,0,0,0,eprocure.gov.bd,http://eprocure.gov.bd
19,12,0,0,1,0,0,0,0,False,False,0,3.7871,False,False,0.0,0,0,0,avizoone.com,http://avizoone.com
20,13,0,0,1,0,0,0,0,False,False,0,3.5464,False,False,0.0,0,0,0,hostedrmm.com,http://hostedrmm.com
23,16,0,0,1,0,0,0,0,False,False,0,3.654,False,False,0.0,0,0,0,spacebattles.com,http://spacebattles.com
24,17,0,0,1,0,0,0,0,False,False,0,3.7202,False,False,0.0,0,0,0,pointtoserver.com,http://pointtoserver.com
22,15,0,0,1,0,0,0,0,False,False,0,3.659,False,False,0.0,0,0,0,anandabazar.com,http://anandabazar.com
13,6,0,0,1,0,0,0,0,False,False,0,3.2389,False,False,0.0,0,0,0,ria.ru,http://ria.ru
22,15,0,0,1,0,0,0,0,False,False,0,3.7888,False,False,0.0,0,0,0,appdynamics.com,http://appdynamics.com
26,19,0,0,2,0,0,0,0,False,False,0,4.0851,False,False,0.0,0,0,0,punjabpolice.gov.pk,http://punjabpolice.gov.pk
16,9,0,0,1,0,0,0,0,False,False,0,3.5,False,False,0.0,0,0,0,unhcr.org,http://unhcr.org
16,9,0,0,1,0,0,0,0,False,False,0,3.3278,False,False,0.0,0,0,0,mycima.cc,http://mycima.cc
17,10,0,0,1,0,0,0,0,False,False,0,3.6169,False,False,0.0,0,0,0,zbporn.com,http://zbporn.com
15,8,0,0,1,0,0,0,0,False,False,0,3.5069,False,False,0.0,0,0,0,index.hr,http://index.hr
16,9,0,0,1,0,0,0,0,False,False,0,3.5,False,False,0.0,0,0,0,ahacdn.me,http://ahacdn.me
18,11,0,0,2,0,0,0,0,False,False,0,3.5724,False,False,0.0,0,0,0,gsxt.gov.cn,http://gsxt.gov.cn
19,12,0,0,1,0,0,0,0,False,False,0,3.7871,False,False,0.0,0,0,0,bartleby.com,http://bartleby.com
17,10,0,0,1,0,0,0,0,False,False,0,3.5725,False,False,0.0,0,0,0,tukif.porn,http://tukif.porn
18,11,0,0,1,0,0,0,0,False,False,0,3.128,False,False,0.0,0,0,0,phantom.app,http://phantom.app
44,36,1,0,2,1,3,0,0,False,False,0,4.1664,False,False,0.0,0,0,1,netlify.app,http://nxtflix-clone-by-harshit.netlify.app/
20,13,0,0,2,0,0,0,0,False,False,0,3.8219,False,False,0.0,0,0,0,nubank.com.br,http://nubank.com.br
23,16,0,0,1,0,1,0,0,False,False,0,4.0888,False,False,0.0,0,0,0,value-domain.com,http://value-domain.com
15,8,0,0,1,0,0,0,0,False,False,0,3.3736,False,False,0.0,0,0,0,gofin.io,http://gofin.io
18,11,0,0,1,0,0,3,0,False,False,0,3.7255,False,False,0.25,0,0,0,adda247.com,http://adda247.com
27,20,0,0,1,0,0,0,0,False,False,0,3.9303,False,False,0.0,0,0,0,insightexpressai.com,http://insightexpressai.com
15,8,0,0,1,0,0,0,0,False,False,0,3.4566,False,False,0.0,0,0,0,krone.at,http://krone.at
25,18,0,0,1,0,1,0,0,False,False,0,3.8635,False,False,0.0,0,0,0,clevertap-prod.com,http://clevertap-prod.com
17,10,0,0,1,0,0,0,0,False,False,0,3.3816,False,False,0.0,0,0,0,tiktokv.us,http://tiktokv.us
16,9,0,0,1,0,0,0,0,False,False,0,3.5,False,False,0.0,0,0,0,ladies.de,http://ladies.de
19,12,0,0,1,0,0,0,0,False,False,0,3.6819,False,False,0.0,0,0,0,allgabar.com,http://allgabar.com
22,15,0,0,2,0,0,3,0,False,False,0,3.914,False,False,0.2,0,0,0,poder360.com.br,http://poder360.com.br
17,10,0,0,2,0,0,0,0,False,False,0,3.3372,False,False,0.0,0,0,0,uwa.edu.au,http://uwa.edu.au
25,18,0,0,1,0,0,0,0,False,False,0,3.6537,False,False,0.0,0,0,0,thenounproject.com,http://thenounproject.com
13,6,0,0,1,0,0,0,0,False,False,0,3.3927,False,False,0.0,0,0,0,ca.gov,http://ca.gov
15,8,0,0,1,0,0,0,0,False,False,0,3.6402,False,False,0.0,0,0,0,adfox.ru,http://adfox.ru
16,9,0,0,1,0,0,0,0,False,False,0,3.625,False,False,0.0,0,0,0,docker.io,http://docker.io
17,10,0,0,1,0,0,0,0,False,False,0,3.2639,False,False,0.0,0,0,0,thecut.com,http://thecut.com
21,14,0,0,1,0,0,0,0,False,False,0,3.8209,False,False,0.0,0,0,0,flashscore.com,http://flashscore.com
21,14,0,0,1,0,0,0,0,False,False,0,3.6538,False,False,0.0,0,0,0,activision.com,http://activision.com
19,12,0,0,1,0,0,0,0,False,False,0,3.7216,False,False,0.0,0,0,0,learnings.ai,http://learnings.ai
21,14,0,0,1,0,0,0,0,False,False,0,3.7849,False,False,0.0,0,0,0,wiktionary.org,http://wiktionary.org
18,11,0,0,2,0,0,0,0,False,False,0,3.8366,False,False,0.0,0,0,0,cbse.gov.in,http://cbse.gov.in
23,16,0,0,1,0,0,0,0,False,False,0,3.7951,False,False,0.0,0,0,0,ninthdecimal.com,http://ninthdecimal.com
20,13,0,0,2,0,0,0,0,False,False,0,3.6219,False,False,0.0,0,0,0,deakin.edu.au,http://deakin.edu.au
20,13,0,0,1,0,0,0,0,False,False,0,3.5464,False,False,0.0,0,0,0,radiopotok.ru,http://radiopotok.ru
15,8,0,0,1,0,0,0,0,False,False,0,3.1899,False,False,0.0,0,0,0,ripe.net,http://ripe.net
23,16,0,0,1,0,0,0,0,False,False,0,3.969,False,False,0.0,0,0,0,biblegateway.com,http://biblegateway.com
19,12,0,0,1,0,0,0,0,False,False,0,3.3211,False,False,0.0,0,0,0,chatgpt.site,http://chatgpt.site
20,13,0,0,2,0,0,0,0,False,False,0,3.7842,False,False,0.0,0,0,0,dafiti.com.br,http://dafiti.com.br
20,13,0,0,1,0,0,0,0,False,False,0,3.8219,False,False,0.0,0,0,0,newyorker.com,http://newyorker.com
18,11,0,0,1,0,0,0,0,False,False,0,3.3921,False,False,0.0,0,0,0,nbcuott.com,http://nbcuott.com
18,11,0,0,1,0,0,0,0,False,False,0,3.4613,False,False,0.0,0,0,0,lovable.app,http://lovable.app
17,10,0,0,1,0,0,0,0,False,False,0,3.4548,False,False,0.0,0,0,0,smotrim.ru,http://smotrim.ru
14,7,0,0,1,0,0,0,0,False,False,0,3.2359,False,False,0.0,0,0,0,gao.gov,http://gao.gov
19,12,0,0,1,0,1,0,0,False,False,0,3.6819,False,False,0.0,0,0,0,apple-dns.cn,http://apple-dns.cn
28,21,0,0,1,0,0,0,0,False,False,0,3.8788,False,False,0.0,0,0,0,tiktokglobalshopv.com,http://tiktokglobalshopv.com
16,9,0,0,1,0,1,0,0,False,False,0,3.5,False,False,0.0,0,0,0,no-ip.org,http://no-ip.org
28,21,0,0,1,0,1,0,0,False,False,0,4.0391,False,False,0.0,0,0,0,filezilla-project.org,http://filezilla-project.org
16,9,0,0,1,0,0,0,0,False,False,0,3.4528,False,False,0.0,0,0,0,twimg.com,http://twimg.com
21,14,0,0,1,0,1,0,0,False,False,0,3.6304,False,False,0.0,0,0,0,happy-porn.com,http://happy-porn.com
23,16,0,0,1,0,0,1,0,False,False,0,3.9149,False,False,0.05263157894736842,0,0,0,mp4moviez.soccer,http://mp4moviez.soccer
23,16,0,0,1,0,0,0,0,False,False,0,3.7951,False,False,0.0,0,0,0,joinmastodon.org,http://joinmastodon.org
17,10,0,0,1,0,0,0,0,False,False,0,3.3372,False,False,0.0,0,0,0,betsson.pe,http://betsson.pe
20,13,0,0,1,0,0,0,0,False,False,0,3.6842,False,False,0.0,0,0,0,wassenaar.org,http://wassenaar.org
18,11,0,0,1,0,0,0,0,False,False,0,3.6835,False,False,0.0,0,0,0,nflximg.net,http://nflximg.net
17,10,0,0,1,0,1,0,0,False,False,0,3.7345,False,False,0.0,0,0,0,ui-dns.biz,http://ui-dns.biz
18,11,0,0,2,0,0,0,0,False,False,0,3.6144,False,False,0.0,0,0,0,imss.gob.mx,http://imss.gob.mx
18,11,0,0,1,0,0,0,0,False,False,0,3.6144,False,False,0.0,0,0,0,exponea.com,http://exponea.com
21,14,0,0,1,0,0,0,0,False,False,0,3.5538,False,False,0.0,0,0,0,bittorrent.com,http://bittorrent.com
20,13,0,0,1,0,1,2,0,False,False,0,3.6842,False,False,0.14285714285714285,0,0,0,awsdns-33.net,http://awsdns-33.net
18,11,0,0,1,0,0,0,0,False,False,0,3.4194,False,False,0.0,0,0,0,pestpac.com,http://pestpac.com
20,13,0,0,1,0,0,0,0,False,False,0,3.6842,False,False,0.0,0,0,0,tiermaker.com,http://tiermaker.com
18,11,0,0,1,0,0,0,0,False,False,0,3.6835,False,False,0.0,0,0,0,dnshigh.com,http://dnshigh.com
21,14,0,0,1,0,1,0,0,False,False,0,3.4226,False,False,0.0,0,0,0,voodoo-tech.io,http://voodoo-tech.io
16,9,0,0,1,0,0,0,0,False,False,0,3.375,False,False,0.0,0,0,0,moddb.com,http://moddb.com
19,12,0,0,1,0,0,0,0,False,False,0,3.6819,False,False,0.0,0,0,0,ninjarmm.com,http://ninjarmm.com
27,20,0,0,1,0,0,0,0,False,False,0,3.8101,False,False,0.0,0,0,0,ilrestodelcarlino.it,http://ilrestodelcarlino.it
16,9,0,0,1,0,0,0,0,False,False,0,3.625,False,False,0.0,0,0,0,feishu.cn,http://feishu.cn
18,11,0,0,1,0,0,0,0,False,False,0,3.6144,False,False,0.0,0,0,0,hal.science,http://hal.science
29,22,0,0,1,0,1,0,0,False,False,0,4.1852,False,False,0.0,0,0,0,cloudflare-gateway.com,http://cloudflare-gateway.com
20,13,0,0,1,0,0,0,0,False,False,0,3.8219,False,False,0.0,0,0,0,googleapis.cn,http://googleapis.cn
16,9,0,0,1,0,0,2,0,False,False,0,3.4528,False,False,0.18181818181818182,0,0,0,24xxx.men,http://24xxx.men
17,10,0,0,1,0,0,0,0,False,False,0,3.7345,False,False,0.0,0,0,0,beacons.ai,http://beacons.ai
18,11,0,0,1,0,0,0,0,False,False,0,3.6835,False,False,0.0,0,0,0,newlook.com,http://newlook.com
22,15,0,0,1,0,1,0,0,False,False,0,3.9706,False,False,0.0,0,0,0,cdn-website.com,http://cdn-website.com
19,12,0,0,1,0,0,0,0,False,False,0,3.9321,False,False,0.0,0,0,0,xlgmedia.com,http://xlgmedia.com
15,8,0,0,1,0,0,1,0,False,False,0,3.5069,False,False,0.09090909090909091,0,0,0,pla3.com,http://pla3.com
17,10,0,0,1,0,0,1,0,False,False,0,3.7345,False,False,0.07692307692307693,0,0,0,reson8.com,http://reson8.com
22,15,0,0,2,0,0,0,0,False,False,0,3.8797,False,False,0.0,0,0,0,bunnings.com.au,http://bunnings.com.au
16,9,0,0,1,0,0,2,0,False,False,0,3.625,False,False,0.18181818181818182,0,0,0,digi24.ro,http://digi24.ro
22,15,0,0,1,0,0,0,0,False,False,0,3.8797,False,False,0.0,0,0,0,jamanetwork.com,http://jamanetwork.com
21,14,0,0,1,0,0,0,0,False,False,0,3.9161,False,False,0.0,0,0,0,axonixgrid.com,http://axonixgrid.com
13,6,0,0,1,0,0,0,0,False,False,0,3.2389,False,False,0.0,0,0,0,pik.ru,http://pik.ru
17,10,0,0,1,0,0,0,0,False,False,0,3.4992,False,False,0.0,0,0,0,ffmpeg.org,http://ffmpeg.org
17,10,0,0,1,0,0,0,0,False,False,0,3.7345,False,False,0.0,0,0,0,flickr.com,http://flickr.com
19,12,0,0,1,0,0,0,0,False,False,0,3.6819,False,False,0.0,0,0,0,midilibre.fr,http://midilibre.fr
19,12,0,0,2,0,0,0,0,False,False,0,3.5766,False,False,0.0,0,0,0,google.co.vi,http://google.co.vi
15,8,0,0,1,0,0,0,0,False,False,0,3.0062,False,False,0.0,0,0,0,oppo.com,http://oppo.com
20,13,0,0,1,0,0,0,0,False,False,0,3.5219,False,False,0.0,0,0,0,fotostrana.ru,http://fotostrana.ru
14,7,0,0,1,0,0,0,0,False,False,0,3.5216,False,False,0.0,0,0,0,kion.ru,http://kion.ru
20,13,0,0,1,0,1,2,0,False,False,0,3.6842,False,False,0.14285714285714285,0,0,0,awsdns-11.net,http://awsdns-11.net
20,13,0,0,1,0,0,0,0,False,False,0,4.0219,False,False,0.0,0,0,0,viralkand.com,http://viralkand.com
18,11,0,0,1,0,0,0,0,False,False,0,3.6835,False,False,0.0,0,0,0,meituan.com,http://meituan.com
23,16,0,0,1,0,0,0,0,False,False,0,3.882,False,False,0.0,0,0,0,bloomberglaw.com,http://bloomberglaw.com
19,12,0,0,1,0,0,0,0,False,False,0,3.6819,False,False,0.0,0,0,0,datezone.com,http://datezone.com
19,12,0,0,1,0,0,0,0,False,False,0,3.5111,False,False,0.0,0,0,0,tvazteca.com,http://tvazteca.com
46,37,1,0,2,1,5,8,0,False,False,0,4.5534,False,False,0.2857142857142857,0,0,1,pages.dev,https://ciu-epo5ai-v57-qro2-640-5wz.pages.dev/
14,7,0,0,1,0,0,0,0,False,False,0,3.182,False,False,0.0,0,0,0,tala.ir,http://tala.ir
16,9,0,0,1,0,0,0,0,False,False,0,3.375,False,False,0.0,0,0,0,jcphi.com,http://jcphi.com
20,13,0,0,1,0,1,2,0,False,False,0,4.0219,False,False,0.14285714285714285,0,0,0,awsdns-06.com,http://awsdns-06.com
20,13,0,0,2,0,0,0,0,False,False,0,3.5219,False,False,0.0,0,0,0,asianet.co.th,http://asianet.co.th
16,9,0,0,2,0,0,0,0,False,False,0,3.375,False,False,0.0,0,0,0,cam.ac.uk,http://cam.ac.uk
19,12,0,0,1,0,0,0,0,False,False,0,3.6819,False,False,0.0,0,0,0,rawstory.com,http://rawstory.com
18,11,0,0,1,0,0,0,0,False,False,0,3.5724,False,False,0.0,0,0,0,donedeal.ie,http://donedeal.ie
19,12,0,0,1,0,0,0,0,False,False,0,3.6819,False,False,0.0,0,0,0,juicexxx.com,http://juicexxx.com
31,24,0,0,1,0,0,0,0,False,False,0,3.9865,False,False,0.0,0,0,0,steaminventoryhelper.com,http://steaminventoryhelper.com
19,12,0,0,1,0,0,0,0,False,False,0,3.8269,False,False,0.0,0,0,0,weibocdn.com,http://weibocdn.com
17,10,0,0,1,0,0,0,0,False,False,0,3.6901,False,False,0.0,0,0,0,adjust.com,http://adjust.com
31,24,0,0,1,0,1,0,0,False,False,0,3.7694,False,False,0.0,0,0,0,internet-measurement.com,http://internet-measurement.com
28,21,0,0,1,0,2,0,0,False,False,0,3.709,False,False,0.0,0,0,0,the-ozone-project.com,http://the-ozone-project.com
20,13,0,0,1,0,0,0,0,False,False,0,3.6842,False,False,0.0,0,0,0,wikibooks.org,http://wikibooks.org
17,10,0,0,1,0,0,0,0,False,False,0,3.6169,False,False,0.0,0,0,0,packzy.com,http://packzy.com
17,10,0,0,1,0,0,0,0,False,False,0,3.4992,False,False,0.0,0,0,0,eeroup.com,http://eeroup.com
18,11,0,0,1,0,0,0,0,False,False,0,3.7255,False,False,0.0,0,0,0,cnblogs.com,http://cnblogs.com
19,12,0,0,1,0,0,0,0,False,False,0,3.8269,False,False,0.0,0,0,0,queniuso.com,http://queniuso.com
15,8,0,0,1,0,0,1,0,False,False,0,3.3736,False,False,0.09090909090909091,0,0,0,9mod.com,http://9mod.com
19,12,0,0,1,0,0,0,0,False,False,0,3.4316,False,False,0.0,0,0,0,paykeeper.ru,http://paykeeper.ru
15,8,0,0,1,0,0,0,0,False,False,0,3.3736,False,False,0.0,0,0,0,emol.com,http://emol.com
29,22,0,0,2,0,0,0,0,False,False,0,3.742,False,False,0.0,0,0,0,portaltemponovo.com.br,http://portaltemponovo.com.br
21,14,0,0,1,0,1,0,0,False,False,0,4.1066,False,False,0.0,0,0,0,xvideos-ar.com,http://xvideos-ar.com
16,9,0,0,1,0,0,1,0,False,False,0,3.75,False,False,0.08333333333333333,0,0,0,dnsv4.com,http://dnsv4.com
20,13,0,0,1,0,1,0,0,False,False,0,3.6464,False,False,0.0,0,0,0,ln-msedge.net,http://ln-msedge.net
18,11,0,0,1,0,0,0,0,False,False,0,3.3502,False,False,0.0,0,0,0,district.in,http://district.in
28,21,0,0,1,0,0,0,0,False,False,0,3.8788,False,False,0.0,0,0,0,afrointroductions.com,http://afrointroductions.com
16,9,0,0,1,0,0,0,0,False,False,0,3.75,False,False,0.0,0,0,0,jagex.com,http://jagex.com
16,9,0,0,1,0,0,0,0,False,False,0,3.25,False,False,0.0,0,0,0,acint.net,http://acint.net
17,10,0,0,1,0,0,0,0,False,False,0,3.6169,False,False,0.0,0,0,0,xhscdn.com,http://xhscdn.com
20,13,0,0,1,0,0,0,0,False,False,0,3.6842,False,False,0.0,0,0,0,eyefinity.com,http://eyefinity.com
18,11,0,0,1,0,0,0,0,False,False,0,3.3921,False,False,0.0,0,0,0,ahwaktv.net,http://ahwaktv.net
39,32,0,0,1,0,3,1,0,False,False,0,4.4068,False,False,0.03125,0,0,0,browser-intake-us5-datadoghq.com,http://browser-intake-us5-datadoghq.com
14,7,0,0,1,0,0,0,0,False,False,0,3.5216,False,False,0.0,0,0,0,muni.cz,http://muni.cz
20,13,0,0,1,0,0,0,0,False,False,0,3.5464,False,False,0.0,0,0,0,elementor.com,http://elementor.com
19,12,0,0,1,0,0,0,0,False,False,0,3.6819,False,False,0.0,0,0,0,illinois.edu,http://illinois.edu
18,11,0,0,1,0,0,0,0,False,False,0,3.4613,False,False,0.0,0,0,0,cpmstar.com,http://cpmstar.com
22,15,0,0,1,0,0,0,0,False,False,0,3.7544,False,False,0.0,0,0,0,seriouseats.com,http://seriouseats.com
16,9,0,0,1,0,0,0,0,False,False,0,3.4528,False,False,0.0,0,0,0,skynet.be,http://skynet.be
19,12,0,0,1,0,0,0,0,False,False,0,3.5766,False,False,0.0,0,0,0,besoccer.com,http://besoccer.com
16,9,0,0,1,0,0,0,0,False,False,0,3.5,False,False,0.0,0,0,0,ripley.cl,http://ripley.cl
15,8,0,0,1,0,0,0,0,False,False,0,3.5069,False,False,0.0,0,0,0,msdn.com,http://msdn.com
21,14,0,0,1,0,1,0,0,False,False,0,3.6538,False,False,0.0,0,0,0,rwth-aachen.de,http://rwth-aachen.de
14,7,0,0,1,0,0,0,0,False,False,0,3.3249,False,False,0.0,0,0,0,box.net,http://box.net
20,13,0,0,1,0,1,2,0,False,False,0,4.0219,False,False,0.14285714285714285,0,0,0,awsdns-25.com,http://awsdns-25.com
21,14,0,0,1,0,0,0,0,False,False,0,3.649,False,False,0.0,0,0,0,typingtest.com,http://typingtest.com
22,15,0,0,1,0,0,0,0,False,False,0,3.5338,False,False,0.0,0,0,0,lotterypost.com,http://lotterypost.com
14,7,0,0,1,0,0,0,0,False,False,0,3.3788,False,False,0.0,0,0,0,docs.rs,http://docs.rs
19,12,0,0,1,0,0,0,0,False,False,0,3.8269,False,False,0.0,0,0,0,pagalnew.com,http://pagalnew.com
18,11,0,0,1,0,0,1,0,False,False,0,3.6835,False,False,0.07142857142857142,0,0,0,mydesi2.net,http://mydesi2.net
18,11,0,0,1,0,0,0,0,False,False,0,3.7255,False,False,0.0,0,0,0,amplify.com,http://amplify.com
20,13,0,0,1,0,0,0,0,False,False,0,3.3842,False,False,0.0,0,0,0,techsmith.com,http://techsmith.com
19,12,0,0,1,0,0,2,0,False,False,0,3.5111,False,False,0.14285714285714285,0,0,0,ydparty04.tv,http://ydparty04.tv
19,12,0,0,2,0,0,0,0,False,False,0,3.4714,False,False,0.0,0,0,0,google.co.ls,http://google.co.ls
20,13,0,0,1,0,0,0,0,False,False,0,3.7219,False,False,0.0,0,0,0,trustindex.io,http://trustindex.io
27,20,0,0,1,0,0,0,0,False,False,0,4.0043,False,False,0.0,0,0,0,cloudappsecurity.com,http://cloudappsecurity.com
41,33,1,0,2,1,2,3,0,False,False,0,4.2506,False,False,0.0967741935483871,0,0,1,netlify.app,http://gilded-baklava-b9e48a.netlify.app/
17,10,0,0,1,0,0,0,0,False,False,0,3.7345,False,False,0.0,0,0,0,arabxn.com,http://arabxn.com
31,24,0,0,2,0,0,0,0,False,False,0,3.9621,False,False,0.0,0,0,0,portaldasfinancas.gov.pt,http://portaldasfinancas.gov.pt
23,16,0,0,1,0,0,0,0,False,False,0,3.6753,False,False,0.0,0,0,0,lonelyplanet.com,http://lonelyplanet.com
16,9,0,0,1,0,0,0,0,False,False,0,3.625,False,False,0.0,0,0,0,prweb.com,http://prweb.com
24,17,0,0,1,0,1,0,0,False,False,0,3.7202,False,False,0.0,0,0,0,chess-results.com,http://chess-results.com
23,16,0,0,1,0,0,0,0,False,False,0,3.4473,False,False,0.0,0,0,0,pocketoption.com,http://pocketoption.com
25,18,0,0,1,0,0,0,0,False,False,0,4.0839,False,False,0.0,0,0,0,playgamesonline.ru,http://playgamesonline.ru
19,12,0,0,1,0,0,0,0,False,False,0,3.6163,False,False,0.0,0,0,0,mangago.zone,http://mangago.zone
17,10,0,0,2,0,0,0,0,False,False,0,3.4548,False,False,0.0,0,0,0,mext.go.jp,http://mext.go.jp
19,12,0,0,1,0,0,0,0,False,False,0,3.6819,False,False,0.0,0,0,0,nicehash.com,http://nicehash.com
20,13,0,0,1,0,0,0,0,False,False,0,3.9219,False,False,0.0,0,0,0,cuisineaz.com,http://cuisineaz.com
26,19,0,0,1,0,0,1,0,False,False,0,4.2099,False,False,0.045454545454545456,0,0,0,5movierulz.discount,http://5movierulz.discount
19,12,0,0,1,0,0,0,0,False,False,0,3.7871,False,False,0.0,0,0,0,fidelity.com,http://fidelity.com
15,8,0,0,1,0,0,0,0,False,False,0,3.3232,False,False,0.0,0,0,0,abema.tv,http://abema.tv
26,19,0,0,1,0,0,0,0,False,False,0,4.0081,False,False,0.0,0,0,0,leagueoflegends.com,http://leagueoflegends.com
13,6,0,0,1,0,0,0,0,False,False,0,3.2389,False,False,0.0,0,0,0,nic.cz,http://nic.cz
31,24,0,0,1,0,1,0,0,False,False,0,3.7686,False,False,0.0,0,0,0,pokemoncenter-online.com,http://pokemoncenter-online.com
25,18,0,0,1,0,1,0,0,False,False,0,3.9435,False,False,0.0,0,0,0,privacy-center.org,http://privacy-center.org
19,12,0,0,1,0,0,0,0,False,False,0,3.5766,False,False,0.0,0,0,0,afthemes.com,http://afthemes.com
23,16,0,0,1,0,0,0,0,False,False,0,3.6753,False,False,0.0,0,0,0,hostwindsdns.com,http://hostwindsdns.com
16,9,0,0,1,0,0,0,0,False,False,0,3.625,False,False,0.0,0,0,0,shein.com,http://shein.com
25,18,0,0,1,0,0,0,0,False,False,0,3.7639,False,False,0.0,0,0,0,stripchatgirls.com,http://stripchatgirls.com
20,13,0,0,1,0,1,2,0,False,False,0,3.7842,False,False,0.14285714285714285,0,0,0,awsdns-37.net,http://awsdns-37.net
20,13,0,0,1,0,0,0,0,False,False,0,3.5464,False,False,0.0,0,0,0,humbedooh.com,http://humbedooh.com
17,10,0,0,1,0,0,0,0,False,False,0,3.5725,False,False,0.0,0,0,0,laposte.fr,http://laposte.fr
23,16,0,0,1,0,0,0,0,False,False,0,3.882,False,False,0.0,0,0,0,youngjoygame.com,http://youngjoygame.com
20,13,0,0,2,0,0,0,0,False,False,0,3.6842,False,False,0.0,0,0,0,google.com.kw,http://google.com.kw
18,11,0,0,1,0,0,0,0,False,False,0,3.9477,False,False,0.0,0,0,0,wizards.com,http://wizards.com
22,15,0,0,1,0,0,2,0,False,False,0,3.9706,False,False,0.11764705882352941,0,0,0,cdnhwczba04.com,http://cdnhwczba04.com
16,9,0,0,1,0,0,0,0,False,False,0,3.625,False,False,0.0,0,0,0,nymag.com,http://nymag.com
21,14,0,0,1,0,0,0,0,False,False,0,4.0114,False,False,0.0,0,0,0,buydomains.com,http://buydomains.com
19,12,0,0,1,0,0,0,0,False,False,0,3.8269,False,False,0.0,0,0,0,infogram.com,http://infogram.com
21,14,0,0,1,0,0,0,0,False,False,0,3.8802,False,False,0.0,0,0,0,solitaired.com,http://solitaired.com
18,11,0,0,1,0,1,0,0,False,False,0,3.5724,False,False,0.0,0,0,0,cdn-net.com,http://cdn-net.com
20,13,0,0,1,0,0,0,0,False,False,0,3.5464,False,False,0.0,0,0,0,capcutvod.com,http://capcutvod.com
12,5,0,0,1,0,0,0,0,False,False,0,2.8554,False,False,0.0,0,0,0,wp.pl,http://wp.pl
19,12,0,0,1,0,0,0,0,False,False,0,3.6421,False,False,0.0,0,0,0,webtoons.com,http://webtoons.com
21,14,0,0,1,0,0,0,0,False,False,0,3.8209,False,False,0.0,0,0,0,pagesjaunes.fr,http://pagesjaunes.fr
18,11,0,0,1,0,0,0,0,False,False,0,3.6835,False,False,0.0,0,0,0,lgthinq.com,http://lgthinq.com
20,13,0,0,1,0,1,2,0,False,False,0,3.7842,False,False,0.14285714285714285,0,0,0,awsdns-04.net,http://awsdns-04.net
15,8,0,0,1,0,0,0,0,False,False,0,3.1069,False,False,0.0,0,0,0,poste.it,http://poste.it
17,10,0,0,1,0,0,0,0,False,False,0,3.7345,False,False,0.0,0,0,0,rbxcdn.com,http://rbxcdn.com
17,10,0,0,1,0,1,0,0,False,False,0,3.8522,False,False,0.0,0,0,0,ec-lyon.fr,http://ec-lyon.fr
23,16,0,0,1,0,0,0,0,False,False,0,3.882,False,False,0.0,0,0,0,browserstack.com,http://browserstack.com
16,9,0,0,2,0,0,0,0,False,False,0,3.4528,False,False,0.0,0,0,0,sat.co.id,http://sat.co.id
22,15,0,0,1,0,0,0,0,False,False,0,3.7888,False,False,0.0,0,0,0,tudocelular.com,http://tudocelular.com
16,9,0,0,1,0,0,0,0,False,False,0,3.5,False,False,0.0,0,0,0,owasp.org,http://owasp.org
12,5,0,0,1,0,0,0,0,False,False,0,3.2516,False,False,0.0,0,0,0,ad.nl,http://ad.nl
16,9,0,0,1,0,0,0,0,False,False,0,3.2028,False,False,0.0,0,0,0,giga.chat,http://giga.chat
18,11,0,0,1,0,0,0,0,False,False,0,3.7255,False,False,0.0,0,0,0,wolfram.com,http://wolfram.com
14,7,0,0,1,0,0,0,0,False,False,0,3.3788,False,False,0.0,0,0,0,gsu.edu,http://gsu.edu
20,13,0,0,2,0,0,0,0,False,False,0,3.7219,False,False,0.0,0,0,0,amazon.com.br,http://amazon.com.br
21,14,0,0,1,0,0,0,0,False,False,0,3.7849,False,False,0.0,0,0,0,bancoestado.cl,http://bancoestado.cl
18,11,0,0,1,0,0,3,0,False,False,0,3.9477,False,False,0.25,0,0,0,360safe.com,http://360safe.com
16,9,0,0,2,0,0,0,0,False,False,0,3.625,False,False,0.0,0,0,0,bkn.go.id,http://bkn.go.id
20,13,0,0,1,0,0,0,0,False,False,0,3.3037,False,False,0.0,0,0,0,ctfassets.net,http://ctfassets.net
24,17,0,0,1,0,0,2,0,False,False,0,3.8035,False,False,0.10526315789473684,0,0,0,playinmatch99.com,http://playinmatch99.com
13,6,0,0,1,0,0,0,0,False,False,0,3.3927,False,False,0.0,0,0,0,gov.ru,http://gov.ru
20,13,0,0,1,0,0,0,0,False,False,0,3.7842,False,False,0.0,0,0,0,glassdoor.com,http://glassdoor.com
17,10,0,0,1,0,0,0,0,False,False,0,3.4992,False,False,0.0,0,0,0,betcity.ru,http://betcity.ru
31,24,0,0,1,0,0,0,0,False,False,0,3.9536,False,False,0.0,0,0,0,samsungcloudsolution.net,http://samsungcloudsolution.net
17,10,0,0,1,0,0,0,0,False,False,0,3.5725,False,False,0.0,0,0,0,anikoto.cz,http://anikoto.cz
21,14,0,0,1,0,0,0,0,False,False,0,3.8802,False,False,0.0,0,0,0,salonboard.com,http://salonboard.com
16,9,0,0,1,0,0,0,0,False,False,0,3.5,False,False,0.0,0,0,0,vimeo.com,http://vimeo.com
22,15,0,0,1,0,0,0,0,False,False,0,3.6069,False,False,0.0,0,0,0,usemessages.com,http://usemessages.com
19,12,0,0,1,0,1,2,0,False,False,0,3.6819,False,False,0.15384615384615385,0,0,0,gtm-a2b2.com,http://gtm-a2b2.com
13,6,0,0,1,0,0,0,0,False,False,0,3.2389,False,False,0.0,0,0,0,rae.es,http://rae.es
15,8,0,0,1,0,0,0,0,False,False,0,3.6402,False,False,0.0,0,0,0,wise.com,http://wise.com
18,11,0,0,1,0,0,0,0,False,False,0,3.3083,False,False,0.0,0,0,0,xxxhindi.to,http://xxxhindi.to
16,9,0,0,1,0,0,0,0,False,False,0,3.125,False,False,0.0,0,0,0,canada.ca,http://canada.ca
19,12,0,0,2,0,0,0,0,False,False,0,3.5766,False,False,0.0,0,0,0,betway.co.bw,http://betway.co.bw
20,13,0,0,2,0,0,0,0,False,False,0,3.6842,False,False,0.0,0,0,0,google.com.vn,http://google.com.vn
23,16,0,0,1,0,0,0,0,False,False,0,3.969,False,False,0.0,0,0,0,moneyforward.com,http://moneyforward.com
22,15,0,0,1,0,0,0,0,False,False,0,4.0958,False,False,0.0,0,0,0,samsungdive.com,http://samsungdive.com
17,10,0,0,1,0,0,0,0,False,False,0,3.4548,False,False,0.0,0,0,0,moodle.com,http://moodle.com
21,14,0,0,1,0,0,0,0,False,False,0,3.9161,False,False,0.0,0,0,0,spacedaily.com,http://spacedaily.com
25,18,0,0,1,0,1,0,0,False,False,0,3.7035,False,False,0.0,0,0,0,whost-solutions.ru,http://whost-solutions.ru
21,14,0,0,1,0,1,0,0,False,False,0,3.8802,False,False,0.0,0,0,0,sentry-cdn.com,http://sentry-cdn.com
20,13,0,0,1,0,0,0,0,False,False,0,3.7842,False,False,0.0,0,0,0,nameshift.com,http://nameshift.com
17,10,0,0,1,0,0,0,0,False,False,0,3.4104,False,False,0.0,0,0,0,cnstrc.com,http://cnstrc.com
16,9,0,0,1,0,0,0,0,False,False,0,3.4528,False,False,0.0,0,0,0,react.dev,http://react.dev
15,8,0,0,1,0,0,1,0,False,False,0,3.4566,False,False,0.09090909090909091,0,0,0,gvt2.com,http://gvt2.com
17,10,0,0,1,0,0,0,0,False,False,0,3.6169,False,False,0.0,0,0,0,kroger.com,http://kroger.com
18,11,0,0,1,0,0,0,0,False,False,0,3.6835,False,False,0.0,0,0,0,wixsite.com,http://wixsite.com
17,10,0,0,1,0,0,0,0,False,False,0,3.5725,False,False,0.0,0,0,0,imcmdb.net,http://imcmdb.net
14,7,0,0,1,0,0,0,0,False,False,0,3.3249,False,False,0.0,0,0,0,tsa.gov,http://tsa.gov
18,11,0,0,1,0,0,0,0,False,False,0,2.9749,False,False,0.0,0,0,0,onenote.net,http://onenote.net
20,13,0,0,1,0,0,0,0,False,False,0,3.8219,False,False,0.0,0,0,0,sondakika.com,http://sondakika.com
23,16,0,0,1,0,0,0,0,False,False,0,3.7951,False,False,0.0,0,0,0,windowsphone.com,http://windowsphone.com
17,10,0,0,1,0,0,0,0,False,False,0,3.7345,False,False,0.0,0,0,0,unicamp.br,http://unicamp.br
14,7,0,0,1,0,0,0,0,False,False,0,3.5216,False,False,0.0,0,0,0,ask.com,http://ask.com
13,6,0,0,1,0,0,0,0,False,False,0,3.3927,False,False,0.0,0,0,0,alo.bg,http://alo.bg
17,10,0,0,1,0,0,0,0,False,False,0,3.3372,False,False,0.0,0,0,0,ipecho.net,http://ipecho.net
14,7,0,0,1,0,0,0,0,False,False,0,3.3788,False,False,0.0,0,0,0,umn.edu,http://umn.edu
25,18,0,0,1,0,1,0,0,False,False,0,3.7337,False,False,0.0,0,0,0,instant-gaming.com,http://instant-gaming.com
17,10,0,0,1,0,0,0,0,False,False,0,3.6169,False,False,0.0,0,0,0,linkssp.ru,http://linkssp.ru
20,13,0,0,1,0,0,0,0,False,False,0,3.7842,False,False,0.0,0,0,0,instagram.com,http://instagram.com
19,12,0,0,1,0,0,0,0,False,False,0,3.5766,False,False,0.0,0,0,0,pussyboy.net,http://pussyboy.net
12,5,0,0,1,0,0,0,0,False,False,0,3.2516,False,False,0.0,0,0,0,mk.ru,http://mk.ru
20,13,0,0,1,0,0,0,0,False,False,0,3.8219,False,False,0.0,0,0,0,rezultati.com,http://rezultati.com
15,8,0,0,1,0,0,0,0,False,False,0,3.3736,False,False,0.0,0,0,0,xnhau.la,http://xnhau.la
25,18,0,0,1,0,0,0,0,False,False,0,3.9737,False,False,0.0,0,0,0,minecraftskins.com,http://minecraftskins.com
19,12,0,0,1,0,0,0,0,False,False,0,3.4316,False,False,0.0,0,0,0,lastpass.com,http://lastpass.com
24,15,1,0,2,1,0,6,0,False,False,0,3.8554,False,False,0.46153846153846156,0,0,1,268365h.com,https://www.268365h.com/
22,15,0,0,1,0,0,0,0,False,False,0,3.516,False,False,0.0,0,0,0,invisioncic.com,http://invisioncic.com
17,10,0,0,1,0,0,0,0,False,False,0,3.7345,False,False,0.0,0,0,0,iamcook.ru,http://iamcook.ru
14,7,0,0,1,0,0,0,0,False,False,0,3.3788,False,False,0.0,0,0,0,ssl.com,http://ssl.com
16,9,0,0,1,0,0,0,0,False,False,0,3.375,False,False,0.0,0,0,0,repec.org,http://repec.org
20,13,0,0,1,0,0,0,0,False,False,0,3.5219,False,False,0.0,0,0,0,camstreams.tv,http://camstreams.tv
18,11,0,0,1,0,0,0,0,False,False,0,3.3921,False,False,0.0,0,0,0,iastate.edu,http://iastate.edu
18,11,0,0,1,0,0,0,0,False,False,0,3.5724,False,False,0.0,0,0,0,jomodns.com,http://jomodns.com
48,40,1,0,2,1,6,0,0,False,False,0,4.1395,False,False,0.0,0,0,1,webflow.io,http://sso--netcoins-com-cdn-n-auuth.webflow.io/
23,16,0,0,1,0,0,0,0,False,False,0,3.882,False,False,0.0,0,0,0,highwebmedia.com,http://highwebmedia.com
15,8,0,0,1,0,0,0,0,False,False,0,3.4566,False,False,0.0,0,0,0,sfdc.net,http://sfdc.net
18,11,0,0,1,0,0,0,0,False,False,0,3.5724,False,False,0.0,0,0,0,sushida.net,http://sushida.net
17,10,0,0,1,0,0,0,0,False,False,0,3.7345,False,False,0.0,0,0,0,ngxcld.com,http://ngxcld.com
16,9,0,0,1,0,0,0,0,False,False,0,3.4528,False,False,0.0,0,0,0,skool.com,http://skool.com
21,14,0,0,1,0,0,0,0,False,False,0,3.9161,False,False,0.0,0,0,0,aliexpress.com,http://aliexpress.com
20,13,0,0,1,0,0,0,0,False,False,0,3.5842,False,False,0.0,0,0,0,pananames.com,http://pananames.com
21,14,0,0,1,0,0,0,0,False,False,0,3.6304,False,False,0.0,0,0,0,translate.goog,http://translate.goog
20,13,0,0,1,0,0,0,0,False,False,0,3.3414,False,False,0.0,0,0,0,twitchcdn.net,http://twitchcdn.net
20,13,0,0,1,0,0,0,0,False,False,0,3.9219,False,False,0.0,0,0,0,zdnscloud.biz,http://zdnscloud.biz
18,11,0,0,1,0,1,0,0,False,False,0,3.5724,False,False,0.0,0,0,0,trs-dns.org,http://trs-dns.org
25,18,0,0,1,0,0,0,0,False,False,0,3.8937,False,False,0.0,0,0,0,elconfidencial.com,http://elconfidencial.com
18,11,0,0,1,0,0,0,0,False,False,0,3.3502,False,False,0.0,0,0,0,kaptcha.com,http://kaptcha.com
38,30,1,0,2,1,2,0,0,False,False,0,4.001,False,False,0.0,0,0,1,webflow.io,http://trezore-started-get.webflow.io/
20,13,0,0,1,0,0,0,0,False,False,0,3.2037,False,False,0.0,0,0,0,pinterest.net,http://pinterest.net
18,11,0,0,1,0,0,0,0,False,False,0,3.5305,False,False,0.0,0,0,0,meteored.cl,http://meteored.cl
13,6,0,0,1,0,0,0,0,False,False,0,3.2389,False,False,0.0,0,0,0,ici.fr,http://ici.fr
14,7,0,0,1,0,0,0,0,False,False,0,3.5216,False,False,0.0,0,0,0,acm.org,http://acm.org
15,8,0,0,1,0,0,0,0,False,False,0,3.0062,False,False,0.0,0,0,0,xxxbp.tv,http://xxxbp.tv
20,13,0,0,1,0,0,0,0,False,False,0,3.5464,False,False,0.0,0,0,0,controlup.com,http://controlup.com
20,13,0,0,1,0,0,0,0,False,False,0,3.8219,False,False,0.0,0,0,0,runsignup.com,http://runsignup.com
22,15,0,0,1,0,0,0,0,False,False,0,3.6412,False,False,0.0,0,0,0,theplatform.com,http://theplatform.com
25,18,0,0,1,0,0,0,0,False,False,0,4.0039,False,False,0.0,0,0,0,hugedomainsdns.com,http://hugedomainsdns.com
18,11,0,0,1,0,0,1,0,False,False,0,3.9477,False,False,0.07142857142857142,0,0,0,wsglb0.info,http://wsglb0.info
22,15,0,0,1,0,0,0,0,False,False,0,3.7888,False,False,0.0,0,0,0,gambleaware.org,http://gambleaware.org
25,18,0,0,1,0,0,0,0,False,False,0,3.9737,False,False,0.0,0,0,0,bigrockservers.com,http://bigrockservers.com
16,9,0,0,1,0,0,0,0,False,False,0,3.5,False,False,0.0,0,0,0,house.gov,http://house.gov
21,14,0,0,1,0,0,0,0,False,False,0,3.7849,False,False,0.0,0,0,0,msdmanuals.com,http://msdmanuals.com
19,12,0,0,1,0,0,0,0,False,False,0,3.7216,False,False,0.0,0,0,0,samplicio.us,http://samplicio.us
21,14,0,0,1,0,0,0,0,False,False,0,3.6304,False,False,0.0,0,0,0,zetaglobal.net,http://zetaglobal.net
19,12,0,0,1,0,0,0,0,False,False,0,3.7871,False,False,0.0,0,0,0,dribbble.com,http://dribbble.com
25,18,0,0,1,0,0,0,0,False,False,0,3.7337,False,False,0.0,0,0,0,saasprotection.com,http://saasprotection.com
16,9,0,0,1,0,0,0,0,False,False,0,3.5,False,False,0.0,0,0,0,force.com,http://force.com
18,11,0,0,2,0,0,0,0,False,False,0,3.7255,False,False,0.0,0,0,0,inven.co.kr,http://inven.co.kr
13,6,0,0,1,0,0,0,0,False,False,0,3.0851,False,False,0.0,0,0,0,nzz.ch,http://nzz.ch
20,13,0,0,1,0,0,0,0,False,False,0,3.6219,False,False,0.0,0,0,0,fastlydns.net,http://fastlydns.net
16,9,0,0,1,0,0,0,0,False,False,0,3.625,False,False,0.0,0,0,0,iherb.com,http://iherb.com
16,9,0,0,1,0,0,0,0,False,False,0,3.0778,False,False,0.0,0,0,0,boosty.to,http://boosty.to
26,19,0,0,1,0,0,0,0,False,False,0,3.8441,False,False,0.0,0,0,0,bakecaincontrii.com,http://bakecaincontrii.com
19,12,0,0,1,0,0,0,0,False,False,0,3.5766,False,False,0.0,0,0,0,logitech.com,http://logitech.com
22,15,0,0,1,0,0,0,0,False,False,0,3.7544,False,False,0.0,0,0,0,livechatinc.com,http://livechatinc.com
16,9,0,0,1,0,0,0,0,False,False,0,3.5,False,False,0.0,0,0,0,corel.com,http://corel.com
20,13,0,0,2,0,0,0,0,False,False,0,3.8219,False,False,0.0,0,0,0,acesso.gov.br,http://acesso.gov.br
13,6,0,0,1,0,0,0,0,False,False,0,3.2389,False,False,0.0,0,0,0,cra.cz,http://cra.cz
25,18,0,0,1,0,1,0,0,False,False,0,3.9435,False,False,0.0,0,0,0,credit-agricole.fr,http://credit-agricole.fr
16,9,0,0,1,0,0,0,0,False,False,0,3.1556,False,False,0.0,0,0,0,nsone.net,http://nsone.net
16,9,0,0,1,0,0,0,0,False,False,0,3.3278,False,False,0.0,0,0,0,hotjar.io,http://hotjar.io
21,14,0,0,1,0,0,0,0,False,False,0,3.8802,False,False,0.0,0,0,0,truyenqqko.com,http://truyenqqko.com
15,8,0,0,1,0,0,1,0,False,False,0,3.6402,False,False,0.09090909090909091,0,0,0,nya5.com,http://nya5.com
21,14,0,0,1,0,0,0,0,False,False,0,3.6897,False,False,0.0,0,0,0,headtopics.com,http://headtopics.com
26,19,0,0,1,0,0,0,0,False,False,0,3.7483,False,False,0.0,0,0,0,adsafeprotected.com,http://adsafeprotected.com
19,12,0,0,1,0,0,0,0,False,False,0,3.7871,False,False,0.0,0,0,0,liteapks.com,http://liteapks.com
22,15,0,0,1,0,0,0,0,False,False,0,3.3176,False,False,0.0,0,0,0,intimissimi.com,http://intimissimi.com
20,13,0,0,1,0,0,0,0,False,False,0,3.6464,False,False,0.0,0,0,0,websupport.sk,http://websupport.sk
19,12,0,0,1,0,0,0,0,False,False,0,3.4316,False,False,0.0,0,0,0,zmaticoo.com,http://zmaticoo.com
18,11,0,0,1,0,0,0,0,False,False,0,3.4613,False,False,0.0,0,0,0,lithium.com,http://lithium.com
18,11,0,0,1,0,0,0,0,False,False,0,3.4613,False,False,0.0,0,0,0,gocache.net,http://gocache.net
17,10,0,0,2,0,0,0,0,False,False,0,3.4548,False,False,0.0,0,0,0,rtm.gov.my,http://rtm.gov.my
20,13,0,0,1,0,0,0,0,False,False,0,3.6464,False,False,0.0,0,0,0,findnovel.net,http://findnovel.net
20,13,0,0,1,0,0,0,0,False,False,0,3.7842,False,False,0.0,0,0,0,lufthansa.com,http://lufthansa.com
24,17,0,0,2,0,0,0,0,False,False,0,3.6887,False,False,0.0,0,0,0,realestate.com.au,http://realestate.com.au
16,9,0,0,1,0,1,0,0,False,False,0,3.625,False,False,0.0,0,0,0,ui-dns.de,http://ui-dns.de
13,6,0,0,1,0,0,0,0,False,False,0,3.2389,False,False,0.0,0,0,0,cas.cn,http://cas.cn
19,12,0,0,1,0,0,0,0,False,False,0,3.6819,False,False,0.0,0,0,0,kameleoon.eu,http://kameleoon.eu
24,17,0,0,1,0,0,0,0,False,False,0,3.9702,False,False,0.0,0,0,0,filmyfly.builders,http://filmyfly.builders
14,7,0,0,1,0,0,0,0,False,False,0,3.3788,False,False,0.0,0,0,0,bms.com,http://bms.com
19,12,0,0,1,0,0,0,0,False,False,0,3.6163,False,False,0.0,0,0,0,targetads.io,http://targetads.io
17,10,0,0,1,0,0,0,0,False,False,0,3.4548,False,False,0.0,0,0,0,winner.bet,http://winner.bet
16,9,0,0,1,0,0,0,0,False,False,0,3.5,False,False,0.0,0,0,0,cloud.com,http://cloud.com
21,14,0,0,1,0,0,0,0,False,False,0,3.6897,False,False,0.0,0,0,0,onclouddns.com,http://onclouddns.com
19,12,0,0,1,0,0,0,0,False,False,0,3.6819,False,False,0.0,0,0,0,infojobs.net,http://infojobs.net
19,12,0,0,1,0,0,3,0,False,False,0,3.3919,False,False,0.23076923076923078,0,0,0,ck444app.net,http://ck444app.net
13,6,0,0,1,0,0,0,0,False,False,0,3.1808,False,False,0.0,0,0,0,lnk.to,http://lnk.to
23,16,0,0,2,0,0,0,0,False,False,0,3.6753,False,False,0.0,0,0,0,falabella.com.co,http://falabella.com.co
20,13,0,0,1,0,0,0,0,False,False,0,3.4464,False,False,0.0,0,0,0,chronopost.fr,http://chronopost.fr
27,20,0,0,1,0,1,0,0,False,False,0,3.9121,False,False,0.0,0,0,0,fitgirl-repacks.site,http://fitgirl-repacks.site
13,6,0,0,1,0,0,0,0,False,False,0,2.6235,False,False,0.0,0,0,0,ptt.cc,http://ptt.cc
20,13,0,0,1,0,0,0,0,False,False,0,3.6219,False,False,0.0,0,0,0,aircanada.com,http://aircanada.com
16,9,0,0,1,0,0,0,0,False,False,0,3.3278,False,False,0.0,0,0,0,hitomi.la,http://hitomi.la
15,8,0,0,1,0,0,0,0,False,False,0,3.3736,False,False,0.0,0,0,0,ameba.jp,http://ameba.jp
20,13,0,0,1,0,0,0,0,False,False,0,3.7842,False,False,0.0,0,0,0,wasabisys.com,http://wasabisys.com
20,13,0,0,1,0,0,0,0,False,False,0,3.7464,False,False,0.0,0,0,0,thlivehub.com,http://thlivehub.com
23,16,0,0,1,0,0,0,0,False,False,0,3.7579,False,False,0.0,0,0,0,trustedstack.com,http://trustedstack.com
29,20,1,0,2,1,0,6,0,False,False,0,4.2282,False,False,0.3333333333333333,0,0,1,icefactory.cl,https://848297.icefactory.cl/
15,8,0,0,1,0,0,0,0,False,False,0,3.1396,False,False,0.0,0,0,0,iliad.it,http://iliad.it
16,9,0,0,1,0,0,0,0,False,False,0,3.3278,False,False,0.0,0,0,0,apnic.net,http://apnic.net
16,9,0,0,1,0,0,1,0,False,False,0,3.5778,False,False,0.08333333333333333,0,0,0,quad9.net,http://quad9.net
25,18,0,0,1,0,1,0,0,False,False,0,4.1639,False,False,0.0,0,0,0,cloudflare-dns.com,http://cloudflare-dns.com
16,9,0,0,1,0,0,0,0,False,False,0,3.2028,False,False,0.0,0,0,0,ggpht.com,http://ggpht.com
17,10,0,0,1,0,0,0,0,False,False,0,3.7345,False,False,0.0,0,0,0,wsdvs.info,http://wsdvs.info
20,13,0,0,1,0,0,0,0,False,False,0,3.6842,False,False,0.0,0,0,0,undertone.com,http://undertone.com
13,6,0,0,1,0,0,0,0,False,False,0,3.2389,False,False,0.0,0,0,0,doz.pl,http://doz.pl
18,11,0,0,1,0,0,0,0,False,False,0,3.4613,False,False,0.0,0,0,0,namasha.com,http://namasha.com
23,16,0,0,1,0,2,0,0,False,False,0,3.8492,False,False,0.0,0,0,0,ax-dc-msedge.net,http://ax-dc-msedge.net
17,10,0,0,1,0,0,0,0,False,False,0,3.6169,False,False,0.0,0,0,0,heylink.me,http://heylink.me
20,13,0,0,1,0,0,0,0,False,False,0,3.7219,False,False,0.0,0,0,0,shopcider.com,http://shopcider.com
23,16,0,0,1,0,0,0,0,False,False,0,3.7081,False,False,0.0,0,0,0,kleinanzeigen.de,http://kleinanzeigen.de
16,9,0,0,1,0,0,0,0,False,False,0,3.5,False,False,0.0,0,0,0,shodan.io,http://shodan.io
16,9,0,0,1,0,0,0,0,False,False,0,3.625,False,False,0.0,0,0,0,umeng.com,http://umeng.com
19,12,0,0,1,0,1,0,0,False,False,0,3.8269,False,False,0.0,0,0,0,volc-dns.com,http://volc-dns.com
17,10,0,0,1,0,0,0,0,False,False,0,3.5725,False,False,0.0,0,0,0,skroutz.gr,http://skroutz.gr
17,10,0,0,1,0,0,0,0,False,False,0,3.6169,False,False,0.0,0,0,0,diamond.jp,http://diamond.jp
15,8,0,0,1,0,0,0,0,False,False,0,3.3736,False,False,0.0,0,0,0,blick.ch,http://blick.ch
17,10,0,0,1,0,0,0,0,False,False,0,3.5725,False,False,0.0,0,0,0,snssdk.com,http://snssdk.com
21,14,0,0,1,0,0,0,0,False,False,0,3.8802,False,False,0.0,0,0,0,justgiving.com,http://justgiving.com
16,9,0,0,1,0,0,0,0,False,False,0,3.625,False,False,0.0,0,0,0,amazon.eg,http://amazon.eg
13,6,0,0,1,0,0,0,0,False,False,0,3.0851,False,False,0.0,0,0,0,sfr.fr,http://sfr.fr
27,20,0,0,1,0,1,0,0,False,False,0,4.0043,False,False,0.0,0,0,0,corevibe-network.com,http://corevibe-network.com
19,12,0,0,2,0,1,0,0,False,False,0,3.4714,False,False,0.0,0,0,0,so-net.ne.jp,http://so-net.ne.jp
15,8,0,0,1,0,0,0,0,False,False,0,3.5069,False,False,0.0,0,0,0,name.com,http://name.com
17,10,0,0,1,0,0,0,0,False,False,0,3.5725,False,False,0.0,0,0,0,vrtcal.com,http://vrtcal.com
46,38,1,0,2,1,4,6,0,False,False,0,4.6212,False,False,0.1935483870967742,0,0,1,pages.dev,http://k9n4wu-lyo-vy6qg-v9dmfh-6mk0.pages.dev/
19,12,0,0,1,0,0,0,0,False,False,0,3.6819,False,False,0.0,0,0,0,airbridge.io,http://airbridge.io
24,17,0,0,1,0,0,0,0,False,False,0,3.6887,False,False,0.0,0,0,0,lachainemeteo.com,http://lachainemeteo.com
17,10,0,0,1,0,0,0,0,False,False,0,3.7345,False,False,0.0,0,0,0,arcgis.com,http://arcgis.com
20,13,0,0,2,0,0,0,0,False,False,0,3.6842,False,False,0.0,0,0,0,google.com.bn,http://google.com.bn
18,11,0,0,1,0,0,0,0,False,False,0,3.8366,False,False,0.0,0,0,0,securly.com,http://securly.com
14,7,0,0,1,0,0,0,0,False,False,0,3.0931,False,False,0.0,0,0,0,tds.net,http://tds.net
16,9,0,0,1,0,0,0,0,False,False,0,3.5,False,False,0.0,0,0,0,arbpay.me,http://arbpay.me
15,8,0,0,1,0,0,0,0,False,False,0,3.3736,False,False,0.0,0,0,0,miui.com,http://miui.com
21,14,0,0,1,0,0,0,0,False,False,0,3.4992,False,False,0.0,0,0,0,intermedia.net,http://intermedia.net
13,6,0,0,1,0,0,0,0,False,False,0,3.3927,False,False,0.0,0,0,0,wb.com,http://wb.com
22,15,0,0,1,0,0,0,0,False,False,0,3.914,False,False,0.0,0,0,0,myqnapcloud.com,http://myqnapcloud.com
17,10,0,0,1,0,1,0,0,False,False,0,3.5725,False,False,0.0,0,0,0,ad-tech.ru,http://ad-tech.ru
19,12,0,0,1,0,0,0,0,False,False,0,3.3211,False,False,0.0,0,0,0,toasttab.com,http://toasttab.com
22,15,0,0,2,0,1,2,0,False,False,0,4.0958,False,False,0.13333333333333333,0,0,0,awsdns-09.co.uk,http://awsdns-09.co.uk
14,7,0,0,1,0,0,0,0,False,False,0,3.5216,False,False,0.0,0,0,0,aws.com,http://aws.com
15,8,0,0,1,0,0,0,0,False,False,0,3.6402,False,False,0.0,0,0,0,uber.com,http://uber.com
17,10,0,0,1,0,0,0,0,False,False,0,3.4548,False,False,0.0,0,0,0,skokka.com,http://skokka.com
17,10,0,0,1,0,0,0,0,False,False,0,3.6169,False,False,0.0,0,0,0,faipod.com,http://faipod.com
22,15,0,0,1,0,0,1,0,False,False,0,3.8797,False,False,0.05555555555555555,0,0,0,5movierulz.vote,http://5movierulz.vote
14,7,0,0,1,0,0,0,0,False,False,0,3.3788,False,False,0.0,0,0,0,ups.com,http://ups.com
20,13,0,0,1,0,0,0,0,False,False,0,3.4842,False,False,0.0,0,0,0,thekitchn.com,http://thekitchn.com
16,9,0,0,1,0,0,0,0,False,False,0,3.5,False,False,0.0,0,0,0,uconn.edu,http://uconn.edu
13,6,0,0,1,0,0,0,0,False,False,0,3.2389,False,False,0.0,0,0,0,hse.ru,http://hse.ru
16,9,0,0,1,0,0,0,0,False,False,0,3.4528,False,False,0.0,0,0,0,zmaal.net,http://zmaal.net
18,11,0,0,1,0,0,0,0,False,False,0,3.8366,False,False,0.0,0,0,0,ufileos.com,http://ufileos.com
18,11,0,0,1,0,0,0,0,False,False,0,3.8366,False,False,0.0,0,0,0,unicode.org,http://unicode.org
17,10,0,0,1,0,0,0,0,False,False,0,3.6901,False,False,0.0,0,0,0,ekitan.com,http://ekitan.com
16,9,0,0,1,0,0,0,0,False,False,0,3.625,False,False,0.0,0,0,0,skype.com,http://skype.com
15,8,0,0,1,0,0,0,0,False,False,0,3.1899,False,False,0.0,0,0,0,htsc.com,http://htsc.com
22,15,0,0,1,0,0,0,0,False,False,0,3.7888,False,False,0.0,0,0,0,nianticlabs.com,http://nianticlabs.com
20,13,0,0,1,0,1,2,0,False,False,0,3.7842,False,False,0.14285714285714285,0,0,0,awsdns-08.net,http://awsdns-08.net
16,9,0,0,1,0,0,0,0,False,False,0,3.625,False,False,0.0,0,0,0,giize.com,http://giize.com
19,12,0,0,1,0,0,0,0,False,False,0,3.4714,False,False,0.0,0,0,0,hath.network,http://hath.network
16,9,0,0,1,0,0,0,0,False,False,0,3.5,False,False,0.0,0,0,0,casio.com,http://casio.com
21,14,0,0,1,0,1,0,0,False,False,0,3.6304,False,False,0.0,0,0,0,pro-market.net,http://pro-market.net
21,14,0,0,1,0,0,0,0,False,False,0,3.6304,False,False,0.0,0,0,0,rapidgator.net,http://rapidgator.net
18,11,0,0,1,0,0,0,0,False,False,0,3.4613,False,False,0.0,0,0,0,mcmaster.ca,http://mcmaster.ca
28,21,0,0,1,0,1,0,0,False,False,0,4.0391,False,False,0.0,0,0,0,facebook-hardware.com,http://facebook-hardware.com
24,17,0,0,1,0,0,0,0,False,False,0,3.9702,False,False,0.0,0,0,0,farlightgames.com,http://farlightgames.com
14,7,0,0,1,0,0,0,0,False,False,0,3.2359,False,False,0.0,0,0,0,gog.com,http://gog.com
17,10,0,0,1,0,0,0,0,False,False,0,3.6169,False,False,0.0,0,0,0,laodong.vn,http://laodong.vn
16,9,0,0,2,0,0,0,0,False,False,0,3.5,False,False,0.0,0,0,0,iol.co.za,http://iol.co.za
23,16,0,0,1,0,0,0,0,False,False,0,3.6381,False,False,0.0,0,0,0,getbootstrap.com,http://getbootstrap.com
20,13,0,0,1,0,0,0,0,False,False,0,3.8219,False,False,0.0,0,0,0,makeuseof.com,http://makeuseof.com
16,9,0,0,1,0,0,0,0,False,False,0,3.5,False,False,0.0,0,0,0,npmjs.com,http://npmjs.com
22,15,0,0,1,0,0,0,0,False,False,0,3.9706,False,False,0.0,0,0,0,russianfood.com,http://russianfood.com
37,30,0,0,1,0,3,0,0,False,False,0,4.0033,False,False,0.0,0,0,0,app-analytics-services-att.com,http://app-analytics-services-att.com
21,14,0,0,1,0,0,0,0,False,False,0,3.749,False,False,0.0,0,0,0,tensorflow.org,http://tensorflow.org
18,11,0,0,1,0,0,0,0,False,False,0,3.3921,False,False,0.0,0,0,0,histats.com,http://histats.com
19,12,0,0,1,0,0,0,0,False,False,0,3.5766,False,False,0.0,0,0,0,verisign.net,http://verisign.net
26,19,0,0,1,0,0,0,0,False,False,0,4.056,False,False,0.0,0,0,0,kingsgroupgames.com,http://kingsgroupgames.com
17,10,0,0,1,0,0,0,0,False,False,0,3.4992,False,False,0.0,0,0,0,sndcdn.com,http://sndcdn.com
19,12,0,0,1,0,0,0,0,False,False,0,3.9321,False,False,0.0,0,0,0,fsiblogx.com,http://fsiblogx.com
24,17,0,0,1,0,0,0,0,False,False,0,3.8868,False,False,0.0,0,0,0,domaindetails.com,http://domaindetails.com
41,33,1,0,2,1,2,4,0,False,False,0,4.2291,False,False,0.13333333333333333,0,0,1,netlify.app,http://sunny-vacherin-33a11a.netlify.app/
17,10,0,0,1,0,0,0,0,False,False,0,3.6169,False,False,0.0,0,0,0,advolve.io,http://advolve.io
14,7,0,0,1,0,0,0,0,False,False,0,3.3788,False,False,0.0,0,0,0,sap.com,http://sap.com
13,6,0,0,1,0,0,0,0,False,False,0,3.3927,False,False,0.0,0,0,0,dns.kr,http://dns.kr
18,11,0,0,1,0,0,0,0,False,False,0,3.3921,False,False,0.0,0,0,0,meteofor.lt,http://meteofor.lt
15,8,0,0,1,0,0,0,0,False,False,0,3.3232,False,False,0.0,0,0,0,mgtv.com,http://mgtv.com
17,10,0,0,1,0,0,0,0,False,False,0,3.5725,False,False,0.0,0,0,0,anal.media,http://anal.media
21,14,0,0,1,0,0,0,0,False,False,0,3.8802,False,False,0.0,0,0,0,nustargame.com,http://nustargame.com
20,13,0,0,1,0,0,0,0,False,False,0,3.6219,False,False,0.0,0,0,0,authorize.net,http://authorize.net
14,7,0,0,1,0,0,0,0,False,False,0,3.3788,False,False,0.0,0,0,0,ozon.ru,http://ozon.ru
18,11,0,0,1,0,0,0,0,False,False,0,3.5724,False,False,0.0,0,0,0,pruebat.org,http://pruebat.org
15,8,0,0,1,0,0,1,0,False,False,0,3.5069,False,False,0.09090909090909091,0,0,0,jup9.com,http://jup9.com
21,14,0,0,1,0,0,1,0,False,False,0,3.9161,False,False,0.058823529411764705,0,0,0,kbz0pwvxmv.com,http://kbz0pwvxmv.com
17,10,0,0,1,0,0,0,0,False,False,0,3.6901,False,False,0.0,0,0,0,fastly.com,http://fastly.com
16,9,0,0,1,0,0,0,0,False,False,0,3.75,False,False,0.0,0,0,0,ygles.com,http://ygles.com
19,12,0,0,1,0,0,0,0,False,False,0,3.4316,False,False,0.0,0,0,0,freetype.org,http://freetype.org
19,12,0,0,1,0,0,0,0,False,False,0,3.6819,False,False,0.0,0,0,0,colorado.edu,http://colorado.edu
20,13,0,0,2,0,1,0,0,False,False,0,3.6842,False,False,0.0,0,0,0,kyoto-u.ac.jp,http://kyoto-u.ac.jp
16,9,0,0,1,0,0,0,0,False,False,0,3.3278,False,False,0.0,0,0,0,zeturf.fr,http://zeturf.fr
24,17,0,0,1,0,0,0,0,False,False,0,3.835,False,False,0.0,0,0,0,freepornvideo.sex,http://freepornvideo.sex
24,17,0,0,1,0,0,0,0,False,False,0,3.4906,False,False,0.0,0,0,0,screenconnect.com,http://screenconnect.com
23,16,0,0,1,0,0,1,0,False,False,0,3.4971,False,False,0.05263157894736842,0,0,0,sattamatkano1.me,http://sattamatkano1.me
13,6,0,0,1,0,0,1,0,False,False,0,3.027,False,False,0.1111111111111111,0,0,0,tf1.fr,http://tf1.fr
17,10,0,0,1,0,0,0,0,False,False,0,2.9398,False,False,0.0,0,0,0,tomtom.com,http://tomtom.com
19,12,0,0,1,0,0,0,0,False,False,0,3.5111,False,False,0.0,0,0,0,intentiq.com,http://intentiq.com
14,7,0,0,1,0,0,0,0,False,False,0,3.3788,False,False,0.0,0,0,0,lsu.edu,http://lsu.edu
20,13,0,0,1,0,0,0,0,False,False,0,3.4087,False,False,0.0,0,0,0,capcutapi.com,http://capcutapi.com
13,6,0,0,1,0,0,0,0,False,False,0,3.3927,False,False,0.0,0,0,0,sfu.ca,http://sfu.ca
13,6,0,0,1,0,0,0,0,False,False,0,3.1808,False,False,0.0,0,0,0,cnr.it,http://cnr.it
20,13,0,0,2,0,0,0,0,False,False,0,3.5842,False,False,0.0,0,0,0,google.com.cy,http://google.com.cy
26,19,0,0,1,0,1,0,0,False,False,0,4.027,False,False,0.0,0,0,0,eum-appdynamics.com,http://eum-appdynamics.com
27,20,0,0,1,0,0,0,0,False,False,0,3.9121,False,False,0.0,0,0,0,goodhousekeeping.com,http://goodhousekeeping.com
20,13,0,0,1,0,1,2,0,False,False,0,4.0219,False,False,0.14285714285714285,0,0,0,awsdns-01.com,http://awsdns-01.com
19,12,0,0,1,0,0,0,0,False,False,0,3.4316,False,False,0.0,0,0,0,leetcode.com,http://leetcode.com
21,14,0,0,1,0,0,0,0,False,False,0,3.6897,False,False,0.0,0,0,0,abbyyjapan.com,http://abbyyjapan.com
18,11,0,0,1,0,0,0,0,False,False,0,3.6144,False,False,0.0,0,0,0,siemens.com,http://siemens.com
12,5,0,0,1,0,0,0,0,False,False,0,3.2516,False,False,0.0,0,0,0,vc.ru,http://vc.ru
16,9,0,0,1,0,0,0,0,False,False,0,3.5,False,False,0.0,0,0,0,moe.video,http://moe.video
27,20,0,0,1,0,0,0,0,False,False,0,3.9303,False,False,0.0,0,0,0,xxxindianstories.com,http://xxxindianstories.com
20,13,0,0,1,0,0,0,0,False,False,0,3.5842,False,False,0.0,0,0,0,churnzero.net,http://churnzero.net
22,15,0,0,1,0,0,0,0,False,False,0,3.6412,False,False,0.0,0,0,0,byteoversea.net,http://byteoversea.net
14,7,0,0,1,0,0,0,0,False,False,0,3.5216,False,False,0.0,0,0,0,dyn.com,http://dyn.com
16,9,0,0,1,0,0,0,0,False,False,0,3.5778,False,False,0.0,0,0,0,getui.com,http://getui.com
15,8,0,0,1,0,0,0,0,False,False,0,3.4566,False,False,0.0,0,0,0,gwfb.net,http://gwfb.net
30,23,0,0,1,0,0,0,0,False,False,0,3.9484,False,False,0.0,0,0,0,sucursalelectronica.com,http://sucursalelectronica.com
17,10,0,0,1,0,0,0,0,False,False,0,3.6169,False,False,0.0,0,0,0,buumal.com,http://buumal.com
16,9,0,0,1,0,0,0,0,False,False,0,3.25,False,False,0.0,0,0,0,strln.net,http://strln.net
14,7,0,0,1,0,0,0,0,False,False,0,3.3788,False,False,0.0,0,0,0,pw.live,http://pw.live
16,9,0,0,1,0,0,0,0,False,False,0,3.625,False,False,0.0,0,0,0,zefoy.com,http://zefoy.com
20,13,0,0,1,0,1,2,0,False,False,0,3.7842,False,False,0.14285714285714285,0,0,0,awsdns-23.net,http://awsdns-23.net
19,12,0,0,1,0,0,0,0,False,False,0,3.5766,False,False,0.0,0,0,0,adobedtm.com,http://adobedtm.com
15,8,0,0,1,0,0,0,0,False,False,0,3.3736,False,False,0.0,0,0,0,moma.org,http://moma.org
20,13,0,0,2,0,0,0,0,False,False,0,3.8219,False,False,0.0,0,0,0,jbhifi.com.au,http://jbhifi.com.au
15,8,0,0,1,0,0,0,0,False,False,0,3.5069,False,False,0.0,0,0,0,ucsf.edu,http://ucsf.edu
17,10,0,0,2,0,0,0,0,False,False,0,3.4992,False,False,0.0,0,0,0,moe.gov.my,http://moe.gov.my
24,17,0,0,1,0,0,0,0,False,False,0,3.6887,False,False,0.0,0,0,0,sciencedirect.com,http://sciencedirect.com
16,9,0,0,1,0,0,0,0,False,False,0,3.625,False,False,0.0,0,0,0,kxcdn.com,http://kxcdn.com
17,10,0,0,1,0,0,0,0,False,False,0,3.7345,False,False,0.0,0,0,0,microad.jp,http://microad.jp
24,17,0,0,1,0,0,0,0,False,False,0,3.6054,False,False,0.0,0,0,0,enlightenment.org,http://enlightenment.org
69,22,39,0,2,1,0,19,0,False,False,0,4.6714,False,False,0.4318181818181818,2,0,1,xfinityrefunds.com,https://www.xfinityrefunds.com/token/A040ECD6920448619F6EE9C86AD3FEF8
14,7,0,0,1,0,0,0,0,False,False,0,3.182,False,False,0.0,0,0,0,auto.ru,http://auto.ru
21,14,0,0,1,0,0,0,0,False,False,0,3.6897,False,False,0.0,0,0,0,zstaticcdn.com,http://zstaticcdn.com
16,9,0,0,1,0,0,0,0,False,False,0,3.4528,False,False,0.0,0,0,0,javmix.tv,http://javmix.tv
18,11,0,0,1,0,0,0,0,False,False,0,3.2663,False,False,0.0,0,0,0,xnxx.health,http://xnxx.health
14,7,0,0,1,0,0,0,0,False,False,0,3.5216,False,False,0.0,0,0,0,fly.dev,http://fly.dev
34,27,0,0,1,0,2,0,0,False,False,0,4.2195,False,False,0.0,0,0,0,browser-intake-datadoghq.eu,http://browser-intake-datadoghq.eu
15,8,0,0,1,0,0,0,0,False,False,0,3.3736,False,False,0.0,0,0,0,dmca.com,http://dmca.com
17,10,0,0,1,0,0,0,0,False,False,0,3.6169,False,False,0.0,0,0,0,maynoe.com,http://maynoe.com
13,6,0,0,1,0,0,0,0,False,False,0,3.2389,False,False,0.0,0,0,0,bnf.fr,http://bnf.fr
23,16,0,0,1,0,0,0,0,False,False,0,4.056,False,False,0.0,0,0,0,appsflyersdk.com,http://appsflyersdk.com
21,14,0,0,1,0,0,0,0,False,False,0,3.6897,False,False,0.0,0,0,0,boursorama.com,http://boursorama.com
16,9,0,0,1,0,0,0,0,False,False,0,3.4528,False,False,0.0,0,0,0,abxxx.com,http://abxxx.com
18,11,0,0,1,0,0,0,0,False,False,0,3.8366,False,False,0.0,0,0,0,sexneka.com,http://sexneka.com
23,16,0,0,1,0,0,3,0,False,False,0,3.882,False,False,0.17647058823529413,0,0,0,cdnhwcuim119.com,http://cdnhwcuim119.com
18,11,0,0,1,0,0,0,0,False,False,0,3.7255,False,False,0.0,0,0,0,kaliscan.io,http://kaliscan.io
23,16,0,0,2,0,0,0,0,False,False,0,4.0018,False,False,0.0,0,0,0,lloydsbank.co.uk,http://lloydsbank.co.uk
18,11,0,0,1,0,0,0,0,False,False,0,3.3921,False,False,0.0,0,0,0,shaalaa.com,http://shaalaa.com
19,12,0,0,1,0,0,0,0,False,False,0,3.6819,False,False,0.0,0,0,0,kameleoon.io,http://kameleoon.io
21,14,0,0,1,0,0,0,0,False,False,0,3.8802,False,False,0.0,0,0,0,virtualbox.org,http://virtualbox.org
18,11,0,0,1,0,0,0,0,False,False,0,3.3502,False,False,0.0,0,0,0,pinklion.io,http://pinklion.io
19,12,0,0,1,0,0,0,0,False,False,0,3.7216,False,False,0.0,0,0,0,eleadcrm.com,http://eleadcrm.com
20,13,0,0,2,0,0,0,0,False,False,0,3.5842,False,False,0.0,0,0,0,google.com.lb,http://google.com.lb
16,9,0,0,1,0,0,0,0,False,False,0,3.4528,False,False,0.0,0,0,0,airtel.in,http://airtel.in
20,13,0,0,1,0,0,0,0,False,False,0,3.6219,False,False,0.0,0,0,0,jobstreet.com,http://jobstreet.com
18,11,0,0,1,0,0,0,0,False,False,0,3.8366,False,False,0.0,0,0,0,xvideo.blog,http://xvideo.blog
18,11,0,0,1,0,0,0,0,False,False,0,3.6835,False,False,0.0,0,0,0,byteimg.com,http://byteimg.com
18,11,0,0,1,0,0,0,0,False,False,0,3.8366,False,False,0.0,0,0,0,xnalgas.com,http://xnalgas.com
23,16,0,0,1,0,0,0,0,False,False,0,3.7081,False,False,0.0,0,0,0,footprintdns.com,http://footprintdns.com
21,14,0,0,1,0,0,0,0,False,False,0,3.4633,False,False,0.0,0,0,0,telephony.goog,http://telephony.goog
14,7,0,0,1,0,0,3,0,False,False,0,3.3788,False,False,0.375,0,0,0,h264.io,http://h264.io
22,15,0,0,1,0,0,0,0,False,False,0,3.6978,False,False,0.0,0,0,0,inecnigeria.org,http://inecnigeria.org
18,11,0,0,1,0,0,0,0,False,False,0,3.7255,False,False,0.0,0,0,0,livedoor.jp,http://livedoor.jp
23,16,0,0,1,0,0,0,0,False,False,0,3.882,False,False,0.0,0,0,0,epicgamescdn.com,http://epicgamescdn.com
20,13,0,0,1,0,0,0,0,False,False,0,3.5219,False,False,0.0,0,0,0,dnsswitch.net,http://dnsswitch.net
20,13,0,0,1,0,0,0,0,False,False,0,3.4842,False,False,0.0,0,0,0,nettavisen.no,http://nettavisen.no
19,12,0,0,1,0,0,0,0,False,False,0,3.7216,False,False,0.0,0,0,0,oneindia.com,http://oneindia.com
19,12,0,0,1,0,0,0,0,False,False,0,3.4714,False,False,0.0,0,0,0,megapath.com,http://megapath.com
17,10,0,0,1,0,0,0,0,False,False,0,3.6169,False,False,0.0,0,0,0,arabxn.sex,http://arabxn.sex
27,20,0,0,1,0,0,0,0,False,False,0,3.5879,False,False,0.0,0,0,0,comparethemarket.com,http://comparethemarket.com
21,14,0,0,1,0,0,0,0,False,False,0,3.6304,False,False,0.0,0,0,0,calculator.net,http://calculator.net
27,20,0,0,1,0,0,0,0,False,False,0,3.5744,False,False,0.0,0,0,0,firebasedatabase.app,http://firebasedatabase.app
18,11,0,0,1,0,0,1,0,False,False,0,3.3083,False,False,0.07142857142857142,0,0,0,lolpol2.com,http://lolpol2.com
15,8,0,0,1,0,0,0,0,False,False,0,3.6402,False,False,0.0,0,0,0,baidu.cn,http://baidu.cn
24,17,0,0,1,0,0,3,0,False,False,0,3.9702,False,False,0.16666666666666666,0,0,0,123moviesfree.net,http://123moviesfree.net
19,12,0,0,1,0,0,0,0,False,False,0,3.5766,False,False,0.0,0,0,0,marmiton.org,http://marmiton.org
16,9,0,0,1,0,0,0,0,False,False,0,3.4528,False,False,0.0,0,0,0,mynet.com,http://mynet.com
19,12,0,0,2,0,0,0,0,False,False,0,3.5766,False,False,0.0,0,0,0,docomo.ne.jp,http://docomo.ne.jp
17,10,0,0,1,0,0,0,0,False,False,0,3.4548,False,False,0.0,0,0,0,twilio.com,http://twilio.com
17,10,0,0,1,0,0,0,0,False,False,0,3.6169,False,False,0.0,0,0,0,olxcdn.com,http://olxcdn.com
22,15,0,0,1,0,0,0,0,False,False,0,3.8454,False,False,0.0,0,0,0,playtopgames.ru,http://playtopgames.ru
20,13,0,0,2,0,0,0,0,False,False,0,3.5464,False,False,0.0,0,0,0,google.com.tr,http://google.com.tr
15,8,0,0,1,0,0,0,0,False,False,0,3.6402,False,False,0.0,0,0,0,vzbi.com,http://vzbi.com
18,11,0,0,1,0,0,0,0,False,False,0,3.3083,False,False,0.0,0,0,0,meethue.com,http://meethue.com
24,17,0,0,1,0,0,0,0,False,False,0,3.8554,False,False,0.0,0,0,0,heapanalytics.com,http://heapanalytics.com
22,15,0,0,1,0,0,0,0,False,False,0,3.7544,False,False,0.0,0,0,0,eleconomista.es,http://eleconomista.es
14,7,0,0,1,0,0,0,0,False,False,0,3.2359,False,False,0.0,0,0,0,aap.org,http://aap.org
20,13,0,0,1,0,0,0,0,False,False,0,3.7219,False,False,0.0,0,0,0,flashscore.pl,http://flashscore.pl
16,9,0,0,1,0,0,2,0,False,False,0,3.5,False,False,0.18181818181818182,0,0,0,kenh14.vn,http://kenh14.vn
18,11,0,0,1,0,0,0,0,False,False,0,3.6835,False,False,0.0,0,0,0,bestbuy.com,http://bestbuy.com
16,9,0,0,1,0,0,0,0,False,False,0,3.75,False,False,0.0,0,0,0,bmw.cloud,http://bmw.cloud
20,13,0,0,1,0,0,0,0,False,False,0,3.8842,False,False,0.0,0,0,0,wikimedia.org,http://wikimedia.org
21,14,0,0,1,0,0,0,0,False,False,0,3.7849,False,False,0.0,0,0,0,manhwaread.com,http://manhwaread.com
26,19,0,0,1,0,0,0,0,False,False,0,3.8441,False,False,0.0,0,0,0,leadconnectorhq.com,http://leadconnectorhq.com
17,10,0,0,1,0,0,0,0,False,False,0,3.7345,False,False,0.0,0,0,0,linode.com,http://linode.com
21,14,0,0,1,0,0,0,0,False,False,0,3.8802,False,False,0.0,0,0,0,virtualmin.com,http://virtualmin.com
29,22,0,0,1,0,0,0,0,False,False,0,3.9614,False,False,0.0,0,0,0,matchwithneighbors.com,http://matchwithneighbors.com
17,10,0,0,1,0,0,0,0,False,False,0,3.3816,False,False,0.0,0,0,0,criteo.net,http://criteo.net
19,12,0,0,1,0,0,1,0,False,False,0,3.4316,False,False,0.06666666666666667,0,0,0,auth0app.com,http://auth0app.com
19,12,0,0,2,0,0,0,0,False,False,0,3.4714,False,False,0.0,0,0,0,oricon.co.jp,http://oricon.co.jp
17,10,0,0,1,0,0,0,0,False,False,0,3.4992,False,False,0.0,0,0,0,truist.com,http://truist.com
15,8,0,0,1,0,0,0,0,False,False,0,3.3736,False,False,0.0,0,0,0,here.com,http://here.com
18,11,0,0,1,0,0,0,0,False,False,0,3.8366,False,False,0.0,0,0,0,alicesw.com,http://alicesw.com
21,14,0,0,1,0,0,0,0,False,False,0,3.6897,False,False,0.0,0,0,0,eventbrite.com,http://eventbrite.com
16,9,0,0,1,0,0,0,0,False,False,0,3.1556,False,False,0.0,0,0,0,vivint.ai,http://vivint.ai
21,14,0,0,1,0,0,0,0,False,False,0,3.6897,False,False,0.0,0,0,0,espacioapk.com,http://espacioapk.com
16,9,0,0,1,0,0,0,0,False,False,0,3.5,False,False,0.0,0,0,0,govee.com,http://govee.com
16,9,0,0,1,0,0,0,0,False,False,0,3.5,False,False,0.0,0,0,0,google.sk,http://google.sk
17,10,0,0,1,0,0,0,0,False,False,0,3.6169,False,False,0.0,0,0,0,adroll.com,http://adroll.com
20,13,0,0,1,0,0,0,0,False,False,0,3.6842,False,False,0.0,0,0,0,tailscale.com,http://tailscale.com
16,9,0,0,1,0,0,0,0,False,False,0,3.5,False,False,0.0,0,0,0,librus.pl,http://librus.pl
16,9,0,0,1,0,0,0,0,False,False,0,3.625,False,False,0.0,0,0,0,unruly.co,http://unruly.co
18,11,0,0,1,0,0,0,0,False,False,0,3.8366,False,False,0.0,0,0,0,isaidub.ceo,http://isaidub.ceo
16,9,0,0,1,0,0,0,0,False,False,0,3.4528,False,False,0.0,0,0,0,media.net,http://media.net
17,10,0,0,1,0,0,0,0,False,False,0,3.5725,False,False,0.0,0,0,0,ctvnews.ca,http://ctvnews.ca
20,13,0,0,1,0,0,0,0,False,False,0,3.5464,False,False,0.0,0,0,0,economist.com,http://economist.com
20,13,0,0,1,0,0,0,0,False,False,0,3.4464,False,False,0.0,0,0,0,ospserver.net,http://ospserver.net
16,9,0,0,1,0,0,0,0,False,False,0,3.625,False,False,0.0,0,0,0,gmail.com,http://gmail.com
13,6,0,0,1,0,0,0,0,False,False,0,3.3927,False,False,0.0,0,0,0,gs.com,http://gs.com
23,16,0,0,1,0,0,0,0,False,False,0,3.6753,False,False,0.0,0,0,0,programmaticx.ai,http://programmaticx.ai
21,14,0,0,1,0,0,0,0,False,False,0,3.8802,False,False,0.0,0,0,0,doublelist.com,http://doublelist.com
19,12,0,0,1,0,0,0,0,False,False,0,3.5369,False,False,0.0,0,0,0,ertelecom.ru,http://ertelecom.ru
18,11,0,0,1,0,0,0,0,False,False,0,3.5724,False,False,0.0,0,0,0,mongodb.net,http://mongodb.net
22,15,0,0,1,0,0,0,0,False,False,0,3.8231,False,False,0.0,0,0,0,khabaronline.ir,http://khabaronline.ir
16,9,0,0,1,0,0,0,0,False,False,0,3.2028,False,False,0.0,0,0,0,patch.com,http://patch.com
20,13,0,0,1,0,0,0,0,False,False,0,3.5842,False,False,0.0,0,0,0,galaxydata.ru,http://galaxydata.ru
19,12,0,0,1,0,0,0,0,False,False,0,3.7871,False,False,0.0,0,0,0,newatlas.com,http://newatlas.com
16,9,0,0,1,0,0,0,0,False,False,0,3.625,False,False,0.0,0,0,0,mlive.com,http://mlive.com
21,14,0,0,1,0,0,0,0,False,False,0,3.6304,False,False,0.0,0,0,0,myinstants.com,http://myinstants.com
18,11,0,0,2,0,0,0,0,False,False,0,3.6144,False,False,0.0,0,0,0,dord.gov.in,http://dord.gov.in
15,8,0,0,1,0,0,0,0,False,False,0,3.1899,False,False,0.0,0,0,0,ohio.gov,http://ohio.gov
19,12,0,0,1,0,0,0,0,False,False,0,3.6819,False,False,0.0,0,0,0,openldap.org,http://openldap.org
15,8,0,0,1,0,0,0,0,False,False,0,3.4566,False,False,0.0,0,0,0,ably.net,http://ably.net
15,8,0,0,1,0,0,0,0,False,False,0,3.6402,False,False,0.0,0,0,0,uefa.com,http://uefa.com
20,13,0,0,1,0,1,2,0,False,False,0,3.6842,False,False,0.14285714285714285,0,0,0,awsdns-44.net,http://awsdns-44.net
24,17,0,0,1,0,0,0,0,False,False,0,3.8554,False,False,0.0,0,0,0,cnbcindonesia.com,http://cnbcindonesia.com
26,19,0,0,1,0,0,0,0,False,False,0,3.8253,False,False,0.0,0,0,0,wpenginepowered.com,http://wpenginepowered.com
22,15,0,0,1,0,0,0,0,False,False,0,3.7322,False,False,0.0,0,0,0,smartthings.com,http://smartthings.com
19,12,0,0,1,0,0,0,0,False,False,0,3.7216,False,False,0.0,0,0,0,observer.com,http://observer.com
20,13,0,0,1,0,0,0,0,False,False,0,3.7219,False,False,0.0,0,0,0,specbench.org,http://specbench.org
14,7,0,0,1,0,0,0,0,False,False,0,3.3788,False,False,0.0,0,0,0,axa.com,http://axa.com
20,13,0,0,1,0,0,0,0,False,False,0,4.0219,False,False,0.0,0,0,0,ladbrokes.com,http://ladbrokes.com
27,20,0,0,1,0,0,0,0,False,False,0,3.9401,False,False,0.0,0,0,0,networksolutions.com,http://networksolutions.com
19,12,0,0,1,0,0,0,0,False,False,0,3.5369,False,False,0.0,0,0,0,akamaihd.net,http://akamaihd.net
18,11,0,0,1,0,0,0,0,False,False,0,3.281,False,False,0.0,0,0,0,grserver.gr,http://grserver.gr
20,13,0,0,1,0,0,0,0,False,False,0,3.5219,False,False,0.0,0,0,0,earthlink.net,http://earthlink.net
23,16,0,0,1,0,1,0,0,False,False,0,3.7081,False,False,0.0,0,0,0,immedia-semi.com,http://immedia-semi.com
16,9,0,0,1,0,0,0,0,False,False,0,3.5778,False,False,0.0,0,0,0,skycdn.it,http://skycdn.it
16,9,0,0,1,0,0,0,0,False,False,0,3.5,False,False,0.0,0,0,0,aadrm.com,http://aadrm.com
19,12,0,0,1,0,0,0,0,False,False,0,3.5766,False,False,0.0,0,0,0,bpigagtm.com,http://bpigagtm.com
20,13,0,0,1,0,1,0,0,False,False,0,3.9219,False,False,0.0,0,0,0,ureca-lab.com,http://ureca-lab.com
16,9,0,0,1,0,0,0,0,False,False,0,3.75,False,False,0.0,0,0,0,fyber.com,http://fyber.com
30,23,0,0,1,0,0,0,0,False,False,0,4.0817,False,False,0.0,0,0,0,adtrafficquality.google,http://adtrafficquality.google
13,6,0,0,1,0,0,0,0,False,False,0,3.3927,False,False,0.0,0,0,0,nic.de,http://nic.de
19,12,0,0,1,0,0,0,0,False,False,0,3.5766,False,False,0.0,0,0,0,bustybus.com,http://bustybus.com
28,21,0,0,1,0,0,0,0,False,False,0,4.1375,False,False,0.0,0,0,0,crazymaplestudios.com,http://crazymaplestudios.com
22,15,0,0,2,0,1,2,0,False,False,0,4.0958,False,False,0.13333333333333333,0,0,0,awsdns-18.co.uk,http://awsdns-18.co.uk
20,13,0,0,1,0,0,0,0,False,False,0,3.8219,False,False,0.0,0,0,0,spinnovax.org,http://spinnovax.org
15,8,0,0,1,0,0,0,0,False,False,0,3.4566,False,False,0.0,0,0,0,zlib.net,http://zlib.net
14,7,0,0,1,0,0,0,0,False,False,0,3.2359,False,False,0.0,0,0,0,api.aws,http://api.aws
18,11,0,0,1,0,0,0,0,False,False,0,3.5724,False,False,0.0,0,0,0,oktacdn.com,http://oktacdn.com
22,15,0,0,1,0,0,0,0,False,False,0,3.8454,False,False,0.0,0,0,0,geodema.network,http://geodema.network
19,12,0,0,1,0,0,0,0,False,False,0,3.8269,False,False,0.0,0,0,0,wswebcdn.com,http://wswebcdn.com
24,17,0,0,1,0,0,0,0,False,False,0,3.8239,False,False,0.0,0,0,0,thehackernews.com,http://thehackernews.com
17,10,0,0,1,0,0,0,0,False,False,0,3.2928,False,False,0.0,0,0,0,unfccc.int,http://unfccc.int
22,15,0,0,1,0,0,0,0,False,False,0,3.8797,False,False,0.0,0,0,0,leakgallery.com,http://leakgallery.com
22,15,0,0,1,0,0,0,0,False,False,0,3.7888,False,False,0.0,0,0,0,miamiherald.com,http://miamiherald.com
18,11,0,0,1,0,0,0,0,False,False,0,3.3502,False,False,0.0,0,0,0,phonepe.com,http://phonepe.com
29,22,0,0,2,0,0,0,0,False,False,0,3.9523,False,False,0.0,0,0,0,escortsandbabes.com.au,http://escortsandbabes.com.au
20,13,0,0,1,0,0,0,0,False,False,0,3.7842,False,False,0.0,0,0,0,riotgames.com,http://riotgames.com
17,10,0,0,2,0,0,0,0,False,False,0,3.5725,False,False,0.0,0,0,0,tfl.gov.uk,http://tfl.gov.uk
17,10,0,0,1,0,0,0,0,False,False,0,3.7345,False,False,0.0,0,0,0,pfizer.com,http://pfizer.com
21,14,0,0,2,0,0,0,0,False,False,0,3.5585,False,False,0.0,0,0,0,locanto.com.mx,http://locanto.com.mx
20,13,0,0,2,0,0,0,0,False,False,0,3.4842,False,False,0.0,0,0,0,people.com.cn,http://people.com.cn
17,10,0,0,1,0,0,0,0,False,False,0,3.4992,False,False,0.0,0,0,0,codepen.io,http://codepen.io
21,14,0,0,1,0,0,0,0,False,False,0,3.8209,False,False,0.0,0,0,0,didiglobal.com,http://didiglobal.com
13,6,0,0,1,0,0,0,0,False,False,0,3.1808,False,False,0.0,0,0,0,tn.gov,http://tn.gov
18,11,0,0,1,0,0,0,0,False,False,0,3.6144,False,False,0.0,0,0,0,hereapi.com,http://hereapi.com
17,10,0,0,1,0,0,0,0,False,False,0,3.1307,False,False,0.0,0,0,0,zenecn.net,http://zenecn.net
17,10,0,0,1,0,0,0,0,False,False,0,3.7345,False,False,0.0,0,0,0,meraki.com,http://meraki.com
23,16,0,0,2,0,0,0,0,False,False,0,3.9149,False,False,0.0,0,0,0,cnnbrasil.com.br,http://cnnbrasil.com.br
21,14,0,0,1,0,1,0,0,False,False,0,3.6538,False,False,0.0,0,0,0,tld-servers.ru,http://tld-servers.ru
15,8,0,0,1,0,0,0,0,False,False,0,3.3232,False,False,0.0,0,0,0,alice.it,http://alice.it
15,8,0,0,1,0,0,0,0,False,False,0,3.3232,False,False,0.0,0,0,0,cnki.net,http://cnki.net
25,18,0,0,1,0,0,0,0,False,False,0,3.7639,False,False,0.0,0,0,0,freefiremobile.com,http://freefiremobile.com
18,11,0,0,1,0,0,0,0,False,False,0,3.4194,False,False,0.0,0,0,0,jotform.com,http://jotform.com
17,10,0,0,1,0,0,0,0,False,False,0,3.7345,False,False,0.0,0,0,0,garena.com,http://garena.com
15,8,0,0,1,0,0,1,0,False,False,0,3.6402,False,False,0.09090909090909091,0,0,0,2gis.com,http://2gis.com
14,7,0,0,1,0,0,0,0,False,False,0,3.5216,False,False,0.0,0,0,0,cnil.fr,http://cnil.fr
15,8,0,0,1,0,0,0,0,False,False,0,3.1899,False,False,0.0,0,0,0,zoho.com,http://zoho.com
16,9,0,0,1,0,1,0,0,False,False,0,3.625,False,False,0.0,0,0,0,sc-gw.com,http://sc-gw.com
14,7,0,0,1,0,0,0,0,False,False,0,3.182,False,False,0.0,0,0,0,twc.com,http://twc.com
22,15,0,0,1,0,0,0,0,False,False,0,3.3176,False,False,0.0,0,0,0,frontiernet.net,http://frontiernet.net
23,16,0,0,1,0,0,3,0,False,False,0,3.9362,False,False,0.17647058823529413,0,0,0,blacktoon413.com,http://blacktoon413.com
19,12,0,0,1,0,0,0,0,False,False,0,3.3661,False,False,0.0,0,0,0,finanzen.net,http://finanzen.net
18,11,0,0,1,0,0,0,0,False,False,0,3.3502,False,False,0.0,0,0,0,goindigo.in,http://goindigo.in
18,11,0,0,1,0,1,0,0,False,False,0,3.6835,False,False,0.0,0,0,0,aiv-cdn.net,http://aiv-cdn.net
15,8,0,0,1,0,0,0,0,False,False,0,3.2402,False,False,0.0,0,0,0,duke.edu,http://duke.edu
21,14,0,0,1,0,0,0,0,False,False,0,3.7849,False,False,0.0,0,0,0,listcrawler.eu,http://listcrawler.eu
27,20,0,0,2,0,0,0,0,False,False,0,4.0141,False,False,0.0,0,0,0,xvideosporno.blog.br,http://xvideosporno.blog.br
19,12,0,0,1,0,0,0,0,False,False,0,3.8269,False,False,0.0,0,0,0,usabilla.com,http://usabilla.com
23,16,0,0,1,0,1,0,0,False,False,0,3.9149,False,False,0.0,0,0,0,mail-archive.com,http://mail-archive.com
15,8,0,0,1,0,0,0,0,False,False,0,3.4566,False,False,0.0,0,0,0,nate.com,http://nate.com
23,16,0,0,1,0,0,0,0,False,False,0,3.8492,False,False,0.0,0,0,0,rgnameserver.com,http://rgnameserver.com
27,19,1,0,3,1,1,0,0,False,False,0,3.504,False,False,0.0,0,0,1,m-whatapp.hl.cn,http://www.m-whatapp.hl.cn/
18,11,0,0,1,0,0,0,0,False,False,0,3.6144,False,False,0.0,0,0,0,kakuyomu.jp,http://kakuyomu.jp
18,11,0,0,1,0,0,0,0,False,False,0,3.7947,False,False,0.0,0,0,0,lgdacom.net,http://lgdacom.net
18,11,0,0,1,0,0,0,0,False,False,0,3.6835,False,False,0.0,0,0,0,cloudns.net,http://cloudns.net
14,7,0,0,1,0,0,0,0,False,False,0,3.5216,False,False,0.0,0,0,0,asm.org,http://asm.org
19,12,0,0,1,0,0,0,0,False,False,0,3.8269,False,False,0.0,0,0,0,vasdgame.com,http://vasdgame.com
18,11,0,0,1,0,0,0,0,False,False,0,3.6835,False,False,0.0,0,0,0,bentley.com,http://bentley.com
18,11,0,0,1,0,0,0,0,False,False,0,3.5724,False,False,0.0,0,0,0,boutell.com,http://boutell.com
15,8,0,0,1,0,0,0,0,False,False,0,3.4566,False,False,0.0,0,0,0,adtec.ru,http://adtec.ru
23,16,0,0,1,0,0,0,0,False,False,0,3.6212,False,False,0.0,0,0,0,trustedshops.com,http://trustedshops.com
20,13,0,0,1,0,0,0,0,False,False,0,3.5842,False,False,0.0,0,0,0,elcomercio.pe,http://elcomercio.pe
19,12,0,0,1,0,0,0,0,False,False,0,3.5766,False,False,0.0,0,0,0,comdirect.de,http://comdirect.de
19,12,0,0,1,0,0,0,0,False,False,0,3.7871,False,False,0.0,0,0,0,zdxcloud.net,http://zdxcloud.net
22,15,0,0,1,0,0,0,0,False,False,0,3.7888,False,False,0.0,0,0,0,sevilmusics.com,http://sevilmusics.com
18,11,0,0,1,0,0,3,0,False,False,0,3.6835,False,False,0.25,0,0,0,byte008.com,http://byte008.com
17,10,0,0,2,0,0,0,0,False,False,0,3.7345,False,False,0.0,0,0,0,very.co.uk,http://very.co.uk
18,11,0,0,1,0,0,0,0,False,False,0,3.5724,False,False,0.0,0,0,0,youporn.com,http://youporn.com
15,8,0,0,1,0,0,0,0,False,False,0,3.5069,False,False,0.0,0,0,0,picks.my,http://picks.my
17,10,0,0,2,0,0,0,0,False,False,0,3.3372,False,False,0.0,0,0,0,anu.edu.au,http://anu.edu.au
14,7,0,0,1,0,0,0,0,False,False,0,3.3788,False,False,0.0,0,0,0,nbc.com,http://nbc.com
17,10,0,0,1,0,0,0,0,False,False,0,3.4548,False,False,0.0,0,0,0,trello.com,http://trello.com
17,10,0,0,1,0,0,0,0,False,False,0,3.4548,False,False,0.0,0,0,0,goxh.today,http://goxh.today
17,10,0,0,1,0,0,0,0,False,False,0,3.4992,False,False,0.0,0,0,0,amspbs.com,http://amspbs.com
17,10,0,0,1,0,0,0,0,False,False,0,3.3816,False,False,0.0,0,0,0,rtblab.net,http://rtblab.net
20,13,0,0,1,0,0,1,0,False,False,0,3.5464,False,False,0.0625,0,0,0,conn3ct.space,http://conn3ct.space
21,14,0,0,1,0,0,0,0,False,False,0,3.8209,False,False,0.0,0,0,0,tsyndicate.com,http://tsyndicate.com
23,16,0,0,1,0,0,0,0,False,False,0,3.8279,False,False,0.0,0,0,0,gdatasecurity.de,http://gdatasecurity.de
19,12,0,0,1,0,0,0,0,False,False,0,3.7216,False,False,0.0,0,0,0,macworld.com,http://macworld.com
22,15,0,0,1,0,0,0,0,False,False,0,3.6978,False,False,0.0,0,0,0,raspberrypi.org,http://raspberrypi.org
12,5,0,0,1,0,0,1,0,False,False,0,3.2516,False,False,0.125,0,0,0,e5.sk,http://e5.sk
17,10,0,0,1,0,0,0,0,False,False,0,3.4548,False,False,0.0,0,0,0,uipath.com,http://uipath.com
14,7,0,0,1,0,0,0,0,False,False,0,3.3249,False,False,0.0,0,0,0,nyt.com,http://nyt.com
31,24,0,0,1,0,0,0,0,False,False,0,3.999,False,False,0.0,0,0,0,bondeddarkenedswerve.com,http://bondeddarkenedswerve.com
15,8,0,0,1,0,0,0,0,False,False,0,3.5069,False,False,0.0,0,0,0,dior.com,http://dior.com
16,9,0,0,1,0,0,0,0,False,False,0,3.3278,False,False,0.0,0,0,0,hoster.ru,http://hoster.ru
18,11,0,0,1,0,0,0,0,False,False,0,3.5724,False,False,0.0,0,0,0,windows.net,http://windows.net
21,14,0,0,1,0,0,0,0,False,False,0,3.6538,False,False,0.0,0,0,0,pussyspace.com,http://pussyspace.com
20,13,0,0,2,0,0,0,0,False,False,0,3.5842,False,False,0.0,0,0,0,google.com.hk,http://google.com.hk
19,12,0,0,1,0,0,0,0,False,False,0,3.6819,False,False,0.0,0,0,0,rolimons.com,http://rolimons.com
16,9,0,0,1,0,0,0,0,False,False,0,3.4528,False,False,0.0,0,0,0,osano.com,http://osano.com
13,6,0,0,1,0,0,0,0,False,False,0,3.3927,False,False,0.0,0,0,0,bfv.de,http://bfv.de
16,9,0,0,1,0,0,0,0,False,False,0,3.5778,False,False,0.0,0,0,0,nstld.com,http://nstld.com
22,15,0,0,1,0,0,0,0,False,False,0,3.6292,False,False,0.0,0,0,0,spankbang.party,http://spankbang.party
28,20,1,0,2,1,0,3,0,False,False,0,3.8963,False,False,0.15,0,0,1,icefactory.cl,http://a6fc86.icefactory.cl/
22,15,0,0,1,0,0,0,0,False,False,0,4.0615,False,False,0.0,0,0,0,tradingview.com,http://tradingview.com
20,13,0,0,1,0,1,2,0,False,False,0,4.0219,False,False,0.14285714285714285,0,0,0,awsdns-04.com,http://awsdns-04.com
17,10,0,0,2,0,0,0,0,False,False,0,3.4548,False,False,0.0,0,0,0,bcb.gov.br,http://bcb.gov.br
19,12,0,0,2,0,0,0,0,False,False,0,3.6163,False,False,0.0,0,0,0,amazon.co.jp,http://amazon.co.jp
17,10,0,0,1,0,0,0,0,False,False,0,3.1463,False,False,0.0,0,0,0,moloco.com,http://moloco.com
16,9,0,0,1,0,0,0,0,False,False,0,3.625,False,False,0.0,0,0,0,infura.io,http://infura.io
20,13,0,0,1,0,1,0,0,False,False,0,3.7219,False,False,0.0,0,0,0,deepl-cdn.com,http://deepl-cdn.com
20,13,0,0,1,0,0,0,0,False,False,0,3.6464,False,False,0.0,0,0,0,ibispaint.com,http://ibispaint.com
18,11,0,0,1,0,0,0,0,False,False,0,3.5724,False,False,0.0,0,0,0,sectigo.com,http://sectigo.com
17,10,0,0,1,0,0,0,0,False,False,0,3.3816,False,False,0.0,0,0,0,sexvid.xxx,http://sexvid.xxx
17,10,0,0,1,0,0,0,0,False,False,0,3.4548,False,False,0.0,0,0,0,taplink.cc,http://taplink.cc
22,15,0,0,1,0,0,0,0,False,False,0,3.6978,False,False,0.0,0,0,0,domaintools.com,http://domaintools.com
21,14,0,0,1,0,0,0,0,False,False,0,3.4992,False,False,0.0,0,0,0,huntington.com,http://huntington.com
18,11,0,0,1,0,0,0,0,False,False,0,3.4613,False,False,0.0,0,0,0,sportbox.ru,http://sportbox.ru
22,15,0,0,1,0,0,0,0,False,False,0,3.8797,False,False,0.0,0,0,0,magicbricks.com,http://magicbricks.com
16,9,0,0,1,0,0,0,0,False,False,0,3.625,False,False,0.0,0,0,0,sprig.com,http://sprig.com
19,12,0,0,1,0,0,0,0,False,False,0,3.5766,False,False,0.0,0,0,0,connatix.com,http://connatix.com
31,24,0,0,1,0,1,0,0,False,False,0,3.9049,False,False,0.0,0,0,0,clashofclans-layouts.com,http://clashofclans-layouts.com
18,11,0,0,1,0,0,3,0,False,False,0,3.3502,False,False,0.25,0,0,0,porno666.nl,http://porno666.nl
16,9,0,0,1,0,0,0,0,False,False,0,3.3278,False,False,0.0,0,0,0,kitco.com,http://kitco.com
18,11,0,0,1,0,0,0,0,False,False,0,3.281,False,False,0.0,0,0,0,pubunit.net,http://pubunit.net
14,7,0,0,1,0,0,0,0,False,False,0,3.2359,False,False,0.0,0,0,0,mixi.jp,http://mixi.jp
17,10,0,0,1,0,0,0,0,False,False,0,3.6169,False,False,0.0,0,0,0,wpscdn.com,http://wpscdn.com
17,10,0,0,1,0,0,0,0,False,False,0,3.5725,False,False,0.0,0,0,0,skelbiu.lt,http://skelbiu.lt
14,7,0,0,1,0,0,0,0,False,False,0,3.5216,False,False,0.0,0,0,0,ufmg.br,http://ufmg.br
14,7,0,0,1,0,0,0,0,False,False,0,3.5216,False,False,0.0,0,0,0,lge.com,http://lge.com
16,9,0,0,1,0,0,0,0,False,False,0,3.2806,False,False,0.0,0,0,0,seaart.ai,http://seaart.ai
22,15,0,0,1,0,0,0,0,False,False,0,3.3565,False,False,0.0,0,0,0,photonengine.io,http://photonengine.io
23,16,0,0,1,0,0,0,0,False,False,0,3.6212,False,False,0.0,0,0,0,mmscloudtest.com,http://mmscloudtest.com
24,17,0,0,1,0,0,0,0,False,False,0,3.7202,False,False,0.0,0,0,0,digitalsmiths.com,http://digitalsmiths.com
18,11,0,0,1,0,0,0,0,False,False,0,3.5033,False,False,0.0,0,0,0,fortnite.gg,http://fortnite.gg
20,13,0,0,1,0,0,0,0,False,False,0,3.6219,False,False,0.0,0,0,0,wixstatic.com,http://wixstatic.com
17,10,0,0,1,0,0,0,0,False,False,0,3.7345,False,False,0.0,0,0,0,elpais.com,http://elpais.com
19,12,0,0,1,0,0,0,0,False,False,0,3.6819,False,False,0.0,0,0,0,rokutime.com,http://rokutime.com
17,10,0,0,1,0,0,0,0,False,False,0,3.2869,False,False,0.0,0,0,0,btttag.com,http://btttag.com
17,10,0,0,1,0,0,0,0,False,False,0,3.5725,False,False,0.0,0,0,0,tunein.com,http://tunein.com
21,14,0,0,1,0,0,0,0,False,False,0,3.9754,False,False,0.0,0,0,0,siteground.biz,http://siteground.biz
22,15,0,0,2,0,0,0,0,False,False,0,3.4474,False,False,0.0,0,0,0,adelaide.edu.au,http://adelaide.edu.au
22,15,0,0,1,0,0,0,0,False,False,0,3.8797,False,False,0.0,0,0,0,foodandwine.com,http://foodandwine.com
24,17,0,0,1,0,0,0,0,False,False,0,4.0535,False,False,0.0,0,0,0,freesexkahani.com,http://freesexkahani.com
14,7,0,0,1,0,0,0,0,False,False,0,3.182,False,False,0.0,0,0,0,mtv.com,http://mtv.com
19,12,0,0,1,0,0,0,0,False,False,0,3.6819,False,False,0.0,0,0,0,engadget.com,http://engadget.com
17,10,0,0,1,0,0,0,0,False,False,0,3.4992,False,False,0.0,0,0,0,amazon.com,http://amazon.com
18,11,0,0,1,0,0,0,0,False,False,0,3.3083,False,False,0.0,0,0,0,mamastar.jp,http://mamastar.jp
16,9,0,0,1,0,0,0,0,False,False,0,3.375,False,False,0.0,0,0,0,roche.com,http://roche.com
21,14,0,0,1,0,0,0,0,False,False,0,3.8802,False,False,0.0,0,0,0,crunchbase.com,http://crunchbase.com
18,11,0,0,1,0,0,0,0,False,False,0,3.6835,False,False,0.0,0,0,0,skyrock.net,http://skyrock.net
24,17,0,0,1,0,0,0,0,False,False,0,4.0016,False,False,0.0,0,0,0,instructables.com,http://instructables.com
13,6,0,0,1,0,0,0,0,False,False,0,3.3927,False,False,0.0,0,0,0,mcx.ru,http://mcx.ru
18,11,0,0,1,0,0,0,0,False,False,0,3.6835,False,False,0.0,0,0,0,vidazoo.com,http://vidazoo.com
18,11,0,0,2,0,0,0,0,False,False,0,3.7255,False,False,0.0,0,0,0,espn.com.ar,http://espn.com.ar
16,9,0,0,1,0,0,0,0,False,False,0,3.4528,False,False,0.0,0,0,0,ezoic.net,http://ezoic.net
18,11,0,0,1,0,0,0,0,False,False,0,3.6144,False,False,0.0,0,0,0,geforce.com,http://geforce.com
14,7,0,0,1,0,0,0,0,False,False,0,3.182,False,False,0.0,0,0,0,spot.im,http://spot.im
24,17,0,0,1,0,0,0,0,False,False,0,3.7406,False,False,0.0,0,0,0,citapreviadnie.es,http://citapreviadnie.es
204,17,56,122,3,1,0,62,7,False,False,0,4.9742,False,False,0.5254237288135594,3,3,1,roblox.com.pt,https://www.roblox.com.pt/games/85800076296380/1-Speed-Keyboard-Escape-Underwater?privateServerLinkCode=99382535900423182128231632453729&game_id=85800076296380&game_name=1-Speed-Keyboard-Escape-Underwater
15,8,0,0,1,0,0,0,0,False,False,0,3.4566,False,False,0.0,0,0,0,kwai.net,http://kwai.net
21,14,0,0,1,0,1,0,0,False,False,0,3.6538,False,False,0.0,0,0,0,spo-msedge.net,http://spo-msedge.net
16,9,0,0,1,0,0,0,0,False,False,0,3.5,False,False,0.0,0,0,0,kayak.com,http://kayak.com
14,7,0,0,1,0,0,0,0,False,False,0,2.9852,False,False,0.0,0,0,0,rat.xxx,http://rat.xxx
16,9,0,0,1,0,0,0,0,False,False,0,3.1556,False,False,0.0,0,0,0,qeseh.net,http://qeseh.net
24,17,0,0,1,0,1,1,0,False,False,0,3.8554,False,False,0.05263157894736842,0,0,0,amp-endpoint3.com,http://amp-endpoint3.com
16,9,0,0,1,0,0,0,0,False,False,0,3.4528,False,False,0.0,0,0,0,aetna.com,http://aetna.com
24,17,0,0,2,0,0,1,0,False,False,0,4.085,False,False,0.05263157894736842,0,0,0,mangabuddy1.co.uk,http://mangabuddy1.co.uk
20,13,0,0,1,0,0,0,0,False,False,0,3.5842,False,False,0.0,0,0,0,resolver.arpa,http://resolver.arpa
14,7,0,0,1,0,0,0,0,False,False,0,3.5216,False,False,0.0,0,0,0,lifo.gr,http://lifo.gr
21,14,0,0,1,0,0,0,0,False,False,0,3.7849,False,False,0.0,0,0,0,mobileiron.com,http://mobileiron.com
20,13,0,0,1,0,0,0,0,False,False,0,3.9219,False,False,0.0,0,0,0,azureserv.com,http://azureserv.com
16,9,0,0,1,0,0,0,0,False,False,0,3.3278,False,False,0.0,0,0,0,google.gy,http://google.gy
16,9,0,0,1,0,0,0,0,False,False,0,3.4528,False,False,0.0,0,0,0,ksyna.net,http://ksyna.net
19,12,0,0,1,0,0,0,0,False,False,0,3.6819,False,False,0.0,0,0,0,sitemaps.org,http://sitemaps.org
17,10,0,0,1,0,0,0,0,False,False,0,3.4104,False,False,0.0,0,0,0,mjedge.net,http://mjedge.net
