rank,url,label,source,normalized_url,domain
2616.0,http://al-adtech.com/search,0,tranco,http://al-adtech.com/search,al-adtech.com
6356.0,http://freep.com,0,tranco,http://freep.com,freep.com
6858.0,http://dome9.com/?utm_source=newsletter&utm_medium=email,0,tranco,http://dome9.com/?utm_source=newsletter&utm_medium=email,dome9.com
2982.0,http://e-volution.ai,0,tranco,http://e-volution.ai,e-volution.ai
4438.0,http://mcusercontent.com/download,0,tranco,http://mcusercontent.com/download,mcusercontent.com
7042.0,http://cntraveler.com,0,tranco,http://cntraveler.com,cntraveler.com
1039.0,http://www.moneycontrol.com/products/view/123?q=test,0,tranco,http://www.moneycontrol.com/products/view/123?q=test,moneycontrol.com
4673.0,http://simply.com,0,tranco,http://simply.com,simply.com
4194.0,http://www.blinkit.com/register?ref=twitter,0,tranco,http://www.blinkit.com/register?ref=twitter,blinkit.com
1177.0,http://www.pimpbunny.com/search,0,tranco,http://www.pimpbunny.com/search,pimpbunny.com
9574.0,http://classificadosx.net/download,0,tranco,http://classificadosx.net/download,classificadosx.net
,https://nexusqal.homes/,1,openphish,https://nexusqal.homes/,nexusqal.homes
4062.0,http://www.mysterium.network/register,0,tranco,http://www.mysterium.network/register,mysterium.network
2772.0,http://ko-fi.com/contact,0,tranco,http://ko-fi.com/contact,ko-fi.com
3287.0,http://mydnspt.net,0,tranco,http://mydnspt.net,mydnspt.net
391.0,http://www.kwai-pro.com/wp-content/uploads/image.jpg?lang=en,0,tranco,http://www.kwai-pro.com/wp-content/uploads/image.jpg?lang=en,kwai-pro.com
6040.0,http://www.auone.jp/download,0,tranco,http://www.auone.jp/download,auone.jp
6527.0,http://www.holodisks.com/login,0,tranco,http://www.holodisks.com/login,holodisks.com
6987.0,http://ntv.ru/blog/article-name-here,0,tranco,http://ntv.ru/blog/article-name-here,ntv.ru
9153.0,http://www.550909.com/blog/article-name-here?utm_source=newsletter&utm_medium=email,0,tranco,http://www.550909.com/blog/article-name-here?utm_source=newsletter&utm_medium=email,550909.com
120.0,http://www.criteo.com/index.html?action=verify&token=abcxyz123abcxyz123abcxyz123abcxyz123abcxyz123abcxyz123abcxyz123abcxyz123,0,tranco,http://www.criteo.com/index.html?action=verify&token=abcxyz123abcxyz123abcxyz123abcxyz123abcxyz123abcxyz123abcxyz123abcxyz123,criteo.com
2382.0,http://fawanews.sc,0,tranco,http://fawanews.sc,fawanews.sc
1563.0,http://kompoz2.com/wp-content/uploads/image.jpg,0,tranco,http://kompoz2.com/wp-content/uploads/image.jpg,kompoz2.com
5527.0,http://fubo.tv/download,0,tranco,http://fubo.tv/download,fubo.tv
6316.0,http://dexscreener.com/about?token=abcxyz123,0,tranco,http://dexscreener.com/about?token=abcxyz123,dexscreener.com
4961.0,http://www.20min.ch/login,0,tranco,http://www.20min.ch/login,20min.ch
9944.0,http://desipussy.in/contact?page=2,0,tranco,http://desipussy.in/contact?page=2,desipussy.in
9900.0,http://research-panel.jp/products/view/123,0,tranco,http://research-panel.jp/products/view/123,research-panel.jp
4460.0,http://www.dmcdn.net/assets/css/style.css?redirect_url=https%3A%2F%2Fexample.com%2Fdashboard&session_id=abcdef1234567890abcdef1234567890,0,tranco,http://www.dmcdn.net/assets/css/style.css?redirect_url=https://example.com/dashboard&session_id=abcdef1234567890abcdef1234567890,dmcdn.net
4323.0,http://www.studentaid.gov/products/view/123,0,tranco,http://www.studentaid.gov/products/view/123,studentaid.gov
9026.0,http://impervasecuredns.net/assets/css/style.css,0,tranco,http://impervasecuredns.net/assets/css/style.css,impervasecuredns.net
4138.0,http://cyberark.com/assets/css/style.css,0,tranco,http://cyberark.com/assets/css/style.css,cyberark.com
7192.0,http://gravitational.io,0,tranco,http://gravitational.io,gravitational.io
1603.0,http://www.tiktokio.com/search?utm_source=newsletter&utm_medium=email,0,tranco,http://www.tiktokio.com/search?utm_source=newsletter&utm_medium=email,tiktokio.com
3055.0,http://ubereats.com,0,tranco,http://ubereats.com,ubereats.com
1936.0,http://euronews.com,0,tranco,http://euronews.com,euronews.com
8264.0,http://france.tv/api/v1/users?page=2,0,tranco,http://france.tv/api/v1/users?page=2,france.tv
8665.0,http://www.mercantilbanco.com/blog/article-name-here,0,tranco,http://www.mercantilbanco.com/blog/article-name-here,mercantilbanco.com
8342.0,http://iot-dns.com/products/view/123,0,tranco,http://iot-dns.com/products/view/123,iot-dns.com
3338.0,http://dinahosting.com,0,tranco,http://dinahosting.com,dinahosting.com
1506.0,http://www.exhentai.org/about,0,tranco,http://www.exhentai.org/about,exhentai.org
8242.0,http://sportpesa.com,0,tranco,http://sportpesa.com,sportpesa.com
625.0,http://sharethrough.com/,0,tranco,http://sharethrough.com/,sharethrough.com
9343.0,http://www.coinmastergame.com/login?lang=en,0,tranco,http://www.coinmastergame.com/login?lang=en,coinmastergame.com
5144.0,http://cricketwireless.com/login,0,tranco,http://cricketwireless.com/login,cricketwireless.com
3913.0,http://www.awsdns-02.com/assets/css/style.css,0,tranco,http://www.awsdns-02.com/assets/css/style.css,awsdns-02.com
3215.0,http://www.bt.com/blog/article-name-here,0,tranco,http://www.bt.com/blog/article-name-here,bt.com
5055.0,http://www.newegg.com/contact,0,tranco,http://www.newegg.com/contact,newegg.com
389.0,http://rocket-cdn.com/register,0,tranco,http://rocket-cdn.com/register,rocket-cdn.com
3933.0,http://code.org/login?ref=twitter,0,tranco,http://code.org/login?ref=twitter,code.org
,https://goo.su/8lkOJBz,1,openphish,https://goo.su/8lkOJBz,goo.su
9565.0,http://nu.or.id/,0,tranco,http://nu.or.id/,nu.or.id
2371.0,http://dnse4.com/assets/css/style.css,0,tranco,http://dnse4.com/assets/css/style.css,dnse4.com
6161.0,http://mywot.com,0,tranco,http://mywot.com,mywot.com
6291.0,http://cigna.com,0,tranco,http://cigna.com,cigna.com
8661.0,http://mywellness.com/assets/css/style.css,0,tranco,http://mywellness.com/assets/css/style.css,mywellness.com
1736.0,http://www.xxxvideosind.com/products/view/123?token=abcxyz123,0,tranco,http://www.xxxvideosind.com/products/view/123?token=abcxyz123,xxxvideosind.com
4911.0,http://tdatamaster.com/download,0,tranco,http://tdatamaster.com/download,tdatamaster.com
3342.0,http://lifehacker.com/about?redirect_url=https%3A%2F%2Fexample.com%2Fdashboard&session_id=abcdef1234567890abcdef1234567890,0,tranco,http://lifehacker.com/about?redirect_url=https://example.com/dashboard&session_id=abcdef1234567890abcdef1234567890,lifehacker.com
4344.0,http://verywellmind.com/assets/css/style.css,0,tranco,http://verywellmind.com/assets/css/style.css,verywellmind.com
4833.0,http://www.rogers.com/,0,tranco,http://www.rogers.com/,rogers.com
2278.0,http://www.signal.org/wp-content/uploads/image.jpg?token=abcxyz123,0,tranco,http://www.signal.org/wp-content/uploads/image.jpg?token=abcxyz123,signal.org
9168.0,http://webofscience.com/register,0,tranco,http://webofscience.com/register,webofscience.com
857.0,http://onetag-sys.com,0,tranco,http://onetag-sys.com,onetag-sys.com
1104.0,http://www.idnes.cz/wp-content/uploads/image.jpg,0,tranco,http://www.idnes.cz/wp-content/uploads/image.jpg,idnes.cz
3066.0,http://www.myq-cloud.com/assets/css/style.css,0,tranco,http://www.myq-cloud.com/assets/css/style.css,myq-cloud.com
2715.0,http://www.news.cn/contact,0,tranco,http://www.news.cn/contact,news.cn
8594.0,http://www.medu.ir/about?ref=twitter,0,tranco,http://www.medu.ir/about?ref=twitter,medu.ir
8914.0,http://www.orange.mg/login,0,tranco,http://www.orange.mg/login,orange.mg
1373.0,http://bookmyshow.com,0,tranco,http://bookmyshow.com,bookmyshow.com
2384.0,http://axios.com/api/v1/users,0,tranco,http://axios.com/api/v1/users,axios.com
8643.0,http://www.fujoho.jp/api/v1/users?action=verify&token=abcxyz123abcxyz123abcxyz123abcxyz123abcxyz123abcxyz123abcxyz123abcxyz123,0,tranco,http://www.fujoho.jp/api/v1/users?action=verify&token=abcxyz123abcxyz123abcxyz123abcxyz123abcxyz123abcxyz123abcxyz123abcxyz123,fujoho.jp
8317.0,http://1024tera.com,0,tranco,http://1024tera.com,1024tera.com
6812.0,http://seondnsresolve.com/api/v1/users,0,tranco,http://seondnsresolve.com/api/v1/users,seondnsresolve.com
9110.0,http://qureka.com,0,tranco,http://qureka.com,qureka.com
7634.0,http://tubegalore.com/products/view/123,0,tranco,http://tubegalore.com/products/view/123,tubegalore.com
4342.0,http://telenor.se/,0,tranco,http://telenor.se/,telenor.se
1045.0,http://redfin.com/register,0,tranco,http://redfin.com/register,redfin.com
8089.0,http://awsdns-33.co.uk/?lang=en,0,tranco,http://awsdns-33.co.uk/?lang=en,awsdns-33.co.uk
534.0,http://t-mobile.com,0,tranco,http://t-mobile.com,t-mobile.com
3524.0,http://chron.com/assets/css/style.css,0,tranco,http://chron.com/assets/css/style.css,chron.com
2299.0,http://guardian.co.uk/download,0,tranco,http://guardian.co.uk/download,guardian.co.uk
7383.0,http://www.ole.com.ar/wp-content/uploads/image.jpg?token=abcxyz123,0,tranco,http://www.ole.com.ar/wp-content/uploads/image.jpg?token=abcxyz123,ole.com.ar
6190.0,http://demon.co.uk/about,0,tranco,http://demon.co.uk/about,demon.co.uk
9176.0,http://servicewebly.com,0,tranco,http://servicewebly.com,servicewebly.com
7453.0,http://quay.io,0,tranco,http://quay.io,quay.io
2032.0,http://bitbucket.org,0,tranco,http://bitbucket.org,bitbucket.org
,http://8aa68b.icefactory.cl/,1,openphish,http://8aa68b.icefactory.cl/,icefactory.cl
1130.0,http://xhaccess.com/index.html?lang=en,0,tranco,http://xhaccess.com/index.html?lang=en,xhaccess.com
7063.0,http://prreqcroab.icu,0,tranco,http://prreqcroab.icu,prreqcroab.icu
2414.0,http://www.lgsmartad.com/search,0,tranco,http://www.lgsmartad.com/search,lgsmartad.com
3498.0,http://dotvndns.vn/register,0,tranco,http://dotvndns.vn/register,dotvndns.vn
4317.0,http://www.standardnotes.com/,0,tranco,http://www.standardnotes.com/,standardnotes.com
9205.0,http://hover.to/contact,0,tranco,http://hover.to/contact,hover.to
6182.0,http://www.hosttech.ch/?action=verify&token=abcxyz123abcxyz123abcxyz123abcxyz123abcxyz123abcxyz123abcxyz123abcxyz123,0,tranco,http://www.hosttech.ch/?action=verify&token=abcxyz123abcxyz123abcxyz123abcxyz123abcxyz123abcxyz123abcxyz123abcxyz123,hosttech.ch
6772.0,http://www.maersk.com/search,0,tranco,http://www.maersk.com/search,maersk.com
3146.0,http://duosecurity.com/assets/css/style.css?id=123,0,tranco,http://duosecurity.com/assets/css/style.css?id=123,duosecurity.com
3378.0,http://www.fotmob.com/blog/article-name-here?action=verify&token=abcxyz123abcxyz123abcxyz123abcxyz123abcxyz123abcxyz123abcxyz123abcxyz123,0,tranco,http://www.fotmob.com/blog/article-name-here?action=verify&token=abcxyz123abcxyz123abcxyz123abcxyz123abcxyz123abcxyz123abcxyz123abcxyz123,fotmob.com
1085.0,http://www.xhamster.desi/download,0,tranco,http://www.xhamster.desi/download,xhamster.desi
9295.0,http://uc-share.com,0,tranco,http://uc-share.com,uc-share.com
1600.0,http://njavtv.com/login?q=test,0,tranco,http://njavtv.com/login?q=test,njavtv.com
8708.0,http://www.awsdns-14.co.uk/blog/article-name-here?id=123,0,tranco,http://www.awsdns-14.co.uk/blog/article-name-here?id=123,awsdns-14.co.uk
6955.0,http://www.midasbuy.com/blog/article-name-here?page=2,0,tranco,http://www.midasbuy.com/blog/article-name-here?page=2,midasbuy.com
5730.0,http://tiscali.it/login,0,tranco,http://tiscali.it/login,tiscali.it
2001.0,http://www.jamfcloud.com/assets/css/style.css?utm_source=newsletter&utm_medium=email,0,tranco,http://www.jamfcloud.com/assets/css/style.css?utm_source=newsletter&utm_medium=email,jamfcloud.com
6935.0,http://allegro.cz/products/view/123,0,tranco,http://allegro.cz/products/view/123,allegro.cz
1532.0,http://rakuten-sec.co.jp,0,tranco,http://rakuten-sec.co.jp,rakuten-sec.co.jp
976.0,http://opera-api.com/about?ref=twitter,0,tranco,http://opera-api.com/about?ref=twitter,opera-api.com
1101.0,http://www.websitewelcome.com/login?action=verify&token=abcxyz123abcxyz123abcxyz123abcxyz123abcxyz123abcxyz123abcxyz123abcxyz123,0,tranco,http://www.websitewelcome.com/login?action=verify&token=abcxyz123abcxyz123abcxyz123abcxyz123abcxyz123abcxyz123abcxyz123abcxyz123,websitewelcome.com
8493.0,http://www.forbes.ru/api/v1/users,0,tranco,http://www.forbes.ru/api/v1/users,forbes.ru
7605.0,http://minkabu.jp/index.html,0,tranco,http://minkabu.jp/index.html,minkabu.jp
5160.0,http://mass.gov/register?q=test,0,tranco,http://mass.gov/register?q=test,mass.gov
5322.0,http://www.xtracloud.cn/download,0,tranco,http://www.xtracloud.cn/download,xtracloud.cn
4586.0,http://kunlunaq.com,0,tranco,http://kunlunaq.com,kunlunaq.com
2662.0,http://www.ttwstatic.com/blog/article-name-here,0,tranco,http://www.ttwstatic.com/blog/article-name-here,ttwstatic.com
2966.0,http://www.moz.com/register?ref=twitter,0,tranco,http://www.moz.com/register?ref=twitter,moz.com
5741.0,http://maharashtra.gov.in/about?lang=en,0,tranco,http://maharashtra.gov.in/about?lang=en,maharashtra.gov.in
1718.0,http://www.xxxpostpic.org/login,0,tranco,http://www.xxxpostpic.org/login,xxxpostpic.org
1841.0,http://ipredictive.com/register?token=abcxyz123,0,tranco,http://ipredictive.com/register?token=abcxyz123,ipredictive.com
9280.0,http://www.ddizi.im/login,0,tranco,http://www.ddizi.im/login,ddizi.im
9652.0,http://sh.gov.cn/products/view/123?page=2,0,tranco,http://sh.gov.cn/products/view/123?page=2,sh.gov.cn
1227.0,http://www.ynet.co.il/index.html?lang=en,0,tranco,http://www.ynet.co.il/index.html?lang=en,ynet.co.il
6801.0,http://nashjournal.ru/search?q=test,0,tranco,http://nashjournal.ru/search?q=test,nashjournal.ru
135.0,http://www.f5.com/api/v1/users?id=123,0,tranco,http://www.f5.com/api/v1/users?id=123,f5.com
3769.0,http://wscdns.com/,0,tranco,http://wscdns.com/,wscdns.com
7388.0,http://rmf24.pl,0,tranco,http://rmf24.pl,rmf24.pl
673.0,http://www.dotomi.com/download,0,tranco,http://www.dotomi.com/download,dotomi.com
8253.0,http://list.am/register?ref=twitter,0,tranco,http://list.am/register?ref=twitter,list.am
1228.0,http://tradplusad.com,0,tranco,http://tradplusad.com,tradplusad.com
2860.0,http://trafficjunky.net/api/v1/users?action=verify&token=abcxyz123abcxyz123abcxyz123abcxyz123abcxyz123abcxyz123abcxyz123abcxyz123,0,tranco,http://trafficjunky.net/api/v1/users?action=verify&token=abcxyz123abcxyz123abcxyz123abcxyz123abcxyz123abcxyz123abcxyz123abcxyz123,trafficjunky.net
6416.0,http://www.annas-archive.gl/register,0,tranco,http://www.annas-archive.gl/register,annas-archive.gl
2868.0,http://www.undp.org/search?page=2,0,tranco,http://www.undp.org/search?page=2,undp.org
5205.0,http://lapresse.ca,0,tranco,http://lapresse.ca,lapresse.ca
6229.0,http://awsdns-20.net/register?lang=en,0,tranco,http://awsdns-20.net/register?lang=en,awsdns-20.net
2561.0,http://technologyreview.com,0,tranco,http://technologyreview.com,technologyreview.com
3184.0,http://www.allrecipes.com/index.html?id=123,0,tranco,http://www.allrecipes.com/index.html?id=123,allrecipes.com
4050.0,http://gamma.app,0,tranco,http://gamma.app,gamma.app
5972.0,http://thermofisher.com,0,tranco,http://thermofisher.com,thermofisher.com
3791.0,http://www.proof-dns.com/blog/article-name-here,0,tranco,http://www.proof-dns.com/blog/article-name-here,proof-dns.com
5181.0,http://www.clara.net/register,0,tranco,http://www.clara.net/register,clara.net
7252.0,http://www.portfolio.hu/login,0,tranco,http://www.portfolio.hu/login,portfolio.hu
2332.0,http://6opo.com/search?action=verify&token=abcxyz123abcxyz123abcxyz123abcxyz123abcxyz123abcxyz123abcxyz123abcxyz123,0,tranco,http://6opo.com/search?action=verify&token=abcxyz123abcxyz123abcxyz123abcxyz123abcxyz123abcxyz123abcxyz123abcxyz123,6opo.com
9867.0,http://www.javhd.co.uk/products/view/123,0,tranco,http://www.javhd.co.uk/products/view/123,javhd.co.uk
6377.0,http://gamesradar.com/products/view/123,0,tranco,http://gamesradar.com/products/view/123,gamesradar.com
1581.0,http://www.kingbokep.tv/products/view/123,0,tranco,http://www.kingbokep.tv/products/view/123,kingbokep.tv
150.0,http://intuit.com/download,0,tranco,http://intuit.com/download,intuit.com
3484.0,http://kahoot.it/assets/css/style.css,0,tranco,http://kahoot.it/assets/css/style.css,kahoot.it
21.0,http://office.com/assets/css/style.css?utm_source=newsletter&utm_medium=email,0,tranco,http://office.com/assets/css/style.css?utm_source=newsletter&utm_medium=email,office.com
5297.0,http://www.chinatimes.com/assets/css/style.css?ref=twitter,0,tranco,http://www.chinatimes.com/assets/css/style.css?ref=twitter,chinatimes.com
4657.0,http://feverup.com,0,tranco,http://feverup.com,feverup.com
5919.0,http://www.serverbid.com/index.html,0,tranco,http://www.serverbid.com/index.html,serverbid.com
5753.0,http://www.uva.nl/assets/css/style.css?token=abcxyz123,0,tranco,http://www.uva.nl/assets/css/style.css?token=abcxyz123,uva.nl
2543.0,http://nregastrep.nic.in/search,0,tranco,http://nregastrep.nic.in/search,nregastrep.nic.in
813.0,http://www.shopeemobile.com/wp-content/uploads/image.jpg?page=2,0,tranco,http://www.shopeemobile.com/wp-content/uploads/image.jpg?page=2,shopeemobile.com
6920.0,http://esteri.it/search?ref=twitter,0,tranco,http://esteri.it/search?ref=twitter,esteri.it
2220.0,http://www.fortinet.net/assets/css/style.css?lang=en,0,tranco,http://www.fortinet.net/assets/css/style.css?lang=en,fortinet.net
965.0,http://wcdnga.com/blog/article-name-here,0,tranco,http://wcdnga.com/blog/article-name-here,wcdnga.com
4313.0,http://www.cwi.nl/api/v1/users?action=verify&token=abcxyz123abcxyz123abcxyz123abcxyz123abcxyz123abcxyz123abcxyz123abcxyz123,0,tranco,http://www.cwi.nl/api/v1/users?action=verify&token=abcxyz123abcxyz123abcxyz123abcxyz123abcxyz123abcxyz123abcxyz123abcxyz123,cwi.nl
,https://sp22ct-nemur-biz-kavi-zaru-k3u.pages.dev/,1,openphish,https://sp22ct-nemur-biz-kavi-zaru-k3u.pages.dev/,pages.dev
5520.0,http://lothar.com/api/v1/users?lang=en,0,tranco,http://lothar.com/api/v1/users?lang=en,lothar.com
5842.0,http://www.timeshighereducation.com/products/view/123?q=test,0,tranco,http://www.timeshighereducation.com/products/view/123?q=test,timeshighereducation.com
908.0,http://www.dv.tech/products/view/123,0,tranco,http://www.dv.tech/products/view/123,dv.tech
7417.0,http://www.lomanovo.com/search?page=2,0,tranco,http://www.lomanovo.com/search?page=2,lomanovo.com
2181.0,http://nyu.edu,0,tranco,http://nyu.edu,nyu.edu
4284.0,http://opentable.com/about?redirect_url=https%3A%2F%2Fexample.com%2Fdashboard&session_id=abcdef1234567890abcdef1234567890,0,tranco,http://opentable.com/about?redirect_url=https://example.com/dashboard&session_id=abcdef1234567890abcdef1234567890,opentable.com
1239.0,http://www.divar.ir/api/v1/users,0,tranco,http://www.divar.ir/api/v1/users,divar.ir
6240.0,http://www.l-tike.com/login,0,tranco,http://www.l-tike.com/login,l-tike.com
5609.0,http://rtl.fr,0,tranco,http://rtl.fr,rtl.fr
8915.0,http://gamestar.de/about?lang=en,0,tranco,http://gamestar.de/about?lang=en,gamestar.de
3691.0,http://google.co.kr/contact?q=test,0,tranco,http://google.co.kr/contact?q=test,google.co.kr
7193.0,http://milfporn.tv/assets/css/style.css,0,tranco,http://milfporn.tv/assets/css/style.css,milfporn.tv
1864.0,http://www.bitdefender.com/download?action=verify&token=abcxyz123abcxyz123abcxyz123abcxyz123abcxyz123abcxyz123abcxyz123abcxyz123,0,tranco,http://www.bitdefender.com/download?action=verify&token=abcxyz123abcxyz123abcxyz123abcxyz123abcxyz123abcxyz123abcxyz123abcxyz123,bitdefender.com
6208.0,http://www.schema.org/products/view/123?utm_source=newsletter&utm_medium=email,0,tranco,http://www.schema.org/products/view/123?utm_source=newsletter&utm_medium=email,schema.org
3903.0,http://www.sportradarserving.com/index.html,0,tranco,http://www.sportradarserving.com/index.html,sportradarserving.com
6051.0,http://basf.com/api/v1/users?q=test,0,tranco,http://basf.com/api/v1/users?q=test,basf.com
5957.0,http://www.java.net/api/v1/users,0,tranco,http://www.java.net/api/v1/users,java.net
8180.0,http://www.healthfusionclaims.com/blog/article-name-here?utm_source=newsletter&utm_medium=email,0,tranco,http://www.healthfusionclaims.com/blog/article-name-here?utm_source=newsletter&utm_medium=email,healthfusionclaims.com
1946.0,http://rackspace.com/download,0,tranco,http://rackspace.com/download,rackspace.com
7250.0,http://www.manchestereveningnews.co.uk/login,0,tranco,http://www.manchestereveningnews.co.uk/login,manchestereveningnews.co.uk
6300.0,http://hostpapa.com/about?redirect_url=https%3A%2F%2Fexample.com%2Fdashboard&session_id=abcdef1234567890abcdef1234567890,0,tranco,http://hostpapa.com/about?redirect_url=https://example.com/dashboard&session_id=abcdef1234567890abcdef1234567890,hostpapa.com
2060.0,http://www.dondominio.com/assets/css/style.css,0,tranco,http://www.dondominio.com/assets/css/style.css,dondominio.com
9134.0,http://holadns.com,0,tranco,http://holadns.com,holadns.com
2073.0,http://www.hpe.com/blog/article-name-here,0,tranco,http://www.hpe.com/blog/article-name-here,hpe.com
3257.0,http://www.second-ns.de/download?utm_source=newsletter&utm_medium=email,0,tranco,http://www.second-ns.de/download?utm_source=newsletter&utm_medium=email,second-ns.de
4408.0,http://www.chewy.com/about?q=test,0,tranco,http://www.chewy.com/about?q=test,chewy.com
4286.0,http://tk0x1.com/login,0,tranco,http://tk0x1.com/login,tk0x1.com
1811.0,http://www.max.ru/products/view/123?utm_source=newsletter&utm_medium=email,0,tranco,http://www.max.ru/products/view/123?utm_source=newsletter&utm_medium=email,max.ru
2273.0,http://www.zeasn.tv/about?redirect_url=https%3A%2F%2Fexample.com%2Fdashboard&session_id=abcdef1234567890abcdef1234567890,0,tranco,http://www.zeasn.tv/about?redirect_url=https://example.com/dashboard&session_id=abcdef1234567890abcdef1234567890,zeasn.tv
398.0,http://www.awswaf.com/assets/css/style.css,0,tranco,http://www.awswaf.com/assets/css/style.css,awswaf.com
4998.0,http://msauthimages.net,0,tranco,http://msauthimages.net,msauthimages.net
9628.0,http://www.caliente.pe/api/v1/users?action=verify&token=abcxyz123abcxyz123abcxyz123abcxyz123abcxyz123abcxyz123abcxyz123abcxyz123,0,tranco,http://www.caliente.pe/api/v1/users?action=verify&token=abcxyz123abcxyz123abcxyz123abcxyz123abcxyz123abcxyz123abcxyz123abcxyz123,caliente.pe
2293.0,http://congress.gov/products/view/123,0,tranco,http://congress.gov/products/view/123,congress.gov
760.0,http://appcenter.ms,0,tranco,http://appcenter.ms,appcenter.ms
2071.0,http://www.xundns.com/products/view/123,0,tranco,http://www.xundns.com/products/view/123,xundns.com
5007.0,http://warthunder.com/assets/css/style.css,0,tranco,http://warthunder.com/assets/css/style.css,warthunder.com
4228.0,http://carfax.com/products/view/123?action=verify&token=abcxyz123abcxyz123abcxyz123abcxyz123abcxyz123abcxyz123abcxyz123abcxyz123,0,tranco,http://carfax.com/products/view/123?action=verify&token=abcxyz123abcxyz123abcxyz123abcxyz123abcxyz123abcxyz123abcxyz123abcxyz123,carfax.com
3147.0,http://www.dmoz.org/contact,0,tranco,http://www.dmoz.org/contact,dmoz.org
8621.0,http://momvids.com,0,tranco,http://momvids.com,momvids.com
1751.0,http://www.google.it/search,0,tranco,http://www.google.it/search,google.it
7498.0,http://w390.net,0,tranco,http://w390.net,w390.net
8546.0,http://iskur.gov.tr/index.html,0,tranco,http://iskur.gov.tr/index.html,iskur.gov.tr
,http://btinternet-maintenace-update-109591-105397.weeblysite.com/,1,openphish,http://btinternet-maintenace-update-109591-105397.weeblysite.com/,weeblysite.com
8393.0,http://google.ad/api/v1/users,0,tranco,http://google.ad/api/v1/users,google.ad
9402.0,http://nebo.mobi/login?q=test,0,tranco,http://nebo.mobi/login?q=test,nebo.mobi
643.0,http://www.yelp.com/contact,0,tranco,http://www.yelp.com/contact,yelp.com
5603.0,http://kit.edu,0,tranco,http://kit.edu,kit.edu
9116.0,http://lazada.com.my,0,tranco,http://lazada.com.my,lazada.com.my
4083.0,http://www.stern.de/,0,tranco,http://www.stern.de/,stern.de
9801.0,http://djatoya.com/,0,tranco,http://djatoya.com/,djatoya.com
8186.0,http://melonstube.com/api/v1/users,0,tranco,http://melonstube.com/api/v1/users,melonstube.com
6614.0,http://www.episerver.net/assets/css/style.css?lang=en,0,tranco,http://www.episerver.net/assets/css/style.css?lang=en,episerver.net
8863.0,http://www.football.com/download?q=test,0,tranco,http://www.football.com/download?q=test,football.com
4631.0,http://kadencewp.com/api/v1/users?ref=twitter,0,tranco,http://kadencewp.com/api/v1/users?ref=twitter,kadencewp.com
6973.0,http://elperiodico.com/login?action=verify&token=abcxyz123abcxyz123abcxyz123abcxyz123abcxyz123abcxyz123abcxyz123abcxyz123,0,tranco,http://elperiodico.com/login?action=verify&token=abcxyz123abcxyz123abcxyz123abcxyz123abcxyz123abcxyz123abcxyz123abcxyz123,elperiodico.com
7781.0,http://www.observeit.net/?ref=twitter,0,tranco,http://www.observeit.net/?ref=twitter,observeit.net
8974.0,http://ncore.pro/api/v1/users?token=abcxyz123,0,tranco,http://ncore.pro/api/v1/users?token=abcxyz123,ncore.pro
9805.0,http://awsdns-63.net,0,tranco,http://awsdns-63.net,awsdns-63.net
4086.0,http://google.com.pk/login,0,tranco,http://google.com.pk/login,google.com.pk
981.0,http://btloader.com,0,tranco,http://btloader.com,btloader.com
5746.0,http://www.carmax.com/,0,tranco,http://www.carmax.com/,carmax.com
5586.0,http://thepiratebay.org/register?id=123,0,tranco,http://thepiratebay.org/register?id=123,thepiratebay.org
650.0,http://www.cambridge.org/index.html?page=2,0,tranco,http://www.cambridge.org/index.html?page=2,cambridge.org
6497.0,http://www.plista.com/download,0,tranco,http://www.plista.com/download,plista.com
3989.0,http://www.awsdns-23.com/register?utm_source=newsletter&utm_medium=email,0,tranco,http://www.awsdns-23.com/register?utm_source=newsletter&utm_medium=email,awsdns-23.com
1028.0,http://www.xing.com/login,0,tranco,http://www.xing.com/login,xing.com
,https://eurostarshoms7824.com/14984,1,openphish,https://eurostarshoms7824.com/14984,eurostarshoms7824.com
6693.0,http://www.ixigo.com/assets/css/style.css?ref=twitter,0,tranco,http://www.ixigo.com/assets/css/style.css?ref=twitter,ixigo.com
2368.0,http://tutu.ru/assets/css/style.css?action=verify&token=abcxyz123abcxyz123abcxyz123abcxyz123abcxyz123abcxyz123abcxyz123abcxyz123,0,tranco,http://tutu.ru/assets/css/style.css?action=verify&token=abcxyz123abcxyz123abcxyz123abcxyz123abcxyz123abcxyz123abcxyz123abcxyz123,tutu.ru
7632.0,http://paramount.tech,0,tranco,http://paramount.tech,paramount.tech
7588.0,http://gapgpt.app,0,tranco,http://gapgpt.app,gapgpt.app
1187.0,http://www.leboncoin.fr/api/v1/users?utm_source=newsletter&utm_medium=email,0,tranco,http://www.leboncoin.fr/api/v1/users?utm_source=newsletter&utm_medium=email,leboncoin.fr
8395.0,http://smartnews.com,0,tranco,http://smartnews.com,smartnews.com
3589.0,http://www.emarsys.net/wp-content/uploads/image.jpg,0,tranco,http://www.emarsys.net/wp-content/uploads/image.jpg,emarsys.net
8414.0,http://www.idlixku.com/search?redirect_url=https%3A%2F%2Fexample.com%2Fdashboard&session_id=abcdef1234567890abcdef1234567890,0,tranco,http://www.idlixku.com/search?redirect_url=https://example.com/dashboard&session_id=abcdef1234567890abcdef1234567890,idlixku.com
3187.0,http://www.bttrack.com/assets/css/style.css?redirect_url=https%3A%2F%2Fexample.com%2Fdashboard&session_id=abcdef1234567890abcdef1234567890,0,tranco,http://www.bttrack.com/assets/css/style.css?redirect_url=https://example.com/dashboard&session_id=abcdef1234567890abcdef1234567890,bttrack.com
3808.0,http://toyota.com,0,tranco,http://toyota.com,toyota.com
1394.0,http://www.usnews.com/api/v1/users,0,tranco,http://www.usnews.com/api/v1/users,usnews.com
,http://kraknkrakenlogn.webflow.io/,1,openphish,http://kraknkrakenlogn.webflow.io/,webflow.io
941.0,http://healthline.com,0,tranco,http://healthline.com,healthline.com
9445.0,http://www.peer.run/?id=123,0,tranco,http://www.peer.run/?id=123,peer.run
5738.0,http://smartclip.net/api/v1/users,0,tranco,http://smartclip.net/api/v1/users,smartclip.net
1231.0,http://gazzetta.it,0,tranco,http://gazzetta.it,gazzetta.it
4941.0,http://telegraaf.nl/contact?page=2,0,tranco,http://telegraaf.nl/contact?page=2,telegraaf.nl
1827.0,http://www.google.nl/login?id=123,0,tranco,http://www.google.nl/login?id=123,google.nl
7535.0,http://sejda.com/products/view/123,0,tranco,http://sejda.com/products/view/123,sejda.com
4796.0,http://ndcpp.com,0,tranco,http://ndcpp.com,ndcpp.com
182.0,http://example.com,0,tranco,http://example.com,example.com
1775.0,http://www.usercontent.microsoft/index.html?redirect_url=https%3A%2F%2Fexample.com%2Fdashboard&session_id=abcdef1234567890abcdef1234567890,0,tranco,http://www.usercontent.microsoft/index.html?redirect_url=https://example.com/dashboard&session_id=abcdef1234567890abcdef1234567890,usercontent.microsoft
1698.0,http://simontokx.asia/products/view/123,0,tranco,http://simontokx.asia/products/view/123,simontokx.asia
5006.0,http://zalan.do/assets/css/style.css,0,tranco,http://zalan.do/assets/css/style.css,zalan.do
6994.0,http://carview.co.jp,0,tranco,http://carview.co.jp,carview.co.jp
5734.0,http://www.4chan.org/index.html?action=verify&token=abcxyz123abcxyz123abcxyz123abcxyz123abcxyz123abcxyz123abcxyz123abcxyz123,0,tranco,http://www.4chan.org/index.html?action=verify&token=abcxyz123abcxyz123abcxyz123abcxyz123abcxyz123abcxyz123abcxyz123abcxyz123,4chan.org
8753.0,http://takbet.com/products/view/123?token=abcxyz123,0,tranco,http://takbet.com/products/view/123?token=abcxyz123,takbet.com
5041.0,http://expiredwixdomain.com/,0,tranco,http://expiredwixdomain.com/,expiredwixdomain.com
624.0,http://www.atlassian.com/,0,tranco,http://www.atlassian.com/,atlassian.com
4391.0,http://ollama.com,0,tranco,http://ollama.com,ollama.com
3440.0,http://www.hrw.org/register,0,tranco,http://www.hrw.org/register,hrw.org
7879.0,http://sdn.cz/assets/css/style.css?page=2,0,tranco,http://sdn.cz/assets/css/style.css?page=2,sdn.cz
9744.0,http://www.mesh.ad.jp/products/view/123?ref=twitter,0,tranco,http://www.mesh.ad.jp/products/view/123?ref=twitter,mesh.ad.jp
1384.0,http://mbga.jp/download?utm_source=newsletter&utm_medium=email,0,tranco,http://mbga.jp/download?utm_source=newsletter&utm_medium=email,mbga.jp
598.0,http://webempresa.eu/register?ref=twitter,0,tranco,http://webempresa.eu/register?ref=twitter,webempresa.eu
8770.0,http://www.ero-video.net/index.html,0,tranco,http://www.ero-video.net/index.html,ero-video.net
9063.0,http://bluecore.com,0,tranco,http://bluecore.com,bluecore.com
8402.0,http://nova.rs,0,tranco,http://nova.rs,nova.rs
157.0,http://nytimes.com,0,tranco,http://nytimes.com,nytimes.com
8827.0,http://www.questionablequesting.com/search,0,tranco,http://www.questionablequesting.com/search,questionablequesting.com
6633.0,http://www.puzztake.com/about?redirect_url=https%3A%2F%2Fexample.com%2Fdashboard&session_id=abcdef1234567890abcdef1234567890,0,tranco,http://www.puzztake.com/about?redirect_url=https://example.com/dashboard&session_id=abcdef1234567890abcdef1234567890,puzztake.com
4992.0,http://www.nespresso.com/blog/article-name-here,0,tranco,http://www.nespresso.com/blog/article-name-here,nespresso.com
2493.0,http://transip.nl,0,tranco,http://transip.nl,transip.nl
4584.0,http://www.alipayobjects.com/blog/article-name-here,0,tranco,http://www.alipayobjects.com/blog/article-name-here,alipayobjects.com
4536.0,http://www.wampserver.com/assets/css/style.css?utm_source=newsletter&utm_medium=email,0,tranco,http://www.wampserver.com/assets/css/style.css?utm_source=newsletter&utm_medium=email,wampserver.com
8413.0,http://www.lefrecce.it/login?ref=twitter,0,tranco,http://www.lefrecce.it/login?ref=twitter,lefrecce.it
3472.0,http://blogspot.co.uk/register?utm_source=newsletter&utm_medium=email,0,tranco,http://blogspot.co.uk/register?utm_source=newsletter&utm_medium=email,blogspot.co.uk
7255.0,http://eksisozluk.com,0,tranco,http://eksisozluk.com,eksisozluk.com
29.0,http://bing.com/,0,tranco,http://bing.com/,bing.com
7647.0,http://www.sporza.be/products/view/123?lang=en,0,tranco,http://www.sporza.be/products/view/123?lang=en,sporza.be
590.0,http://shopifysvc.com/wp-content/uploads/image.jpg,0,tranco,http://shopifysvc.com/wp-content/uploads/image.jpg,shopifysvc.com
5751.0,http://plrm.zone/index.html?utm_source=newsletter&utm_medium=email,0,tranco,http://plrm.zone/index.html?utm_source=newsletter&utm_medium=email,plrm.zone
4551.0,http://yna.co.kr/assets/css/style.css?lang=en,0,tranco,http://yna.co.kr/assets/css/style.css?lang=en,yna.co.kr
798.0,http://academia.edu,0,tranco,http://academia.edu,academia.edu
6611.0,http://esri.com,0,tranco,http://esri.com,esri.com
5933.0,http://www.ipsos.com/contact,0,tranco,http://www.ipsos.com/contact,ipsos.com
8191.0,http://www.c212.net/products/view/123?id=123,0,tranco,http://www.c212.net/products/view/123?id=123,c212.net
31.0,http://wikipedia.org/download,0,tranco,http://wikipedia.org/download,wikipedia.org
4944.0,http://health.mil/register,0,tranco,http://health.mil/register,health.mil
85.0,http://yandex.net/assets/css/style.css,0,tranco,http://yandex.net/assets/css/style.css,yandex.net
1235.0,http://dhl.com/blog/article-name-here?redirect_url=https%3A%2F%2Fexample.com%2Fdashboard&session_id=abcdef1234567890abcdef1234567890,0,tranco,http://dhl.com/blog/article-name-here?redirect_url=https://example.com/dashboard&session_id=abcdef1234567890abcdef1234567890,dhl.com
2615.0,http://weplayapp.com/login,0,tranco,http://weplayapp.com/login,weplayapp.com
7664.0,http://globalsigncdn.com/about?id=123,0,tranco,http://globalsigncdn.com/about?id=123,globalsigncdn.com
9521.0,http://www.krx18.com/about?id=123,0,tranco,http://www.krx18.com/about?id=123,krx18.com
6538.0,http://svr-algorix.com,0,tranco,http://svr-algorix.com,svr-algorix.com
3897.0,http://connectad.io/download,0,tranco,http://connectad.io/download,connectad.io
4949.0,http://3ds.com/wp-content/uploads/image.jpg,0,tranco,http://3ds.com/wp-content/uploads/image.jpg,3ds.com
3212.0,http://manulife-sinochem.com/login?action=verify&token=abcxyz123abcxyz123abcxyz123abcxyz123abcxyz123abcxyz123abcxyz123abcxyz123,0,tranco,http://manulife-sinochem.com/login?action=verify&token=abcxyz123abcxyz123abcxyz123abcxyz123abcxyz123abcxyz123abcxyz123abcxyz123,manulife-sinochem.com
6813.0,http://wetest.net/login?q=test,0,tranco,http://wetest.net/login?q=test,wetest.net
3834.0,http://pantheonsite.io/login?token=abcxyz123,0,tranco,http://pantheonsite.io/login?token=abcxyz123,pantheonsite.io
,https://3577db.icefactory.cl/,1,openphish,https://3577db.icefactory.cl/,icefactory.cl
3.0,http://gstatic.com,0,tranco,http://gstatic.com,gstatic.com
1804.0,http://avito.st/about,0,tranco,http://avito.st/about,avito.st
5588.0,http://www.ultradns.biz/,0,tranco,http://www.ultradns.biz/,ultradns.biz
2842.0,http://strato.de/search?redirect_url=https%3A%2F%2Fexample.com%2Fdashboard&session_id=abcdef1234567890abcdef1234567890,0,tranco,http://strato.de/search?redirect_url=https://example.com/dashboard&session_id=abcdef1234567890abcdef1234567890,strato.de
7880.0,http://slobodnadalmacija.hr,0,tranco,http://slobodnadalmacija.hr,slobodnadalmacija.hr
1870.0,http://www.rfc-editor.org/assets/css/style.css?page=2,0,tranco,http://www.rfc-editor.org/assets/css/style.css?page=2,rfc-editor.org
7148.0,http://ns.se,0,tranco,http://ns.se,ns.se
6887.0,http://joongang.co.kr/login,0,tranco,http://joongang.co.kr/login,joongang.co.kr
6270.0,http://shell.com/index.html,0,tranco,http://shell.com/index.html,shell.com
5654.0,http://www.heroku.com/about?utm_source=newsletter&utm_medium=email,0,tranco,http://www.heroku.com/about?utm_source=newsletter&utm_medium=email,heroku.com
5702.0,http://www.womenshealthmag.com/?id=123,0,tranco,http://www.womenshealthmag.com/?id=123,womenshealthmag.com
4167.0,http://medallia.eu/search,0,tranco,http://medallia.eu/search,medallia.eu
9520.0,http://e-jumbo.gr/contact?page=2,0,tranco,http://e-jumbo.gr/contact?page=2,e-jumbo.gr
,http://amazon-clone-ep.netlify.app/,1,openphish,http://amazon-clone-ep.netlify.app/,netlify.app
6231.0,http://www.p-cdn.com/blog/article-name-here,0,tranco,http://www.p-cdn.com/blog/article-name-here,p-cdn.com
8150.0,http://www.codefusion.technology/login?action=verify&token=abcxyz123abcxyz123abcxyz123abcxyz123abcxyz123abcxyz123abcxyz123abcxyz123,0,tranco,http://www.codefusion.technology/login?action=verify&token=abcxyz123abcxyz123abcxyz123abcxyz123abcxyz123abcxyz123abcxyz123abcxyz123,codefusion.technology
2539.0,http://www.urldefense.com/,0,tranco,http://www.urldefense.com/,urldefense.com
5376.0,http://rei.com/api/v1/users,0,tranco,http://rei.com/api/v1/users,rei.com
7495.0,http://www.maven.org/download?utm_source=newsletter&utm_medium=email,0,tranco,http://www.maven.org/download?utm_source=newsletter&utm_medium=email,maven.org
8502.0,http://a1.net/download?ref=twitter,0,tranco,http://a1.net/download?ref=twitter,a1.net
5834.0,http://www.motherjones.com/download,0,tranco,http://www.motherjones.com/download,motherjones.com
164.0,http://msftconnecttest.com,0,tranco,http://msftconnecttest.com,msftconnecttest.com
8046.0,http://modsfire.com/download?id=123,0,tranco,http://modsfire.com/download?id=123,modsfire.com
7482.0,http://mrgcdn.ru/?action=verify&token=abcxyz123abcxyz123abcxyz123abcxyz123abcxyz123abcxyz123abcxyz123abcxyz123,0,tranco,http://mrgcdn.ru/?action=verify&token=abcxyz123abcxyz123abcxyz123abcxyz123abcxyz123abcxyz123abcxyz123abcxyz123,mrgcdn.ru
4883.0,http://www.kremlin.ru/products/view/123,0,tranco,http://www.kremlin.ru/products/view/123,kremlin.ru
5369.0,http://zebra.com/api/v1/users,0,tranco,http://zebra.com/api/v1/users,zebra.com
1429.0,http://3bmeteo.com/download,0,tranco,http://3bmeteo.com/download,3bmeteo.com
2866.0,http://pullcf.com/index.html?token=abcxyz123,0,tranco,http://pullcf.com/index.html?token=abcxyz123,pullcf.com
5789.0,http://www.c-msedge.net/about?q=test,0,tranco,http://www.c-msedge.net/about?q=test,c-msedge.net
3598.0,http://amazon.nl/assets/css/style.css,0,tranco,http://amazon.nl/assets/css/style.css,amazon.nl
7583.0,http://sbisec.co.jp/wp-content/uploads/image.jpg,0,tranco,http://sbisec.co.jp/wp-content/uploads/image.jpg,sbisec.co.jp
480.0,http://namecheap.com/blog/article-name-here?action=verify&token=abcxyz123abcxyz123abcxyz123abcxyz123abcxyz123abcxyz123abcxyz123abcxyz123,0,tranco,http://namecheap.com/blog/article-name-here?action=verify&token=abcxyz123abcxyz123abcxyz123abcxyz123abcxyz123abcxyz123abcxyz123abcxyz123,namecheap.com
9827.0,http://www.turkcell.com.tr/index.html,0,tranco,http://www.turkcell.com.tr/index.html,turkcell.com.tr
7578.0,http://cernet.net/index.html?utm_source=newsletter&utm_medium=email,0,tranco,http://cernet.net/index.html?utm_source=newsletter&utm_medium=email,cernet.net
2186.0,http://kde.org,0,tranco,http://kde.org,kde.org
7936.0,http://tv3.lt,0,tranco,http://tv3.lt,tv3.lt
4780.0,http://bsclink.cn/search?utm_source=newsletter&utm_medium=email,0,tranco,http://bsclink.cn/search?utm_source=newsletter&utm_medium=email,bsclink.cn
1184.0,http://spectrum.com/download?utm_source=newsletter&utm_medium=email,0,tranco,http://spectrum.com/download?utm_source=newsletter&utm_medium=email,spectrum.com
6893.0,http://sudinfo.be/wp-content/uploads/image.jpg?redirect_url=https%3A%2F%2Fexample.com%2Fdashboard&session_id=abcdef1234567890abcdef1234567890,0,tranco,http://sudinfo.be/wp-content/uploads/image.jpg?redirect_url=https://example.com/dashboard&session_id=abcdef1234567890abcdef1234567890,sudinfo.be
4103.0,http://goethe.de,0,tranco,http://goethe.de,goethe.de
2305.0,http://lgtviot.com/contact?q=test,0,tranco,http://lgtviot.com/contact?q=test,lgtviot.com
5251.0,http://dallasnews.com/?q=test,0,tranco,http://dallasnews.com/?q=test,dallasnews.com
8157.0,http://yieldlab.net/index.html,0,tranco,http://yieldlab.net/index.html,yieldlab.net
4452.0,http://www.alarabiya.net/about?redirect_url=https%3A%2F%2Fexample.com%2Fdashboard&session_id=abcdef1234567890abcdef1234567890,0,tranco,http://www.alarabiya.net/about?redirect_url=https://example.com/dashboard&session_id=abcdef1234567890abcdef1234567890,alarabiya.net
6057.0,http://playtika.com/register,0,tranco,http://playtika.com/register,playtika.com
2480.0,http://zscaler.net,0,tranco,http://zscaler.net,zscaler.net
5375.0,http://mercadolibre.com.co,0,tranco,http://mercadolibre.com.co,mercadolibre.com.co
1285.0,http://amap.com,0,tranco,http://amap.com,amap.com
1337.0,http://www.digikala.com/blog/article-name-here,0,tranco,http://www.digikala.com/blog/article-name-here,digikala.com
3390.0,http://www.magazineluiza.com.br/assets/css/style.css,0,tranco,http://www.magazineluiza.com.br/assets/css/style.css,magazineluiza.com.br
162.0,http://paypal.com/download?action=verify&token=abcxyz123abcxyz123abcxyz123abcxyz123abcxyz123abcxyz123abcxyz123abcxyz123,0,tranco,http://paypal.com/download?action=verify&token=abcxyz123abcxyz123abcxyz123abcxyz123abcxyz123abcxyz123abcxyz123abcxyz123,paypal.com
645.0,http://redhat.com,0,tranco,http://redhat.com,redhat.com
2591.0,http://protechts.net/index.html,0,tranco,http://protechts.net/index.html,protechts.net
3962.0,http://dynamicyield.com,0,tranco,http://dynamicyield.com,dynamicyield.com
7770.0,http://www.gsp.ro/assets/css/style.css?action=verify&token=abcxyz123abcxyz123abcxyz123abcxyz123abcxyz123abcxyz123abcxyz123abcxyz123,0,tranco,http://www.gsp.ro/assets/css/style.css?action=verify&token=abcxyz123abcxyz123abcxyz123abcxyz123abcxyz123abcxyz123abcxyz123abcxyz123,gsp.ro
6681.0,http://webmotors.com.br/index.html?id=123,0,tranco,http://webmotors.com.br/index.html?id=123,webmotors.com.br
2228.0,http://www.boardgamearena.com/login?q=test,0,tranco,http://www.boardgamearena.com/login?q=test,boardgamearena.com
6481.0,http://www.homes.co.jp/blog/article-name-here,0,tranco,http://www.homes.co.jp/blog/article-name-here,homes.co.jp
2865.0,http://allawntech.com/products/view/123?page=2,0,tranco,http://allawntech.com/products/view/123?page=2,allawntech.com
6722.0,http://edge2befaster.net/search?id=123,0,tranco,http://edge2befaster.net/search?id=123,edge2befaster.net
9962.0,http://bpexch.xyz/api/v1/users?lang=en,0,tranco,http://bpexch.xyz/api/v1/users?lang=en,bpexch.xyz
231.0,http://www.akamaized.net/about?page=2,0,tranco,http://www.akamaized.net/about?page=2,akamaized.net
3231.0,http://www.cn.com/download?action=verify&token=abcxyz123abcxyz123abcxyz123abcxyz123abcxyz123abcxyz123abcxyz123abcxyz123,0,tranco,http://www.cn.com/download?action=verify&token=abcxyz123abcxyz123abcxyz123abcxyz123abcxyz123abcxyz123abcxyz123abcxyz123,cn.com
5022.0,http://www.nic.fr/register,0,tranco,http://www.nic.fr/register,nic.fr
8040.0,http://amazon-dss.com/index.html?id=123,0,tranco,http://amazon-dss.com/index.html?id=123,amazon-dss.com
6256.0,http://rug.nl/,0,tranco,http://rug.nl/,rug.nl
7963.0,http://zdn.vn/products/view/123,0,tranco,http://zdn.vn/products/view/123,zdn.vn
5858.0,http://claro.net.br/download?ref=twitter,0,tranco,http://claro.net.br/download?ref=twitter,claro.net.br
3070.0,http://www.ohchr.org/blog/article-name-here,0,tranco,http://www.ohchr.org/blog/article-name-here,ohchr.org
2385.0,http://www.nezakr.net/login?q=test,0,tranco,http://www.nezakr.net/login?q=test,nezakr.net
5732.0,http://fotocasa.es,0,tranco,http://fotocasa.es,fotocasa.es
,https://d30sec8k5ond2x.cloudfront.net/gp/yourstore?ref_=nav_AccountFlyout_recs,1,openphish,https://d30sec8k5ond2x.cloudfront.net/gp/yourstore?ref_=nav_AccountFlyout_recs,cloudfront.net
2970.0,http://www.netis.cc/index.html?lang=en,0,tranco,http://www.netis.cc/index.html?lang=en,netis.cc
7628.0,http://copart.com/contact,0,tranco,http://copart.com/contact,copart.com
1265.0,http://expedia.com/api/v1/users,0,tranco,http://expedia.com/api/v1/users,expedia.com
8209.0,http://www.ngl.link/products/view/123,0,tranco,http://www.ngl.link/products/view/123,ngl.link
5547.0,http://amazon.ie,0,tranco,http://amazon.ie,amazon.ie
1648.0,http://www.bakusai.com/,0,tranco,http://www.bakusai.com/,bakusai.com
4364.0,http://www.ecwid.com/assets/css/style.css?redirect_url=https%3A%2F%2Fexample.com%2Fdashboard&session_id=abcdef1234567890abcdef1234567890,0,tranco,http://www.ecwid.com/assets/css/style.css?redirect_url=https://example.com/dashboard&session_id=abcdef1234567890abcdef1234567890,ecwid.com
3655.0,http://ns.ua/about,0,tranco,http://ns.ua/about,ns.ua
1357.0,http://arca.live/contact?page=2,0,tranco,http://arca.live/contact?page=2,arca.live
8800.0,http://sefan.ru/login?ref=twitter,0,tranco,http://sefan.ru/login?ref=twitter,sefan.ru
5066.0,http://fastcgi.com/assets/css/style.css?action=verify&token=abcxyz123abcxyz123abcxyz123abcxyz123abcxyz123abcxyz123abcxyz123abcxyz123,0,tranco,http://fastcgi.com/assets/css/style.css?action=verify&token=abcxyz123abcxyz123abcxyz123abcxyz123abcxyz123abcxyz123abcxyz123abcxyz123,fastcgi.com
1412.0,http://iana.org/index.html,0,tranco,http://iana.org/index.html,iana.org
9707.0,http://www.xleche.com/download?q=test,0,tranco,http://www.xleche.com/download?q=test,xleche.com
2839.0,http://www.p-msedge.net/blog/article-name-here?ref=twitter,0,tranco,http://www.p-msedge.net/blog/article-name-here?ref=twitter,p-msedge.net
3773.0,http://www.oaistatsig.com/wp-content/uploads/image.jpg,0,tranco,http://www.oaistatsig.com/wp-content/uploads/image.jpg,oaistatsig.com
1778.0,http://wswebpic.com/about,0,tranco,http://wswebpic.com/about,wswebpic.com
69.0,http://myfritz.net/api/v1/users?lang=en,0,tranco,http://myfritz.net/api/v1/users?lang=en,myfritz.net
4149.0,http://bigolive.tv,0,tranco,http://bigolive.tv,bigolive.tv
5801.0,http://www.radissonhotels.com/index.html?page=2,0,tranco,http://www.radissonhotels.com/index.html?page=2,radissonhotels.com
7335.0,http://magnite.com/search?utm_source=newsletter&utm_medium=email,0,tranco,http://magnite.com/search?utm_source=newsletter&utm_medium=email,magnite.com
5096.0,http://nine.com.au/contact,0,tranco,http://nine.com.au/contact,nine.com.au
2712.0,http://www.kinghost.com.br/blog/article-name-here,0,tranco,http://www.kinghost.com.br/blog/article-name-here,kinghost.com.br
6468.0,http://ub.edu,0,tranco,http://ub.edu,ub.edu
4335.0,http://www.owhealth.com/download?id=123,0,tranco,http://www.owhealth.com/download?id=123,owhealth.com
9398.0,http://leckerschmecker.me,0,tranco,http://leckerschmecker.me,leckerschmecker.me
1834.0,http://www.rncdn7.com/products/view/123,0,tranco,http://www.rncdn7.com/products/view/123,rncdn7.com
8227.0,http://sex-studentki.sale,0,tranco,http://sex-studentki.sale,sex-studentki.sale
4236.0,http://www.dbankcloud.asia/about,0,tranco,http://www.dbankcloud.asia/about,dbankcloud.asia
4133.0,http://japanpost.jp/register,0,tranco,http://japanpost.jp/register,japanpost.jp
2588.0,http://flaticon.com/index.html,0,tranco,http://flaticon.com/index.html,flaticon.com
9191.0,http://ildolomiti.it/assets/css/style.css?token=abcxyz123,0,tranco,http://ildolomiti.it/assets/css/style.css?token=abcxyz123,ildolomiti.it
5935.0,http://ziprecruiter.com/about?lang=en,0,tranco,http://ziprecruiter.com/about?lang=en,ziprecruiter.com
,http://www.trezor.bid/,1,openphish,http://www.trezor.bid/,trezor.bid
9325.0,http://packetsdk.xyz/login?token=abcxyz123,0,tranco,http://packetsdk.xyz/login?token=abcxyz123,packetsdk.xyz
4441.0,http://nber.org/api/v1/users,0,tranco,http://nber.org/api/v1/users,nber.org
4676.0,http://www.fastlylb.net/contact?redirect_url=https%3A%2F%2Fexample.com%2Fdashboard&session_id=abcdef1234567890abcdef1234567890,0,tranco,http://www.fastlylb.net/contact?redirect_url=https://example.com/dashboard&session_id=abcdef1234567890abcdef1234567890,fastlylb.net
6699.0,http://www.google.co.uz/download?action=verify&token=abcxyz123abcxyz123abcxyz123abcxyz123abcxyz123abcxyz123abcxyz123abcxyz123,0,tranco,http://www.google.co.uz/download?action=verify&token=abcxyz123abcxyz123abcxyz123abcxyz123abcxyz123abcxyz123abcxyz123abcxyz123,google.co.uz
7767.0,http://mailspike.net/,0,tranco,http://mailspike.net/,mailspike.net
8179.0,http://www.buzzvil.com/register,0,tranco,http://www.buzzvil.com/register,buzzvil.com
8377.0,http://www.ou.edu/api/v1/users,0,tranco,http://www.ou.edu/api/v1/users,ou.edu
6850.0,http://teslamotors.com/contact,0,tranco,http://teslamotors.com/contact,teslamotors.com
8649.0,http://www.redwap.me/assets/css/style.css?page=2,0,tranco,http://www.redwap.me/assets/css/style.css?page=2,redwap.me
7339.0,http://gumtree.com/api/v1/users,0,tranco,http://gumtree.com/api/v1/users,gumtree.com
4555.0,http://www.uadns.com/login?q=test,0,tranco,http://www.uadns.com/login?q=test,uadns.com
5620.0,http://l.ink/index.html,0,tranco,http://l.ink/index.html,l.ink
9375.0,http://www.opentrackr.org/?utm_source=newsletter&utm_medium=email,0,tranco,http://www.opentrackr.org/?utm_source=newsletter&utm_medium=email,opentrackr.org
627.0,http://www.dailymail.co.uk/blog/article-name-here,0,tranco,http://www.dailymail.co.uk/blog/article-name-here,dailymail.co.uk
4702.0,http://bankrate.com,0,tranco,http://bankrate.com,bankrate.com
843.0,http://www.deepl.com/register?id=123,0,tranco,http://www.deepl.com/register?id=123,deepl.com
2708.0,http://medlineplus.gov/download?page=2,0,tranco,http://medlineplus.gov/download?page=2,medlineplus.gov
9420.0,http://www.desikamababa.com/api/v1/users,0,tranco,http://www.desikamababa.com/api/v1/users,desikamababa.com
3417.0,http://www.asos.com/index.html?utm_source=newsletter&utm_medium=email,0,tranco,http://www.asos.com/index.html?utm_source=newsletter&utm_medium=email,asos.com
1851.0,http://www.utexas.edu/login,0,tranco,http://www.utexas.edu/login,utexas.edu
4203.0,http://nlnetlabs.nl/contact?ref=twitter,0,tranco,http://nlnetlabs.nl/contact?ref=twitter,nlnetlabs.nl
5140.0,http://interfax.ru,0,tranco,http://interfax.ru,interfax.ru
4606.0,http://signifyd.com,0,tranco,http://signifyd.com,signifyd.com
227.0,http://nist.gov/login?utm_source=newsletter&utm_medium=email,0,tranco,http://nist.gov/login?utm_source=newsletter&utm_medium=email,nist.gov
5350.0,http://www.pdflib.com/search,0,tranco,http://www.pdflib.com/search,pdflib.com
2781.0,http://adidas.com/assets/css/style.css?id=123,0,tranco,http://adidas.com/assets/css/style.css?id=123,adidas.com
882.0,http://latimes.com,0,tranco,http://latimes.com,latimes.com
2709.0,http://www.adguard.com/register?q=test,0,tranco,http://www.adguard.com/register?q=test,adguard.com
1517.0,http://musicdel.ir/register,0,tranco,http://musicdel.ir/register,musicdel.ir
4139.0,http://wikipedia.com/index.html,0,tranco,http://wikipedia.com/index.html,wikipedia.com
5570.0,http://vfsglobal.com/download?utm_source=newsletter&utm_medium=email,0,tranco,http://vfsglobal.com/download?utm_source=newsletter&utm_medium=email,vfsglobal.com
5223.0,http://www.oilprice.com/about,0,tranco,http://www.oilprice.com/about,oilprice.com
9905.0,http://www.fast-dl.one/contact,0,tranco,http://www.fast-dl.one/contact,fast-dl.one
5029.0,http://www.businessweek.com/download,0,tranco,http://www.businessweek.com/download,businessweek.com
4567.0,http://www.mac.com/download,0,tranco,http://www.mac.com/download,mac.com
33.0,http://www.fastly.net/assets/css/style.css,0,tranco,http://www.fastly.net/assets/css/style.css,fastly.net
5053.0,http://arte.tv/login,0,tranco,http://arte.tv/login,arte.tv
8971.0,http://www.wuytg.com/login,0,tranco,http://www.wuytg.com/login,wuytg.com
9200.0,http://www.nekopoi.care/,0,tranco,http://www.nekopoi.care/,nekopoi.care
5492.0,http://google.com.ni,0,tranco,http://google.com.ni,google.com.ni
6834.0,http://awsdns-41.net,0,tranco,http://awsdns-41.net,awsdns-41.net
9575.0,http://fullhdfilmizlesene.life/assets/css/style.css?lang=en,0,tranco,http://fullhdfilmizlesene.life/assets/css/style.css?lang=en,fullhdfilmizlesene.life
1425.0,http://varzesh3.com/api/v1/users?utm_source=newsletter&utm_medium=email,0,tranco,http://varzesh3.com/api/v1/users?utm_source=newsletter&utm_medium=email,varzesh3.com
1444.0,http://cardmarket.com,0,tranco,http://cardmarket.com,cardmarket.com
2638.0,http://www.filmyfly.racing/search?token=abcxyz123,0,tranco,http://www.filmyfly.racing/search?token=abcxyz123,filmyfly.racing
1107.0,http://www.fortune.com/api/v1/users,0,tranco,http://www.fortune.com/api/v1/users,fortune.com
6609.0,http://procyclingstats.com/index.html?utm_source=newsletter&utm_medium=email,0,tranco,http://procyclingstats.com/index.html?utm_source=newsletter&utm_medium=email,procyclingstats.com
6462.0,http://uni-frankfurt.de/?utm_source=newsletter&utm_medium=email,0,tranco,http://uni-frankfurt.de/?utm_source=newsletter&utm_medium=email,uni-frankfurt.de
7415.0,http://askubuntu.com,0,tranco,http://askubuntu.com,askubuntu.com
3654.0,http://www.confiant-integrations.net/about?q=test,0,tranco,http://www.confiant-integrations.net/about?q=test,confiant-integrations.net
2730.0,http://openssl.org,0,tranco,http://openssl.org,openssl.org
1965.0,http://wa.link/login?action=verify&token=abcxyz123abcxyz123abcxyz123abcxyz123abcxyz123abcxyz123abcxyz123abcxyz123,0,tranco,http://wa.link/login?action=verify&token=abcxyz123abcxyz123abcxyz123abcxyz123abcxyz123abcxyz123abcxyz123abcxyz123,wa.link
4792.0,http://www.360qhcdn.com/register,0,tranco,http://www.360qhcdn.com/register,360qhcdn.com
5476.0,http://tractorsupply.com/assets/css/style.css,0,tranco,http://tractorsupply.com/assets/css/style.css,tractorsupply.com
7115.0,http://www.upravel.com/wp-content/uploads/image.jpg?id=123,0,tranco,http://www.upravel.com/wp-content/uploads/image.jpg?id=123,upravel.com
9630.0,http://www.modarteaccessories.com/products/view/123,0,tranco,http://www.modarteaccessories.com/products/view/123,modarteaccessories.com
317.0,http://heytapmobile.com,0,tranco,http://heytapmobile.com,heytapmobile.com
,http://d06d1f.icefactory.cl/,1,openphish,http://d06d1f.icefactory.cl/,icefactory.cl
8289.0,http://www.jwpsrv.com/index.html?redirect_url=https%3A%2F%2Fexample.com%2Fdashboard&session_id=abcdef1234567890abcdef1234567890,0,tranco,http://www.jwpsrv.com/index.html?redirect_url=https://example.com/dashboard&session_id=abcdef1234567890abcdef1234567890,jwpsrv.com
631.0,http://bidswitch.net/,0,tranco,http://bidswitch.net/,bidswitch.net
4365.0,http://www.google.bg/index.html?token=abcxyz123,0,tranco,http://www.google.bg/index.html?token=abcxyz123,google.bg
600.0,http://wix.com/,0,tranco,http://wix.com/,wix.com
775.0,http://cdnhwc1.com/register,0,tranco,http://cdnhwc1.com/register,cdnhwc1.com
,http://www.scarlettscorner.site/,1,openphish,http://www.scarlettscorner.site/,scarlettscorner.site
8886.0,http://lootlabs.gg/blog/article-name-here?ref=twitter,0,tranco,http://lootlabs.gg/blog/article-name-here?ref=twitter,lootlabs.gg
8251.0,http://www.pixnet.net/assets/css/style.css?page=2,0,tranco,http://www.pixnet.net/assets/css/style.css?page=2,pixnet.net
4031.0,http://www.qrcdn.net/blog/article-name-here?q=test,0,tranco,http://www.qrcdn.net/blog/article-name-here?q=test,qrcdn.net
9037.0,http://www.sokmil.com/assets/css/style.css,0,tranco,http://www.sokmil.com/assets/css/style.css,sokmil.com
579.0,http://cdn20.com,0,tranco,http://cdn20.com,cdn20.com
3122.0,http://starbucks.com/about,0,tranco,http://starbucks.com/about,starbucks.com
5490.0,http://superbet.ro,0,tranco,http://superbet.ro,superbet.ro
1207.0,http://technorail.com/assets/css/style.css,0,tranco,http://technorail.com/assets/css/style.css,technorail.com
2094.0,http://www.mgid.com/?redirect_url=https%3A%2F%2Fexample.com%2Fdashboard&session_id=abcdef1234567890abcdef1234567890,0,tranco,http://www.mgid.com/?redirect_url=https://example.com/dashboard&session_id=abcdef1234567890abcdef1234567890,mgid.com
9066.0,http://www.snaptube.com/wp-content/uploads/image.jpg,0,tranco,http://www.snaptube.com/wp-content/uploads/image.jpg,snaptube.com
2914.0,http://www.line-apps.com/register?page=2,0,tranco,http://www.line-apps.com/register?page=2,line-apps.com
9466.0,http://jovencitas.gratis/about,0,tranco,http://jovencitas.gratis/about,jovencitas.gratis
2831.0,http://wa.gov/?id=123,0,tranco,http://wa.gov/?id=123,wa.gov
9733.0,http://zooplus.net,0,tranco,http://zooplus.net,zooplus.net
5733.0,http://p-n.io/login,0,tranco,http://p-n.io/login,p-n.io
339.0,http://www.doubleverify.com/blog/article-name-here,0,tranco,http://www.doubleverify.com/blog/article-name-here,doubleverify.com
7587.0,http://awsstatic.com,0,tranco,http://awsstatic.com,awsstatic.com
3131.0,http://www.admatic.de/login?page=2,0,tranco,http://www.admatic.de/login?page=2,admatic.de
3596.0,http://www.gaijin.net/about,0,tranco,http://www.gaijin.net/about,gaijin.net
8214.0,http://car.gr/wp-content/uploads/image.jpg,0,tranco,http://car.gr/wp-content/uploads/image.jpg,car.gr
5781.0,http://awsdns-56.net/index.html?q=test,0,tranco,http://awsdns-56.net/index.html?q=test,awsdns-56.net
5543.0,http://www.media6degrees.com/login?ref=twitter,0,tranco,http://www.media6degrees.com/login?ref=twitter,media6degrees.com
2318.0,http://www.amplifyapp.com/search,0,tranco,http://www.amplifyapp.com/search,amplifyapp.com
8465.0,http://google.com.ag/api/v1/users,0,tranco,http://google.com.ag/api/v1/users,google.com.ag
5852.0,http://asahi-net.or.jp/,0,tranco,http://asahi-net.or.jp/,asahi-net.or.jp
3715.0,http://xkcd.com/products/view/123?token=abcxyz123,0,tranco,http://xkcd.com/products/view/123?token=abcxyz123,xkcd.com
6110.0,http://www.springeropen.com/blog/article-name-here,0,tranco,http://www.springeropen.com/blog/article-name-here,springeropen.com
4190.0,http://zoominfo.com/search?page=2,0,tranco,http://zoominfo.com/search?page=2,zoominfo.com
8136.0,http://www.emojidb.org/wp-content/uploads/image.jpg,0,tranco,http://www.emojidb.org/wp-content/uploads/image.jpg,emojidb.org
7058.0,http://www.playmogo.com/blog/article-name-here?q=test,0,tranco,http://www.playmogo.com/blog/article-name-here?q=test,playmogo.com
7914.0,http://tele2.ru,0,tranco,http://tele2.ru,tele2.ru
1113.0,http://www.skysports.com/api/v1/users,0,tranco,http://www.skysports.com/api/v1/users,skysports.com
1295.0,http://adfuse-ssp.com,0,tranco,http://adfuse-ssp.com,adfuse-ssp.com
3483.0,http://www.aa.com/wp-content/uploads/image.jpg,0,tranco,http://www.aa.com/wp-content/uploads/image.jpg,aa.com
4239.0,http://www.boardgamegeek.com/login?id=123,0,tranco,http://www.boardgamegeek.com/login?id=123,boardgamegeek.com
2465.0,http://distmed.com/wp-content/uploads/image.jpg,0,tranco,http://distmed.com/wp-content/uploads/image.jpg,distmed.com
8652.0,http://steamrip.com/wp-content/uploads/image.jpg,0,tranco,http://steamrip.com/wp-content/uploads/image.jpg,steamrip.com
8101.0,http://thothd.com,0,tranco,http://thothd.com,thothd.com
2905.0,http://www.schwab.com/search?lang=en,0,tranco,http://www.schwab.com/search?lang=en,schwab.com
4216.0,http://www.buymeacoffee.com/products/view/123?id=123,0,tranco,http://www.buymeacoffee.com/products/view/123?id=123,buymeacoffee.com
1676.0,http://www.livescore.cz/products/view/123,0,tranco,http://www.livescore.cz/products/view/123,livescore.cz
6604.0,http://harknmav.fun/login?id=123,0,tranco,http://harknmav.fun/login?id=123,harknmav.fun
1621.0,http://www.administracionelectronica.gob.es/download,0,tranco,http://www.administracionelectronica.gob.es/download,administracionelectronica.gob.es
8922.0,http://kupi.cz,0,tranco,http://kupi.cz,kupi.cz
4842.0,http://hismarttv.com,0,tranco,http://hismarttv.com,hismarttv.com
6196.0,http://www.cmd.su/search,0,tranco,http://www.cmd.su/search,cmd.su
4201.0,http://heytapimg.com,0,tranco,http://heytapimg.com,heytapimg.com
9987.0,http://www.masteredu.ai/login,0,tranco,http://www.masteredu.ai/login,masteredu.ai
9440.0,http://discover.com/login,0,tranco,http://discover.com/login,discover.com
9541.0,http://www.sexindrag.com/index.html,0,tranco,http://www.sexindrag.com/index.html,sexindrag.com
6082.0,http://inquirer.net/api/v1/users,0,tranco,http://inquirer.net/api/v1/users,inquirer.net
8195.0,http://www.tucows.com/assets/css/style.css?utm_source=newsletter&utm_medium=email,0,tranco,http://www.tucows.com/assets/css/style.css?utm_source=newsletter&utm_medium=email,tucows.com
8894.0,http://spov-dc-msedge.net/register,0,tranco,http://spov-dc-msedge.net/register,spov-dc-msedge.net
7140.0,http://unh.edu/api/v1/users,0,tranco,http://unh.edu/api/v1/users,unh.edu
3218.0,http://www.angelfire.com/search?lang=en,0,tranco,http://www.angelfire.com/search?lang=en,angelfire.com
7242.0,http://www.lansweeper.com/login,0,tranco,http://www.lansweeper.com/login,lansweeper.com
8774.0,http://musics-fa.com/login,0,tranco,http://musics-fa.com/login,musics-fa.com
3373.0,http://opsgenie.com/index.html,0,tranco,http://opsgenie.com/index.html,opsgenie.com
2098.0,http://bytedance.com,0,tranco,http://bytedance.com,bytedance.com
3866.0,http://tilda.ws/index.html,0,tranco,http://tilda.ws/index.html,tilda.ws
6048.0,http://paypalobjects.com/index.html?ref=twitter,0,tranco,http://paypalobjects.com/index.html?ref=twitter,paypalobjects.com
9564.0,http://www.stps.gob.mx/login,0,tranco,http://www.stps.gob.mx/login,stps.gob.mx
3825.0,http://www.qualcomm.com/api/v1/users,0,tranco,http://www.qualcomm.com/api/v1/users,qualcomm.com
4241.0,http://xhamsterlive.com/contact,0,tranco,http://xhamsterlive.com/contact,xhamsterlive.com
8754.0,http://meteofor.com.ua,0,tranco,http://meteofor.com.ua,meteofor.com.ua
1922.0,http://www.riotcdn.net/login,0,tranco,http://www.riotcdn.net/login,riotcdn.net
37.0,http://doubleclick.net,0,tranco,http://doubleclick.net,doubleclick.net
1333.0,http://irs.gov,0,tranco,http://irs.gov,irs.gov
78.0,http://zoom.us/index.html?action=verify&token=abcxyz123abcxyz123abcxyz123abcxyz123abcxyz123abcxyz123abcxyz123abcxyz123,0,tranco,http://zoom.us/index.html?action=verify&token=abcxyz123abcxyz123abcxyz123abcxyz123abcxyz123abcxyz123abcxyz123abcxyz123,zoom.us
8297.0,http://www.ucf.edu/products/view/123,0,tranco,http://www.ucf.edu/products/view/123,ucf.edu
6573.0,http://fon.bet/search,0,tranco,http://fon.bet/search,fon.bet
6960.0,http://videa.hu,0,tranco,http://videa.hu,videa.hu
3745.0,http://apkpure.com/index.html,0,tranco,http://apkpure.com/index.html,apkpure.com
1398.0,http://www.tgju.org/login,0,tranco,http://www.tgju.org/login,tgju.org
1650.0,http://ttlivecdn.com/blog/article-name-here?redirect_url=https%3A%2F%2Fexample.com%2Fdashboard&session_id=abcdef1234567890abcdef1234567890,0,tranco,http://ttlivecdn.com/blog/article-name-here?redirect_url=https://example.com/dashboard&session_id=abcdef1234567890abcdef1234567890,ttlivecdn.com
353.0,http://washingtonpost.com/blog/article-name-here?token=abcxyz123,0,tranco,http://washingtonpost.com/blog/article-name-here?token=abcxyz123,washingtonpost.com
3890.0,http://schneevonmorgen.com/,0,tranco,http://schneevonmorgen.com/,schneevonmorgen.com
2552.0,http://www.ogury.io/blog/article-name-here,0,tranco,http://www.ogury.io/blog/article-name-here,ogury.io
5174.0,http://makerworld.com,0,tranco,http://makerworld.com,makerworld.com
2177.0,http://sharethis.com,0,tranco,http://sharethis.com,sharethis.com
9631.0,http://www.obramat.es/login,0,tranco,http://www.obramat.es/login,obramat.es
5433.0,http://apache-ssl.org/,0,tranco,http://apache-ssl.org/,apache-ssl.org
9307.0,http://packetsdk.io/login,0,tranco,http://packetsdk.io/login,packetsdk.io
9981.0,http://xn--l3caaa5iqc3a.com/api/v1/users,0,tranco,http://xn--l3caaa5iqc3a.com/api/v1/users,xn--l3caaa5iqc3a.com
3603.0,http://macomnet.ru,0,tranco,http://macomnet.ru,macomnet.ru
6003.0,http://www.goodrx.com/download,0,tranco,http://www.goodrx.com/download,goodrx.com
6692.0,http://www.europapress.es/?utm_source=newsletter&utm_medium=email,0,tranco,http://www.europapress.es/?utm_source=newsletter&utm_medium=email,europapress.es
7296.0,http://unirioja.es/wp-content/uploads/image.jpg,0,tranco,http://unirioja.es/wp-content/uploads/image.jpg,unirioja.es
5101.0,http://www.qvc.com/api/v1/users?id=123,0,tranco,http://www.qvc.com/api/v1/users?id=123,qvc.com
6959.0,http://www.awsdns-38.net/index.html,0,tranco,http://www.awsdns-38.net/index.html,awsdns-38.net
548.0,http://time.com,0,tranco,http://time.com,time.com
1592.0,http://xxxvideo.link/index.html?q=test,0,tranco,http://xxxvideo.link/index.html?q=test,xxxvideo.link
3922.0,http://mercari.com/api/v1/users,0,tranco,http://mercari.com/api/v1/users,mercari.com
184.0,http://nflxso.net,0,tranco,http://nflxso.net,nflxso.net
7174.0,http://www.beforward.jp/blog/article-name-here?page=2,0,tranco,http://www.beforward.jp/blog/article-name-here?page=2,beforward.jp
9052.0,http://sambaporno.com,0,tranco,http://sambaporno.com,sambaporno.com
5507.0,http://free-reels.com/register,0,tranco,http://free-reels.com/register,free-reels.com
8005.0,http://babepedia.com/search,0,tranco,http://babepedia.com/search,babepedia.com
6585.0,http://stihi.ru,0,tranco,http://stihi.ru,stihi.ru
1663.0,http://www.choiceadvantage.com/blog/article-name-here?token=abcxyz123,0,tranco,http://www.choiceadvantage.com/blog/article-name-here?token=abcxyz123,choiceadvantage.com
3328.0,http://www.a.co/?token=abcxyz123,0,tranco,http://www.a.co/?token=abcxyz123,a.co
9741.0,http://arabshentai.com/download?ref=twitter,0,tranco,http://arabshentai.com/download?ref=twitter,arabshentai.com
,http://cdzp.gamez-en.my.id/,1,openphish,http://cdzp.gamez-en.my.id/,gamez-en.my.id
321.0,http://gnu.org/download,0,tranco,http://gnu.org/download,gnu.org
8532.0,http://petco.com/login,0,tranco,http://petco.com/login,petco.com
5783.0,http://www.hexun.com/contact?redirect_url=https%3A%2F%2Fexample.com%2Fdashboard&session_id=abcdef1234567890abcdef1234567890,0,tranco,http://www.hexun.com/contact?redirect_url=https://example.com/dashboard&session_id=abcdef1234567890abcdef1234567890,hexun.com
6657.0,http://thepoizon.ru,0,tranco,http://thepoizon.ru,thepoizon.ru
8851.0,http://www.officeally.com/register,0,tranco,http://www.officeally.com/register,officeally.com
7511.0,http://www.leadsquared.com/wp-content/uploads/image.jpg?ref=twitter,0,tranco,http://www.leadsquared.com/wp-content/uploads/image.jpg?ref=twitter,leadsquared.com
7139.0,http://google.kz/download?token=abcxyz123,0,tranco,http://google.kz/download?token=abcxyz123,google.kz
3659.0,http://www.yasyadong02.tv/download?lang=en,0,tranco,http://www.yasyadong02.tv/download?lang=en,yasyadong02.tv
2498.0,http://stratoserver.net,0,tranco,http://stratoserver.net,stratoserver.net
464.0,http://dual-s-msedge.net/assets/css/style.css,0,tranco,http://dual-s-msedge.net/assets/css/style.css,dual-s-msedge.net
6392.0,http://tsn.ua/blog/article-name-here?q=test,0,tranco,http://tsn.ua/blog/article-name-here?q=test,tsn.ua
9433.0,http://www.kantimehealth.net/,0,tranco,http://www.kantimehealth.net/,kantimehealth.net
8232.0,http://www.rakuten-bank.co.jp/products/view/123,0,tranco,http://www.rakuten-bank.co.jp/products/view/123,rakuten-bank.co.jp
8589.0,http://www.cheqzone.com/api/v1/users?id=123,0,tranco,http://www.cheqzone.com/api/v1/users?id=123,cheqzone.com
9624.0,http://www.bet365.bet.ar/api/v1/users?action=verify&token=abcxyz123abcxyz123abcxyz123abcxyz123abcxyz123abcxyz123abcxyz123abcxyz123,0,tranco,http://www.bet365.bet.ar/api/v1/users?action=verify&token=abcxyz123abcxyz123abcxyz123abcxyz123abcxyz123abcxyz123abcxyz123abcxyz123,bet365.bet.ar
4104.0,http://www.telefonica.com/download,0,tranco,http://www.telefonica.com/download,telefonica.com
3530.0,http://marphezis.com/about?lang=en,0,tranco,http://marphezis.com/about?lang=en,marphezis.com
7552.0,http://awsdns-60.co.uk/contact,0,tranco,http://awsdns-60.co.uk/contact,awsdns-60.co.uk
4496.0,http://gccdn.cn,0,tranco,http://gccdn.cn,gccdn.cn
3631.0,http://www.ymmobi.com/assets/css/style.css?token=abcxyz123,0,tranco,http://www.ymmobi.com/assets/css/style.css?token=abcxyz123,ymmobi.com
3263.0,http://www.vwapps.io/blog/article-name-here,0,tranco,http://www.vwapps.io/blog/article-name-here,vwapps.io
,https://www.roblox.com.gr/users/269079117221/profilemalwarenetworkrat,1,openphish,https://www.roblox.com.gr/users/269079117221/profilemalwarenetworkrat,roblox.com.gr
2689.0,http://www.bkcdn.net/index.html,0,tranco,http://www.bkcdn.net/index.html,bkcdn.net
6109.0,http://fsf.org/wp-content/uploads/image.jpg,0,tranco,http://fsf.org/wp-content/uploads/image.jpg,fsf.org
3756.0,http://www.awsdns-07.com/search,0,tranco,http://www.awsdns-07.com/search,awsdns-07.com
9758.0,http://www.travelandtourworld.com/,0,tranco,http://www.travelandtourworld.com/,travelandtourworld.com
1168.0,http://www.xiaohongshu.com/contact?lang=en,0,tranco,http://www.xiaohongshu.com/contact?lang=en,xiaohongshu.com
2163.0,http://symantec.com/download?utm_source=newsletter&utm_medium=email,0,tranco,http://symantec.com/download?utm_source=newsletter&utm_medium=email,symantec.com
1386.0,http://netkeiba.com,0,tranco,http://netkeiba.com,netkeiba.com
8170.0,http://sakshi.com/wp-content/uploads/image.jpg?ref=twitter,0,tranco,http://sakshi.com/wp-content/uploads/image.jpg?ref=twitter,sakshi.com
5628.0,http://athemes.com/download,0,tranco,http://athemes.com/download,athemes.com
9738.0,http://www.go.link/contact,0,tranco,http://www.go.link/contact,go.link
6415.0,http://cloudwaysapps.com,0,tranco,http://cloudwaysapps.com,cloudwaysapps.com
9861.0,http://adobeccstatic.com/contact?q=test,0,tranco,http://adobeccstatic.com/contact?q=test,adobeccstatic.com
4855.0,http://keenetic.pro,0,tranco,http://keenetic.pro,keenetic.pro
216.0,http://ebay.com/blog/article-name-here,0,tranco,http://ebay.com/blog/article-name-here,ebay.com
9915.0,http://www.ardentnews.co.kr/products/view/123,0,tranco,http://www.ardentnews.co.kr/products/view/123,ardentnews.co.kr
9173.0,http://www.bahesab.ir/blog/article-name-here,0,tranco,http://www.bahesab.ir/blog/article-name-here,bahesab.ir
1761.0,http://filmyfly.luxe/register?action=verify&token=abcxyz123abcxyz123abcxyz123abcxyz123abcxyz123abcxyz123abcxyz123abcxyz123,0,tranco,http://filmyfly.luxe/register?action=verify&token=abcxyz123abcxyz123abcxyz123abcxyz123abcxyz123abcxyz123abcxyz123abcxyz123,filmyfly.luxe
1058.0,http://bytefcdn-ttpus.com/api/v1/users,0,tranco,http://bytefcdn-ttpus.com/api/v1/users,bytefcdn-ttpus.com
7713.0,http://radiofarda.com,0,tranco,http://radiofarda.com,radiofarda.com
7313.0,http://www.worldwildlife.org/index.html,0,tranco,http://www.worldwildlife.org/index.html,worldwildlife.org
6490.0,http://superbthemes.com/login?utm_source=newsletter&utm_medium=email,0,tranco,http://superbthemes.com/login?utm_source=newsletter&utm_medium=email,superbthemes.com
7393.0,http://ufrgs.br/login,0,tranco,http://ufrgs.br/login,ufrgs.br
6279.0,http://rnote.com/download,0,tranco,http://rnote.com/download,rnote.com
9967.0,http://typingerz.com/wp-content/uploads/image.jpg?page=2,0,tranco,http://typingerz.com/wp-content/uploads/image.jpg?page=2,typingerz.com
7896.0,http://mercedes-benz.com.cn/blog/article-name-here,0,tranco,http://mercedes-benz.com.cn/blog/article-name-here,mercedes-benz.com.cn
9678.0,http://elmaz.com,0,tranco,http://elmaz.com,elmaz.com
9636.0,http://yealink.com/wp-content/uploads/image.jpg,0,tranco,http://yealink.com/wp-content/uploads/image.jpg,yealink.com
8878.0,http://maxifoot.fr/search,0,tranco,http://maxifoot.fr/search,maxifoot.fr
336.0,http://cdc.gov/search,0,tranco,http://cdc.gov/search,cdc.gov
8496.0,http://www.hentairead.com/register,0,tranco,http://www.hentairead.com/register,hentairead.com
4612.0,http://www.recruit.co.jp/download,0,tranco,http://www.recruit.co.jp/download,recruit.co.jp
2037.0,http://bls.gov,0,tranco,http://bls.gov,bls.gov
3010.0,http://rsc.org/search?id=123,0,tranco,http://rsc.org/search?id=123,rsc.org
7829.0,http://www.audioeye.com/wp-content/uploads/image.jpg?token=abcxyz123,0,tranco,http://www.audioeye.com/wp-content/uploads/image.jpg?token=abcxyz123,audioeye.com
,https://www.roblox.com.mu/users/3111072752/profile,1,openphish,https://www.roblox.com.mu/users/3111072752/profile,roblox.com.mu
8636.0,http://www.sodimac.cl/wp-content/uploads/image.jpg,0,tranco,http://www.sodimac.cl/wp-content/uploads/image.jpg,sodimac.cl
6833.0,http://www.bergfex.at/register,0,tranco,http://www.bergfex.at/register,bergfex.at
3309.0,http://foursquare.com/download,0,tranco,http://foursquare.com/download,foursquare.com
2367.0,http://lww.com/products/view/123,0,tranco,http://lww.com/products/view/123,lww.com
9120.0,http://senat.fr/assets/css/style.css,0,tranco,http://senat.fr/assets/css/style.css,senat.fr
7049.0,http://ernet.in/index.html,0,tranco,http://ernet.in/index.html,ernet.in
9186.0,http://vhosting-it.com/assets/css/style.css?action=verify&token=abcxyz123abcxyz123abcxyz123abcxyz123abcxyz123abcxyz123abcxyz123abcxyz123,0,tranco,http://vhosting-it.com/assets/css/style.css?action=verify&token=abcxyz123abcxyz123abcxyz123abcxyz123abcxyz123abcxyz123abcxyz123abcxyz123,vhosting-it.com
6073.0,http://www.uvfuns.com/contact?ref=twitter,0,tranco,http://www.uvfuns.com/contact?ref=twitter,uvfuns.com
531.0,http://www.visualstudio.com/api/v1/users?ref=twitter,0,tranco,http://www.visualstudio.com/api/v1/users?ref=twitter,visualstudio.com
5272.0,http://depositphotos.com/api/v1/users,0,tranco,http://depositphotos.com/api/v1/users,depositphotos.com
4343.0,http://sportskeeda.com/register?utm_source=newsletter&utm_medium=email,0,tranco,http://sportskeeda.com/register?utm_source=newsletter&utm_medium=email,sportskeeda.com
7013.0,http://www.ntv.com.tr/about,0,tranco,http://www.ntv.com.tr/about,ntv.com.tr
8716.0,http://www.ivanti.com/search?id=123,0,tranco,http://www.ivanti.com/search?id=123,ivanti.com
8743.0,http://autozone.com/?id=123,0,tranco,http://autozone.com/?id=123,autozone.com
6440.0,http://tokyo.lg.jp/blog/article-name-here?q=test,0,tranco,http://tokyo.lg.jp/blog/article-name-here?q=test,tokyo.lg.jp
8760.0,http://brilliantchap.com/login,0,tranco,http://brilliantchap.com/login,brilliantchap.com
172.0,http://www.soundcloud.com/register?ref=twitter,0,tranco,http://www.soundcloud.com/register?ref=twitter,soundcloud.com
2550.0,http://www.xhwide.com/index.html?lang=en,0,tranco,http://www.xhwide.com/index.html?lang=en,xhwide.com
8497.0,http://www.adliran.ir/search?ref=twitter,0,tranco,http://www.adliran.ir/search?ref=twitter,adliran.ir
9080.0,http://www.sberkassa.site/products/view/123,0,tranco,http://www.sberkassa.site/products/view/123,sberkassa.site
5924.0,http://www.dns-servers.vn/contact,0,tranco,http://www.dns-servers.vn/contact,dns-servers.vn
5439.0,http://www.thinkwithgoogle.com/products/view/123,0,tranco,http://www.thinkwithgoogle.com/products/view/123,thinkwithgoogle.com
835.0,http://www.usda.gov/,0,tranco,http://www.usda.gov/,usda.gov
4913.0,http://omniroot.com/login,0,tranco,http://omniroot.com/login,omniroot.com
4146.0,http://pippio.com/contact?id=123,0,tranco,http://pippio.com/contact?id=123,pippio.com
9836.0,http://www.ladyxena.com/download?redirect_url=https%3A%2F%2Fexample.com%2Fdashboard&session_id=abcdef1234567890abcdef1234567890,0,tranco,http://www.ladyxena.com/download?redirect_url=https://example.com/dashboard&session_id=abcdef1234567890abcdef1234567890,ladyxena.com
4444.0,http://ucoz.net,0,tranco,http://ucoz.net,ucoz.net
8184.0,http://www.irondns.net/login,0,tranco,http://www.irondns.net/login,irondns.net
4181.0,http://sbs.com.au/api/v1/users,0,tranco,http://sbs.com.au/api/v1/users,sbs.com.au
7397.0,http://fuckmoral.com/download?redirect_url=https%3A%2F%2Fexample.com%2Fdashboard&session_id=abcdef1234567890abcdef1234567890,0,tranco,http://fuckmoral.com/download?redirect_url=https://example.com/dashboard&session_id=abcdef1234567890abcdef1234567890,fuckmoral.com
1547.0,http://trilltrill.jp,0,tranco,http://trilltrill.jp,trilltrill.jp
8220.0,http://esocial.gov.br,0,tranco,http://esocial.gov.br,esocial.gov.br
7887.0,http://logi.com/search?id=123,0,tranco,http://logi.com/search?id=123,logi.com
7389.0,http://www.alaska.gov/download,0,tranco,http://www.alaska.gov/download,alaska.gov
4718.0,http://cbslocal.com/search?page=2,0,tranco,http://cbslocal.com/search?page=2,cbslocal.com
3679.0,http://hadronid.net,0,tranco,http://hadronid.net,hadronid.net
7610.0,http://www.pbxai.com/login,0,tranco,http://www.pbxai.com/login,pbxai.com
3702.0,http://www.3.in-addr.arpa/wp-content/uploads/image.jpg?token=abcxyz123,0,tranco,http://www.3.in-addr.arpa/wp-content/uploads/image.jpg?token=abcxyz123,3.in-addr.arpa
8954.0,http://grainger.com,0,tranco,http://grainger.com,grainger.com
8421.0,http://technorati.com,0,tranco,http://technorati.com,technorati.com
6313.0,http://oreillyauto.com/search,0,tranco,http://oreillyauto.com/search,oreillyauto.com
,https://b1ba4d.icefactory.cl/,1,openphish,https://b1ba4d.icefactory.cl/,icefactory.cl
2838.0,http://mastodon.social/about,0,tranco,http://mastodon.social/about,mastodon.social
2069.0,http://www.wordwall.net/register,0,tranco,http://www.wordwall.net/register,wordwall.net
3392.0,http://tfkc.de/index.html?id=123,0,tranco,http://tfkc.de/index.html?id=123,tfkc.de
2707.0,http://grow.google/search?id=123,0,tranco,http://grow.google/search?id=123,grow.google
1591.0,http://publi24.ro,0,tranco,http://publi24.ro,publi24.ro
7773.0,http://www.fotoscapes.com/index.html,0,tranco,http://www.fotoscapes.com/index.html,fotoscapes.com
662.0,http://cnet.com/products/view/123,0,tranco,http://cnet.com/products/view/123,cnet.com
5043.0,http://temporary.site/index.html,0,tranco,http://temporary.site/index.html,temporary.site
3240.0,http://afrinic.net/about?utm_source=newsletter&utm_medium=email,0,tranco,http://afrinic.net/about?utm_source=newsletter&utm_medium=email,afrinic.net
1013.0,http://bytefcdn.com,0,tranco,http://bytefcdn.com,bytefcdn.com
5908.0,http://www.trpcdn.net/assets/css/style.css,0,tranco,http://www.trpcdn.net/assets/css/style.css,trpcdn.net
5846.0,http://runescape.wiki/?q=test,0,tranco,http://runescape.wiki/?q=test,runescape.wiki
6295.0,http://www.bpmlt.com/assets/css/style.css?utm_source=newsletter&utm_medium=email,0,tranco,http://www.bpmlt.com/assets/css/style.css?utm_source=newsletter&utm_medium=email,bpmlt.com
3454.0,http://iterable.com,0,tranco,http://iterable.com,iterable.com
2510.0,http://powerbi.com/contact,0,tranco,http://powerbi.com/contact,powerbi.com
9027.0,http://www.sexvid.pro/products/view/123,0,tranco,http://www.sexvid.pro/products/view/123,sexvid.pro
3566.0,http://timesofisrael.com/assets/css/style.css,0,tranco,http://timesofisrael.com/assets/css/style.css,timesofisrael.com
8724.0,http://nic.live/wp-content/uploads/image.jpg,0,tranco,http://nic.live/wp-content/uploads/image.jpg,nic.live
4774.0,http://www.principal.com/search?lang=en,0,tranco,http://www.principal.com/search?lang=en,principal.com
3009.0,http://www.fortinet.com/,0,tranco,http://www.fortinet.com/,fortinet.com
2556.0,http://iheart.com/assets/css/style.css?page=2,0,tranco,http://iheart.com/assets/css/style.css?page=2,iheart.com
1336.0,http://blackberry.net/search,0,tranco,http://blackberry.net/search,blackberry.net
6948.0,http://nicematin.com,0,tranco,http://nicematin.com,nicematin.com
4374.0,http://steamconnecttest.com/search,0,tranco,http://steamconnecttest.com/search,steamconnecttest.com
5645.0,http://www.skechers.com/?action=verify&token=abcxyz123abcxyz123abcxyz123abcxyz123abcxyz123abcxyz123abcxyz123abcxyz123,0,tranco,http://www.skechers.com/?action=verify&token=abcxyz123abcxyz123abcxyz123abcxyz123abcxyz123abcxyz123abcxyz123abcxyz123,skechers.com
3228.0,http://www.amxrtb.com/assets/css/style.css?q=test,0,tranco,http://www.amxrtb.com/assets/css/style.css?q=test,amxrtb.com
5494.0,http://www.overleaf.com/about,0,tranco,http://www.overleaf.com/about,overleaf.com
498.0,http://behance.net/register,0,tranco,http://behance.net/register,behance.net
5010.0,http://txlivecdn.com/contact?action=verify&token=abcxyz123abcxyz123abcxyz123abcxyz123abcxyz123abcxyz123abcxyz123abcxyz123,0,tranco,http://txlivecdn.com/contact?action=verify&token=abcxyz123abcxyz123abcxyz123abcxyz123abcxyz123abcxyz123abcxyz123abcxyz123,txlivecdn.com
6466.0,http://webnode.com,0,tranco,http://webnode.com,webnode.com
2212.0,http://www.cookiebot.com/download?lang=en,0,tranco,http://www.cookiebot.com/download?lang=en,cookiebot.com
7561.0,http://netcraze.net,0,tranco,http://netcraze.net,netcraze.net
4984.0,http://fbi.com,0,tranco,http://fbi.com,fbi.com
1956.0,http://acronis.com/search?token=abcxyz123,0,tranco,http://acronis.com/search?token=abcxyz123,acronis.com
4748.0,http://hikvision-cctv.su,0,tranco,http://hikvision-cctv.su,hikvision-cctv.su
1885.0,http://www.tdnsstic1.cn/products/view/123,0,tranco,http://www.tdnsstic1.cn/products/view/123,tdnsstic1.cn
5409.0,http://www.dssedge.com/,0,tranco,http://www.dssedge.com/,dssedge.com
9721.0,http://livejasmin.com/about,0,tranco,http://livejasmin.com/about,livejasmin.com
515.0,http://www.blogger.com/?token=abcxyz123,0,tranco,http://www.blogger.com/?token=abcxyz123,blogger.com
3460.0,http://gotinder.com,0,tranco,http://gotinder.com,gotinder.com
2570.0,http://chinadaily.com.cn,0,tranco,http://chinadaily.com.cn,chinadaily.com.cn
4637.0,http://ebay.ca,0,tranco,http://ebay.ca,ebay.ca
6347.0,http://ku.edu,0,tranco,http://ku.edu,ku.edu
8728.0,http://www.staples.com/download?lang=en,0,tranco,http://www.staples.com/download?lang=en,staples.com
8015.0,http://allporncomic.com/,0,tranco,http://allporncomic.com/,allporncomic.com
747.0,http://homedepot.com,0,tranco,http://homedepot.com,homedepot.com
4425.0,http://ualberta.ca/contact,0,tranco,http://ualberta.ca/contact,ualberta.ca
306.0,http://www.mzstatic.com/wp-content/uploads/image.jpg,0,tranco,http://www.mzstatic.com/wp-content/uploads/image.jpg,mzstatic.com
5191.0,http://dns2.co.za/products/view/123,0,tranco,http://dns2.co.za/products/view/123,dns2.co.za
2117.0,http://beget.ru/blog/article-name-here?id=123,0,tranco,http://beget.ru/blog/article-name-here?id=123,beget.ru
3368.0,http://nzherald.co.nz,0,tranco,http://nzherald.co.nz,nzherald.co.nz
2741.0,http://www.inbake.com/blog/article-name-here?q=test,0,tranco,http://www.inbake.com/blog/article-name-here?q=test,inbake.com
5522.0,http://abc.com/assets/css/style.css,0,tranco,http://abc.com/assets/css/style.css,abc.com
7729.0,http://verticalrack.click/index.html?id=123,0,tranco,http://verticalrack.click/index.html?id=123,verticalrack.click
2524.0,http://www.traffmonetizer.com/login,0,tranco,http://www.traffmonetizer.com/login,traffmonetizer.com
5091.0,http://www.hyprmx.com/wp-content/uploads/image.jpg,0,tranco,http://www.hyprmx.com/wp-content/uploads/image.jpg,hyprmx.com
9819.0,http://www.redlights.be/blog/article-name-here,0,tranco,http://www.redlights.be/blog/article-name-here,redlights.be
9240.0,http://www.bokeptoket.com/api/v1/users,0,tranco,http://www.bokeptoket.com/api/v1/users,bokeptoket.com
3786.0,http://bsgslb.cn/login,0,tranco,http://bsgslb.cn/login,bsgslb.cn
1001.0,http://tesla.com/contact,0,tranco,http://tesla.com/contact,tesla.com
6954.0,http://www.ajc.com/search?lang=en,0,tranco,http://www.ajc.com/search?lang=en,ajc.com
2589.0,http://csdn.net/download,0,tranco,http://csdn.net/download,csdn.net
7820.0,http://www.elbalad.news/download,0,tranco,http://www.elbalad.news/download,elbalad.news
4417.0,http://carrd.co/about,0,tranco,http://carrd.co/about,carrd.co
559.0,http://www.noaa.gov/products/view/123,0,tranco,http://www.noaa.gov/products/view/123,noaa.gov
7394.0,http://fut.gg/login,0,tranco,http://fut.gg/login,fut.gg
3312.0,http://uk.net/assets/css/style.css,0,tranco,http://uk.net/assets/css/style.css,uk.net
2660.0,http://spb.ru,0,tranco,http://spb.ru,spb.ru
1482.0,http://testbook.com/search?q=test,0,tranco,http://testbook.com/search?q=test,testbook.com
6582.0,http://costco.ca/login?action=verify&token=abcxyz123abcxyz123abcxyz123abcxyz123abcxyz123abcxyz123abcxyz123abcxyz123,0,tranco,http://costco.ca/login?action=verify&token=abcxyz123abcxyz123abcxyz123abcxyz123abcxyz123abcxyz123abcxyz123abcxyz123,costco.ca
9415.0,http://gfpxw.com/products/view/123?utm_source=newsletter&utm_medium=email,0,tranco,http://gfpxw.com/products/view/123?utm_source=newsletter&utm_medium=email,gfpxw.com
415.0,http://beian.gov.cn/about?utm_source=newsletter&utm_medium=email,0,tranco,http://beian.gov.cn/about?utm_source=newsletter&utm_medium=email,beian.gov.cn
632.0,http://www.britannica.com/search,0,tranco,http://www.britannica.com/search,britannica.com
7485.0,http://fgov.be/blog/article-name-here,0,tranco,http://fgov.be/blog/article-name-here,fgov.be
3071.0,http://www.albumaty.com/assets/css/style.css?page=2,0,tranco,http://www.albumaty.com/assets/css/style.css?page=2,albumaty.com
2058.0,http://rspamd.com,0,tranco,http://rspamd.com,rspamd.com
1488.0,http://www.cmoa.jp/products/view/123,0,tranco,http://www.cmoa.jp/products/view/123,cmoa.jp
454.0,http://speedtest.net,0,tranco,http://speedtest.net,speedtest.net
2956.0,http://ucsb.edu/products/view/123?utm_source=newsletter&utm_medium=email,0,tranco,http://ucsb.edu/products/view/123?utm_source=newsletter&utm_medium=email,ucsb.edu
7006.0,http://www.html-load.cc/wp-content/uploads/image.jpg,0,tranco,http://www.html-load.cc/wp-content/uploads/image.jpg,html-load.cc
5020.0,http://www.goguardian.com/index.html?utm_source=newsletter&utm_medium=email,0,tranco,http://www.goguardian.com/index.html?utm_source=newsletter&utm_medium=email,goguardian.com
1396.0,http://www.syosetu.com/assets/css/style.css?lang=en,0,tranco,http://www.syosetu.com/assets/css/style.css?lang=en,syosetu.com
264.0,http://www.ibm.com/blog/article-name-here?token=abcxyz123,0,tranco,http://www.ibm.com/blog/article-name-here?token=abcxyz123,ibm.com
8037.0,http://www.zerohedge.com/about?id=123,0,tranco,http://www.zerohedge.com/about?id=123,zerohedge.com
9399.0,http://brawlstarsgame.com,0,tranco,http://brawlstarsgame.com,brawlstarsgame.com
8625.0,http://skyscanner.es/about?token=abcxyz123,0,tranco,http://skyscanner.es/about?token=abcxyz123,skyscanner.es
4683.0,http://sicredi.com.br/api/v1/users,0,tranco,http://sicredi.com.br/api/v1/users,sicredi.com.br
5600.0,http://smashingmagazine.com,0,tranco,http://smashingmagazine.com,smashingmagazine.com
2770.0,http://www.suno.com/register,0,tranco,http://www.suno.com/register,suno.com
5017.0,http://appdome.com,0,tranco,http://appdome.com,appdome.com
8591.0,http://bcv.org.ve/products/view/123,0,tranco,http://bcv.org.ve/products/view/123,bcv.org.ve
1068.0,http://www.trendyol.com/assets/css/style.css,0,tranco,http://www.trendyol.com/assets/css/style.css,trendyol.com
8077.0,http://therapynotes.com,0,tranco,http://therapynotes.com,therapynotes.com
2933.0,http://thawte.com/login,0,tranco,http://thawte.com/login,thawte.com
9780.0,http://www.shcilestamp.com/about?page=2,0,tranco,http://www.shcilestamp.com/about?page=2,shcilestamp.com
4459.0,http://talkie-ai.com,0,tranco,http://talkie-ai.com,talkie-ai.com
2602.0,http://namefind.com/download,0,tranco,http://namefind.com/download,namefind.com
3941.0,http://www.githubcopilot.com/contact?id=123,0,tranco,http://www.githubcopilot.com/contact?id=123,githubcopilot.com
2601.0,http://semasio.net/,0,tranco,http://semasio.net/,semasio.net
3459.0,http://www.telstra.net/register?page=2,0,tranco,http://www.telstra.net/register?page=2,telstra.net
2350.0,http://ioam.de,0,tranco,http://ioam.de,ioam.de
4862.0,http://mobalytics.gg,0,tranco,http://mobalytics.gg,mobalytics.gg
1309.0,http://redtube.com/api/v1/users,0,tranco,http://redtube.com/api/v1/users,redtube.com
2726.0,http://hisavana.com,0,tranco,http://hisavana.com,hisavana.com
3543.0,http://www.digital.com/register?page=2,0,tranco,http://www.digital.com/register?page=2,digital.com
4914.0,http://www.astrumu.io/assets/css/style.css?action=verify&token=abcxyz123abcxyz123abcxyz123abcxyz123abcxyz123abcxyz123abcxyz123abcxyz123,0,tranco,http://www.astrumu.io/assets/css/style.css?action=verify&token=abcxyz123abcxyz123abcxyz123abcxyz123abcxyz123abcxyz123abcxyz123abcxyz123,astrumu.io
2814.0,http://www.army.mil/register?lang=en,0,tranco,http://www.army.mil/register?lang=en,army.mil
5118.0,http://phpmyadmin.net/assets/css/style.css,0,tranco,http://phpmyadmin.net/assets/css/style.css,phpmyadmin.net
7657.0,http://www.instapaper.com/products/view/123,0,tranco,http://www.instapaper.com/products/view/123,instapaper.com
3049.0,http://www.synology.me/search,0,tranco,http://www.synology.me/search,synology.me
3172.0,http://dol.gov/index.html?lang=en,0,tranco,http://dol.gov/index.html?lang=en,dol.gov
7432.0,http://www.nouvelobs.com/download,0,tranco,http://www.nouvelobs.com/download,nouvelobs.com
8766.0,http://usvisascheduling.com/about?id=123,0,tranco,http://usvisascheduling.com/about?id=123,usvisascheduling.com
9812.0,http://www.fngml.com/search?q=test,0,tranco,http://www.fngml.com/search?q=test,fngml.com
5084.0,http://island.io/login,0,tranco,http://island.io/login,island.io
932.0,http://www.webmd.com/download?page=2,0,tranco,http://www.webmd.com/download?page=2,webmd.com
4071.0,http://wufoo.com/register?q=test,0,tranco,http://wufoo.com/register?q=test,wufoo.com
8410.0,http://www.peakgames.net/blog/article-name-here?action=verify&token=abcxyz123abcxyz123abcxyz123abcxyz123abcxyz123abcxyz123abcxyz123abcxyz123,0,tranco,http://www.peakgames.net/blog/article-name-here?action=verify&token=abcxyz123abcxyz123abcxyz123abcxyz123abcxyz123abcxyz123abcxyz123abcxyz123,peakgames.net
2788.0,http://trip.com,0,tranco,http://trip.com,trip.com
8940.0,http://awsdns-36.co.uk,0,tranco,http://awsdns-36.co.uk,awsdns-36.co.uk
6175.0,http://www.supremecourt.gov/assets/css/style.css,0,tranco,http://www.supremecourt.gov/assets/css/style.css,supremecourt.gov
6035.0,http://opaque.net/index.html?action=verify&token=abcxyz123abcxyz123abcxyz123abcxyz123abcxyz123abcxyz123abcxyz123abcxyz123,0,tranco,http://opaque.net/index.html?action=verify&token=abcxyz123abcxyz123abcxyz123abcxyz123abcxyz123abcxyz123abcxyz123abcxyz123,opaque.net
8793.0,http://vinted.es/download,0,tranco,http://vinted.es/download,vinted.es
5475.0,http://www.clover.com/contact?id=123,0,tranco,http://www.clover.com/contact?id=123,clover.com
7165.0,http://www.worldatlas.com/assets/css/style.css?id=123,0,tranco,http://www.worldatlas.com/assets/css/style.css?id=123,worldatlas.com
2690.0,http://cloudapp.net,0,tranco,http://cloudapp.net,cloudapp.net
3357.0,http://www.isc.org/login?id=123,0,tranco,http://www.isc.org/login?id=123,isc.org
1149.0,http://www.letsencrypt.org/,0,tranco,http://www.letsencrypt.org/,letsencrypt.org
1863.0,http://sinaedge.com/api/v1/users?q=test,0,tranco,http://sinaedge.com/api/v1/users?q=test,sinaedge.com
4336.0,http://www.nfl.com/assets/css/style.css?id=123,0,tranco,http://www.nfl.com/assets/css/style.css?id=123,nfl.com
1964.0,http://telegra.ph/api/v1/users?q=test,0,tranco,http://telegra.ph/api/v1/users?q=test,telegra.ph
4467.0,http://aepd.es/login?redirect_url=https%3A%2F%2Fexample.com%2Fdashboard&session_id=abcdef1234567890abcdef1234567890,0,tranco,http://aepd.es/login?redirect_url=https://example.com/dashboard&session_id=abcdef1234567890abcdef1234567890,aepd.es
,https://fiverr992090.digiblogbox.com/,1,openphish,https://fiverr992090.digiblogbox.com/,digiblogbox.com
8666.0,http://nodacdn.net/products/view/123?page=2,0,tranco,http://nodacdn.net/products/view/123?page=2,nodacdn.net
9301.0,http://rozmusic.com/about?action=verify&token=abcxyz123abcxyz123abcxyz123abcxyz123abcxyz123abcxyz123abcxyz123abcxyz123,0,tranco,http://rozmusic.com/about?action=verify&token=abcxyz123abcxyz123abcxyz123abcxyz123abcxyz123abcxyz123abcxyz123abcxyz123,rozmusic.com
2242.0,http://mioffice.cn/blog/article-name-here,0,tranco,http://mioffice.cn/blog/article-name-here,mioffice.cn
8347.0,http://bcdnx.com/download,0,tranco,http://bcdnx.com/download,bcdnx.com
3874.0,http://unam.mx/blog/article-name-here?redirect_url=https%3A%2F%2Fexample.com%2Fdashboard&session_id=abcdef1234567890abcdef1234567890,0,tranco,http://unam.mx/blog/article-name-here?redirect_url=https://example.com/dashboard&session_id=abcdef1234567890abcdef1234567890,unam.mx
3024.0,http://www.tesla.services/assets/css/style.css,0,tranco,http://www.tesla.services/assets/css/style.css,tesla.services
4110.0,http://hiyaapi.com,0,tranco,http://hiyaapi.com,hiyaapi.com
495.0,http://www.beyondwickedmapping.org/register?page=2,0,tranco,http://www.beyondwickedmapping.org/register?page=2,beyondwickedmapping.org
9587.0,http://zeffy.com,0,tranco,http://zeffy.com,zeffy.com
6128.0,http://www.huaweicloudwaf.com/download,0,tranco,http://www.huaweicloudwaf.com/download,huaweicloudwaf.com
1277.0,http://sapo.pt/wp-content/uploads/image.jpg,0,tranco,http://sapo.pt/wp-content/uploads/image.jpg,sapo.pt
1061.0,http://as.com/register,0,tranco,http://as.com/register,as.com
4097.0,http://www.amazon.pl/index.html,0,tranco,http://www.amazon.pl/index.html,amazon.pl
2957.0,http://cpi.ad.jp,0,tranco,http://cpi.ad.jp,cpi.ad.jp
195.0,http://creativecommons.org,0,tranco,http://creativecommons.org,creativecommons.org
2808.0,http://www.incometax.gov.in/download,0,tranco,http://www.incometax.gov.in/download,incometax.gov.in
8812.0,http://case.edu,0,tranco,http://case.edu,case.edu
,https://13a4f8.icefactory.cl/,1,openphish,https://13a4f8.icefactory.cl/,icefactory.cl
8462.0,http://www.railyatri.in/assets/css/style.css,0,tranco,http://www.railyatri.in/assets/css/style.css,railyatri.in
3573.0,http://www.ix.ru/products/view/123,0,tranco,http://www.ix.ru/products/view/123,ix.ru
8109.0,http://stitcher.com/,0,tranco,http://stitcher.com/,stitcher.com
1093.0,http://typeform.com,0,tranco,http://typeform.com,typeform.com
8427.0,http://newsit.gr,0,tranco,http://newsit.gr,newsit.gr
4893.0,http://www.hostgator.mx/products/view/123,0,tranco,http://www.hostgator.mx/products/view/123,hostgator.mx
9359.0,http://amazoncognito.com/api/v1/users,0,tranco,http://amazoncognito.com/api/v1/users,amazoncognito.com
4096.0,http://www.bayern.de/about,0,tranco,http://www.bayern.de/about,bayern.de
5669.0,http://matomo.cloud/api/v1/users?page=2,0,tranco,http://matomo.cloud/api/v1/users?page=2,matomo.cloud
887.0,http://www.t-s1-msedge.net/about,0,tranco,http://www.t-s1-msedge.net/about,t-s1-msedge.net
2450.0,http://afraid.org/wp-content/uploads/image.jpg,0,tranco,http://afraid.org/wp-content/uploads/image.jpg,afraid.org
90.0,http://www.qq.com/assets/css/style.css,0,tranco,http://www.qq.com/assets/css/style.css,qq.com
4543.0,http://uni-heidelberg.de/contact,0,tranco,http://uni-heidelberg.de/contact,uni-heidelberg.de
9283.0,http://apartmenttherapy.com/contact,0,tranco,http://apartmenttherapy.com/contact,apartmenttherapy.com
94.0,http://www.mozilla.org/api/v1/users,0,tranco,http://www.mozilla.org/api/v1/users,mozilla.org
560.0,http://palmplaystore.com/index.html?redirect_url=https%3A%2F%2Fexample.com%2Fdashboard&session_id=abcdef1234567890abcdef1234567890,0,tranco,http://palmplaystore.com/index.html?redirect_url=https://example.com/dashboard&session_id=abcdef1234567890abcdef1234567890,palmplaystore.com
4860.0,http://dolynkcloud.com/login,0,tranco,http://dolynkcloud.com/login,dolynkcloud.com
8798.0,http://www.fau.de/index.html,0,tranco,http://www.fau.de/index.html,fau.de
581.0,http://dreamhost.com/?q=test,0,tranco,http://dreamhost.com/?q=test,dreamhost.com
1568.0,http://imgsrc.ru/,0,tranco,http://imgsrc.ru/,imgsrc.ru
8956.0,http://www.prehrajto.cz/index.html,0,tranco,http://www.prehrajto.cz/index.html,prehrajto.cz
6719.0,http://playdigo.com,0,tranco,http://playdigo.com,playdigo.com
6245.0,http://raiplay.it,0,tranco,http://raiplay.it,raiplay.it
212.0,http://www.comcast.net/login,0,tranco,http://www.comcast.net/login,comcast.net
6759.0,http://www.degruyterbrill.com/contact,0,tranco,http://www.degruyterbrill.com/contact,degruyterbrill.com
6118.0,http://anteldata.com.uy/wp-content/uploads/image.jpg?redirect_url=https%3A%2F%2Fexample.com%2Fdashboard&session_id=abcdef1234567890abcdef1234567890,0,tranco,http://anteldata.com.uy/wp-content/uploads/image.jpg?redirect_url=https://example.com/dashboard&session_id=abcdef1234567890abcdef1234567890,anteldata.com.uy
8612.0,http://amazon.jobs/assets/css/style.css?lang=en,0,tranco,http://amazon.jobs/assets/css/style.css?lang=en,amazon.jobs
3266.0,http://cygwin.com,0,tranco,http://cygwin.com,cygwin.com
9457.0,http://www.google.pn/?id=123,0,tranco,http://www.google.pn/?id=123,google.pn
9324.0,http://amebaownd.com,0,tranco,http://amebaownd.com,amebaownd.com
2880.0,http://www.sueddeutsche.de/wp-content/uploads/image.jpg?ref=twitter,0,tranco,http://www.sueddeutsche.de/wp-content/uploads/image.jpg?ref=twitter,sueddeutsche.de
9142.0,http://autogidas.lt,0,tranco,http://autogidas.lt,autogidas.lt
832.0,http://mybluehost.me/,0,tranco,http://mybluehost.me/,mybluehost.me
9429.0,http://thescore.com,0,tranco,http://thescore.com,thescore.com
6999.0,http://www.jfrog.io/about?lang=en,0,tranco,http://www.jfrog.io/about?lang=en,jfrog.io
7625.0,http://bigbadtoystore.com/,0,tranco,http://bigbadtoystore.com/,bigbadtoystore.com
3165.0,http://vinted.com/api/v1/users,0,tranco,http://vinted.com/api/v1/users,vinted.com
9254.0,http://www.finalfantasyxiv.com/download?action=verify&token=abcxyz123abcxyz123abcxyz123abcxyz123abcxyz123abcxyz123abcxyz123abcxyz123,0,tranco,http://www.finalfantasyxiv.com/download?action=verify&token=abcxyz123abcxyz123abcxyz123abcxyz123abcxyz123abcxyz123abcxyz123abcxyz123,finalfantasyxiv.com
1986.0,http://truste.com/products/view/123?utm_source=newsletter&utm_medium=email,0,tranco,http://truste.com/products/view/123?utm_source=newsletter&utm_medium=email,truste.com
4370.0,http://hubspotusercontent-na1.net/login,0,tranco,http://hubspotusercontent-na1.net/login,hubspotusercontent-na1.net
9815.0,http://officestation.jp/assets/css/style.css?redirect_url=https%3A%2F%2Fexample.com%2Fdashboard&session_id=abcdef1234567890abcdef1234567890,0,tranco,http://officestation.jp/assets/css/style.css?redirect_url=https://example.com/dashboard&session_id=abcdef1234567890abcdef1234567890,officestation.jp
4489.0,http://vk-portal.net,0,tranco,http://vk-portal.net,vk-portal.net
6372.0,http://www.awsdns-10.net/download,0,tranco,http://www.awsdns-10.net/download,awsdns-10.net
6170.0,http://www.abplive.com/login,0,tranco,http://www.abplive.com/login,abplive.com
7219.0,http://miraheze.org/contact?ref=twitter,0,tranco,http://miraheze.org/contact?ref=twitter,miraheze.org
568.0,http://www.rakuten.co.jp/,0,tranco,http://www.rakuten.co.jp/,rakuten.co.jp
764.0,http://nikkei.com,0,tranco,http://nikkei.com,nikkei.com
4111.0,http://okko.tv/register?token=abcxyz123,0,tranco,http://okko.tv/register?token=abcxyz123,okko.tv
9235.0,http://www.chochox.com/download,0,tranco,http://www.chochox.com/download,chochox.com
6905.0,http://anuytzc.xyz/login,0,tranco,http://anuytzc.xyz/login,anuytzc.xyz
421.0,http://taobao.com,0,tranco,http://taobao.com,taobao.com
3635.0,http://wzb.eu/download,0,tranco,http://wzb.eu/download,wzb.eu
176.0,http://www.mts.ru/api/v1/users,0,tranco,http://www.mts.ru/api/v1/users,mts.ru
8715.0,http://notvpn.io/register?utm_source=newsletter&utm_medium=email,0,tranco,http://notvpn.io/register?utm_source=newsletter&utm_medium=email,notvpn.io
936.0,http://www.internetwarriors.net/products/view/123?token=abcxyz123,0,tranco,http://www.internetwarriors.net/products/view/123?token=abcxyz123,internetwarriors.net
284.0,http://www.mozilla.com/wp-content/uploads/image.jpg,0,tranco,http://www.mozilla.com/wp-content/uploads/image.jpg,mozilla.com
105.0,http://reddit.com,0,tranco,http://reddit.com,reddit.com
4283.0,http://shopee.sg,0,tranco,http://shopee.sg,shopee.sg
9242.0,http://zonatmo.org/blog/article-name-here?lang=en,0,tranco,http://zonatmo.org/blog/article-name-here?lang=en,zonatmo.org
5173.0,http://www.pathofexile.com/assets/css/style.css,0,tranco,http://www.pathofexile.com/assets/css/style.css,pathofexile.com
5188.0,http://ijg.org,0,tranco,http://ijg.org,ijg.org
5432.0,http://bvfcdn.com/?utm_source=newsletter&utm_medium=email,0,tranco,http://bvfcdn.com/?utm_source=newsletter&utm_medium=email,bvfcdn.com
8804.0,http://gwdg.de/api/v1/users,0,tranco,http://gwdg.de/api/v1/users,gwdg.de
2666.0,http://www.bcvcdn.com/index.html?q=test,0,tranco,http://www.bcvcdn.com/index.html?q=test,bcvcdn.com
1651.0,http://www.betano.pe/wp-content/uploads/image.jpg,0,tranco,http://www.betano.pe/wp-content/uploads/image.jpg,betano.pe
2313.0,http://sharepointonline.com,0,tranco,http://sharepointonline.com,sharepointonline.com
3144.0,http://www.userway.org/wp-content/uploads/image.jpg,0,tranco,http://www.userway.org/wp-content/uploads/image.jpg,userway.org
359.0,http://www.dotaplabs.net/register?id=123,0,tranco,http://www.dotaplabs.net/register?id=123,dotaplabs.net
9886.0,http://betswiz.in/?redirect_url=https%3A%2F%2Fexample.com%2Fdashboard&session_id=abcdef1234567890abcdef1234567890,0,tranco,http://betswiz.in/?redirect_url=https://example.com/dashboard&session_id=abcdef1234567890abcdef1234567890,betswiz.in
5462.0,http://siol.net/index.html,0,tranco,http://siol.net/index.html,siol.net
652.0,http://imgur.com/api/v1/users,0,tranco,http://imgur.com/api/v1/users,imgur.com
8151.0,http://www.linkplay.com/contact,0,tranco,http://www.linkplay.com/contact,linkplay.com
4569.0,http://independent.ie/wp-content/uploads/image.jpg,0,tranco,http://independent.ie/wp-content/uploads/image.jpg,independent.ie
5561.0,http://www.hypernode.io/login?redirect_url=https%3A%2F%2Fexample.com%2Fdashboard&session_id=abcdef1234567890abcdef1234567890,0,tranco,http://www.hypernode.io/login?redirect_url=https://example.com/dashboard&session_id=abcdef1234567890abcdef1234567890,hypernode.io
9961.0,http://topgirl.co,0,tranco,http://topgirl.co,topgirl.co
3073.0,http://www.allstate.com/contact,0,tranco,http://www.allstate.com/contact,allstate.com
,http://39df72.icefactory.cl/,1,openphish,http://39df72.icefactory.cl/,icefactory.cl
917.0,http://coupang.com/wp-content/uploads/image.jpg,0,tranco,http://coupang.com/wp-content/uploads/image.jpg,coupang.com
2373.0,http://www.nejm.org/wp-content/uploads/image.jpg,0,tranco,http://www.nejm.org/wp-content/uploads/image.jpg,nejm.org
9203.0,http://choicehotels.com/,0,tranco,http://choicehotels.com/,choicehotels.com
9804.0,http://www.porno18.site/download,0,tranco,http://www.porno18.site/download,porno18.site
900.0,http://www.readthedocs.io/assets/css/style.css,0,tranco,http://www.readthedocs.io/assets/css/style.css,readthedocs.io
4250.0,http://adtarget.biz/index.html?ref=twitter,0,tranco,http://adtarget.biz/index.html?ref=twitter,adtarget.biz
861.0,http://disqus.com/products/view/123,0,tranco,http://disqus.com/products/view/123,disqus.com
629.0,http://www.techcrunch.com/assets/css/style.css?q=test,0,tranco,http://www.techcrunch.com/assets/css/style.css?q=test,techcrunch.com
7930.0,http://www.immoweb.be/login?page=2,0,tranco,http://www.immoweb.be/login?page=2,immoweb.be
122.0,http://www.afternic.com/?utm_source=newsletter&utm_medium=email,0,tranco,http://www.afternic.com/?utm_source=newsletter&utm_medium=email,afternic.com
1723.0,http://lectormangass.net/products/view/123?q=test,0,tranco,http://lectormangass.net/products/view/123?q=test,lectormangass.net
9872.0,http://jdwel.com/?q=test,0,tranco,http://jdwel.com/?q=test,jdwel.com
5399.0,http://sleepycat.com/search,0,tranco,http://sleepycat.com/search,sleepycat.com
6950.0,http://pornoxo.com,0,tranco,http://pornoxo.com,pornoxo.com
4640.0,http://ov1o.com/login?redirect_url=https%3A%2F%2Fexample.com%2Fdashboard&session_id=abcdef1234567890abcdef1234567890,0,tranco,http://ov1o.com/login?redirect_url=https://example.com/dashboard&session_id=abcdef1234567890abcdef1234567890,ov1o.com
2064.0,http://123tt.ru,0,tranco,http://123tt.ru,123tt.ru
1194.0,http://www.rule34.xxx/register?token=abcxyz123,0,tranco,http://www.rule34.xxx/register?token=abcxyz123,rule34.xxx
9454.0,http://uzbmb.uz/login,0,tranco,http://uzbmb.uz/login,uzbmb.uz
7479.0,http://mgaru.dev/products/view/123?lang=en,0,tranco,http://mgaru.dev/products/view/123?lang=en,mgaru.dev
6862.0,http://catchthemes.com/blog/article-name-here,0,tranco,http://catchthemes.com/blog/article-name-here,catchthemes.com
7280.0,http://www.pixad.com.tr/products/view/123,0,tranco,http://www.pixad.com.tr/products/view/123,pixad.com.tr
4160.0,http://mynavi.jp,0,tranco,http://mynavi.jp,mynavi.jp
5913.0,http://hk01.com,0,tranco,http://hk01.com,hk01.com
3020.0,http://hakunaymatata.com/api/v1/users,0,tranco,http://hakunaymatata.com/api/v1/users,hakunaymatata.com
7876.0,http://kurashiru.com,0,tranco,http://kurashiru.com,kurashiru.com
8211.0,http://psiphon.ca/about,0,tranco,http://psiphon.ca/about,psiphon.ca
1604.0,http://letras.mus.br,0,tranco,http://letras.mus.br,letras.mus.br
5.0,http://microsoft.com/api/v1/users?redirect_url=https%3A%2F%2Fexample.com%2Fdashboard&session_id=abcdef1234567890abcdef1234567890,0,tranco,http://microsoft.com/api/v1/users?redirect_url=https://example.com/dashboard&session_id=abcdef1234567890abcdef1234567890,microsoft.com
3040.0,http://robinhood.com/about,0,tranco,http://robinhood.com/about,robinhood.com
3482.0,http://tencentclb.com,0,tranco,http://tencentclb.com,tencentclb.com
185.0,http://w3.org/about?utm_source=newsletter&utm_medium=email,0,tranco,http://w3.org/about?utm_source=newsletter&utm_medium=email,w3.org
6910.0,http://www.xataka.com/login,0,tranco,http://www.xataka.com/login,xataka.com
194.0,http://www.vungle.com/wp-content/uploads/image.jpg,0,tranco,http://www.vungle.com/wp-content/uploads/image.jpg,vungle.com
7315.0,http://www.natrohost.com/blog/article-name-here?token=abcxyz123,0,tranco,http://www.natrohost.com/blog/article-name-here?token=abcxyz123,natrohost.com
781.0,http://lenovo.com,0,tranco,http://lenovo.com,lenovo.com
8166.0,http://www.x-video.tube/api/v1/users,0,tranco,http://www.x-video.tube/api/v1/users,x-video.tube
4665.0,http://anticheatexpert.com/products/view/123,0,tranco,http://anticheatexpert.com/products/view/123,anticheatexpert.com
9451.0,http://melody98.ir/login,0,tranco,http://melody98.ir/login,melody98.ir
8726.0,http://twister.porn/download?id=123,0,tranco,http://twister.porn/download?id=123,twister.porn
1802.0,http://douyin.com/download,0,tranco,http://douyin.com/download,douyin.com
4155.0,http://www.uc.cn/api/v1/users?id=123,0,tranco,http://www.uc.cn/api/v1/users?id=123,uc.cn
7492.0,http://www.bbva.mx/register?lang=en,0,tranco,http://www.bbva.mx/register?lang=en,bbva.mx
8853.0,http://nykaafashion.com/download?q=test,0,tranco,http://nykaafashion.com/download?q=test,nykaafashion.com
8048.0,http://www.pisos.com/?token=abcxyz123,0,tranco,http://www.pisos.com/?token=abcxyz123,pisos.com
9825.0,http://www.alpha-hen.com/wp-content/uploads/image.jpg?q=test,0,tranco,http://www.alpha-hen.com/wp-content/uploads/image.jpg?q=test,alpha-hen.com
6104.0,http://digikey.com,0,tranco,http://digikey.com,digikey.com
2005.0,http://www.flightradar24.com/api/v1/users,0,tranco,http://www.flightradar24.com/api/v1/users,flightradar24.com
8571.0,http://www.sportsdirect.com/assets/css/style.css,0,tranco,http://www.sportsdirect.com/assets/css/style.css,sportsdirect.com
5920.0,http://prudential.com/wp-content/uploads/image.jpg,0,tranco,http://prudential.com/wp-content/uploads/image.jpg,prudential.com
9978.0,http://www.zaiim.com/login,0,tranco,http://www.zaiim.com/login,zaiim.com
8091.0,http://www.servicenow.com/wp-content/uploads/image.jpg?utm_source=newsletter&utm_medium=email,0,tranco,http://www.servicenow.com/wp-content/uploads/image.jpg?utm_source=newsletter&utm_medium=email,servicenow.com
,http://3966b7.icefactory.cl/,1,openphish,http://3966b7.icefactory.cl/,icefactory.cl
50.0,http://goo.gl/register?ref=twitter,0,tranco,http://goo.gl/register?ref=twitter,goo.gl
640.0,http://braze.com/search,0,tranco,http://braze.com/search,braze.com
4957.0,http://www.mayzaent.com/assets/css/style.css,0,tranco,http://www.mayzaent.com/assets/css/style.css,mayzaent.com
372.0,http://cookiedatabase.org/api/v1/users?action=verify&token=abcxyz123abcxyz123abcxyz123abcxyz123abcxyz123abcxyz123abcxyz123abcxyz123,0,tranco,http://cookiedatabase.org/api/v1/users?action=verify&token=abcxyz123abcxyz123abcxyz123abcxyz123abcxyz123abcxyz123abcxyz123abcxyz123,cookiedatabase.org
6168.0,http://www.cdnhwc6.cn/contact,0,tranco,http://www.cdnhwc6.cn/contact,cdnhwc6.cn
7830.0,http://www.attentivemobile.com/register,0,tranco,http://www.attentivemobile.com/register,attentivemobile.com
7935.0,http://clouddatahub.net,0,tranco,http://clouddatahub.net,clouddatahub.net
9966.0,http://kanamic.net/search,0,tranco,http://kanamic.net/search,kanamic.net
6913.0,http://qiita.com,0,tranco,http://qiita.com,qiita.com
2757.0,http://rackspace.net/search?redirect_url=https%3A%2F%2Fexample.com%2Fdashboard&session_id=abcdef1234567890abcdef1234567890,0,tranco,http://rackspace.net/search?redirect_url=https://example.com/dashboard&session_id=abcdef1234567890abcdef1234567890,rackspace.net
1448.0,http://immobiliare.it,0,tranco,http://immobiliare.it,immobiliare.it
4574.0,http://www.paycomonline.net/login,0,tranco,http://www.paycomonline.net/login,paycomonline.net
9731.0,http://www.kemensos.go.id/contact?page=2,0,tranco,http://www.kemensos.go.id/contact?page=2,kemensos.go.id
8305.0,http://oanda.com/wp-content/uploads/image.jpg?q=test,0,tranco,http://oanda.com/wp-content/uploads/image.jpg?q=test,oanda.com
8608.0,http://hello.porn/download,0,tranco,http://hello.porn/download,hello.porn
4839.0,http://mercadopago.com.br/contact?q=test,0,tranco,http://mercadopago.com.br/contact?q=test,mercadopago.com.br
834.0,http://lefigaro.fr,0,tranco,http://lefigaro.fr,lefigaro.fr
3345.0,http://www.telekom.de/assets/css/style.css?page=2,0,tranco,http://www.telekom.de/assets/css/style.css?page=2,telekom.de
5868.0,http://www.meti.go.jp/wp-content/uploads/image.jpg?id=123,0,tranco,http://www.meti.go.jp/wp-content/uploads/image.jpg?id=123,meti.go.jp
6520.0,http://www.birkenstock.com/contact,0,tranco,http://www.birkenstock.com/contact,birkenstock.com
4821.0,http://walmart.ca,0,tranco,http://walmart.ca,walmart.ca
9494.0,http://marketsandmarkets.com,0,tranco,http://marketsandmarkets.com,marketsandmarkets.com
1513.0,http://www.your-server.de/download,0,tranco,http://www.your-server.de/download,your-server.de
7456.0,http://www.google.lt/assets/css/style.css?utm_source=newsletter&utm_medium=email,0,tranco,http://www.google.lt/assets/css/style.css?utm_source=newsletter&utm_medium=email,google.lt
4818.0,http://google.com.gh/login,0,tranco,http://google.com.gh/login,google.com.gh
7033.0,http://ngrok.com/api/v1/users?id=123,0,tranco,http://ngrok.com/api/v1/users?id=123,ngrok.com
,http://coinbase.com.app-en.us/,1,openphish,http://coinbase.com.app-en.us/,app-en.us
9099.0,http://zone-turf.fr/download?token=abcxyz123,0,tranco,http://zone-turf.fr/download?token=abcxyz123,zone-turf.fr
4705.0,http://www.turnitin.com/search?redirect_url=https%3A%2F%2Fexample.com%2Fdashboard&session_id=abcdef1234567890abcdef1234567890,0,tranco,http://www.turnitin.com/search?redirect_url=https://example.com/dashboard&session_id=abcdef1234567890abcdef1234567890,turnitin.com
9023.0,http://dopa.go.th/products/view/123,0,tranco,http://dopa.go.th/products/view/123,dopa.go.th
8296.0,http://www.mandmdirect.com/products/view/123?page=2,0,tranco,http://www.mandmdirect.com/products/view/123?page=2,mandmdirect.com
2375.0,http://mastiraja.com/contact?q=test,0,tranco,http://mastiraja.com/contact?q=test,mastiraja.com
5104.0,http://akasripcn.net/wp-content/uploads/image.jpg?q=test,0,tranco,http://akasripcn.net/wp-content/uploads/image.jpg?q=test,akasripcn.net
7954.0,http://homeadvisor.com/wp-content/uploads/image.jpg,0,tranco,http://homeadvisor.com/wp-content/uploads/image.jpg,homeadvisor.com
5546.0,http://www.wyndhamhotels.com/download,0,tranco,http://www.wyndhamhotels.com/download,wyndhamhotels.com
3794.0,http://www.dns.ne.jp/register?ref=twitter,0,tranco,http://www.dns.ne.jp/register?ref=twitter,dns.ne.jp
4432.0,http://www.defense.gov/download?redirect_url=https%3A%2F%2Fexample.com%2Fdashboard&session_id=abcdef1234567890abcdef1234567890,0,tranco,http://www.defense.gov/download?redirect_url=https://example.com/dashboard&session_id=abcdef1234567890abcdef1234567890,defense.gov
4738.0,http://ow.ly/index.html?utm_source=newsletter&utm_medium=email,0,tranco,http://ow.ly/index.html?utm_source=newsletter&utm_medium=email,ow.ly
3143.0,http://chase.com/blog/article-name-here,0,tranco,http://chase.com/blog/article-name-here,chase.com
6839.0,http://www.alberta.ca/?lang=en,0,tranco,http://www.alberta.ca/?lang=en,alberta.ca
4509.0,http://china.com.cn,0,tranco,http://china.com.cn,china.com.cn
98.0,http://www.wordpress.com/wp-content/uploads/image.jpg,0,tranco,http://www.wordpress.com/wp-content/uploads/image.jpg,wordpress.com
5392.0,http://lilly.com/api/v1/users?page=2,0,tranco,http://lilly.com/api/v1/users?page=2,lilly.com
2983.0,http://mgts.ru/blog/article-name-here?redirect_url=https%3A%2F%2Fexample.com%2Fdashboard&session_id=abcdef1234567890abcdef1234567890,0,tranco,http://mgts.ru/blog/article-name-here?redirect_url=https://example.com/dashboard&session_id=abcdef1234567890abcdef1234567890,mgts.ru
3030.0,http://www.argotunnel.com/assets/css/style.css,0,tranco,http://www.argotunnel.com/assets/css/style.css,argotunnel.com
2232.0,http://www.shorturl.at/contact?redirect_url=https%3A%2F%2Fexample.com%2Fdashboard&session_id=abcdef1234567890abcdef1234567890,0,tranco,http://www.shorturl.at/contact?redirect_url=https://example.com/dashboard&session_id=abcdef1234567890abcdef1234567890,shorturl.at
6575.0,http://farsnews.ir/contact?ref=twitter,0,tranco,http://farsnews.ir/contact?ref=twitter,farsnews.ir
1438.0,http://www.uci.edu/api/v1/users?id=123,0,tranco,http://www.uci.edu/api/v1/users?id=123,uci.edu
651.0,http://viber.com/index.html?id=123,0,tranco,http://viber.com/index.html?id=123,viber.com
3116.0,http://newsbreak.com,0,tranco,http://newsbreak.com,newsbreak.com
8745.0,http://solodeportes.com.ar/wp-content/uploads/image.jpg,0,tranco,http://solodeportes.com.ar/wp-content/uploads/image.jpg,solodeportes.com.ar
7222.0,http://powerschool.com/search?action=verify&token=abcxyz123abcxyz123abcxyz123abcxyz123abcxyz123abcxyz123abcxyz123abcxyz123,0,tranco,http://powerschool.com/search?action=verify&token=abcxyz123abcxyz123abcxyz123abcxyz123abcxyz123abcxyz123abcxyz123abcxyz123,powerschool.com
2878.0,http://toutiao.com/blog/article-name-here,0,tranco,http://toutiao.com/blog/article-name-here,toutiao.com
7973.0,http://ubaoli.com/search,0,tranco,http://ubaoli.com/search,ubaoli.com
785.0,http://epam.com,0,tranco,http://epam.com,epam.com
5045.0,http://dynadot.com/api/v1/users,0,tranco,http://dynadot.com/api/v1/users,dynadot.com
8937.0,http://roman.co.uk,0,tranco,http://roman.co.uk,roman.co.uk
,http://en---secure--sso-netcoins-com-cdn.webflow.io/,1,openphish,http://en---secure--sso-netcoins-com-cdn.webflow.io/,webflow.io
8651.0,http://ifit.com/contact,0,tranco,http://ifit.com/contact,ifit.com
9013.0,http://pink.rs,0,tranco,http://pink.rs,pink.rs
3835.0,http://www.claudeusercontent.com/wp-content/uploads/image.jpg?ref=twitter,0,tranco,http://www.claudeusercontent.com/wp-content/uploads/image.jpg?ref=twitter,claudeusercontent.com
6018.0,http://dandomain.dk,0,tranco,http://dandomain.dk,dandomain.dk
3904.0,http://awsdns-53.com/blog/article-name-here,0,tranco,http://awsdns-53.com/blog/article-name-here,awsdns-53.com
1768.0,http://www.plos.org/about,0,tranco,http://www.plos.org/about,plos.org
2776.0,http://www.libsyn.com/index.html?utm_source=newsletter&utm_medium=email,0,tranco,http://www.libsyn.com/index.html?utm_source=newsletter&utm_medium=email,libsyn.com
44.0,http://gandi.net/login,0,tranco,http://gandi.net/login,gandi.net
4672.0,http://coxautoinc.com/blog/article-name-here,0,tranco,http://coxautoinc.com/blog/article-name-here,coxautoinc.com
7799.0,http://iowa.gov/wp-content/uploads/image.jpg?lang=en,0,tranco,http://iowa.gov/wp-content/uploads/image.jpg?lang=en,iowa.gov
7500.0,http://fortnite.com/?ref=twitter,0,tranco,http://fortnite.com/?ref=twitter,fortnite.com
1625.0,http://www.taktube.net/index.html?redirect_url=https%3A%2F%2Fexample.com%2Fdashboard&session_id=abcdef1234567890abcdef1234567890,0,tranco,http://www.taktube.net/index.html?redirect_url=https://example.com/dashboard&session_id=abcdef1234567890abcdef1234567890,taktube.net
2571.0,http://ethz.ch/about?q=test,0,tranco,http://ethz.ch/about?q=test,ethz.ch
3844.0,http://quillbot.com/products/view/123,0,tranco,http://quillbot.com/products/view/123,quillbot.com
7110.0,http://rubika.ir/download,0,tranco,http://rubika.ir/download,rubika.ir
6902.0,http://anysex.com,0,tranco,http://anysex.com,anysex.com
6683.0,http://like-video.com,0,tranco,http://like-video.com,like-video.com
8858.0,http://cedock.com/contact,0,tranco,http://cedock.com/contact,cedock.com
2627.0,http://coe.int/download,0,tranco,http://coe.int/download,coe.int
8683.0,http://chronicle.com,0,tranco,http://chronicle.com,chronicle.com
7379.0,http://www.privacy.com.br/login?q=test,0,tranco,http://www.privacy.com.br/login?q=test,privacy.com.br
1869.0,http://www.gpcloudservice.com/login,0,tranco,http://www.gpcloudservice.com/login,gpcloudservice.com
5573.0,http://volcmcdn3.com/index.html,0,tranco,http://volcmcdn3.com/index.html,volcmcdn3.com
4486.0,http://prserv.net/login,0,tranco,http://prserv.net/login,prserv.net
6741.0,http://freecash.com/about?q=test,0,tranco,http://freecash.com/about?q=test,freecash.com
7454.0,http://dynatracelabs.com/contact?redirect_url=https%3A%2F%2Fexample.com%2Fdashboard&session_id=abcdef1234567890abcdef1234567890,0,tranco,http://dynatracelabs.com/contact?redirect_url=https://example.com/dashboard&session_id=abcdef1234567890abcdef1234567890,dynatracelabs.com
6932.0,http://kidshealth.org,0,tranco,http://kidshealth.org,kidshealth.org
7320.0,http://geocities.jp,0,tranco,http://geocities.jp,geocities.jp
9999.0,http://www.zellbury.com/register,0,tranco,http://www.zellbury.com/register,zellbury.com
109.0,http://www.a2z.com/download,0,tranco,http://www.a2z.com/download,a2z.com
904.0,http://tiktokw.us,0,tranco,http://tiktokw.us,tiktokw.us
8113.0,http://leroymerlin.pl/index.html,0,tranco,http://leroymerlin.pl/index.html,leroymerlin.pl
8912.0,http://bids.ws/products/view/123,0,tranco,http://bids.ws/products/view/123,bids.ws
1611.0,http://www.sexnyk.com/assets/css/style.css,0,tranco,http://www.sexnyk.com/assets/css/style.css,sexnyk.com
161.0,http://one.one/index.html,0,tranco,http://one.one/index.html,one.one
5992.0,http://www.apachetoday.com/search?utm_source=newsletter&utm_medium=email,0,tranco,http://www.apachetoday.com/search?utm_source=newsletter&utm_medium=email,apachetoday.com
9639.0,http://animeruka.com/assets/css/style.css?lang=en,0,tranco,http://animeruka.com/assets/css/style.css?lang=en,animeruka.com
925.0,http://www.eporner.com/search?action=verify&token=abcxyz123abcxyz123abcxyz123abcxyz123abcxyz123abcxyz123abcxyz123abcxyz123,0,tranco,http://www.eporner.com/search?action=verify&token=abcxyz123abcxyz123abcxyz123abcxyz123abcxyz123abcxyz123abcxyz123abcxyz123,eporner.com
844.0,http://www.dbankcloud.ru/about?action=verify&token=abcxyz123abcxyz123abcxyz123abcxyz123abcxyz123abcxyz123abcxyz123abcxyz123,0,tranco,http://www.dbankcloud.ru/about?action=verify&token=abcxyz123abcxyz123abcxyz123abcxyz123abcxyz123abcxyz123abcxyz123abcxyz123,dbankcloud.ru
3886.0,http://merchant-center-analytics.goog/about,0,tranco,http://merchant-center-analytics.goog/about,merchant-center-analytics.goog
3219.0,http://www.plex.bz/index.html,0,tranco,http://www.plex.bz/index.html,plex.bz
5575.0,http://www.exitlag.net/login,0,tranco,http://www.exitlag.net/login,exitlag.net
7501.0,http://www.mangatown.com/contact?utm_source=newsletter&utm_medium=email,0,tranco,http://www.mangatown.com/contact?utm_source=newsletter&utm_medium=email,mangatown.com
7267.0,http://www.bill.com/assets/css/style.css,0,tranco,http://www.bill.com/assets/css/style.css,bill.com
3148.0,http://miitbeian.gov.cn/?redirect_url=https%3A%2F%2Fexample.com%2Fdashboard&session_id=abcdef1234567890abcdef1234567890,0,tranco,http://miitbeian.gov.cn/?redirect_url=https://example.com/dashboard&session_id=abcdef1234567890abcdef1234567890,miitbeian.gov.cn
6880.0,http://work.ua/contact,0,tranco,http://work.ua/contact,work.ua
9974.0,http://www.playwekings.ru/index.html,0,tranco,http://www.playwekings.ru/index.html,playwekings.ru
2329.0,http://wpsdns.com,0,tranco,http://wpsdns.com,wpsdns.com
3975.0,http://intergient.com,0,tranco,http://intergient.com,intergient.com
1762.0,http://www.filmyzilla45.com/about,0,tranco,http://www.filmyzilla45.com/about,filmyzilla45.com
6876.0,http://worldpopulationreview.com,0,tranco,http://worldpopulationreview.com,worldpopulationreview.com
4156.0,http://ahagamecenter.com/blog/article-name-here?ref=twitter,0,tranco,http://ahagamecenter.com/blog/article-name-here?ref=twitter,ahagamecenter.com
2922.0,http://www.prezi.com/?redirect_url=https%3A%2F%2Fexample.com%2Fdashboard&session_id=abcdef1234567890abcdef1234567890,0,tranco,http://www.prezi.com/?redirect_url=https://example.com/dashboard&session_id=abcdef1234567890abcdef1234567890,prezi.com
5694.0,http://pro32connect.ru/api/v1/users,0,tranco,http://pro32connect.ru/api/v1/users,pro32connect.ru
473.0,http://arxiv.org/blog/article-name-here?id=123,0,tranco,http://arxiv.org/blog/article-name-here?id=123,arxiv.org
7712.0,http://fdj.fr/register?action=verify&token=abcxyz123abcxyz123abcxyz123abcxyz123abcxyz123abcxyz123abcxyz123abcxyz123,0,tranco,http://fdj.fr/register?action=verify&token=abcxyz123abcxyz123abcxyz123abcxyz123abcxyz123abcxyz123abcxyz123abcxyz123,fdj.fr
9956.0,http://www.paymetrust.net/wp-content/uploads/image.jpg,0,tranco,http://www.paymetrust.net/wp-content/uploads/image.jpg,paymetrust.net
8862.0,http://youappi.com,0,tranco,http://youappi.com,youappi.com
4639.0,http://www.t0x.net/?ref=twitter,0,tranco,http://www.t0x.net/?ref=twitter,t0x.net
8095.0,http://donya-e-eqtesad.com,0,tranco,http://donya-e-eqtesad.com,donya-e-eqtesad.com
536.0,http://www.svc.ms/login,0,tranco,http://www.svc.ms/login,svc.ms
7566.0,http://www.telcel.com/wp-content/uploads/image.jpg?lang=en,0,tranco,http://www.telcel.com/wp-content/uploads/image.jpg?lang=en,telcel.com
3374.0,http://webnovel.com/contact,0,tranco,http://webnovel.com/contact,webnovel.com
4400.0,http://sky.it/about,0,tranco,http://sky.it/about,sky.it
4403.0,http://lokalise.com,0,tranco,http://lokalise.com,lokalise.com
3826.0,http://vkusvill.ru/login,0,tranco,http://vkusvill.ru/login,vkusvill.ru
3899.0,http://www.immersivelabs.com/api/v1/users,0,tranco,http://www.immersivelabs.com/api/v1/users,immersivelabs.com
836.0,http://www.zoom.com/search?q=test,0,tranco,http://www.zoom.com/search?q=test,zoom.com
543.0,http://patreon.com/about,0,tranco,http://patreon.com/about,patreon.com
3632.0,http://www.scene7.com/wp-content/uploads/image.jpg?redirect_url=https%3A%2F%2Fexample.com%2Fdashboard&session_id=abcdef1234567890abcdef1234567890,0,tranco,http://www.scene7.com/wp-content/uploads/image.jpg?redirect_url=https://example.com/dashboard&session_id=abcdef1234567890abcdef1234567890,scene7.com
169.0,http://www.tm-azurefd.net/assets/css/style.css,0,tranco,http://www.tm-azurefd.net/assets/css/style.css,tm-azurefd.net
1733.0,http://javwow.com/register?token=abcxyz123,0,tranco,http://javwow.com/register?token=abcxyz123,javwow.com
2215.0,http://www.techradar.com/search?ref=twitter,0,tranco,http://www.techradar.com/search?ref=twitter,techradar.com
8764.0,http://anker.com,0,tranco,http://anker.com,anker.com
9582.0,http://kalshi.com,0,tranco,http://kalshi.com,kalshi.com
6581.0,http://smooch.io/contact,0,tranco,http://smooch.io/contact,smooch.io
1063.0,http://oecd.org/login?id=123,0,tranco,http://oecd.org/login?id=123,oecd.org
6892.0,http://www.activtrak.net/,0,tranco,http://www.activtrak.net/,activtrak.net
1525.0,http://jennymovies.com/blog/article-name-here,0,tranco,http://jennymovies.com/blog/article-name-here,jennymovies.com
6130.0,http://ntu.edu.tw,0,tranco,http://ntu.edu.tw,ntu.edu.tw
8781.0,http://www.printables.com/,0,tranco,http://www.printables.com/,printables.com
,https://www.roblox.com.pt/games/105436718679964/1-Speed-escape-boba-tea?privateServerLinkCode=99382535900423182128231632453729&game_id=105436718679964&game_name=1-Speed-escape-boba-tea,1,openphish,https://www.roblox.com.pt/games/105436718679964/1-Speed-escape-boba-tea?privateServerLinkCode=99382535900423182128231632453729&game_id=105436718679964&game_name=1-Speed-escape-boba-tea,roblox.com.pt
8818.0,http://distintas.net/about,0,tranco,http://distintas.net/about,distintas.net
1174.0,http://www.bmj.com/search,0,tranco,http://www.bmj.com/search,bmj.com
2846.0,http://socdm.com/blog/article-name-here,0,tranco,http://socdm.com/blog/article-name-here,socdm.com
,http://4bfad7.icefactory.cl/,1,openphish,http://4bfad7.icefactory.cl/,icefactory.cl
8771.0,http://www.fortunebusinessinsights.com/wp-content/uploads/image.jpg?ref=twitter,0,tranco,http://www.fortunebusinessinsights.com/wp-content/uploads/image.jpg?ref=twitter,fortunebusinessinsights.com
4271.0,http://goldapple.ru/download,0,tranco,http://goldapple.ru/download,goldapple.ru
4077.0,http://tuyaus.com/products/view/123?lang=en,0,tranco,http://tuyaus.com/products/view/123?lang=en,tuyaus.com
521.0,http://myhuaweicloud.com/wp-content/uploads/image.jpg,0,tranco,http://myhuaweicloud.com/wp-content/uploads/image.jpg,myhuaweicloud.com
7026.0,http://nii.ac.jp,0,tranco,http://nii.ac.jp,nii.ac.jp
2946.0,http://www.yandex.com.tr/index.html,0,tranco,http://www.yandex.com.tr/index.html,yandex.com.tr
4431.0,http://www.swr.de/download,0,tranco,http://www.swr.de/download,swr.de
3495.0,http://indiana.edu/register?redirect_url=https%3A%2F%2Fexample.com%2Fdashboard&session_id=abcdef1234567890abcdef1234567890,0,tranco,http://indiana.edu/register?redirect_url=https://example.com/dashboard&session_id=abcdef1234567890abcdef1234567890,indiana.edu
4530.0,http://sibforms.com,0,tranco,http://sibforms.com,sibforms.com
9826.0,http://samsungvisioncloud.com/index.html?ref=twitter,0,tranco,http://samsungvisioncloud.com/index.html?ref=twitter,samsungvisioncloud.com
6260.0,http://imo.im/index.html?token=abcxyz123,0,tranco,http://imo.im/index.html?token=abcxyz123,imo.im
4116.0,http://pku.edu.cn/contact,0,tranco,http://pku.edu.cn/contact,pku.edu.cn
3749.0,http://www.awsdns-12.com/?token=abcxyz123,0,tranco,http://www.awsdns-12.com/?token=abcxyz123,awsdns-12.com
7937.0,http://calciomercato.com/,0,tranco,http://calciomercato.com/,calciomercato.com
1556.0,http://afip.gob.ar/assets/css/style.css?redirect_url=https%3A%2F%2Fexample.com%2Fdashboard&session_id=abcdef1234567890abcdef1234567890,0,tranco,http://afip.gob.ar/assets/css/style.css?redirect_url=https://example.com/dashboard&session_id=abcdef1234567890abcdef1234567890,afip.gob.ar
5314.0,http://zotero.org/download,0,tranco,http://zotero.org/download,zotero.org
4811.0,http://anyrtb.com/search?redirect_url=https%3A%2F%2Fexample.com%2Fdashboard&session_id=abcdef1234567890abcdef1234567890,0,tranco,http://anyrtb.com/search?redirect_url=https://example.com/dashboard&session_id=abcdef1234567890abcdef1234567890,anyrtb.com
8168.0,http://www.discoveryplus.com/register?token=abcxyz123,0,tranco,http://www.discoveryplus.com/register?token=abcxyz123,discoveryplus.com
3932.0,http://arm-msedge.net,0,tranco,http://arm-msedge.net,arm-msedge.net
8020.0,http://mangooutlet.com/products/view/123,0,tranco,http://mangooutlet.com/products/view/123,mangooutlet.com
6205.0,http://up.pt/assets/css/style.css,0,tranco,http://up.pt/assets/css/style.css,up.pt
7736.0,http://www.physiology.org/wp-content/uploads/image.jpg?utm_source=newsletter&utm_medium=email,0,tranco,http://www.physiology.org/wp-content/uploads/image.jpg?utm_source=newsletter&utm_medium=email,physiology.org
6652.0,http://blocket.se,0,tranco,http://blocket.se,blocket.se
9755.0,http://allsex.xxx/products/view/123,0,tranco,http://allsex.xxx/products/view/123,allsex.xxx
1306.0,http://akamaitechnologies.com/api/v1/users,0,tranco,http://akamaitechnologies.com/api/v1/users,akamaitechnologies.com
2025.0,http://wunderground.com/api/v1/users,0,tranco,http://wunderground.com/api/v1/users,wunderground.com
8795.0,http://videosdemadurasx.com/api/v1/users?utm_source=newsletter&utm_medium=email,0,tranco,http://videosdemadurasx.com/api/v1/users?utm_source=newsletter&utm_medium=email,videosdemadurasx.com
6129.0,http://clicktale.net/login,0,tranco,http://clicktale.net/login,clicktale.net
7768.0,http://labanquepostale.fr,0,tranco,http://labanquepostale.fr,labanquepostale.fr
3609.0,http://17track.net,0,tranco,http://17track.net,17track.net
6675.0,http://bambuser.com,0,tranco,http://bambuser.com,bambuser.com
733.0,http://python.org,0,tranco,http://python.org,python.org
6424.0,http://www.httpwg.org/search,0,tranco,http://www.httpwg.org/search,httpwg.org
7844.0,http://www.awsdns-54.net/api/v1/users?utm_source=newsletter&utm_medium=email,0,tranco,http://www.awsdns-54.net/api/v1/users?utm_source=newsletter&utm_medium=email,awsdns-54.net
9064.0,http://www.fcinter1908.it/?page=2,0,tranco,http://www.fcinter1908.it/?page=2,fcinter1908.it
5131.0,http://html5up.net/?utm_source=newsletter&utm_medium=email,0,tranco,http://html5up.net/?utm_source=newsletter&utm_medium=email,html5up.net
2483.0,http://www.infomaniak.com/search?q=test,0,tranco,http://www.infomaniak.com/search?q=test,infomaniak.com
2463.0,http://tappx.com,0,tranco,http://tappx.com,tappx.com
9660.0,http://www.heyvagroup.com/api/v1/users,0,tranco,http://www.heyvagroup.com/api/v1/users,heyvagroup.com
3599.0,http://oray.com/login,0,tranco,http://oray.com/login,oray.com
4662.0,http://xn--ngstr-lra8j.com,0,tranco,http://xn--ngstr-lra8j.com,xn--ngstr-lra8j.com
7266.0,http://unece.org,0,tranco,http://unece.org,unece.org
3735.0,http://awsdns-61.com/assets/css/style.css,0,tranco,http://awsdns-61.com/assets/css/style.css,awsdns-61.com
337.0,http://bilibili.com,0,tranco,http://bilibili.com,bilibili.com
4681.0,http://heytapdownload.com/api/v1/users,0,tranco,http://heytapdownload.com/api/v1/users,heytapdownload.com
7480.0,http://www.warframe.com/about?token=abcxyz123,0,tranco,http://www.warframe.com/about?token=abcxyz123,warframe.com
7413.0,http://www.allegro.com/about,0,tranco,http://www.allegro.com/about,allegro.com
974.0,http://wbbasket.ru/index.html?ref=twitter,0,tranco,http://wbbasket.ru/index.html?ref=twitter,wbbasket.ru
968.0,http://presage.io/about,0,tranco,http://presage.io/about,presage.io
8012.0,http://zalando.it/search,0,tranco,http://zalando.it/search,zalando.it
9863.0,http://sexallarab.com,0,tranco,http://sexallarab.com,sexallarab.com
769.0,http://att.net/contact,0,tranco,http://att.net/contact,att.net
8327.0,http://hentaivox.com/api/v1/users,0,tranco,http://hentaivox.com/api/v1/users,hentaivox.com
2409.0,http://www.education.dz/assets/css/style.css?id=123,0,tranco,http://www.education.dz/assets/css/style.css?id=123,education.dz
7399.0,http://education.gov.in,0,tranco,http://education.gov.in,education.gov.in
771.0,http://www.bugsnag.com/products/view/123,0,tranco,http://www.bugsnag.com/products/view/123,bugsnag.com
1512.0,http://www.hanime1.me/download,0,tranco,http://www.hanime1.me/download,hanime1.me
3780.0,http://bitwarden.com/products/view/123?action=verify&token=abcxyz123abcxyz123abcxyz123abcxyz123abcxyz123abcxyz123abcxyz123abcxyz123,0,tranco,http://bitwarden.com/products/view/123?action=verify&token=abcxyz123abcxyz123abcxyz123abcxyz123abcxyz123abcxyz123abcxyz123abcxyz123,bitwarden.com
9893.0,http://google.vu,0,tranco,http://google.vu,google.vu
2755.0,http://tori.fi,0,tranco,http://tori.fi,tori.fi
208.0,http://ttdns2.com/wp-content/uploads/image.jpg,0,tranco,http://ttdns2.com/wp-content/uploads/image.jpg,ttdns2.com
7091.0,http://www.kathimerini.gr/,0,tranco,http://www.kathimerini.gr/,kathimerini.gr
6211.0,http://haproxy.com/login,0,tranco,http://haproxy.com/login,haproxy.com
1743.0,http://www.rsch.jp/search?utm_source=newsletter&utm_medium=email,0,tranco,http://www.rsch.jp/search?utm_source=newsletter&utm_medium=email,rsch.jp
7563.0,http://www.cri.cn/index.html,0,tranco,http://www.cri.cn/index.html,cri.cn
5292.0,http://www.larksuite.com/products/view/123,0,tranco,http://www.larksuite.com/products/view/123,larksuite.com
5143.0,http://www.nato.int/download,0,tranco,http://www.nato.int/download,nato.int
8644.0,http://javbus.com/search,0,tranco,http://javbus.com/search,javbus.com
4191.0,http://pipopay.com/wp-content/uploads/image.jpg,0,tranco,http://pipopay.com/wp-content/uploads/image.jpg,pipopay.com
8943.0,http://www.homo.xxx/products/view/123,0,tranco,http://www.homo.xxx/products/view/123,homo.xxx
7737.0,http://awsdns-15.net/login?page=2,0,tranco,http://awsdns-15.net/login?page=2,awsdns-15.net
6686.0,http://fbs1-t-msedge.net,0,tranco,http://fbs1-t-msedge.net,fbs1-t-msedge.net
3875.0,http://163jiasu.com,0,tranco,http://163jiasu.com,163jiasu.com
4376.0,http://midasplayer.cloud/register?q=test,0,tranco,http://midasplayer.cloud/register?q=test,midasplayer.cloud
2394.0,http://www.kamababax.com/search?utm_source=newsletter&utm_medium=email,0,tranco,http://www.kamababax.com/search?utm_source=newsletter&utm_medium=email,kamababax.com
4282.0,http://volcgtm.com/login?id=123,0,tranco,http://volcgtm.com/login?id=123,volcgtm.com
1262.0,http://mundodeportivo.com/index.html?lang=en,0,tranco,http://mundodeportivo.com/index.html?lang=en,mundodeportivo.com
5840.0,http://uzh.ch,0,tranco,http://uzh.ch,uzh.ch
4994.0,http://gtimg.com/about,0,tranco,http://gtimg.com/about,gtimg.com
8197.0,http://poetryfoundation.org/products/view/123,0,tranco,http://poetryfoundation.org/products/view/123,poetryfoundation.org
7506.0,http://nic.kw,0,tranco,http://nic.kw,nic.kw
7749.0,http://www.cryoutcreations.eu/search,0,tranco,http://www.cryoutcreations.eu/search,cryoutcreations.eu
4874.0,http://www.kommersant.ru/products/view/123?q=test,0,tranco,http://www.kommersant.ru/products/view/123?q=test,kommersant.ru
2197.0,http://purdue.edu/blog/article-name-here,0,tranco,http://purdue.edu/blog/article-name-here,purdue.edu
5059.0,http://yolasite.com,0,tranco,http://yolasite.com,yolasite.com
6519.0,http://queniubh.com/index.html?ref=twitter,0,tranco,http://queniubh.com/index.html?ref=twitter,queniubh.com
6808.0,http://www.chunichi.co.jp/wp-content/uploads/image.jpg,0,tranco,http://www.chunichi.co.jp/wp-content/uploads/image.jpg,chunichi.co.jp
88.0,http://www.root-servers.net/register,0,tranco,http://www.root-servers.net/register,root-servers.net
3156.0,http://www.galaxy-cdn.com/download,0,tranco,http://www.galaxy-cdn.com/download,galaxy-cdn.com
3385.0,http://alchemer.com/download?lang=en,0,tranco,http://alchemer.com/download?lang=en,alchemer.com
5497.0,http://www.tripadvisor.it/search,0,tranco,http://www.tripadvisor.it/search,tripadvisor.it
9737.0,http://flexwebhosting.nl/register?q=test,0,tranco,http://flexwebhosting.nl/register?q=test,flexwebhosting.nl
8706.0,http://www.cinecalidad.am/api/v1/users,0,tranco,http://www.cinecalidad.am/api/v1/users,cinecalidad.am
71.0,http://cdninstagram.com/api/v1/users?redirect_url=https%3A%2F%2Fexample.com%2Fdashboard&session_id=abcdef1234567890abcdef1234567890,0,tranco,http://cdninstagram.com/api/v1/users?redirect_url=https://example.com/dashboard&session_id=abcdef1234567890abcdef1234567890,cdninstagram.com
7760.0,http://google.si/about,0,tranco,http://google.si/about,google.si
7171.0,http://ukg.net/index.html,0,tranco,http://ukg.net/index.html,ukg.net
1770.0,http://shutterstock.com/download,0,tranco,http://shutterstock.com/download,shutterstock.com
4566.0,http://www.nessus.org/,0,tranco,http://www.nessus.org/,nessus.org
6244.0,http://hsadspixel.net/search,0,tranco,http://hsadspixel.net/search,hsadspixel.net
2078.0,http://blizzard.com,0,tranco,http://blizzard.com,blizzard.com
8039.0,http://bl.uk/api/v1/users?redirect_url=https%3A%2F%2Fexample.com%2Fdashboard&session_id=abcdef1234567890abcdef1234567890,0,tranco,http://bl.uk/api/v1/users?redirect_url=https://example.com/dashboard&session_id=abcdef1234567890abcdef1234567890,bl.uk
7019.0,http://lanouvellerepublique.fr/register,0,tranco,http://lanouvellerepublique.fr/register,lanouvellerepublique.fr
5443.0,http://www.exacttarget.com/wp-content/uploads/image.jpg,0,tranco,http://www.exacttarget.com/wp-content/uploads/image.jpg,exacttarget.com
1505.0,http://www.bblaa.com/login,0,tranco,http://www.bblaa.com/login,bblaa.com
1682.0,http://movie-box.co/blog/article-name-here?utm_source=newsletter&utm_medium=email,0,tranco,http://movie-box.co/blog/article-name-here?utm_source=newsletter&utm_medium=email,movie-box.co
6894.0,http://www.torn.com/login,0,tranco,http://www.torn.com/login,torn.com
9357.0,http://www.alphatv.gr/products/view/123,0,tranco,http://www.alphatv.gr/products/view/123,alphatv.gr
635.0,http://www.amazon.ca/index.html,0,tranco,http://www.amazon.ca/index.html,amazon.ca
1165.0,http://www.mercadolibre.com/about?ref=twitter,0,tranco,http://www.mercadolibre.com/about?ref=twitter,mercadolibre.com
6567.0,http://utwente.nl/wp-content/uploads/image.jpg?page=2,0,tranco,http://utwente.nl/wp-content/uploads/image.jpg?page=2,utwente.nl
3572.0,http://www.hs-analytics.net/products/view/123?redirect_url=https%3A%2F%2Fexample.com%2Fdashboard&session_id=abcdef1234567890abcdef1234567890,0,tranco,http://www.hs-analytics.net/products/view/123?redirect_url=https://example.com/dashboard&session_id=abcdef1234567890abcdef1234567890,hs-analytics.net
749.0,http://www.airbnb.com/search?id=123,0,tranco,http://www.airbnb.com/search?id=123,airbnb.com
8990.0,http://www.litgorod.ru/about?id=123,0,tranco,http://www.litgorod.ru/about?id=123,litgorod.ru
2530.0,http://smh.com.au,0,tranco,http://smh.com.au,smh.com.au
1957.0,http://business.site/search,0,tranco,http://business.site/search,business.site
1493.0,http://xnxx.es,0,tranco,http://xnxx.es,xnxx.es
82.0,http://baidu.com/download,0,tranco,http://baidu.com/download,baidu.com
9245.0,http://www.nontonanimeid.boats/products/view/123,0,tranco,http://www.nontonanimeid.boats/products/view/123,nontonanimeid.boats
4003.0,http://xe.com,0,tranco,http://xe.com,xe.com
1856.0,http://scientificamerican.com,0,tranco,http://scientificamerican.com,scientificamerican.com
8544.0,http://cellphones.com.vn/products/view/123,0,tranco,http://cellphones.com.vn/products/view/123,cellphones.com.vn
3045.0,http://www.wanadoo.fr/search,0,tranco,http://www.wanadoo.fr/search,wanadoo.fr
2178.0,http://www.msappproxy.net/login,0,tranco,http://www.msappproxy.net/login,msappproxy.net
8794.0,http://www.seg-social.pt/contact,0,tranco,http://www.seg-social.pt/contact,seg-social.pt
4505.0,http://www.sacdnssedge.com/assets/css/style.css?lang=en,0,tranco,http://www.sacdnssedge.com/assets/css/style.css?lang=en,sacdnssedge.com
9571.0,http://crystalbet.com/register?action=verify&token=abcxyz123abcxyz123abcxyz123abcxyz123abcxyz123abcxyz123abcxyz123abcxyz123,0,tranco,http://crystalbet.com/register?action=verify&token=abcxyz123abcxyz123abcxyz123abcxyz123abcxyz123abcxyz123abcxyz123abcxyz123,crystalbet.com
7589.0,http://brasil247.com,0,tranco,http://brasil247.com,brasil247.com
7690.0,http://071kk.com/assets/css/style.css?id=123,0,tranco,http://071kk.com/assets/css/style.css?id=123,071kk.com
9650.0,http://loopnet.com/wp-content/uploads/image.jpg,0,tranco,http://loopnet.com/wp-content/uploads/image.jpg,loopnet.com
6507.0,http://www.bsky.network/search?q=test,0,tranco,http://www.bsky.network/search?q=test,bsky.network
4424.0,http://www.udel.edu/search,0,tranco,http://www.udel.edu/search,udel.edu
355.0,http://allawnos.com,0,tranco,http://allawnos.com,allawnos.com
2285.0,http://constellix.com/assets/css/style.css?utm_source=newsletter&utm_medium=email,0,tranco,http://constellix.com/assets/css/style.css?utm_source=newsletter&utm_medium=email,constellix.com
3102.0,http://nirvam.it,0,tranco,http://nirvam.it,nirvam.it
327.0,http://crpt.ru/api/v1/users?redirect_url=https%3A%2F%2Fexample.com%2Fdashboard&session_id=abcdef1234567890abcdef1234567890,0,tranco,http://crpt.ru/api/v1/users?redirect_url=https://example.com/dashboard&session_id=abcdef1234567890abcdef1234567890,crpt.ru
3056.0,http://tcylgslb.com/index.html,0,tranco,http://tcylgslb.com/index.html,tcylgslb.com
6783.0,http://usu.edu/assets/css/style.css,0,tranco,http://usu.edu/assets/css/style.css,usu.edu
7440.0,http://www.meta.ai/register,0,tranco,http://www.meta.ai/register,meta.ai
5316.0,http://experian.com/about?ref=twitter,0,tranco,http://experian.com/about?ref=twitter,experian.com
2370.0,http://umd.edu,0,tranco,http://umd.edu,umd.edu
3612.0,http://www.greenxh.live/about?ref=twitter,0,tranco,http://www.greenxh.live/about?ref=twitter,greenxh.live
6694.0,http://www.wal-mart.com/index.html?lang=en,0,tranco,http://www.wal-mart.com/index.html?lang=en,wal-mart.com
4504.0,http://lxdns.com/api/v1/users?page=2,0,tranco,http://lxdns.com/api/v1/users?page=2,lxdns.com
2474.0,http://takeaway.com,0,tranco,http://takeaway.com,takeaway.com
8359.0,http://wixmp.com/products/view/123,0,tranco,http://wixmp.com/products/view/123,wixmp.com
9006.0,http://animesonlinecc.to/index.html,0,tranco,http://animesonlinecc.to/index.html,animesonlinecc.to
8740.0,http://www.digitaljournal.com/index.html?redirect_url=https%3A%2F%2Fexample.com%2Fdashboard&session_id=abcdef1234567890abcdef1234567890,0,tranco,http://www.digitaljournal.com/index.html?redirect_url=https://example.com/dashboard&session_id=abcdef1234567890abcdef1234567890,digitaljournal.com
814.0,http://daum.net,0,tranco,http://daum.net,daum.net
983.0,http://www.elmundo.es/contact,0,tranco,http://www.elmundo.es/contact,elmundo.es
4982.0,http://uw.edu/index.html,0,tranco,http://uw.edu/index.html,uw.edu
7350.0,http://scryfall.com/assets/css/style.css?ref=twitter,0,tranco,http://scryfall.com/assets/css/style.css?ref=twitter,scryfall.com
7660.0,http://etisalatdomains.ae/assets/css/style.css,0,tranco,http://etisalatdomains.ae/assets/css/style.css,etisalatdomains.ae
3333.0,http://www.flashbots.net/api/v1/users?id=123,0,tranco,http://www.flashbots.net/api/v1/users?id=123,flashbots.net
3551.0,http://www.awsdns-59.com/register,0,tranco,http://www.awsdns-59.com/register,awsdns-59.com
384.0,http://www.live-video.net/assets/css/style.css,0,tranco,http://www.live-video.net/assets/css/style.css,live-video.net
1584.0,http://medallia.com,0,tranco,http://medallia.com,medallia.com
9506.0,http://www.gdpr-info.eu/products/view/123?page=2,0,tranco,http://www.gdpr-info.eu/products/view/123?page=2,gdpr-info.eu
8936.0,http://www.animeheaven.me/about,0,tranco,http://www.animeheaven.me/about,animeheaven.me
6690.0,http://www.imostatic.com/assets/css/style.css?page=2,0,tranco,http://www.imostatic.com/assets/css/style.css?page=2,imostatic.com
6307.0,http://google.co.mz,0,tranco,http://google.co.mz,google.co.mz
518.0,http://fandom.com/assets/css/style.css?id=123,0,tranco,http://fandom.com/assets/css/style.css?id=123,fandom.com
6007.0,http://www.google.com.qa/search?q=test,0,tranco,http://www.google.com.qa/search?q=test,google.com.qa
3663.0,http://www.awsdns-47.com/about?ref=twitter,0,tranco,http://www.awsdns-47.com/about?ref=twitter,awsdns-47.com
4663.0,http://awstrack.me/download,0,tranco,http://awstrack.me/download,awstrack.me
,https://sp22ct-nelur-biz-mavi-zeku.pages.dev/,1,openphish,https://sp22ct-nelur-biz-mavi-zeku.pages.dev/,pages.dev
2921.0,http://www.bitnami.com/contact,0,tranco,http://www.bitnami.com/contact,bitnami.com
5862.0,http://withings.net/api/v1/users?action=verify&token=abcxyz123abcxyz123abcxyz123abcxyz123abcxyz123abcxyz123abcxyz123abcxyz123,0,tranco,http://withings.net/api/v1/users?action=verify&token=abcxyz123abcxyz123abcxyz123abcxyz123abcxyz123abcxyz123abcxyz123abcxyz123,withings.net
449.0,http://www.netease.com/download,0,tranco,http://www.netease.com/download,netease.com
9980.0,http://www.jiathis.com/download,0,tranco,http://www.jiathis.com/download,jiathis.com
5797.0,http://www.atera.com/download,0,tranco,http://www.atera.com/download,atera.com
1250.0,http://www.tubi.io/search?redirect_url=https%3A%2F%2Fexample.com%2Fdashboard&session_id=abcdef1234567890abcdef1234567890,0,tranco,http://www.tubi.io/search?redirect_url=https://example.com/dashboard&session_id=abcdef1234567890abcdef1234567890,tubi.io
4295.0,http://kraken.com/about,0,tranco,http://kraken.com/about,kraken.com
8367.0,http://www.al.com/assets/css/style.css?redirect_url=https%3A%2F%2Fexample.com%2Fdashboard&session_id=abcdef1234567890abcdef1234567890,0,tranco,http://www.al.com/assets/css/style.css?redirect_url=https://example.com/dashboard&session_id=abcdef1234567890abcdef1234567890,al.com
7758.0,http://esic.gov.in/login?lang=en,0,tranco,http://esic.gov.in/login?lang=en,esic.gov.in
6938.0,http://robertsspaceindustries.com/blog/article-name-here?page=2,0,tranco,http://robertsspaceindustries.com/blog/article-name-here?page=2,robertsspaceindustries.com
9267.0,http://chartink.com/blog/article-name-here?action=verify&token=abcxyz123abcxyz123abcxyz123abcxyz123abcxyz123abcxyz123abcxyz123abcxyz123,0,tranco,http://chartink.com/blog/article-name-here?action=verify&token=abcxyz123abcxyz123abcxyz123abcxyz123abcxyz123abcxyz123abcxyz123abcxyz123,chartink.com
5671.0,http://codeforces.com/api/v1/users?ref=twitter,0,tranco,http://codeforces.com/api/v1/users?ref=twitter,codeforces.com
6506.0,http://13.in-addr.arpa,0,tranco,http://13.in-addr.arpa,13.in-addr.arpa
5813.0,http://www.config-security.com/products/view/123,0,tranco,http://www.config-security.com/products/view/123,config-security.com
881.0,http://www.synology.com/index.html?lang=en,0,tranco,http://www.synology.com/index.html?lang=en,synology.com
3279.0,http://collegeboard.org/products/view/123,0,tranco,http://collegeboard.org/products/view/123,collegeboard.org
2763.0,http://archives.gov/index.html,0,tranco,http://archives.gov/index.html,archives.gov
2035.0,http://www.samsungdm.com/register,0,tranco,http://www.samsungdm.com/register,samsungdm.com
6116.0,http://weatherkit.net/wp-content/uploads/image.jpg?id=123,0,tranco,http://weatherkit.net/wp-content/uploads/image.jpg?id=123,weatherkit.net
7976.0,http://mn.gov,0,tranco,http://mn.gov,mn.gov
8509.0,http://zomans.com/?redirect_url=https%3A%2F%2Fexample.com%2Fdashboard&session_id=abcdef1234567890abcdef1234567890,0,tranco,http://zomans.com/?redirect_url=https://example.com/dashboard&session_id=abcdef1234567890abcdef1234567890,zomans.com
1634.0,http://sex-studentki.cafe/wp-content/uploads/image.jpg?q=test,0,tranco,http://sex-studentki.cafe/wp-content/uploads/image.jpg?q=test,sex-studentki.cafe
2392.0,http://sinaimg.cn/search?lang=en,0,tranco,http://sinaimg.cn/search?lang=en,sinaimg.cn
9461.0,http://karger.com/wp-content/uploads/image.jpg,0,tranco,http://karger.com/wp-content/uploads/image.jpg,karger.com
695.0,http://cmediahub.ru/register,0,tranco,http://cmediahub.ru/register,cmediahub.ru
6156.0,http://www.threebit.net/login?ref=twitter,0,tranco,http://www.threebit.net/login?ref=twitter,threebit.net
3170.0,http://jpush.cn,0,tranco,http://jpush.cn,jpush.cn
3331.0,http://www.tomshardware.com/api/v1/users,0,tranco,http://www.tomshardware.com/api/v1/users,tomshardware.com
6790.0,http://www.awsdns-22.net/index.html,0,tranco,http://www.awsdns-22.net/index.html,awsdns-22.net
2703.0,http://wsglb0.com,0,tranco,http://wsglb0.com,wsglb0.com
5787.0,http://www.myharmony.com/?q=test,0,tranco,http://www.myharmony.com/?q=test,myharmony.com
7609.0,http://1rpc.io/,0,tranco,http://1rpc.io/,1rpc.io
9831.0,http://absoluporn.com,0,tranco,http://absoluporn.com,absoluporn.com
1299.0,http://www.spamhaus.org/assets/css/style.css,0,tranco,http://www.spamhaus.org/assets/css/style.css,spamhaus.org
8681.0,http://www.cnn.gr/blog/article-name-here?q=test,0,tranco,http://www.cnn.gr/blog/article-name-here?q=test,cnn.gr
2517.0,http://www.dnsip.com/,0,tranco,http://www.dnsip.com/,dnsip.com
7428.0,http://www.dotmetrics.net/contact?token=abcxyz123,0,tranco,http://www.dotmetrics.net/contact?token=abcxyz123,dotmetrics.net
1212.0,http://www.marktplaats.nl/wp-content/uploads/image.jpg?id=123,0,tranco,http://www.marktplaats.nl/wp-content/uploads/image.jpg?id=123,marktplaats.nl
,http://suportmetumak.webflow.io/,1,openphish,http://suportmetumak.webflow.io/,webflow.io
352.0,http://slack.com,0,tranco,http://slack.com,slack.com
3296.0,http://www.awsdns-27.com/assets/css/style.css?page=2,0,tranco,http://www.awsdns-27.com/assets/css/style.css?page=2,awsdns-27.com
3123.0,http://aarp.org/search,0,tranco,http://aarp.org/search,aarp.org
5644.0,http://swisscom.ch/api/v1/users,0,tranco,http://swisscom.ch/api/v1/users,swisscom.ch
3486.0,http://digitaltrends.com/download,0,tranco,http://digitaltrends.com/download,digitaltrends.com
1852.0,http://sitescout.com/search?id=123,0,tranco,http://sitescout.com/search?id=123,sitescout.com
9199.0,http://bet365.it,0,tranco,http://bet365.it,bet365.it
3067.0,http://www.filesdl.top/api/v1/users,0,tranco,http://www.filesdl.top/api/v1/users,filesdl.top
1963.0,http://www.zdnscloud.com/,0,tranco,http://www.zdnscloud.com/,zdnscloud.com
5349.0,http://www.alikunlun.net/search,0,tranco,http://www.alikunlun.net/search,alikunlun.net
3661.0,http://pagibigfundservices.com/blog/article-name-here?lang=en,0,tranco,http://pagibigfundservices.com/blog/article-name-here?lang=en,pagibigfundservices.com
3142.0,http://www.ifood.com.br/wp-content/uploads/image.jpg,0,tranco,http://www.ifood.com.br/wp-content/uploads/image.jpg,ifood.com.br
3181.0,http://google.be/assets/css/style.css,0,tranco,http://google.be/assets/css/style.css,google.be
549.0,http://www.hicloud.com/about?ref=twitter,0,tranco,http://www.hicloud.com/about?ref=twitter,hicloud.com
3852.0,http://www.google.dk/search?id=123,0,tranco,http://www.google.dk/search?id=123,google.dk
1485.0,http://ppomppu.co.kr/login?page=2,0,tranco,http://ppomppu.co.kr/login?page=2,ppomppu.co.kr
1273.0,http://www.ladepeche.fr/wp-content/uploads/image.jpg?lang=en,0,tranco,http://www.ladepeche.fr/wp-content/uploads/image.jpg?lang=en,ladepeche.fr
3674.0,http://www.olxprc.com/contact,0,tranco,http://www.olxprc.com/contact,olxprc.com
2576.0,http://dhs.gov/login,0,tranco,http://dhs.gov/login,dhs.gov
6457.0,http://sport1.de/contact,0,tranco,http://sport1.de/contact,sport1.de
3785.0,http://indiatoday.in/register?ref=twitter,0,tranco,http://indiatoday.in/register?ref=twitter,indiatoday.in
9483.0,http://www.pointtown.com/about,0,tranco,http://www.pointtown.com/about,pointtown.com
6623.0,http://tpnet.pl,0,tranco,http://tpnet.pl,tpnet.pl
,https://www.roblox.ly/users/181499084/profile,1,openphish,https://www.roblox.ly/users/181499084/profile,roblox.ly
1859.0,http://www.uchicago.edu/index.html,0,tranco,http://www.uchicago.edu/index.html,uchicago.edu
3686.0,http://moviesda34.com/products/view/123,0,tranco,http://moviesda34.com/products/view/123,moviesda34.com
595.0,http://icloud-content.com,0,tranco,http://icloud-content.com,icloud-content.com
8446.0,http://apkvision.org/index.html?ref=twitter,0,tranco,http://apkvision.org/index.html?ref=twitter,apkvision.org
3812.0,http://bitrix.info/login?action=verify&token=abcxyz123abcxyz123abcxyz123abcxyz123abcxyz123abcxyz123abcxyz123abcxyz123,0,tranco,http://bitrix.info/login?action=verify&token=abcxyz123abcxyz123abcxyz123abcxyz123abcxyz123abcxyz123abcxyz123abcxyz123,bitrix.info
6706.0,http://mca.gov.in/blog/article-name-here?id=123,0,tranco,http://mca.gov.in/blog/article-name-here?id=123,mca.gov.in
7968.0,http://tportal.hr/register,0,tranco,http://tportal.hr/register,tportal.hr
4605.0,http://www.kaggle.com/search,0,tranco,http://www.kaggle.com/search,kaggle.com
5400.0,http://videonow.ru/register,0,tranco,http://videonow.ru/register,videonow.ru
2095.0,http://www.metamask.io/search,0,tranco,http://www.metamask.io/search,metamask.io
9979.0,http://elephantbet.co.ao,0,tranco,http://elephantbet.co.ao,elephantbet.co.ao
4024.0,http://aif.ru/download,0,tranco,http://aif.ru/download,aif.ru
1992.0,http://ssrn.com/contact,0,tranco,http://ssrn.com/contact,ssrn.com
5261.0,http://buyee.jp,0,tranco,http://buyee.jp,buyee.jp
9518.0,http://vtvgo.vn/register,0,tranco,http://vtvgo.vn/register,vtvgo.vn
5220.0,http://www.frameo.net/blog/article-name-here,0,tranco,http://www.frameo.net/blog/article-name-here,frameo.net
43.0,http://sharepoint.com,0,tranco,http://sharepoint.com,sharepoint.com
4895.0,http://www.gazprombank.ru/about,0,tranco,http://www.gazprombank.ru/about,gazprombank.ru
6117.0,http://google.bi/assets/css/style.css,0,tranco,http://google.bi/assets/css/style.css,google.bi
6055.0,http://vidazoo.services,0,tranco,http://vidazoo.services,vidazoo.services
825.0,http://www.liftoff.io/index.html,0,tranco,http://www.liftoff.io/index.html,liftoff.io
8314.0,http://www.happymail.co.jp/contact?utm_source=newsletter&utm_medium=email,0,tranco,http://www.happymail.co.jp/contact?utm_source=newsletter&utm_medium=email,happymail.co.jp
2960.0,http://www.proton.me/blog/article-name-here,0,tranco,http://www.proton.me/blog/article-name-here,proton.me
4353.0,http://azure-dns.info/blog/article-name-here,0,tranco,http://azure-dns.info/blog/article-name-here,azure-dns.info
4202.0,http://ghost.org/search?page=2,0,tranco,http://ghost.org/search?page=2,ghost.org
4694.0,http://www.mo.gov/contact?q=test,0,tranco,http://www.mo.gov/contact?q=test,mo.gov
8752.0,http://google.com.nf,0,tranco,http://google.com.nf,google.com.nf
3980.0,http://www.ispconfig.org/search?page=2,0,tranco,http://www.ispconfig.org/search?page=2,ispconfig.org
8846.0,http://muslima.com/register,0,tranco,http://muslima.com/register,muslima.com
4247.0,http://shopee.co.th/assets/css/style.css,0,tranco,http://shopee.co.th/assets/css/style.css,shopee.co.th
4929.0,http://www.onlamp.com/products/view/123,0,tranco,http://www.onlamp.com/products/view/123,onlamp.com
4618.0,http://adspend.space,0,tranco,http://adspend.space,adspend.space
9632.0,http://iess.gob.ec,0,tranco,http://iess.gob.ec,iess.gob.ec
3666.0,http://www.filmyfly.faith/about?page=2,0,tranco,http://www.filmyfly.faith/about?page=2,filmyfly.faith
3615.0,http://weatherbug.net,0,tranco,http://weatherbug.net,weatherbug.net
9401.0,http://www.kingoftime.jp/wp-content/uploads/image.jpg?utm_source=newsletter&utm_medium=email,0,tranco,http://www.kingoftime.jp/wp-content/uploads/image.jpg?utm_source=newsletter&utm_medium=email,kingoftime.jp
5347.0,http://tripadvisor.es/products/view/123?redirect_url=https%3A%2F%2Fexample.com%2Fdashboard&session_id=abcdef1234567890abcdef1234567890,0,tranco,http://tripadvisor.es/products/view/123?redirect_url=https://example.com/dashboard&session_id=abcdef1234567890abcdef1234567890,tripadvisor.es
9183.0,http://seg-social.gob.es/products/view/123?utm_source=newsletter&utm_medium=email,0,tranco,http://seg-social.gob.es/products/view/123?utm_source=newsletter&utm_medium=email,seg-social.gob.es
8056.0,http://www.manga18.club/index.html?token=abcxyz123,0,tranco,http://www.manga18.club/index.html?token=abcxyz123,manga18.club
8273.0,http://justhost.com/blog/article-name-here?id=123,0,tranco,http://justhost.com/blog/article-name-here?id=123,justhost.com
8648.0,http://www.ewg.org/api/v1/users,0,tranco,http://www.ewg.org/api/v1/users,ewg.org
1012.0,http://zhihu.com,0,tranco,http://zhihu.com,zhihu.com
1659.0,http://fabguys.com/register?q=test,0,tranco,http://fabguys.com/register?q=test,fabguys.com
4960.0,http://canon.com/assets/css/style.css,0,tranco,http://canon.com/assets/css/style.css,canon.com
1531.0,http://parivahan.gov.in/search,0,tranco,http://parivahan.gov.in/search,parivahan.gov.in
5019.0,http://emarketer.com,0,tranco,http://emarketer.com,emarketer.com
3578.0,http://honeywell.com/api/v1/users?page=2,0,tranco,http://honeywell.com/api/v1/users?page=2,honeywell.com
72.0,http://pv-cdn.net,0,tranco,http://pv-cdn.net,pv-cdn.net
3641.0,http://serverdata.net,0,tranco,http://serverdata.net,serverdata.net
4092.0,http://instabug.com/contact?token=abcxyz123,0,tranco,http://instabug.com/contact?token=abcxyz123,instabug.com
153.0,http://static.microsoft/blog/article-name-here?id=123,0,tranco,http://static.microsoft/blog/article-name-here?id=123,static.microsoft
,https://www.roblox.com.pt/games/92779814909424/1-Jump-to-Win?privateServerLinkCode=99382535900423182128231632453729&game_id=92779814909424&game_name=1-Jump-to-Win,1,openphish,https://www.roblox.com.pt/games/92779814909424/1-Jump-to-Win?privateServerLinkCode=99382535900423182128231632453729&game_id=92779814909424&game_name=1-Jump-to-Win,roblox.com.pt
8316.0,http://www.meitustat.com/search,0,tranco,http://www.meitustat.com/search,meitustat.com
5089.0,http://goooooooooooooooooooooooooooooooooooooooooooooooooooooooooogle.com/index.html?token=abcxyz123,0,tranco,http://goooooooooooooooooooooooooooooooooooooooooooooooooooooooooogle.com/index.html?token=abcxyz123,goooooooooooooooooooooooooooooooooooooooooooooooooooooooooogle.com
9792.0,http://www.heovl.im/assets/css/style.css,0,tranco,http://www.heovl.im/assets/css/style.css,heovl.im
3549.0,http://xtracloud.net,0,tranco,http://xtracloud.net,xtracloud.net
6929.0,http://usbank.com/wp-content/uploads/image.jpg,0,tranco,http://usbank.com/wp-content/uploads/image.jpg,usbank.com
313.0,http://shalltry.com/login,0,tranco,http://shalltry.com/login,shalltry.com
2548.0,http://ibb.co/login,0,tranco,http://ibb.co/login,ibb.co
6843.0,http://www.rtb.mx/search?redirect_url=https%3A%2F%2Fexample.com%2Fdashboard&session_id=abcdef1234567890abcdef1234567890,0,tranco,http://www.rtb.mx/search?redirect_url=https://example.com/dashboard&session_id=abcdef1234567890abcdef1234567890,rtb.mx
8538.0,http://marketscreener.com/blog/article-name-here,0,tranco,http://marketscreener.com/blog/article-name-here,marketscreener.com
5273.0,http://www.trtcube-license.cn/?id=123,0,tranco,http://www.trtcube-license.cn/?id=123,trtcube-license.cn
6142.0,http://name-servers.gr,0,tranco,http://name-servers.gr,name-servers.gr
1105.0,http://cookpad.com/wp-content/uploads/image.jpg,0,tranco,http://cookpad.com/wp-content/uploads/image.jpg,cookpad.com
8065.0,http://www.clear-guide.org/index.html?lang=en,0,tranco,http://www.clear-guide.org/index.html?lang=en,clear-guide.org
281.0,http://nature.com/assets/css/style.css,0,tranco,http://nature.com/assets/css/style.css,nature.com
4392.0,http://www.localto.net/search,0,tranco,http://www.localto.net/search,localto.net
2581.0,http://www.hollywoodreporter.com/wp-content/uploads/image.jpg?q=test,0,tranco,http://www.hollywoodreporter.com/wp-content/uploads/image.jpg?q=test,hollywoodreporter.com
5082.0,http://orange.com,0,tranco,http://orange.com,orange.com
6501.0,http://awsdns-18.net,0,tranco,http://awsdns-18.net,awsdns-18.net
271.0,http://springer.com/assets/css/style.css,0,tranco,http://springer.com/assets/css/style.css,springer.com
5687.0,http://jpmorgan.com/about,0,tranco,http://jpmorgan.com/about,jpmorgan.com
2791.0,http://www.atsenergo.ru/wp-content/uploads/image.jpg?token=abcxyz123,0,tranco,http://www.atsenergo.ru/wp-content/uploads/image.jpg?token=abcxyz123,atsenergo.ru
6445.0,http://beget.pro/search,0,tranco,http://beget.pro/search,beget.pro
9750.0,http://sengokuixa.jp,0,tranco,http://sengokuixa.jp,sengokuixa.jp
6961.0,http://www.covers.com/api/v1/users,0,tranco,http://www.covers.com/api/v1/users,covers.com
4389.0,http://www.vzwfemto.com/index.html,0,tranco,http://www.vzwfemto.com/index.html,vzwfemto.com
8598.0,http://www.streamrail.com/about?action=verify&token=abcxyz123abcxyz123abcxyz123abcxyz123abcxyz123abcxyz123abcxyz123abcxyz123,0,tranco,http://www.streamrail.com/about?action=verify&token=abcxyz123abcxyz123abcxyz123abcxyz123abcxyz123abcxyz123abcxyz123abcxyz123,streamrail.com
2961.0,http://www.pruffme.com/login,0,tranco,http://www.pruffme.com/login,pruffme.com
7062.0,http://sofi.com,0,tranco,http://sofi.com,sofi.com
8511.0,http://demonicscans.org/?token=abcxyz123,0,tranco,http://demonicscans.org/?token=abcxyz123,demonicscans.org
9009.0,http://cdnhwcljk104.com/index.html?lang=en,0,tranco,http://cdnhwcljk104.com/index.html?lang=en,cdnhwcljk104.com
8494.0,http://linodeusercontent.com/contact?q=test,0,tranco,http://linodeusercontent.com/contact?q=test,linodeusercontent.com
3966.0,http://bostonglobe.com/blog/article-name-here,0,tranco,http://bostonglobe.com/blog/article-name-here,bostonglobe.com
1109.0,http://www.mythad.com/api/v1/users?q=test,0,tranco,http://www.mythad.com/api/v1/users?q=test,mythad.com
9684.0,http://www.pex.jp/login?action=verify&token=abcxyz123abcxyz123abcxyz123abcxyz123abcxyz123abcxyz123abcxyz123abcxyz123,0,tranco,http://www.pex.jp/login?action=verify&token=abcxyz123abcxyz123abcxyz123abcxyz123abcxyz123abcxyz123abcxyz123abcxyz123,pex.jp
8082.0,http://digilocker.gov.in/contact?lang=en,0,tranco,http://digilocker.gov.in/contact?lang=en,digilocker.gov.in
790.0,http://a-msedge.net/assets/css/style.css?lang=en,0,tranco,http://a-msedge.net/assets/css/style.css?lang=en,a-msedge.net
1606.0,http://tjk.org/index.html?q=test,0,tranco,http://tjk.org/index.html?q=test,tjk.org
6387.0,http://attheraces.com,0,tranco,http://attheraces.com,attheraces.com
5943.0,http://pantip.com/download?token=abcxyz123,0,tranco,http://pantip.com/download?token=abcxyz123,pantip.com
,https://habittracker-29p.pages.dev/,1,openphish,https://habittracker-29p.pages.dev/,pages.dev
670.0,http://wattpad.com/download?token=abcxyz123,0,tranco,http://wattpad.com/download?token=abcxyz123,wattpad.com
7376.0,http://51job.com,0,tranco,http://51job.com,51job.com
1697.0,http://www.pornoborshch.com/assets/css/style.css,0,tranco,http://www.pornoborshch.com/assets/css/style.css,pornoborshch.com
8027.0,http://www.awsdns-10.co.uk/api/v1/users?lang=en,0,tranco,http://www.awsdns-10.co.uk/api/v1/users?lang=en,awsdns-10.co.uk
782.0,http://ailawandorder.com/login?q=test,0,tranco,http://ailawandorder.com/login?q=test,ailawandorder.com
5253.0,http://kasperskylabs.com,0,tranco,http://kasperskylabs.com,kasperskylabs.com
5236.0,http://alphadnszone.com/blog/article-name-here?lang=en,0,tranco,http://alphadnszone.com/blog/article-name-here?lang=en,alphadnszone.com
7184.0,http://www.mizuhobank.co.jp/wp-content/uploads/image.jpg,0,tranco,http://www.mizuhobank.co.jp/wp-content/uploads/image.jpg,mizuhobank.co.jp
7447.0,http://www.gwars.io/about?lang=en,0,tranco,http://www.gwars.io/about?lang=en,gwars.io
759.0,http://zillow.com/index.html,0,tranco,http://zillow.com/index.html,zillow.com
9348.0,http://www.pje.jus.br/wp-content/uploads/image.jpg?redirect_url=https%3A%2F%2Fexample.com%2Fdashboard&session_id=abcdef1234567890abcdef1234567890,0,tranco,http://www.pje.jus.br/wp-content/uploads/image.jpg?redirect_url=https://example.com/dashboard&session_id=abcdef1234567890abcdef1234567890,pje.jus.br
8443.0,http://www.comfortweather.com/assets/css/style.css?utm_source=newsletter&utm_medium=email,0,tranco,http://www.comfortweather.com/assets/css/style.css?utm_source=newsletter&utm_medium=email,comfortweather.com
5572.0,http://www.shrm.org/contact?token=abcxyz123,0,tranco,http://www.shrm.org/contact?token=abcxyz123,shrm.org
3894.0,http://gpubgm.com/search,0,tranco,http://gpubgm.com/search,gpubgm.com
2630.0,http://minecraft.net/assets/css/style.css,0,tranco,http://minecraft.net/assets/css/style.css,minecraft.net
617.0,http://unesco.org/index.html,0,tranco,http://unesco.org/index.html,unesco.org
1070.0,http://amagi.tv/api/v1/users?action=verify&token=abcxyz123abcxyz123abcxyz123abcxyz123abcxyz123abcxyz123abcxyz123abcxyz123,0,tranco,http://amagi.tv/api/v1/users?action=verify&token=abcxyz123abcxyz123abcxyz123abcxyz123abcxyz123abcxyz123abcxyz123abcxyz123,amagi.tv
4623.0,http://ably.io,0,tranco,http://ably.io,ably.io
1279.0,http://www.txnhh.com/login,0,tranco,http://www.txnhh.com/login,txnhh.com
8008.0,http://www.n0c.com/index.html?ref=twitter,0,tranco,http://www.n0c.com/index.html?ref=twitter,n0c.com
8815.0,http://olimpbet.kz/contact?action=verify&token=abcxyz123abcxyz123abcxyz123abcxyz123abcxyz123abcxyz123abcxyz123abcxyz123,0,tranco,http://olimpbet.kz/contact?action=verify&token=abcxyz123abcxyz123abcxyz123abcxyz123abcxyz123abcxyz123abcxyz123abcxyz123,olimpbet.kz
3001.0,http://globalcdn.co/index.html?redirect_url=https%3A%2F%2Fexample.com%2Fdashboard&session_id=abcdef1234567890abcdef1234567890,0,tranco,http://globalcdn.co/index.html?redirect_url=https://example.com/dashboard&session_id=abcdef1234567890abcdef1234567890,globalcdn.co
3133.0,http://www.indriverapp.com/blog/article-name-here,0,tranco,http://www.indriverapp.com/blog/article-name-here,indriverapp.com
7078.0,http://list-manage1.com,0,tranco,http://list-manage1.com,list-manage1.com
1267.0,http://xhsocial.com/assets/css/style.css,0,tranco,http://xhsocial.com/assets/css/style.css,xhsocial.com
9118.0,http://bangumi.org/contact?redirect_url=https%3A%2F%2Fexample.com%2Fdashboard&session_id=abcdef1234567890abcdef1234567890,0,tranco,http://bangumi.org/contact?redirect_url=https://example.com/dashboard&session_id=abcdef1234567890abcdef1234567890,bangumi.org
2339.0,http://www.tq-tungsten.com/login?id=123,0,tranco,http://www.tq-tungsten.com/login?id=123,tq-tungsten.com
4560.0,http://tanium.com,0,tranco,http://tanium.com,tanium.com
4868.0,http://www.ama-assn.org/blog/article-name-here,0,tranco,http://www.ama-assn.org/blog/article-name-here,ama-assn.org
4170.0,http://www.torproject.org/wp-content/uploads/image.jpg,0,tranco,http://www.torproject.org/wp-content/uploads/image.jpg,torproject.org
3840.0,http://www.themegrill.com/login?q=test,0,tranco,http://www.themegrill.com/login?q=test,themegrill.com
7902.0,http://www.awsdns-12.co.uk/api/v1/users,0,tranco,http://www.awsdns-12.co.uk/api/v1/users,awsdns-12.co.uk
4644.0,http://thespruce.com/register?token=abcxyz123,0,tranco,http://thespruce.com/register?token=abcxyz123,thespruce.com
5224.0,http://adsbynimbus.com/products/view/123?id=123,0,tranco,http://adsbynimbus.com/products/view/123?id=123,adsbynimbus.com
3841.0,http://www.cursor.com/search?action=verify&token=abcxyz123abcxyz123abcxyz123abcxyz123abcxyz123abcxyz123abcxyz123abcxyz123,0,tranco,http://www.cursor.com/search?action=verify&token=abcxyz123abcxyz123abcxyz123abcxyz123abcxyz123abcxyz123abcxyz123abcxyz123,cursor.com
2253.0,http://ad-delivery.net/search,0,tranco,http://ad-delivery.net/search,ad-delivery.net
4322.0,http://livemint.com/index.html,0,tranco,http://livemint.com/index.html,livemint.com
4420.0,http://backblazeb2.com/products/view/123,0,tranco,http://backblazeb2.com/products/view/123,backblazeb2.com
238.0,http://stripe.com/api/v1/users?lang=en,0,tranco,http://stripe.com/api/v1/users?lang=en,stripe.com
2825.0,http://claude.com/register,0,tranco,http://claude.com/register,claude.com
3957.0,http://awsdns-56.com/api/v1/users,0,tranco,http://awsdns-56.com/api/v1/users,awsdns-56.com
2398.0,http://sakura.ne.jp/products/view/123?token=abcxyz123,0,tranco,http://sakura.ne.jp/products/view/123?token=abcxyz123,sakura.ne.jp
3970.0,http://nordstrom.com/api/v1/users,0,tranco,http://nordstrom.com/api/v1/users,nordstrom.com
2396.0,http://www.asu.edu/blog/article-name-here,0,tranco,http://www.asu.edu/blog/article-name-here,asu.edu
3053.0,http://avto.net,0,tranco,http://avto.net,avto.net
7345.0,http://www.rpp.pe/register,0,tranco,http://www.rpp.pe/register,rpp.pe
6762.0,http://gaana.com/,0,tranco,http://gaana.com/,gaana.com
4124.0,http://hscollectedforms.net/contact?token=abcxyz123,0,tranco,http://hscollectedforms.net/contact?token=abcxyz123,hscollectedforms.net
3600.0,http://dns.com/search,0,tranco,http://dns.com/search,dns.com
2754.0,http://tiktokpangle-cdn-us.com,0,tranco,http://tiktokpangle-cdn-us.com,tiktokpangle-cdn-us.com
2771.0,http://thomsonreuters.com/search,0,tranco,http://thomsonreuters.com/search,thomsonreuters.com
5231.0,http://34.in-addr.arpa/login?q=test,0,tranco,http://34.in-addr.arpa/login?q=test,34.in-addr.arpa
5804.0,http://www.sony.tv/assets/css/style.css?id=123,0,tranco,http://www.sony.tv/assets/css/style.css?id=123,sony.tv
4858.0,http://atlasobscura.com,0,tranco,http://atlasobscura.com,atlasobscura.com
4217.0,http://venmo.com,0,tranco,http://venmo.com,venmo.com
7253.0,http://medicalxpress.com/search,0,tranco,http://medicalxpress.com/search,medicalxpress.com
7248.0,http://www.prismic.io/,0,tranco,http://www.prismic.io/,prismic.io
9911.0,http://www.ruso-turist.ru/,0,tranco,http://www.ruso-turist.ru/,ruso-turist.ru
7465.0,http://www.nationalgeographic.org/download,0,tranco,http://www.nationalgeographic.org/download,nationalgeographic.org
9089.0,http://yaeby.work,0,tranco,http://yaeby.work,yaeby.work
2323.0,http://apachefriends.org/download,0,tranco,http://apachefriends.org/download,apachefriends.org
1140.0,http://www.contentsquare.net/register?ref=twitter,0,tranco,http://www.contentsquare.net/register?ref=twitter,contentsquare.net
2639.0,http://filmyzilla40.com/blog/article-name-here?id=123,0,tranco,http://filmyzilla40.com/blog/article-name-here?id=123,filmyzilla40.com
5716.0,http://inmobi-choice.io,0,tranco,http://inmobi-choice.io,inmobi-choice.io
6126.0,http://ajio.com/products/view/123,0,tranco,http://ajio.com/products/view/123,ajio.com
745.0,http://ozone.ru,0,tranco,http://ozone.ru,ozone.ru
3023.0,http://www.foodnetwork.com/about,0,tranco,http://www.foodnetwork.com/about,foodnetwork.com
7573.0,http://porntrex.com/index.html,0,tranco,http://porntrex.com/index.html,porntrex.com
5437.0,http://sfr.net,0,tranco,http://sfr.net,sfr.net
7502.0,http://eurosport.fr/wp-content/uploads/image.jpg?q=test,0,tranco,http://eurosport.fr/wp-content/uploads/image.jpg?q=test,eurosport.fr
672.0,http://optimizely.com,0,tranco,http://optimizely.com,optimizely.com
6541.0,http://sf.net/assets/css/style.css,0,tranco,http://sf.net/assets/css/style.css,sf.net
320.0,http://www.myshopify.com/blog/article-name-here?q=test,0,tranco,http://www.myshopify.com/blog/article-name-here?q=test,myshopify.com
1162.0,http://www.megafon.ru/search?q=test,0,tranco,http://www.megafon.ru/search?q=test,megafon.ru
5348.0,http://queniuuf.com/api/v1/users?token=abcxyz123,0,tranco,http://queniuuf.com/api/v1/users?token=abcxyz123,queniuuf.com
2070.0,http://redd.it/blog/article-name-here?id=123,0,tranco,http://redd.it/blog/article-name-here?id=123,redd.it
2924.0,http://www.usertrust.com/?id=123,0,tranco,http://www.usertrust.com/?id=123,usertrust.com
,https://www.roblox.com.bi/users/457336501877/profileexploitmalwarenetwork,1,openphish,https://www.roblox.com.bi/users/457336501877/profileexploitmalwarenetwork,roblox.com.bi
5405.0,http://momoshop.com.tw/blog/article-name-here,0,tranco,http://momoshop.com.tw/blog/article-name-here,momoshop.com.tw
2066.0,http://www.dynamics.com/blog/article-name-here?page=2,0,tranco,http://www.dynamics.com/blog/article-name-here?page=2,dynamics.com
9529.0,http://www.wantgoo.com/search,0,tranco,http://www.wantgoo.com/search,wantgoo.com
9936.0,http://uffmaal.com,0,tranco,http://uffmaal.com,uffmaal.com
1588.0,http://www.okxxx1.com/index.html?action=verify&token=abcxyz123abcxyz123abcxyz123abcxyz123abcxyz123abcxyz123abcxyz123abcxyz123,0,tranco,http://www.okxxx1.com/index.html?action=verify&token=abcxyz123abcxyz123abcxyz123abcxyz123abcxyz123abcxyz123abcxyz123abcxyz123,okxxx1.com
4980.0,http://www.goneo.de/,0,tranco,http://www.goneo.de/,goneo.de
2056.0,http://aboutcookies.org/products/view/123,0,tranco,http://aboutcookies.org/products/view/123,aboutcookies.org
5334.0,http://hwg.org,0,tranco,http://hwg.org,hwg.org
6261.0,http://nghttp2.org/contact,0,tranco,http://nghttp2.org/contact,nghttp2.org
5551.0,http://setlist.fm/search?ref=twitter,0,tranco,http://setlist.fm/search?ref=twitter,setlist.fm
6873.0,http://www.104.com.tw/register,0,tranco,http://www.104.com.tw/register,104.com.tw
4522.0,http://www.hpdaas.com/blog/article-name-here,0,tranco,http://www.hpdaas.com/blog/article-name-here,hpdaas.com
6188.0,http://www.evidon.com/assets/css/style.css?action=verify&token=abcxyz123abcxyz123abcxyz123abcxyz123abcxyz123abcxyz123abcxyz123abcxyz123,0,tranco,http://www.evidon.com/assets/css/style.css?action=verify&token=abcxyz123abcxyz123abcxyz123abcxyz123abcxyz123abcxyz123abcxyz123abcxyz123,evidon.com
9253.0,http://www.netdna-ssl.com/products/view/123?action=verify&token=abcxyz123abcxyz123abcxyz123abcxyz123abcxyz123abcxyz123abcxyz123abcxyz123,0,tranco,http://www.netdna-ssl.com/products/view/123?action=verify&token=abcxyz123abcxyz123abcxyz123abcxyz123abcxyz123abcxyz123abcxyz123abcxyz123,netdna-ssl.com
6431.0,http://www.google.com.bz/assets/css/style.css,0,tranco,http://www.google.com.bz/assets/css/style.css,google.com.bz
5052.0,http://www.zxcs.nl/?page=2,0,tranco,http://www.zxcs.nl/?page=2,zxcs.nl
9940.0,http://www.bpexch.com/api/v1/users,0,tranco,http://www.bpexch.com/api/v1/users,bpexch.com
397.0,http://unsplash.com,0,tranco,http://unsplash.com,unsplash.com
5119.0,http://www.theweathernetwork.com/search,0,tranco,http://www.theweathernetwork.com/search,theweathernetwork.com
8738.0,http://www.roeyecdn.com/assets/css/style.css,0,tranco,http://www.roeyecdn.com/assets/css/style.css,roeyecdn.com
3672.0,http://www.bollyflix.at/?action=verify&token=abcxyz123abcxyz123abcxyz123abcxyz123abcxyz123abcxyz123abcxyz123abcxyz123,0,tranco,http://www.bollyflix.at/?action=verify&token=abcxyz123abcxyz123abcxyz123abcxyz123abcxyz123abcxyz123abcxyz123abcxyz123,bollyflix.at
7249.0,http://hely.tech/login,0,tranco,http://hely.tech/login,hely.tech
2979.0,http://www.bsgslb.com/wp-content/uploads/image.jpg?q=test,0,tranco,http://www.bsgslb.com/wp-content/uploads/image.jpg?q=test,bsgslb.com
4144.0,http://awsdns-44.com,0,tranco,http://awsdns-44.com,awsdns-44.com
7293.0,http://www.iom.int/products/view/123?lang=en,0,tranco,http://www.iom.int/products/view/123?lang=en,iom.int
8050.0,http://www.milffox.com/register?redirect_url=https%3A%2F%2Fexample.com%2Fdashboard&session_id=abcdef1234567890abcdef1234567890,0,tranco,http://www.milffox.com/register?redirect_url=https://example.com/dashboard&session_id=abcdef1234567890abcdef1234567890,milffox.com
8668.0,http://world.co.jp/search?lang=en,0,tranco,http://world.co.jp/search?lang=en,world.co.jp
365.0,http://www.calendly.com/blog/article-name-here,0,tranco,http://www.calendly.com/blog/article-name-here,calendly.com
750.0,http://www.mckinsey.com/login?lang=en,0,tranco,http://www.mckinsey.com/login?lang=en,mckinsey.com
235.0,http://nr-data.net/login,0,tranco,http://nr-data.net/login,nr-data.net
2404.0,http://mlstatic.com,0,tranco,http://mlstatic.com,mlstatic.com
2731.0,http://www.mojang.com/index.html,0,tranco,http://www.mojang.com/index.html,mojang.com
2733.0,http://marzaent.com,0,tranco,http://marzaent.com,marzaent.com
7666.0,http://adsmeasurement.com/contact?token=abcxyz123,0,tranco,http://adsmeasurement.com/contact?token=abcxyz123,adsmeasurement.com
124.0,http://vkuserphoto.ru,0,tranco,http://vkuserphoto.ru,vkuserphoto.ru
3992.0,http://2o7.net/about?action=verify&token=abcxyz123abcxyz123abcxyz123abcxyz123abcxyz123abcxyz123abcxyz123abcxyz123,0,tranco,http://2o7.net/about?action=verify&token=abcxyz123abcxyz123abcxyz123abcxyz123abcxyz123abcxyz123abcxyz123abcxyz123,2o7.net
5148.0,http://www.tvp.pl/about,0,tranco,http://www.tvp.pl/about,tvp.pl
920.0,http://www.samsungiotcloud.com/search?token=abcxyz123,0,tranco,http://www.samsungiotcloud.com/search?token=abcxyz123,samsungiotcloud.com
9011.0,http://xiaohei.com/blog/article-name-here?page=2,0,tranco,http://xiaohei.com/blog/article-name-here?page=2,xiaohei.com
9847.0,http://phimsexsuong3x.net/about,0,tranco,http://phimsexsuong3x.net/about,phimsexsuong3x.net
8456.0,http://bonprix.de/register,0,tranco,http://bonprix.de/register,bonprix.de
3322.0,http://ispot.tv,0,tranco,http://ispot.tv,ispot.tv
8105.0,http://www.allwyn.cz/products/view/123?q=test,0,tranco,http://www.allwyn.cz/products/view/123?q=test,allwyn.cz
972.0,http://digitaloceanspaces.com/register?page=2,0,tranco,http://digitaloceanspaces.com/register?page=2,digitaloceanspaces.com
8123.0,http://imolive2.com/login,0,tranco,http://imolive2.com/login,imolive2.com
1569.0,http://eepurl.com/wp-content/uploads/image.jpg,0,tranco,http://eepurl.com/wp-content/uploads/image.jpg,eepurl.com
6565.0,http://www.splunk.com/download?utm_source=newsletter&utm_medium=email,0,tranco,http://www.splunk.com/download?utm_source=newsletter&utm_medium=email,splunk.com
9832.0,http://www.suramericana.com/search?redirect_url=https%3A%2F%2Fexample.com%2Fdashboard&session_id=abcdef1234567890abcdef1234567890,0,tranco,http://www.suramericana.com/search?redirect_url=https://example.com/dashboard&session_id=abcdef1234567890abcdef1234567890,suramericana.com
,https://api.msuto.com/,1,openphish,https://api.msuto.com/,msuto.com
2248.0,http://www.quantcount.com/about,0,tranco,http://www.quantcount.com/about,quantcount.com
,https://saa-s-team-board--technical50.replit.app/,1,openphish,https://saa-s-team-board--technical50.replit.app/,replit.app
4043.0,http://www.xhpingcdn.com/wp-content/uploads/image.jpg,0,tranco,http://www.xhpingcdn.com/wp-content/uploads/image.jpg,xhpingcdn.com
7481.0,http://auchan.fr/register?redirect_url=https%3A%2F%2Fexample.com%2Fdashboard&session_id=abcdef1234567890abcdef1234567890,0,tranco,http://auchan.fr/register?redirect_url=https://example.com/dashboard&session_id=abcdef1234567890abcdef1234567890,auchan.fr
8601.0,http://bazos.sk,0,tranco,http://bazos.sk,bazos.sk
9304.0,http://clickbank.net/api/v1/users?q=test,0,tranco,http://clickbank.net/api/v1/users?q=test,clickbank.net
8225.0,http://awsdns-08.co.uk/about,0,tranco,http://awsdns-08.co.uk/about,awsdns-08.co.uk
9151.0,http://www.oceans-nadia.com/,0,tranco,http://www.oceans-nadia.com/,oceans-nadia.com
8693.0,http://deviantart.net,0,tranco,http://deviantart.net,deviantart.net
6235.0,http://www.euractiv.com/register?q=test,0,tranco,http://www.euractiv.com/register?q=test,euractiv.com
931.0,http://www.mercadolibre.com.ar/products/view/123,0,tranco,http://www.mercadolibre.com.ar/products/view/123,mercadolibre.com.ar
7321.0,http://about.google,0,tranco,http://about.google,about.google
6177.0,http://4pda.to/index.html?id=123,0,tranco,http://4pda.to/index.html?id=123,4pda.to
906.0,http://go-mpulse.net/products/view/123,0,tranco,http://go-mpulse.net/products/view/123,go-mpulse.net
8098.0,http://uc.pt,0,tranco,http://uc.pt,uc.pt
2822.0,http://www.indianexpress.com/wp-content/uploads/image.jpg?lang=en,0,tranco,http://www.indianexpress.com/wp-content/uploads/image.jpg?lang=en,indianexpress.com
,https://d30sec8k5ond2x.cloudfront.net/dp/B0GRJTMV5T/ref=mes-dp?_encoding=UTF8&pd_rd_w=i0O2C&content-id=amzn1.sym.f45dea16-f25a-4516-b170-6b4033444233&pf_rd_p=f45dea16-f25a-4516-b170-6b4033444233&pf_rd_r=SZSZSF4DJVBEWWDFVFAJ&pd_rd_wg=jmgSe&pd_rd_r=cf5f5d10-32de-4c12-89c0-3a51d466af30,1,openphish,https://d30sec8k5ond2x.cloudfront.net/dp/B0GRJTMV5T/ref=mes-dp?_encoding=UTF8&pd_rd_w=i0O2C&content-id=amzn1.sym.f45dea16-f25a-4516-b170-6b4033444233&pf_rd_p=f45dea16-f25a-4516-b170-6b4033444233&pf_rd_r=SZSZSF4DJVBEWWDFVFAJ&pd_rd_wg=jmgSe&pd_rd_r=cf5f5d10-32de-4c12-89c0-3a51d466af30,cloudfront.net
9139.0,http://www.womensecret.com/about?redirect_url=https%3A%2F%2Fexample.com%2Fdashboard&session_id=abcdef1234567890abcdef1234567890,0,tranco,http://www.womensecret.com/about?redirect_url=https://example.com/dashboard&session_id=abcdef1234567890abcdef1234567890,womensecret.com
,http://birukkapp.netlify.app/,1,openphish,http://birukkapp.netlify.app/,netlify.app
8047.0,http://parkingcrew.net,0,tranco,http://parkingcrew.net,parkingcrew.net
8713.0,http://vidssave.com,0,tranco,http://vidssave.com,vidssave.com
738.0,http://box.com/index.html?page=2,0,tranco,http://box.com/index.html?page=2,box.com
4789.0,http://myhostadmin.net/?lang=en,0,tranco,http://myhostadmin.net/?lang=en,myhostadmin.net
8088.0,http://elitebabes.com/login,0,tranco,http://elitebabes.com/login,elitebabes.com
7425.0,http://libertatea.ro/,0,tranco,http://libertatea.ro/,libertatea.ro
3153.0,http://jampp.com/download,0,tranco,http://jampp.com/download,jampp.com
4882.0,http://impact.com/index.html,0,tranco,http://impact.com/index.html,impact.com
1642.0,http://momon-ga.com,0,tranco,http://momon-ga.com,momon-ga.com
8678.0,http://www.pososite.com/register,0,tranco,http://www.pososite.com/register,pososite.com
4956.0,http://blackrock.com/contact,0,tranco,http://blackrock.com/contact,blackrock.com
502.0,http://newrelic.com/register,0,tranco,http://newrelic.com/register,newrelic.com
8453.0,http://registrydns.co/search?action=verify&token=abcxyz123abcxyz123abcxyz123abcxyz123abcxyz123abcxyz123abcxyz123abcxyz123,0,tranco,http://registrydns.co/search?action=verify&token=abcxyz123abcxyz123abcxyz123abcxyz123abcxyz123abcxyz123abcxyz123abcxyz123,registrydns.co
6793.0,http://svt.se/download,0,tranco,http://svt.se/download,svt.se
4604.0,http://aviasales.ru/assets/css/style.css,0,tranco,http://aviasales.ru/assets/css/style.css,aviasales.ru
6393.0,http://1und1.de,0,tranco,http://1und1.de,1und1.de
1786.0,http://www.vmware.com/contact,0,tranco,http://www.vmware.com/contact,vmware.com
6852.0,http://valve.net/download?redirect_url=https%3A%2F%2Fexample.com%2Fdashboard&session_id=abcdef1234567890abcdef1234567890,0,tranco,http://valve.net/download?redirect_url=https://example.com/dashboard&session_id=abcdef1234567890abcdef1234567890,valve.net
8807.0,http://www.flingo.tv/contact,0,tranco,http://www.flingo.tv/contact,flingo.tv
9251.0,http://www.tkc.co.jp/contact,0,tranco,http://www.tkc.co.jp/contact,tkc.co.jp
5554.0,http://dbankcloud.eu/assets/css/style.css?lang=en,0,tranco,http://dbankcloud.eu/assets/css/style.css?lang=en,dbankcloud.eu
3830.0,http://www.shopee.vn/register,0,tranco,http://www.shopee.vn/register,shopee.vn
5827.0,http://www.americanbar.org/api/v1/users,0,tranco,http://www.americanbar.org/api/v1/users,americanbar.org
8897.0,http://rynekzdrowia.pl,0,tranco,http://rynekzdrowia.pl,rynekzdrowia.pl
6024.0,http://leavenworth-net.com/api/v1/users,0,tranco,http://leavenworth-net.com/api/v1/users,leavenworth-net.com
9994.0,http://gamcare.org.uk/contact,0,tranco,http://gamcare.org.uk/contact,gamcare.org.uk
3797.0,http://www.google.com.eg/download,0,tranco,http://www.google.com.eg/download,google.com.eg
3480.0,http://wustl.edu/,0,tranco,http://wustl.edu/,wustl.edu
67.0,http://ntp.org/assets/css/style.css,0,tranco,http://ntp.org/assets/css/style.css,ntp.org
6169.0,http://www.xfree.com/contact?ref=twitter,0,tranco,http://www.xfree.com/contact?ref=twitter,xfree.com
7598.0,http://destentor.nl/products/view/123,0,tranco,http://destentor.nl/products/view/123,destentor.nl
2110.0,http://www.in.net/contact?action=verify&token=abcxyz123abcxyz123abcxyz123abcxyz123abcxyz123abcxyz123abcxyz123abcxyz123,0,tranco,http://www.in.net/contact?action=verify&token=abcxyz123abcxyz123abcxyz123abcxyz123abcxyz123abcxyz123abcxyz123abcxyz123,in.net
7509.0,http://directv.com/assets/css/style.css,0,tranco,http://directv.com/assets/css/style.css,directv.com
3947.0,http://replit.com/register?utm_source=newsletter&utm_medium=email,0,tranco,http://replit.com/register?utm_source=newsletter&utm_medium=email,replit.com
5085.0,http://www.2miners.com/search,0,tranco,http://www.2miners.com/search,2miners.com
1637.0,http://escort.club,0,tranco,http://escort.club,escort.club
434.0,http://www.wp.com/about,0,tranco,http://www.wp.com/about,wp.com
7674.0,http://www.bp.com/download?page=2,0,tranco,http://www.bp.com/download?page=2,bp.com
233.0,http://ubuntu.com/search?action=verify&token=abcxyz123abcxyz123abcxyz123abcxyz123abcxyz123abcxyz123abcxyz123abcxyz123,0,tranco,http://ubuntu.com/search?action=verify&token=abcxyz123abcxyz123abcxyz123abcxyz123abcxyz123abcxyz123abcxyz123abcxyz123,ubuntu.com
9544.0,http://www.cerdas.com/products/view/123,0,tranco,http://www.cerdas.com/products/view/123,cerdas.com
9261.0,http://mhrs.gov.tr/,0,tranco,http://mhrs.gov.tr/,mhrs.gov.tr
3800.0,http://ebsco.com,0,tranco,http://ebsco.com,ebsco.com
8111.0,http://stockx.com/wp-content/uploads/image.jpg?id=123,0,tranco,http://stockx.com/wp-content/uploads/image.jpg?id=123,stockx.com
5067.0,http://www.zdnscloud.info/contact?lang=en,0,tranco,http://www.zdnscloud.info/contact?lang=en,zdnscloud.info
5502.0,http://scielo.br,0,tranco,http://scielo.br,scielo.br
7944.0,http://kinsta.cloud,0,tranco,http://kinsta.cloud,kinsta.cloud
7697.0,http://www.getresponse.com/wp-content/uploads/image.jpg,0,tranco,http://www.getresponse.com/wp-content/uploads/image.jpg,getresponse.com
6342.0,http://vinted.pl,0,tranco,http://vinted.pl,vinted.pl
2036.0,http://www.lync.com/contact,0,tranco,http://www.lync.com/contact,lync.com
8374.0,http://www.hentaicity.com/index.html?redirect_url=https%3A%2F%2Fexample.com%2Fdashboard&session_id=abcdef1234567890abcdef1234567890,0,tranco,http://www.hentaicity.com/index.html?redirect_url=https://example.com/dashboard&session_id=abcdef1234567890abcdef1234567890,hentaicity.com
4176.0,http://www.parrot-flow.com/?redirect_url=https%3A%2F%2Fexample.com%2Fdashboard&session_id=abcdef1234567890abcdef1234567890,0,tranco,http://www.parrot-flow.com/?redirect_url=https://example.com/dashboard&session_id=abcdef1234567890abcdef1234567890,parrot-flow.com
5289.0,http://excite.co.jp/about,0,tranco,http://excite.co.jp/about,excite.co.jp
9469.0,http://www.dignitymemorial.com/login,0,tranco,http://www.dignitymemorial.com/login,dignitymemorial.com
3843.0,http://www.js.org/blog/article-name-here,0,tranco,http://www.js.org/blog/article-name-here,js.org
1188.0,http://www.hotpepper.jp/blog/article-name-here,0,tranco,http://www.hotpepper.jp/blog/article-name-here,hotpepper.jp
5770.0,http://www.boingboing.net/contact?token=abcxyz123,0,tranco,http://www.boingboing.net/contact?token=abcxyz123,boingboing.net
3196.0,http://www.walkme.com/blog/article-name-here,0,tranco,http://www.walkme.com/blog/article-name-here,walkme.com
2358.0,http://firstvds.ru,0,tranco,http://firstvds.ru,firstvds.ru
5851.0,http://hoyolab.com/about,0,tranco,http://hoyolab.com/about,hoyolab.com
8303.0,http://www.mgstage.com/about,0,tranco,http://www.mgstage.com/about,mgstage.com
816.0,http://www.xbox.com/login?ref=twitter,0,tranco,http://www.xbox.com/login?ref=twitter,xbox.com
728.0,http://ring.com/assets/css/style.css?action=verify&token=abcxyz123abcxyz123abcxyz123abcxyz123abcxyz123abcxyz123abcxyz123abcxyz123,0,tranco,http://ring.com/assets/css/style.css?action=verify&token=abcxyz123abcxyz123abcxyz123abcxyz123abcxyz123abcxyz123abcxyz123abcxyz123,ring.com
5449.0,http://bancointer.com.br/api/v1/users,0,tranco,http://bancointer.com.br/api/v1/users,bancointer.com.br
1054.0,http://n-tv.de,0,tranco,http://n-tv.de,n-tv.de
1921.0,http://www.bootstrapcdn.com/login,0,tranco,http://www.bootstrapcdn.com/login,bootstrapcdn.com
9152.0,http://ondisk.co.kr/wp-content/uploads/image.jpg,0,tranco,http://ondisk.co.kr/wp-content/uploads/image.jpg,ondisk.co.kr
4550.0,http://nhentai.net/contact,0,tranco,http://nhentai.net/contact,nhentai.net
298.0,http://steampowered.com/wp-content/uploads/image.jpg?token=abcxyz123,0,tranco,http://steampowered.com/wp-content/uploads/image.jpg?token=abcxyz123,steampowered.com
9528.0,http://sps-system.com/contact?utm_source=newsletter&utm_medium=email,0,tranco,http://sps-system.com/contact?utm_source=newsletter&utm_medium=email,sps-system.com
5978.0,http://inria.fr,0,tranco,http://inria.fr,inria.fr
1206.0,http://makemytrip.com/assets/css/style.css?token=abcxyz123,0,tranco,http://makemytrip.com/assets/css/style.css?token=abcxyz123,makemytrip.com
964.0,http://xhamster46.desi/login,0,tranco,http://xhamster46.desi/login,xhamster46.desi
3034.0,http://tableau.com/contact,0,tranco,http://tableau.com/contact,tableau.com
1411.0,http://otomoto.pl/wp-content/uploads/image.jpg,0,tranco,http://otomoto.pl/wp-content/uploads/image.jpg,otomoto.pl
9371.0,http://blockaway.net,0,tranco,http://blockaway.net,blockaway.net
3718.0,http://lovable.dev/about?id=123,0,tranco,http://lovable.dev/about?id=123,lovable.dev
1758.0,http://examinationservices.nic.in/api/v1/users?id=123,0,tranco,http://examinationservices.nic.in/api/v1/users?id=123,examinationservices.nic.in
3387.0,http://www.sas.com/about?page=2,0,tranco,http://www.sas.com/about?page=2,sas.com
9425.0,http://www.headspace.com/login,0,tranco,http://www.headspace.com/login,headspace.com
8808.0,http://www.auctollo.com/contact?id=123,0,tranco,http://www.auctollo.com/contact?id=123,auctollo.com
2205.0,http://windy.com/register,0,tranco,http://windy.com/register,windy.com
5660.0,http://golang.org,0,tranco,http://golang.org,golang.org
9486.0,http://www.xskt.com.vn/search?token=abcxyz123,0,tranco,http://www.xskt.com.vn/search?token=abcxyz123,xskt.com.vn
3541.0,http://www.googlehosted.com/index.html,0,tranco,http://www.googlehosted.com/index.html,googlehosted.com
4098.0,http://redcross.org/assets/css/style.css,0,tranco,http://redcross.org/assets/css/style.css,redcross.org
198.0,http://lencr.org/download,0,tranco,http://lencr.org/download,lencr.org
5568.0,http://iplanet.com/download,0,tranco,http://iplanet.com/download,iplanet.com
3917.0,http://www.org.ru/login,0,tranco,http://www.org.ru/login,org.ru
2419.0,http://www.playinrace.com/contact?page=2,0,tranco,http://www.playinrace.com/contact?page=2,playinrace.com
1819.0,http://va.gov/api/v1/users,0,tranco,http://va.gov/api/v1/users,va.gov
5727.0,http://miami.edu/login?token=abcxyz123,0,tranco,http://miami.edu/login?token=abcxyz123,miami.edu
224.0,http://cdngslb.com/,0,tranco,http://cdngslb.com/,cdngslb.com
7639.0,http://queensu.ca/index.html,0,tranco,http://queensu.ca/index.html,queensu.ca
5966.0,http://ltmsphrcl.net/api/v1/users?token=abcxyz123,0,tranco,http://ltmsphrcl.net/api/v1/users?token=abcxyz123,ltmsphrcl.net
2390.0,http://braiiz.com,0,tranco,http://braiiz.com,braiiz.com
2869.0,http://privacyshield.gov,0,tranco,http://privacyshield.gov,privacyshield.gov
9460.0,http://wfxs.tw/download,0,tranco,http://wfxs.tw/download,wfxs.tw
2331.0,http://nickfinder.com,0,tranco,http://nickfinder.com,nickfinder.com
3636.0,http://www.proquest.com/search?q=test,0,tranco,http://www.proquest.com/search?q=test,proquest.com
7604.0,http://uta-net.com/products/view/123?q=test,0,tranco,http://uta-net.com/products/view/123?q=test,uta-net.com
3352.0,http://www.dhl.de/login?ref=twitter,0,tranco,http://www.dhl.de/login?ref=twitter,dhl.de
378.0,http://xboxlive.com/api/v1/users,0,tranco,http://xboxlive.com/api/v1/users,xboxlive.com
3673.0,http://awsdns-49.com,0,tranco,http://awsdns-49.com,awsdns-49.com
7807.0,http://www.correiobraziliense.com.br/download,0,tranco,http://www.correiobraziliense.com.br/download,correiobraziliense.com.br
178.0,http://macromedia.com,0,tranco,http://macromedia.com,macromedia.com
5269.0,http://nifty.com/contact,0,tranco,http://nifty.com/contact,nifty.com
8529.0,http://www.abadis.ir/wp-content/uploads/image.jpg,0,tranco,http://www.abadis.ir/wp-content/uploads/image.jpg,abadis.ir
4520.0,http://apkpure.net/api/v1/users,0,tranco,http://apkpure.net/api/v1/users,apkpure.net
4952.0,http://aoneroom.com/products/view/123,0,tranco,http://aoneroom.com/products/view/123,aoneroom.com
,https://d30sec8k5ond2x.cloudfront.net/Exposure-House-Harrington-Book-2-ebook/dp/B0GTBQVGQ3/,1,openphish,https://d30sec8k5ond2x.cloudfront.net/Exposure-House-Harrington-Book-2-ebook/dp/B0GTBQVGQ3/,cloudfront.net
4320.0,http://netgate.com,0,tranco,http://netgate.com,netgate.com
9386.0,http://www.aastocks.com/blog/article-name-here?utm_source=newsletter&utm_medium=email,0,tranco,http://www.aastocks.com/blog/article-name-here?utm_source=newsletter&utm_medium=email,aastocks.com
5914.0,http://mangadex.org/index.html,0,tranco,http://mangadex.org/index.html,mangadex.org
6664.0,http://awsdns-35.net,0,tranco,http://awsdns-35.net,awsdns-35.net
9513.0,http://www.o3t.ru/blog/article-name-here?redirect_url=https%3A%2F%2Fexample.com%2Fdashboard&session_id=abcdef1234567890abcdef1234567890,0,tranco,http://www.o3t.ru/blog/article-name-here?redirect_url=https://example.com/dashboard&session_id=abcdef1234567890abcdef1234567890,o3t.ru
3766.0,http://dji.com/wp-content/uploads/image.jpg,0,tranco,http://dji.com/wp-content/uploads/image.jpg,dji.com
7088.0,http://axs.com/assets/css/style.css?utm_source=newsletter&utm_medium=email,0,tranco,http://axs.com/assets/css/style.css?utm_source=newsletter&utm_medium=email,axs.com
7414.0,http://ladesk.com,0,tranco,http://ladesk.com,ladesk.com
9455.0,http://www.sassa.gov.za/login,0,tranco,http://www.sassa.gov.za/login,sassa.gov.za
1120.0,http://www.dns.cn/search,0,tranco,http://www.dns.cn/search,dns.cn
,https://www.15832.xyz/,1,openphish,https://www.15832.xyz/,15832.xyz
492.0,http://scribd.com/contact,0,tranco,http://scribd.com/contact,scribd.com
7607.0,http://www.word.tips/download?id=123,0,tranco,http://www.word.tips/download?id=123,word.tips
6096.0,http://lilithgame.com/about,0,tranco,http://lilithgame.com/about,lilithgame.com
9312.0,http://planetwin365.it/api/v1/users,0,tranco,http://planetwin365.it/api/v1/users,planetwin365.it
4607.0,http://cribl.cloud/download,0,tranco,http://cribl.cloud/download,cribl.cloud
9868.0,http://www.keiba.go.jp/assets/css/style.css?token=abcxyz123,0,tranco,http://www.keiba.go.jp/assets/css/style.css?token=abcxyz123,keiba.go.jp
2091.0,http://www.tribalfusion.com/register?q=test,0,tranco,http://www.tribalfusion.com/register?q=test,tribalfusion.com
2975.0,http://www.imageshack.us/blog/article-name-here?lang=en,0,tranco,http://www.imageshack.us/blog/article-name-here?lang=en,imageshack.us
9327.0,http://saasexch.com,0,tranco,http://saasexch.com,saasexch.com
3346.0,http://www.adotmob.com/search?token=abcxyz123,0,tranco,http://www.adotmob.com/search?token=abcxyz123,adotmob.com
6375.0,http://www.defensx.com/download?utm_source=newsletter&utm_medium=email,0,tranco,http://www.defensx.com/download?utm_source=newsletter&utm_medium=email,defensx.com
4106.0,http://www.gap.com/download?id=123,0,tranco,http://www.gap.com/download?id=123,gap.com
5324.0,http://batdongsan.com.vn/about?page=2,0,tranco,http://batdongsan.com.vn/about?page=2,batdongsan.com.vn
8619.0,http://hsbc.com/wp-content/uploads/image.jpg,0,tranco,http://hsbc.com/wp-content/uploads/image.jpg,hsbc.com
8931.0,http://www.camel1.tv/index.html?id=123,0,tranco,http://www.camel1.tv/index.html?id=123,camel1.tv
3629.0,http://awsdns-54.com/api/v1/users,0,tranco,http://awsdns-54.com/api/v1/users,awsdns-54.com
5566.0,http://nj.com/about,0,tranco,http://nj.com/about,nj.com
4937.0,http://meganameservers.eu,0,tranco,http://meganameservers.eu,meganameservers.eu
6841.0,http://www.gameforge.com/download?id=123,0,tranco,http://www.gameforge.com/download?id=123,gameforge.com
5103.0,http://tik.porn/download?page=2,0,tranco,http://tik.porn/download?page=2,tik.porn
2261.0,http://www.ccgateway.net/,0,tranco,http://www.ccgateway.net/,ccgateway.net
3774.0,http://www.twinrdengine.com/contact,0,tranco,http://www.twinrdengine.com/contact,twinrdengine.com
7096.0,http://zalando.nl/download,0,tranco,http://zalando.nl/download,zalando.nl
7759.0,http://dola.com/,0,tranco,http://dola.com/,dola.com
1134.0,http://coursera.org,0,tranco,http://coursera.org,coursera.org
8484.0,http://sciencenews.org,0,tranco,http://sciencenews.org,sciencenews.org
4601.0,http://sovcombank.ru/wp-content/uploads/image.jpg,0,tranco,http://sovcombank.ru/wp-content/uploads/image.jpg,sovcombank.ru
1534.0,http://akismet.com,0,tranco,http://akismet.com,akismet.com
4579.0,http://www.srf.ch/assets/css/style.css,0,tranco,http://www.srf.ch/assets/css/style.css,srf.ch
8407.0,http://sail-personalize.com/search,0,tranco,http://sail-personalize.com/search,sail-personalize.com
7400.0,http://unstoppabledomains.com/,0,tranco,http://unstoppabledomains.com/,unstoppabledomains.com
6691.0,http://zol.com.cn,0,tranco,http://zol.com.cn,zol.com.cn
594.0,http://360.cn/login,0,tranco,http://360.cn/login,360.cn
7631.0,http://apollo.io/search,0,tranco,http://apollo.io/search,apollo.io
8906.0,http://babesource.com/search?utm_source=newsletter&utm_medium=email,0,tranco,http://babesource.com/search?utm_source=newsletter&utm_medium=email,babesource.com
5944.0,http://obi.de/products/view/123?token=abcxyz123,0,tranco,http://obi.de/products/view/123?token=abcxyz123,obi.de
3369.0,http://www.trs-dns.info/blog/article-name-here,0,tranco,http://www.trs-dns.info/blog/article-name-here,trs-dns.info
602.0,http://playstation.com/api/v1/users?ref=twitter,0,tranco,http://playstation.com/api/v1/users?ref=twitter,playstation.com
1176.0,http://jw.org/contact?utm_source=newsletter&utm_medium=email,0,tranco,http://jw.org/contact?utm_source=newsletter&utm_medium=email,jw.org
59.0,http://roblox.com,0,tranco,http://roblox.com,roblox.com
7027.0,http://monotaro.com/api/v1/users?utm_source=newsletter&utm_medium=email,0,tranco,http://monotaro.com/api/v1/users?utm_source=newsletter&utm_medium=email,monotaro.com
689.0,http://fifa.com/index.html,0,tranco,http://fifa.com/index.html,fifa.com
1445.0,http://www.fedoraproject.org/products/view/123,0,tranco,http://www.fedoraproject.org/products/view/123,fedoraproject.org
5879.0,http://cio.com/blog/article-name-here?id=123,0,tranco,http://cio.com/blog/article-name-here?id=123,cio.com
8010.0,http://www.perfectgirls.xxx/products/view/123?lang=en,0,tranco,http://www.perfectgirls.xxx/products/view/123?lang=en,perfectgirls.xxx
5286.0,http://ons.gov.uk/index.html?lang=en,0,tranco,http://ons.gov.uk/index.html?lang=en,ons.gov.uk
1745.0,http://sexmupxinh.net/login?utm_source=newsletter&utm_medium=email,0,tranco,http://sexmupxinh.net/login?utm_source=newsletter&utm_medium=email,sexmupxinh.net
76.0,http://www.tiktokcdn.com/login?lang=en,0,tranco,http://www.tiktokcdn.com/login?lang=en,tiktokcdn.com
6695.0,http://www.mediarithmics.com/blog/article-name-here,0,tranco,http://www.mediarithmics.com/blog/article-name-here,mediarithmics.com
2351.0,http://diretta.it/wp-content/uploads/image.jpg,0,tranco,http://diretta.it/wp-content/uploads/image.jpg,diretta.it
5589.0,http://playground.ru/assets/css/style.css?action=verify&token=abcxyz123abcxyz123abcxyz123abcxyz123abcxyz123abcxyz123abcxyz123abcxyz123,0,tranco,http://playground.ru/assets/css/style.css?action=verify&token=abcxyz123abcxyz123abcxyz123abcxyz123abcxyz123abcxyz123abcxyz123abcxyz123,playground.ru
6688.0,http://www.fws.gov/download,0,tranco,http://www.fws.gov/download,fws.gov
6680.0,http://www.freeconvert.com/products/view/123,0,tranco,http://www.freeconvert.com/products/view/123,freeconvert.com
1075.0,http://www.ultimate-guitar.com/login,0,tranco,http://www.ultimate-guitar.com/login,ultimate-guitar.com
9071.0,http://doofinder.com,0,tranco,http://doofinder.com,doofinder.com
3446.0,http://www.c6gj-static.net/assets/css/style.css?action=verify&token=abcxyz123abcxyz123abcxyz123abcxyz123abcxyz123abcxyz123abcxyz123abcxyz123,0,tranco,http://www.c6gj-static.net/assets/css/style.css?action=verify&token=abcxyz123abcxyz123abcxyz123abcxyz123abcxyz123abcxyz123abcxyz123abcxyz123,c6gj-static.net
1923.0,http://www.orcid.org/register?id=123,0,tranco,http://www.orcid.org/register?id=123,orcid.org
2294.0,http://www.suruga-ya.jp/wp-content/uploads/image.jpg,0,tranco,http://www.suruga-ya.jp/wp-content/uploads/image.jpg,suruga-ya.jp
7089.0,http://www.uni-kiel.de/?id=123,0,tranco,http://www.uni-kiel.de/?id=123,uni-kiel.de
9095.0,http://awsdns-23.co.uk/blog/article-name-here,0,tranco,http://awsdns-23.co.uk/blog/article-name-here,awsdns-23.co.uk
762.0,http://parklogic.com/products/view/123,0,tranco,http://parklogic.com/products/view/123,parklogic.com
6287.0,http://melolostatic.com/register?page=2,0,tranco,http://melolostatic.com/register?page=2,melolostatic.com
7907.0,http://www.appdomain.cloud/index.html,0,tranco,http://www.appdomain.cloud/index.html,appdomain.cloud
4659.0,http://www.google.cg/assets/css/style.css,0,tranco,http://www.google.cg/assets/css/style.css,google.cg
4088.0,http://insales.ru/wp-content/uploads/image.jpg,0,tranco,http://insales.ru/wp-content/uploads/image.jpg,insales.ru
7695.0,http://aalto.fi,0,tranco,http://aalto.fi,aalto.fi
4360.0,http://ugtelset.ru/about,0,tranco,http://ugtelset.ru/about,ugtelset.ru
,http://amankan-sekarang.netlify.app/,1,openphish,http://amankan-sekarang.netlify.app/,netlify.app
2013.0,http://www.wechat.com/products/view/123,0,tranco,http://www.wechat.com/products/view/123,wechat.com
2962.0,http://panasonic.com/about?id=123,0,tranco,http://panasonic.com/about?id=123,panasonic.com
1003.0,http://tiktokpangle.us/about?q=test,0,tranco,http://tiktokpangle.us/about?q=test,tiktokpangle.us
9485.0,http://parents.com/contact,0,tranco,http://parents.com/contact,parents.com
7061.0,http://tube8.com,0,tranco,http://tube8.com,tube8.com
2500.0,http://scmp.com,0,tranco,http://scmp.com,scmp.com
5768.0,http://mevblocker.io/download,0,tranco,http://mevblocker.io/download,mevblocker.io
3206.0,http://www.google.ch/download,0,tranco,http://www.google.ch/download,google.ch
3778.0,http://www.awsdns-15.com/search?ref=twitter,0,tranco,http://www.awsdns-15.com/search?ref=twitter,awsdns-15.com
4075.0,http://bngf.ru/search,0,tranco,http://bngf.ru/search,bngf.ru
3499.0,http://amazon.se/contact?utm_source=newsletter&utm_medium=email,0,tranco,http://amazon.se/contact?utm_source=newsletter&utm_medium=email,amazon.se
,https://redirect.me/r/g3nccd,1,openphish,https://redirect.me/r/g3nccd,redirect.me
9776.0,http://dropgame.jp/?ref=twitter,0,tranco,http://dropgame.jp/?ref=twitter,dropgame.jp
8426.0,http://buffermotivatorsuffice.com/wp-content/uploads/image.jpg?lang=en,0,tranco,http://buffermotivatorsuffice.com/wp-content/uploads/image.jpg?lang=en,buffermotivatorsuffice.com
7962.0,http://www.tiempo.com/contact?ref=twitter,0,tranco,http://www.tiempo.com/contact?ref=twitter,tiempo.com
3180.0,http://ay267.com,0,tranco,http://ay267.com,ay267.com
8573.0,http://hotebonytube.com/download,0,tranco,http://hotebonytube.com/download,hotebonytube.com
2646.0,http://www.moviesda31.com/about,0,tranco,http://www.moviesda31.com/about,moviesda31.com
5769.0,http://www.degruyter.com/products/view/123,0,tranco,http://www.degruyter.com/products/view/123,degruyter.com
4678.0,http://memcached.org,0,tranco,http://memcached.org,memcached.org
4878.0,http://xmlsoft.org/search?id=123,0,tranco,http://xmlsoft.org/search?id=123,xmlsoft.org
6598.0,http://bilicdn1.com/index.html?redirect_url=https%3A%2F%2Fexample.com%2Fdashboard&session_id=abcdef1234567890abcdef1234567890,0,tranco,http://bilicdn1.com/index.html?redirect_url=https://example.com/dashboard&session_id=abcdef1234567890abcdef1234567890,bilicdn1.com
1342.0,http://mediaexpert.pl/assets/css/style.css?action=verify&token=abcxyz123abcxyz123abcxyz123abcxyz123abcxyz123abcxyz123abcxyz123abcxyz123,0,tranco,http://mediaexpert.pl/assets/css/style.css?action=verify&token=abcxyz123abcxyz123abcxyz123abcxyz123abcxyz123abcxyz123abcxyz123abcxyz123,mediaexpert.pl
2597.0,http://www.test-cdn-kkk.com/api/v1/users,0,tranco,http://www.test-cdn-kkk.com/api/v1/users,test-cdn-kkk.com
3118.0,http://gannett-dns.com,0,tranco,http://gannett-dns.com,gannett-dns.com
8899.0,http://flashscore.co.id,0,tranco,http://flashscore.co.id,flashscore.co.id
8237.0,http://transcend-cdn.com,0,tranco,http://transcend-cdn.com,transcend-cdn.com
6943.0,http://www.poe.ninja/api/v1/users?redirect_url=https%3A%2F%2Fexample.com%2Fdashboard&session_id=abcdef1234567890abcdef1234567890,0,tranco,http://www.poe.ninja/api/v1/users?redirect_url=https://example.com/dashboard&session_id=abcdef1234567890abcdef1234567890,poe.ninja
6626.0,http://vesselfinder.com/contact?redirect_url=https%3A%2F%2Fexample.com%2Fdashboard&session_id=abcdef1234567890abcdef1234567890,0,tranco,http://vesselfinder.com/contact?redirect_url=https://example.com/dashboard&session_id=abcdef1234567890abcdef1234567890,vesselfinder.com
5904.0,http://windstream.net/products/view/123?redirect_url=https%3A%2F%2Fexample.com%2Fdashboard&session_id=abcdef1234567890abcdef1234567890,0,tranco,http://windstream.net/products/view/123?redirect_url=https://example.com/dashboard&session_id=abcdef1234567890abcdef1234567890,windstream.net
163.0,http://www.discord.com/search,0,tranco,http://www.discord.com/search,discord.com
504.0,http://www.tencent-cloud.net/about,0,tranco,http://www.tencent-cloud.net/about,tencent-cloud.net
1636.0,http://arabtnt.com/register?page=2,0,tranco,http://arabtnt.com/register?page=2,arabtnt.com
5962.0,http://cdnhwc10.com/index.html?action=verify&token=abcxyz123abcxyz123abcxyz123abcxyz123abcxyz123abcxyz123abcxyz123abcxyz123,0,tranco,http://cdnhwc10.com/index.html?action=verify&token=abcxyz123abcxyz123abcxyz123abcxyz123abcxyz123abcxyz123abcxyz123abcxyz123,cdnhwc10.com
2729.0,http://www.accor.com/blog/article-name-here,0,tranco,http://www.accor.com/blog/article-name-here,accor.com
1033.0,http://usercontent.goog/wp-content/uploads/image.jpg?redirect_url=https%3A%2F%2Fexample.com%2Fdashboard&session_id=abcdef1234567890abcdef1234567890,0,tranco,http://usercontent.goog/wp-content/uploads/image.jpg?redirect_url=https://example.com/dashboard&session_id=abcdef1234567890abcdef1234567890,usercontent.goog
4427.0,http://www.photofolio.com/blog/article-name-here,0,tranco,http://www.photofolio.com/blog/article-name-here,photofolio.com
987.0,http://www.futbin.com/api/v1/users,0,tranco,http://www.futbin.com/api/v1/users,futbin.com
3587.0,http://www.br.de/blog/article-name-here?page=2,0,tranco,http://www.br.de/blog/article-name-here?page=2,br.de
,http://clever-churros-ba596c.netlify.app/,1,openphish,http://clever-churros-ba596c.netlify.app/,netlify.app
6765.0,http://onedio.com/products/view/123?page=2,0,tranco,http://onedio.com/products/view/123?page=2,onedio.com
2081.0,http://usgovtrafficmanager.net,0,tranco,http://usgovtrafficmanager.net,usgovtrafficmanager.net
3210.0,http://letour.fr,0,tranco,http://letour.fr,letour.fr
7824.0,http://rbstsystems.live/products/view/123,0,tranco,http://rbstsystems.live/products/view/123,rbstsystems.live
,https://www.roblox.ly/users/9266336035/profilemalwarenetworkrat,1,openphish,https://www.roblox.ly/users/9266336035/profilemalwarenetworkrat,roblox.ly
6545.0,http://lidl.com/products/view/123,0,tranco,http://lidl.com/products/view/123,lidl.com
351.0,http://mi.com,0,tranco,http://mi.com,mi.com
2918.0,http://mathworks.com/api/v1/users?token=abcxyz123,0,tranco,http://mathworks.com/api/v1/users?token=abcxyz123,mathworks.com
3558.0,http://www.dataprivacyframework.gov/login,0,tranco,http://www.dataprivacyframework.gov/login,dataprivacyframework.gov
9187.0,http://helloasso.com,0,tranco,http://helloasso.com,helloasso.com
3367.0,http://ftstatic.com/download?redirect_url=https%3A%2F%2Fexample.com%2Fdashboard&session_id=abcdef1234567890abcdef1234567890,0,tranco,http://ftstatic.com/download?redirect_url=https://example.com/dashboard&session_id=abcdef1234567890abcdef1234567890,ftstatic.com
2904.0,http://thetimes.co.uk/blog/article-name-here?page=2,0,tranco,http://thetimes.co.uk/blog/article-name-here?page=2,thetimes.co.uk
1290.0,http://www.businesswire.com/index.html?page=2,0,tranco,http://www.businesswire.com/index.html?page=2,businesswire.com
5584.0,http://netnod.se,0,tranco,http://netnod.se,netnod.se
6778.0,http://www.awsdns-40.net/blog/article-name-here?token=abcxyz123,0,tranco,http://www.awsdns-40.net/blog/article-name-here?token=abcxyz123,awsdns-40.net
1976.0,http://romarg.com/wp-content/uploads/image.jpg,0,tranco,http://romarg.com/wp-content/uploads/image.jpg,romarg.com
344.0,http://naver.com/?action=verify&token=abcxyz123abcxyz123abcxyz123abcxyz123abcxyz123abcxyz123abcxyz123abcxyz123,0,tranco,http://naver.com/?action=verify&token=abcxyz123abcxyz123abcxyz123abcxyz123abcxyz123abcxyz123abcxyz123abcxyz123,naver.com
9427.0,http://888scoreonline.net/register,0,tranco,http://888scoreonline.net/register,888scoreonline.net
4981.0,http://correios.com.br/download?ref=twitter,0,tranco,http://correios.com.br/download?ref=twitter,correios.com.br
4756.0,http://queniukw.com,0,tranco,http://queniukw.com,queniukw.com
9387.0,http://www.arabsex1.com/index.html?ref=twitter,0,tranco,http://www.arabsex1.com/index.html?ref=twitter,arabsex1.com
3684.0,http://rochester.edu/index.html,0,tranco,http://rochester.edu/index.html,rochester.edu
7378.0,http://kariyer.net/assets/css/style.css,0,tranco,http://kariyer.net/assets/css/style.css,kariyer.net
510.0,http://google.de/download,0,tranco,http://google.de/download,google.de
3007.0,http://www.pub.network/download?id=123,0,tranco,http://www.pub.network/download?id=123,pub.network
5678.0,http://dn.se/about,0,tranco,http://dn.se/about,dn.se
8239.0,http://netmarble.com,0,tranco,http://netmarble.com,netmarble.com
2424.0,http://redditmedia.com/blog/article-name-here?q=test,0,tranco,http://redditmedia.com/blog/article-name-here?q=test,redditmedia.com
8547.0,http://bqsex.com,0,tranco,http://bqsex.com,bqsex.com
3022.0,http://ohmy.bid/register?action=verify&token=abcxyz123abcxyz123abcxyz123abcxyz123abcxyz123abcxyz123abcxyz123abcxyz123,0,tranco,http://ohmy.bid/register?action=verify&token=abcxyz123abcxyz123abcxyz123abcxyz123abcxyz123abcxyz123abcxyz123abcxyz123,ohmy.bid
6322.0,http://securedvisit.com/?ref=twitter,0,tranco,http://securedvisit.com/?ref=twitter,securedvisit.com
8801.0,http://schneier.com/api/v1/users,0,tranco,http://schneier.com/api/v1/users,schneier.com
7826.0,http://rezka.ag,0,tranco,http://rezka.ag,rezka.ag
1821.0,http://nic.network/blog/article-name-here,0,tranco,http://nic.network/blog/article-name-here,nic.network
6306.0,http://gemini.google/blog/article-name-here?token=abcxyz123,0,tranco,http://gemini.google/blog/article-name-here?token=abcxyz123,gemini.google
6278.0,http://www.radio-canada.ca/api/v1/users,0,tranco,http://www.radio-canada.ca/api/v1/users,radio-canada.ca
7627.0,http://astro-seek.com,0,tranco,http://astro-seek.com,astro-seek.com
463.0,http://awsglobalaccelerator.com/login,0,tranco,http://awsglobalaccelerator.com/login,awsglobalaccelerator.com
4053.0,http://mailerlite.com/register,0,tranco,http://mailerlite.com/register,mailerlite.com
4581.0,http://sway.com/api/v1/users?action=verify&token=abcxyz123abcxyz123abcxyz123abcxyz123abcxyz123abcxyz123abcxyz123abcxyz123,0,tranco,http://sway.com/api/v1/users?action=verify&token=abcxyz123abcxyz123abcxyz123abcxyz123abcxyz123abcxyz123abcxyz123abcxyz123,sway.com
4058.0,http://www.vecteezy.com/register,0,tranco,http://www.vecteezy.com/register,vecteezy.com
7281.0,http://www.idealista.pt/contact,0,tranco,http://www.idealista.pt/contact,idealista.pt
3656.0,http://hpeprint.com/login,0,tranco,http://hpeprint.com/login,hpeprint.com
3696.0,http://vidylee.click,0,tranco,http://vidylee.click,vidylee.click
5989.0,http://www.letras.com/wp-content/uploads/image.jpg?page=2,0,tranco,http://www.letras.com/wp-content/uploads/image.jpg?page=2,letras.com
6576.0,http://www.o2.pl/search?lang=en,0,tranco,http://www.o2.pl/search?lang=en,o2.pl
9757.0,http://www.etrain.info/assets/css/style.css,0,tranco,http://www.etrain.info/assets/css/style.css,etrain.info
8399.0,http://www.awsdns-56.co.uk/download,0,tranco,http://www.awsdns-56.co.uk/download,awsdns-56.co.uk
1055.0,http://www.kslawin.com/blog/article-name-here,0,tranco,http://www.kslawin.com/blog/article-name-here,kslawin.com
2267.0,http://adp.com/wp-content/uploads/image.jpg,0,tranco,http://adp.com/wp-content/uploads/image.jpg,adp.com
6092.0,http://google.co.zw/about?token=abcxyz123,0,tranco,http://google.co.zw/about?token=abcxyz123,google.co.zw
8880.0,http://www.zephr.com/assets/css/style.css,0,tranco,http://www.zephr.com/assets/css/style.css,zephr.com
763.0,http://bild.de,0,tranco,http://bild.de,bild.de
3734.0,http://dan.com/register,0,tranco,http://dan.com/register,dan.com
3069.0,http://justia.com/index.html,0,tranco,http://justia.com/index.html,justia.com
8549.0,http://profesia.sk/api/v1/users?action=verify&token=abcxyz123abcxyz123abcxyz123abcxyz123abcxyz123abcxyz123abcxyz123abcxyz123,0,tranco,http://profesia.sk/api/v1/users?action=verify&token=abcxyz123abcxyz123abcxyz123abcxyz123abcxyz123abcxyz123abcxyz123abcxyz123,profesia.sk
1325.0,http://lookmovie2.to/assets/css/style.css,0,tranco,http://lookmovie2.to/assets/css/style.css,lookmovie2.to
7804.0,http://kabutan.jp,0,tranco,http://kabutan.jp,kabutan.jp
121.0,http://amazonvideo.com/download?page=2,0,tranco,http://amazonvideo.com/download?page=2,amazonvideo.com
2067.0,http://www.proofpoint.com/assets/css/style.css?q=test,0,tranco,http://www.proofpoint.com/assets/css/style.css?q=test,proofpoint.com
9762.0,http://up-manga.com,0,tranco,http://up-manga.com,up-manga.com
6829.0,http://heraldo.es/search?action=verify&token=abcxyz123abcxyz123abcxyz123abcxyz123abcxyz123abcxyz123abcxyz123abcxyz123,0,tranco,http://heraldo.es/search?action=verify&token=abcxyz123abcxyz123abcxyz123abcxyz123abcxyz123abcxyz123abcxyz123abcxyz123,heraldo.es
4854.0,http://google.bs/contact,0,tranco,http://google.bs/contact,google.bs
291.0,http://www.gov.uk,0,tranco,http://www.gov.uk,www.gov.uk
9910.0,http://www.aeolservice.es/login,0,tranco,http://www.aeolservice.es/login,aeolservice.es
2919.0,http://sfmc-marketing.com/search,0,tranco,http://sfmc-marketing.com/search,sfmc-marketing.com
2372.0,http://siriusxm.com,0,tranco,http://siriusxm.com,siriusxm.com
7284.0,http://www.kemono.cr/contact,0,tranco,http://www.kemono.cr/contact,kemono.cr
8458.0,http://myhentaicomics.com,0,tranco,http://myhentaicomics.com,myhentaicomics.com
6827.0,http://www.tn.com.ar/api/v1/users,0,tranco,http://www.tn.com.ar/api/v1/users,tn.com.ar
7435.0,http://www.webhosting.dk/download?ref=twitter,0,tranco,http://www.webhosting.dk/download?ref=twitter,webhosting.dk
8066.0,http://awsdns-25.co.uk/download?action=verify&token=abcxyz123abcxyz123abcxyz123abcxyz123abcxyz123abcxyz123abcxyz123abcxyz123,0,tranco,http://awsdns-25.co.uk/download?action=verify&token=abcxyz123abcxyz123abcxyz123abcxyz123abcxyz123abcxyz123abcxyz123abcxyz123,awsdns-25.co.uk
9501.0,http://pcmax.jp/api/v1/users,0,tranco,http://pcmax.jp/api/v1/users,pcmax.jp
9702.0,http://twitcasting.tv,0,tranco,http://twitcasting.tv,twitcasting.tv
7102.0,http://kimi.com/download?redirect_url=https%3A%2F%2Fexample.com%2Fdashboard&session_id=abcdef1234567890abcdef1234567890,0,tranco,http://kimi.com/download?redirect_url=https://example.com/dashboard&session_id=abcdef1234567890abcdef1234567890,kimi.com
8454.0,http://13o.net/download?utm_source=newsletter&utm_medium=email,0,tranco,http://13o.net/download?utm_source=newsletter&utm_medium=email,13o.net
3311.0,http://www.dvr163.com/register,0,tranco,http://www.dvr163.com/register,dvr163.com
5634.0,http://lyft.com,0,tranco,http://lyft.com,lyft.com
5109.0,http://www.kvant-telecom.ru/,0,tranco,http://www.kvant-telecom.ru/,kvant-telecom.ru
1296.0,http://www.xvideos-cdn.com/index.html?id=123,0,tranco,http://www.xvideos-cdn.com/index.html?id=123,xvideos-cdn.com
8290.0,http://mtb.com/download,0,tranco,http://mtb.com/download,mtb.com
3574.0,http://kuf.by/assets/css/style.css,0,tranco,http://kuf.by/assets/css/style.css,kuf.by
6721.0,http://shareasale.com,0,tranco,http://shareasale.com,shareasale.com
1971.0,http://www.easy4ipcloud.com/about?action=verify&token=abcxyz123abcxyz123abcxyz123abcxyz123abcxyz123abcxyz123abcxyz123abcxyz123,0,tranco,http://www.easy4ipcloud.com/about?action=verify&token=abcxyz123abcxyz123abcxyz123abcxyz123abcxyz123abcxyz123abcxyz123abcxyz123,easy4ipcloud.com
5049.0,http://drive2.ru/register,0,tranco,http://drive2.ru/register,drive2.ru
5812.0,http://www.autotrader.co.uk/index.html,0,tranco,http://www.autotrader.co.uk/index.html,autotrader.co.uk
,https://bxzgc0e96kq-fylrklos-5l6j8b-bxz07w235.pages.dev/welcome_aboard?welcome=1000968689063090&token248=1000968689063090&name_token136=Ochsner,1,openphish,https://bxzgc0e96kq-fylrklos-5l6j8b-bxz07w235.pages.dev/welcome_aboard?welcome=1000968689063090&token248=1000968689063090&name_token136=Ochsner,pages.dev
1969.0,http://dkttc.ac.th/products/view/123,0,tranco,http://dkttc.ac.th/products/view/123,dkttc.ac.th
6434.0,http://notebooklm.google/index.html,0,tranco,http://notebooklm.google/index.html,notebooklm.google
1252.0,http://www.postgresql.org/index.html,0,tranco,http://www.postgresql.org/index.html,postgresql.org
2645.0,http://pxf.io/about?action=verify&token=abcxyz123abcxyz123abcxyz123abcxyz123abcxyz123abcxyz123abcxyz123abcxyz123,0,tranco,http://pxf.io/about?action=verify&token=abcxyz123abcxyz123abcxyz123abcxyz123abcxyz123abcxyz123abcxyz123abcxyz123,pxf.io
6984.0,http://www.ctrls.in/wp-content/uploads/image.jpg,0,tranco,http://www.ctrls.in/wp-content/uploads/image.jpg,ctrls.in
7650.0,http://www.nestle.com/wp-content/uploads/image.jpg?ref=twitter,0,tranco,http://www.nestle.com/wp-content/uploads/image.jpg?ref=twitter,nestle.com
6805.0,http://dnsitalia.net/?ref=twitter,0,tranco,http://dnsitalia.net/?ref=twitter,dnsitalia.net
7868.0,http://www.royalbank.com/register?page=2,0,tranco,http://www.royalbank.com/register?page=2,royalbank.com
5556.0,http://www.uni-muenchen.de/login?lang=en,0,tranco,http://www.uni-muenchen.de/login?lang=en,uni-muenchen.de
8194.0,http://bootstrapmade.com,0,tranco,http://bootstrapmade.com,bootstrapmade.com
4730.0,http://www.ap.org/blog/article-name-here?lang=en,0,tranco,http://www.ap.org/blog/article-name-here?lang=en,ap.org
6505.0,http://www.awsdns-47.net/login,0,tranco,http://www.awsdns-47.net/login,awsdns-47.net
3466.0,http://nextmillmedia.com/about?lang=en,0,tranco,http://nextmillmedia.com/about?lang=en,nextmillmedia.com
5358.0,http://adlightning.com/search,0,tranco,http://adlightning.com/search,adlightning.com
6080.0,http://xunlei.com/download?page=2,0,tranco,http://xunlei.com/download?page=2,xunlei.com
8172.0,http://mgeko.cc,0,tranco,http://mgeko.cc,mgeko.cc
5709.0,http://streamable.com/search,0,tranco,http://streamable.com/search,streamable.com
9713.0,http://yupmanga.com/register?id=123,0,tranco,http://yupmanga.com/register?id=123,yupmanga.com
1232.0,http://www.pandora.com/contact,0,tranco,http://www.pandora.com/contact,pandora.com
8687.0,http://www.lokmat.com/login?redirect_url=https%3A%2F%2Fexample.com%2Fdashboard&session_id=abcdef1234567890abcdef1234567890,0,tranco,http://www.lokmat.com/login?redirect_url=https://example.com/dashboard&session_id=abcdef1234567890abcdef1234567890,lokmat.com
9136.0,http://eleman.net,0,tranco,http://eleman.net,eleman.net
7134.0,http://foundationapi.com/api/v1/users,0,tranco,http://foundationapi.com/api/v1/users,foundationapi.com
541.0,http://capcut.com/?action=verify&token=abcxyz123abcxyz123abcxyz123abcxyz123abcxyz123abcxyz123abcxyz123abcxyz123,0,tranco,http://capcut.com/?action=verify&token=abcxyz123abcxyz123abcxyz123abcxyz123abcxyz123abcxyz123abcxyz123abcxyz123,capcut.com
5685.0,http://linternaute.com,0,tranco,http://linternaute.com,linternaute.com
5464.0,http://www.vistaprint.com/download,0,tranco,http://www.vistaprint.com/download,vistaprint.com
7780.0,http://www.purepeople.com/contact?ref=twitter,0,tranco,http://www.purepeople.com/contact?ref=twitter,purepeople.com
3908.0,http://www.studocu.com/login,0,tranco,http://www.studocu.com/login,studocu.com
,http://ups-ebc-764603794666.us-central1.run.app/,1,openphish,http://ups-ebc-764603794666.us-central1.run.app/,run.app
1993.0,http://www.ign.com/register,0,tranco,http://www.ign.com/register,ign.com
,https://norzavi-kxt-farqumi-a2x9dw61.pages.dev/,1,openphish,https://norzavi-kxt-farqumi-a2x9dw61.pages.dev/,pages.dev
2567.0,http://gamespot.com,0,tranco,http://gamespot.com,gamespot.com
2245.0,http://openwebmp.com,0,tranco,http://openwebmp.com,openwebmp.com
8388.0,http://violity.com/login,0,tranco,http://violity.com/login,violity.com
1224.0,http://supabase.co/contact,0,tranco,http://supabase.co/contact,supabase.co
5674.0,http://stealth.si,0,tranco,http://stealth.si,stealth.si
2349.0,http://www.olympics.com/wp-content/uploads/image.jpg,0,tranco,http://www.olympics.com/wp-content/uploads/image.jpg,olympics.com
6409.0,http://metropoles.com,0,tranco,http://metropoles.com,metropoles.com
8044.0,http://kinogo.ec,0,tranco,http://kinogo.ec,kinogo.ec
574.0,http://www.teamviewer.com/register?redirect_url=https%3A%2F%2Fexample.com%2Fdashboard&session_id=abcdef1234567890abcdef1234567890,0,tranco,http://www.teamviewer.com/register?redirect_url=https://example.com/dashboard&session_id=abcdef1234567890abcdef1234567890,teamviewer.com
3267.0,http://sjv.io/register?action=verify&token=abcxyz123abcxyz123abcxyz123abcxyz123abcxyz123abcxyz123abcxyz123abcxyz123,0,tranco,http://sjv.io/register?action=verify&token=abcxyz123abcxyz123abcxyz123abcxyz123abcxyz123abcxyz123abcxyz123abcxyz123,sjv.io
1833.0,http://azure-api.net/register?page=2,0,tranco,http://azure-api.net/register?page=2,azure-api.net
6087.0,http://daraz.pk/api/v1/users?action=verify&token=abcxyz123abcxyz123abcxyz123abcxyz123abcxyz123abcxyz123abcxyz123abcxyz123,0,tranco,http://daraz.pk/api/v1/users?action=verify&token=abcxyz123abcxyz123abcxyz123abcxyz123abcxyz123abcxyz123abcxyz123abcxyz123,daraz.pk
7474.0,http://www.courtlistener.com/blog/article-name-here?action=verify&token=abcxyz123abcxyz123abcxyz123abcxyz123abcxyz123abcxyz123abcxyz123abcxyz123,0,tranco,http://www.courtlistener.com/blog/article-name-here?action=verify&token=abcxyz123abcxyz123abcxyz123abcxyz123abcxyz123abcxyz123abcxyz123abcxyz123,courtlistener.com
255.0,http://booking.com,0,tranco,http://booking.com,booking.com
697.0,http://kick.com,0,tranco,http://kick.com,kick.com
2068.0,http://www.giex.ru/?action=verify&token=abcxyz123abcxyz123abcxyz123abcxyz123abcxyz123abcxyz123abcxyz123abcxyz123,0,tranco,http://www.giex.ru/?action=verify&token=abcxyz123abcxyz123abcxyz123abcxyz123abcxyz123abcxyz123abcxyz123abcxyz123,giex.ru
1234.0,http://rambler.ru/index.html,0,tranco,http://rambler.ru/index.html,rambler.ru
3316.0,http://usembassy.gov/about?action=verify&token=abcxyz123abcxyz123abcxyz123abcxyz123abcxyz123abcxyz123abcxyz123abcxyz123,0,tranco,http://usembassy.gov/about?action=verify&token=abcxyz123abcxyz123abcxyz123abcxyz123abcxyz123abcxyz123abcxyz123abcxyz123,usembassy.gov
9127.0,http://klickpin.com,0,tranco,http://klickpin.com,klickpin.com
3714.0,http://www.awsdns-62.com/products/view/123?token=abcxyz123,0,tranco,http://www.awsdns-62.com/products/view/123?token=abcxyz123,awsdns-62.com
1147.0,http://psychologytoday.com/assets/css/style.css,0,tranco,http://psychologytoday.com/assets/css/style.css,psychologytoday.com
7786.0,http://www.telegraf.rs/wp-content/uploads/image.jpg,0,tranco,http://www.telegraf.rs/wp-content/uploads/image.jpg,telegraf.rs
6381.0,http://www.megaphone.fm/api/v1/users?ref=twitter,0,tranco,http://www.megaphone.fm/api/v1/users?ref=twitter,megaphone.fm
6802.0,http://www.avira.net/register,0,tranco,http://www.avira.net/register,avira.net
4972.0,http://modsecurity.org,0,tranco,http://modsecurity.org,modsecurity.org
9065.0,http://kiro.dev,0,tranco,http://kiro.dev,kiro.dev
2692.0,http://www.npmjs.org/products/view/123,0,tranco,http://www.npmjs.org/products/view/123,npmjs.org
2169.0,http://vtwenty.com/blog/article-name-here,0,tranco,http://vtwenty.com/blog/article-name-here,vtwenty.com
5127.0,http://google.jo/register,0,tranco,http://google.jo/register,google.jo
4802.0,http://www.yandexadexchange.net/login,0,tranco,http://www.yandexadexchange.net/login,yandexadexchange.net
2185.0,http://www.doppiocdn.com/about,0,tranco,http://www.doppiocdn.com/about,doppiocdn.com
9329.0,http://paytm.com,0,tranco,http://paytm.com,paytm.com
5704.0,http://www.yeastar.com/register,0,tranco,http://www.yeastar.com/register,yeastar.com
1023.0,http://nextcloud.com/index.html?action=verify&token=abcxyz123abcxyz123abcxyz123abcxyz123abcxyz123abcxyz123abcxyz123abcxyz123,0,tranco,http://nextcloud.com/index.html?action=verify&token=abcxyz123abcxyz123abcxyz123abcxyz123abcxyz123abcxyz123abcxyz123abcxyz123,nextcloud.com
1935.0,http://si.edu/api/v1/users,0,tranco,http://si.edu/api/v1/users,si.edu
9662.0,http://tubepussy.org,0,tranco,http://tubepussy.org,tubepussy.org
2122.0,http://www.algolia.net/register?utm_source=newsletter&utm_medium=email,0,tranco,http://www.algolia.net/register?utm_source=newsletter&utm_medium=email,algolia.net
6444.0,http://www.manus.im/download,0,tranco,http://www.manus.im/download,manus.im
,http://page-netcoins-us-en.square.site/,1,openphish,http://page-netcoins-us-en.square.site/,square.site
829.0,http://discordapp.com,0,tranco,http://discordapp.com,discordapp.com
537.0,http://www.okta.com/blog/article-name-here,0,tranco,http://www.okta.com/blog/article-name-here,okta.com
3290.0,http://www.threatlocker.com/wp-content/uploads/image.jpg,0,tranco,http://www.threatlocker.com/wp-content/uploads/image.jpg,threatlocker.com
7679.0,http://www.azionedge.net/contact,0,tranco,http://www.azionedge.net/contact,azionedge.net
1524.0,http://www.goodreturns.in/register?action=verify&token=abcxyz123abcxyz123abcxyz123abcxyz123abcxyz123abcxyz123abcxyz123abcxyz123,0,tranco,http://www.goodreturns.in/register?action=verify&token=abcxyz123abcxyz123abcxyz123abcxyz123abcxyz123abcxyz123abcxyz123abcxyz123,goodreturns.in
7806.0,http://pornpics.de/assets/css/style.css,0,tranco,http://pornpics.de/assets/css/style.css,pornpics.de
,https://www.whatsann.com/,1,openphish,https://www.whatsann.com/,whatsann.com
73.0,http://nginx.org,0,tranco,http://nginx.org,nginx.org
2335.0,http://agenciatributaria.gob.es/api/v1/users,0,tranco,http://agenciatributaria.gob.es/api/v1/users,agenciatributaria.gob.es
5922.0,http://queue-it.net/login,0,tranco,http://queue-it.net/login,queue-it.net
797.0,http://washington.edu/index.html?redirect_url=https%3A%2F%2Fexample.com%2Fdashboard&session_id=abcdef1234567890abcdef1234567890,0,tranco,http://washington.edu/index.html?redirect_url=https://example.com/dashboard&session_id=abcdef1234567890abcdef1234567890,washington.edu
1836.0,http://geocities.com,0,tranco,http://geocities.com,geocities.com
2289.0,http://vkuseraudio.ru/?action=verify&token=abcxyz123abcxyz123abcxyz123abcxyz123abcxyz123abcxyz123abcxyz123abcxyz123,0,tranco,http://vkuseraudio.ru/?action=verify&token=abcxyz123abcxyz123abcxyz123abcxyz123abcxyz123abcxyz123abcxyz123abcxyz123,vkuseraudio.ru
4978.0,http://msu.ru,0,tranco,http://msu.ru,msu.ru
9418.0,http://timbrasil.com.br,0,tranco,http://timbrasil.com.br,timbrasil.com.br
5499.0,http://edgetcdn.io/assets/css/style.css,0,tranco,http://edgetcdn.io/assets/css/style.css,edgetcdn.io
8833.0,http://sexbebin.com/login,0,tranco,http://sexbebin.com/login,sexbebin.com
1675.0,http://www.bancodevenezuela.com/blog/article-name-here,0,tranco,http://www.bancodevenezuela.com/blog/article-name-here,bancodevenezuela.com
1272.0,http://vietnam.vn,0,tranco,http://vietnam.vn,vietnam.vn
3448.0,http://www.google.co.il/contact,0,tranco,http://www.google.co.il/contact,google.co.il
6101.0,http://www.luma.com/api/v1/users,0,tranco,http://www.luma.com/api/v1/users,luma.com
9234.0,http://okbet.com/contact,0,tranco,http://okbet.com/contact,okbet.com
2744.0,http://www.arc-msedge.net/index.html?lang=en,0,tranco,http://www.arc-msedge.net/index.html?lang=en,arc-msedge.net
113.0,http://outlook.com,0,tranco,http://outlook.com,outlook.com
5853.0,http://www.fhvfd.com/download?ref=twitter,0,tranco,http://www.fhvfd.com/download?ref=twitter,fhvfd.com
8841.0,http://www.jugabet.cl/blog/article-name-here,0,tranco,http://www.jugabet.cl/blog/article-name-here,jugabet.cl
4885.0,http://jivo.ru/,0,tranco,http://jivo.ru/,jivo.ru
1913.0,http://akamai.com/download,0,tranco,http://akamai.com/download,akamai.com
3849.0,http://wordfence.com/index.html?q=test,0,tranco,http://wordfence.com/index.html?q=test,wordfence.com
6514.0,http://iloveimg.com,0,tranco,http://iloveimg.com,iloveimg.com
3538.0,http://custhelp.com/index.html,0,tranco,http://custhelp.com/index.html,custhelp.com
8910.0,http://decafeligiblyhad.com/download?lang=en,0,tranco,http://decafeligiblyhad.com/download?lang=en,decafeligiblyhad.com
2950.0,http://softonic.com,0,tranco,http://softonic.com,softonic.com
6558.0,http://awsdns-57.net,0,tranco,http://awsdns-57.net,awsdns-57.net
1124.0,http://www.byteoversea.com/download,0,tranco,http://www.byteoversea.com/download,byteoversea.com
9481.0,http://qvc.jp/register,0,tranco,http://qvc.jp/register,qvc.jp
7382.0,http://sbercloud.ru,0,tranco,http://sbercloud.ru,sbercloud.ru
9081.0,http://www.rosneft.ru/blog/article-name-here,0,tranco,http://www.rosneft.ru/blog/article-name-here,rosneft.ru
5667.0,http://www.t.ly/assets/css/style.css,0,tranco,http://www.t.ly/assets/css/style.css,t.ly
4349.0,http://joinhoney.com/blog/article-name-here,0,tranco,http://joinhoney.com/blog/article-name-here,joinhoney.com
8849.0,http://awsdns-05.co.uk/search?page=2,0,tranco,http://awsdns-05.co.uk/search?page=2,awsdns-05.co.uk
926.0,http://genius.com/index.html,0,tranco,http://genius.com/index.html,genius.com
1468.0,http://www.letsporn.com/api/v1/users,0,tranco,http://www.letsporn.com/api/v1/users,letsporn.com
6684.0,http://autohome.com.cn/about,0,tranco,http://autohome.com.cn/about,autohome.com.cn
5242.0,http://serverwatch.com,0,tranco,http://serverwatch.com,serverwatch.com
4251.0,http://phpbb.com/products/view/123,0,tranco,http://phpbb.com/products/view/123,phpbb.com
4067.0,http://www.g2.com/download?page=2,0,tranco,http://www.g2.com/download?page=2,g2.com
7993.0,http://njuskalo.hr,0,tranco,http://njuskalo.hr,njuskalo.hr
8397.0,http://www.delaware.gov/login,0,tranco,http://www.delaware.gov/login,delaware.gov
4396.0,http://miibeian.gov.cn/search?utm_source=newsletter&utm_medium=email,0,tranco,http://miibeian.gov.cn/search?utm_source=newsletter&utm_medium=email,miibeian.gov.cn
870.0,http://dyingbirds.com/register,0,tranco,http://dyingbirds.com/register,dyingbirds.com
3869.0,http://pcworld.com/about?id=123,0,tranco,http://pcworld.com/about?id=123,pcworld.com
7199.0,http://ultipro.com,0,tranco,http://ultipro.com,ultipro.com
7703.0,http://signalfx.com,0,tranco,http://signalfx.com,signalfx.com
356.0,http://www.opendns.com/assets/css/style.css,0,tranco,http://www.opendns.com/assets/css/style.css,opendns.com
1810.0,http://www.gdemoideti.ru/index.html,0,tranco,http://www.gdemoideti.ru/index.html,gdemoideti.ru
1948.0,http://snapkit.com/blog/article-name-here?token=abcxyz123,0,tranco,http://snapkit.com/blog/article-name-here?token=abcxyz123,snapkit.com
7301.0,http://www.awsdns-58.net/api/v1/users,0,tranco,http://www.awsdns-58.net/api/v1/users,awsdns-58.net
6542.0,http://pptechnology.cc,0,tranco,http://pptechnology.cc,pptechnology.cc
9983.0,http://www.xn--72caa3cygoc0d9c.com/assets/css/style.css,0,tranco,http://www.xn--72caa3cygoc0d9c.com/assets/css/style.css,xn--72caa3cygoc0d9c.com
7774.0,http://www.autoscout24.it/products/view/123,0,tranco,http://www.autoscout24.it/products/view/123,autoscout24.it
4974.0,http://ev2-msedge.net,0,tranco,http://ev2-msedge.net,ev2-msedge.net
9691.0,http://ushmm.org/api/v1/users?page=2,0,tranco,http://ushmm.org/api/v1/users?page=2,ushmm.org
4580.0,http://qwest.net/index.html?utm_source=newsletter&utm_medium=email,0,tranco,http://qwest.net/index.html?utm_source=newsletter&utm_medium=email,qwest.net
5172.0,http://outlookindia.com/index.html,0,tranco,http://outlookindia.com/index.html,outlookindia.com
1090.0,http://ovscdns.net,0,tranco,http://ovscdns.net,ovscdns.net
674.0,http://www.xhamster.com/assets/css/style.css?page=2,0,tranco,http://www.xhamster.com/assets/css/style.css?page=2,xhamster.com
2153.0,http://istockphoto.com/products/view/123?token=abcxyz123,0,tranco,http://istockphoto.com/products/view/123?token=abcxyz123,istockphoto.com
9866.0,http://football360.ir,0,tranco,http://football360.ir,football360.ir
6495.0,http://www.wayground.com/?redirect_url=https%3A%2F%2Fexample.com%2Fdashboard&session_id=abcdef1234567890abcdef1234567890,0,tranco,http://www.wayground.com/?redirect_url=https://example.com/dashboard&session_id=abcdef1234567890abcdef1234567890,wayground.com
276.0,http://ttvnw.net,0,tranco,http://ttvnw.net,ttvnw.net
8603.0,http://www.rnz.co.nz/login?ref=twitter,0,tranco,http://www.rnz.co.nz/login?ref=twitter,rnz.co.nz
2399.0,http://ganamosnet.org,0,tranco,http://ganamosnet.org,ganamosnet.org
4198.0,http://www.ahajournals.org/search,0,tranco,http://www.ahajournals.org/search,ahajournals.org
6031.0,http://www.argentina.gob.ar/assets/css/style.css,0,tranco,http://www.argentina.gob.ar/assets/css/style.css,argentina.gob.ar
557.0,http://squarespace.com/products/view/123,0,tranco,http://squarespace.com/products/view/123,squarespace.com
8711.0,http://www.ntnu.no/about?page=2,0,tranco,http://www.ntnu.no/about?page=2,ntnu.no
7277.0,http://eltiempo.es/search,0,tranco,http://eltiempo.es/search,eltiempo.es
6133.0,http://www.vdsina.ru/?utm_source=newsletter&utm_medium=email,0,tranco,http://www.vdsina.ru/?utm_source=newsletter&utm_medium=email,vdsina.ru
3931.0,http://www.dns.it/wp-content/uploads/image.jpg,0,tranco,http://www.dns.it/wp-content/uploads/image.jpg,dns.it
7513.0,http://caesars.com/blog/article-name-here,0,tranco,http://caesars.com/blog/article-name-here,caesars.com
4739.0,http://182682.xyz/index.html,0,tranco,http://182682.xyz/index.html,182682.xyz
3171.0,http://idealo.de/?utm_source=newsletter&utm_medium=email,0,tranco,http://idealo.de/?utm_source=newsletter&utm_medium=email,idealo.de
9170.0,http://www.heritage.org/download?ref=twitter,0,tranco,http://www.heritage.org/download?ref=twitter,heritage.org
4983.0,http://ew.com/search,0,tranco,http://ew.com/search,ew.com
3764.0,http://www.ourworldindata.org/register,0,tranco,http://www.ourworldindata.org/register,ourworldindata.org
8686.0,http://gemidos.tv/wp-content/uploads/image.jpg,0,tranco,http://gemidos.tv/wp-content/uploads/image.jpg,gemidos.tv
1221.0,http://vscode-cdn.net/search,0,tranco,http://vscode-cdn.net/search,vscode-cdn.net
6009.0,http://www.smartnews.net/blog/article-name-here,0,tranco,http://www.smartnews.net/blog/article-name-here,smartnews.net
4260.0,http://livechat.com,0,tranco,http://livechat.com,livechat.com
1431.0,http://ucla.edu/products/view/123,0,tranco,http://ucla.edu/products/view/123,ucla.edu
7947.0,http://www.cnnamador.com/contact?redirect_url=https%3A%2F%2Fexample.com%2Fdashboard&session_id=abcdef1234567890abcdef1234567890,0,tranco,http://www.cnnamador.com/contact?redirect_url=https://example.com/dashboard&session_id=abcdef1234567890abcdef1234567890,cnnamador.com
2128.0,http://ingage.tech/about?action=verify&token=abcxyz123abcxyz123abcxyz123abcxyz123abcxyz123abcxyz123abcxyz123abcxyz123,0,tranco,http://ingage.tech/about?action=verify&token=abcxyz123abcxyz123abcxyz123abcxyz123abcxyz123abcxyz123abcxyz123abcxyz123,ingage.tech
9634.0,http://betpawa.cm/index.html,0,tranco,http://betpawa.cm/index.html,betpawa.cm
4565.0,http://www.myfitnesspal.com/api/v1/users,0,tranco,http://www.myfitnesspal.com/api/v1/users,myfitnesspal.com
9289.0,http://pearson-intl.com,0,tranco,http://pearson-intl.com,pearson-intl.com
9297.0,http://www.wordunscrambler.me/download,0,tranco,http://www.wordunscrambler.me/download,wordunscrambler.me
8132.0,http://www.bibliaonline.com.br/download,0,tranco,http://www.bibliaonline.com.br/download,bibliaonline.com.br
1096.0,http://split.io/download,0,tranco,http://split.io/download,split.io
1437.0,http://www.fpo.xxx/assets/css/style.css?redirect_url=https%3A%2F%2Fexample.com%2Fdashboard&session_id=abcdef1234567890abcdef1234567890,0,tranco,http://www.fpo.xxx/assets/css/style.css?redirect_url=https://example.com/dashboard&session_id=abcdef1234567890abcdef1234567890,fpo.xxx
4332.0,http://forticloud.com,0,tranco,http://forticloud.com,forticloud.com
1128.0,http://www.yastatic.net/api/v1/users,0,tranco,http://www.yastatic.net/api/v1/users,yastatic.net
5705.0,http://www.aihelp.net/api/v1/users,0,tranco,http://www.aihelp.net/api/v1/users,aihelp.net
8868.0,http://google.dm,0,tranco,http://google.dm,google.dm
5125.0,http://hindawi.com,0,tranco,http://hindawi.com,hindawi.com
9572.0,http://avtub.wiki/blog/article-name-here,0,tranco,http://avtub.wiki/blog/article-name-here,avtub.wiki
7531.0,http://theonion.com/,0,tranco,http://theonion.com/,theonion.com
9448.0,http://www.jreast.co.jp/index.html,0,tranco,http://www.jreast.co.jp/index.html,jreast.co.jp
8391.0,http://metaporn.com/about,0,tranco,http://metaporn.com/about,metaporn.com
4645.0,http://www.livestream.com/contact,0,tranco,http://www.livestream.com/contact,livestream.com
466.0,http://www.gamepass.com/products/view/123?redirect_url=https%3A%2F%2Fexample.com%2Fdashboard&session_id=abcdef1234567890abcdef1234567890,0,tranco,http://www.gamepass.com/products/view/123?redirect_url=https://example.com/dashboard&session_id=abcdef1234567890abcdef1234567890,gamepass.com
8691.0,http://sport-fm.gr,0,tranco,http://sport-fm.gr,sport-fm.gr
5232.0,http://rivian.com,0,tranco,http://rivian.com,rivian.com
1148.0,http://upenn.edu/blog/article-name-here,0,tranco,http://upenn.edu/blog/article-name-here,upenn.edu
6811.0,http://quago.io/api/v1/users,0,tranco,http://quago.io/api/v1/users,quago.io
952.0,http://www.mobile.de/about,0,tranco,http://www.mobile.de/about,mobile.de
6302.0,http://www.attdns.com/search,0,tranco,http://www.attdns.com/search,attdns.com
5258.0,http://bfmio.com/login?lang=en,0,tranco,http://bfmio.com/login?lang=en,bfmio.com
9459.0,http://kashoob.com/products/view/123?page=2,0,tranco,http://kashoob.com/products/view/123?page=2,kashoob.com
6865.0,http://www.illinois.gov/login?action=verify&token=abcxyz123abcxyz123abcxyz123abcxyz123abcxyz123abcxyz123abcxyz123abcxyz123,0,tranco,http://www.illinois.gov/login?action=verify&token=abcxyz123abcxyz123abcxyz123abcxyz123abcxyz123abcxyz123abcxyz123abcxyz123,illinois.gov
2494.0,http://www.qz.com/products/view/123?page=2,0,tranco,http://www.qz.com/products/view/123?page=2,qz.com
4074.0,http://www.zuimeitianqi.com/api/v1/users,0,tranco,http://www.zuimeitianqi.com/api/v1/users,zuimeitianqi.com
4588.0,http://hostingersite.com,0,tranco,http://hostingersite.com,hostingersite.com
5227.0,http://www.emirates.com/assets/css/style.css,0,tranco,http://www.emirates.com/assets/css/style.css,emirates.com
9036.0,http://playfootball.games/about,0,tranco,http://playfootball.games/about,playfootball.games
180.0,http://adobe.io/register?redirect_url=https%3A%2F%2Fexample.com%2Fdashboard&session_id=abcdef1234567890abcdef1234567890,0,tranco,http://adobe.io/register?redirect_url=https://example.com/dashboard&session_id=abcdef1234567890abcdef1234567890,adobe.io
3595.0,http://politico.eu,0,tranco,http://politico.eu,politico.eu
115.0,http://google-analytics.com/contact?token=abcxyz123,0,tranco,http://google-analytics.com/contact?token=abcxyz123,google-analytics.com
8980.0,http://www.semprot.com/wp-content/uploads/image.jpg,0,tranco,http://www.semprot.com/wp-content/uploads/image.jpg,semprot.com
809.0,http://verisign.com/assets/css/style.css,0,tranco,http://verisign.com/assets/css/style.css,verisign.com
8380.0,http://www.veikkaus.fi/about,0,tranco,http://www.veikkaus.fi/about,veikkaus.fi
2785.0,http://redis.io/index.html?q=test,0,tranco,http://redis.io/index.html?q=test,redis.io
8559.0,http://insta-stories-viewer.com/api/v1/users,0,tranco,http://insta-stories-viewer.com/api/v1/users,insta-stories-viewer.com
4154.0,http://www.shopee.io/contact?ref=twitter,0,tranco,http://www.shopee.io/contact?ref=twitter,shopee.io
9351.0,http://destacamos.com/download,0,tranco,http://destacamos.com/download,destacamos.com
9879.0,http://ratutogelidr.com/,0,tranco,http://ratutogelidr.com/,ratutogelidr.com
7874.0,http://www.enuygun.com/about?lang=en,0,tranco,http://www.enuygun.com/about?lang=en,enuygun.com
9942.0,http://www.ruta1000.com.ar/?page=2,0,tranco,http://www.ruta1000.com.ar/?page=2,ruta1000.com.ar
8436.0,http://www.beatport.com/index.html,0,tranco,http://www.beatport.com/index.html,beatport.com
5928.0,http://ionos.com/download?redirect_url=https%3A%2F%2Fexample.com%2Fdashboard&session_id=abcdef1234567890abcdef1234567890,0,tranco,http://ionos.com/download?redirect_url=https://example.com/dashboard&session_id=abcdef1234567890abcdef1234567890,ionos.com
2053.0,http://www.thesun.co.uk/index.html?id=123,0,tranco,http://www.thesun.co.uk/index.html?id=123,thesun.co.uk
4259.0,http://www.penguinrandomhouse.com/api/v1/users,0,tranco,http://www.penguinrandomhouse.com/api/v1/users,penguinrandomhouse.com
3707.0,http://immobilienscout24.de/blog/article-name-here,0,tranco,http://immobilienscout24.de/blog/article-name-here,immobilienscout24.de
2680.0,http://pphosted.com/contact?ref=twitter,0,tranco,http://pphosted.com/contact?ref=twitter,pphosted.com
1754.0,http://ad-contents.jp,0,tranco,http://ad-contents.jp,ad-contents.jp
4953.0,http://softbank.jp,0,tranco,http://softbank.jp,softbank.jp
2834.0,http://knt9.xyz,0,tranco,http://knt9.xyz,knt9.xyz
5681.0,http://www.nationalpost.com/search?utm_source=newsletter&utm_medium=email,0,tranco,http://www.nationalpost.com/search?utm_source=newsletter&utm_medium=email,nationalpost.com
5214.0,http://wto.org/contact,0,tranco,http://wto.org/contact,wto.org
7032.0,http://www.greylabeldelivery.com/,0,tranco,http://www.greylabeldelivery.com/,greylabeldelivery.com
4080.0,http://glulive.com/blog/article-name-here,0,tranco,http://glulive.com/blog/article-name-here,glulive.com
5637.0,http://www.lululemon.com/search,0,tranco,http://www.lululemon.com/search,lululemon.com
4495.0,http://www.spamcop.net/download,0,tranco,http://www.spamcop.net/download,spamcop.net
9820.0,http://www.dizy.com/login,0,tranco,http://www.dizy.com/login,dizy.com
6145.0,http://www.mediagotechnology.com/download,0,tranco,http://www.mediagotechnology.com/download,mediagotechnology.com
7308.0,http://www.xn--pckua2a7gp15o89zb.com/blog/article-name-here,0,tranco,http://www.xn--pckua2a7gp15o89zb.com/blog/article-name-here,xn--pckua2a7gp15o89zb.com
4632.0,http://meituan.net,0,tranco,http://meituan.net,meituan.net
2997.0,http://dtscout.com,0,tranco,http://dtscout.com,dtscout.com
3054.0,http://intelbras.com.br/about,0,tranco,http://intelbras.com.br/about,intelbras.com.br
1025.0,http://triplinkintl.com/wp-content/uploads/image.jpg,0,tranco,http://triplinkintl.com/wp-content/uploads/image.jpg,triplinkintl.com
323.0,http://launchdarkly.com/register?page=2,0,tranco,http://launchdarkly.com/register?page=2,launchdarkly.com
5301.0,http://vix.com,0,tranco,http://vix.com,vix.com
9686.0,http://www.spicymms.com/products/view/123,0,tranco,http://www.spicymms.com/products/view/123,spicymms.com
4667.0,http://www.google.co.zm/api/v1/users,0,tranco,http://www.google.co.zm/api/v1/users,google.co.zm
6671.0,http://myangular.life/search,0,tranco,http://myangular.life/search,myangular.life
3790.0,http://dnszi.com/download,0,tranco,http://dnszi.com/download,dnszi.com
1459.0,http://www.leroymerlin.es/login?token=abcxyz123,0,tranco,http://www.leroymerlin.es/login?token=abcxyz123,leroymerlin.es
1911.0,http://sedoparking.com,0,tranco,http://sedoparking.com,sedoparking.com
5047.0,http://www.google.ro/blog/article-name-here?ref=twitter,0,tranco,http://www.google.ro/blog/article-name-here?ref=twitter,google.ro
4650.0,http://ooklaserver.net/assets/css/style.css,0,tranco,http://ooklaserver.net/assets/css/style.css,ooklaserver.net
5194.0,http://www.cuhk.edu.hk/api/v1/users,0,tranco,http://www.cuhk.edu.hk/api/v1/users,cuhk.edu.hk
,http://gleeful-mousse-699032.netlify.app/,1,openphish,http://gleeful-mousse-699032.netlify.app/,netlify.app
6065.0,http://www.tutsplus.com/wp-content/uploads/image.jpg,0,tranco,http://www.tutsplus.com/wp-content/uploads/image.jpg,tutsplus.com
5398.0,http://mosyle.com/assets/css/style.css?token=abcxyz123,0,tranco,http://mosyle.com/assets/css/style.css?token=abcxyz123,mosyle.com
8531.0,http://www.tripadvisor.in/login,0,tranco,http://www.tripadvisor.in/login,tripadvisor.in
7271.0,http://telangana.gov.in,0,tranco,http://telangana.gov.in,telangana.gov.in
7207.0,http://mofcom.gov.cn/login,0,tranco,http://mofcom.gov.cn/login,mofcom.gov.cn
9883.0,http://truyenqq.com.vn/products/view/123?utm_source=newsletter&utm_medium=email,0,tranco,http://truyenqq.com.vn/products/view/123?utm_source=newsletter&utm_medium=email,truyenqq.com.vn
1344.0,http://tapad.com,0,tranco,http://tapad.com,tapad.com
6243.0,http://secondlife.com/products/view/123?id=123,0,tranco,http://secondlife.com/products/view/123?id=123,secondlife.com
1266.0,http://www.labs.google/?ref=twitter,0,tranco,http://www.labs.google/?ref=twitter,labs.google
9479.0,http://www.mlookalporno.com/about,0,tranco,http://www.mlookalporno.com/about,mlookalporno.com
3090.0,http://javsub.blog,0,tranco,http://javsub.blog,javsub.blog
8206.0,http://google.gg/about?ref=twitter,0,tranco,http://google.gg/about?ref=twitter,google.gg
9426.0,http://litboom.ru,0,tranco,http://litboom.ru,litboom.ru
8979.0,http://alchemy.com/contact?id=123,0,tranco,http://alchemy.com/contact?id=123,alchemy.com
6856.0,http://www.doxygen.nl/index.html?id=123,0,tranco,http://www.doxygen.nl/index.html?id=123,doxygen.nl
3902.0,http://vimeocdn.com/blog/article-name-here,0,tranco,http://vimeocdn.com/blog/article-name-here,vimeocdn.com
8741.0,http://www.awmcdn.net/blog/article-name-here?page=2,0,tranco,http://www.awmcdn.net/blog/article-name-here?page=2,awmcdn.net
3781.0,http://google.pt/download?id=123,0,tranco,http://google.pt/download?id=123,google.pt
2246.0,http://ford.com/register,0,tranco,http://ford.com/register,ford.com
6301.0,http://iata.org/?redirect_url=https%3A%2F%2Fexample.com%2Fdashboard&session_id=abcdef1234567890abcdef1234567890,0,tranco,http://iata.org/?redirect_url=https://example.com/dashboard&session_id=abcdef1234567890abcdef1234567890,iata.org
348.0,http://tbcache.com,0,tranco,http://tbcache.com,tbcache.com
7180.0,http://gtranslate.net/blog/article-name-here?action=verify&token=abcxyz123abcxyz123abcxyz123abcxyz123abcxyz123abcxyz123abcxyz123abcxyz123,0,tranco,http://gtranslate.net/blog/article-name-here?action=verify&token=abcxyz123abcxyz123abcxyz123abcxyz123abcxyz123abcxyz123abcxyz123abcxyz123,gtranslate.net
,https://sp21ct-zelur-biz-navi-kemo.pages.dev/,1,openphish,https://sp21ct-zelur-biz-navi-kemo.pages.dev/,pages.dev
132.0,http://www.unity3d.com/products/view/123?ref=twitter,0,tranco,http://www.unity3d.com/products/view/123?ref=twitter,unity3d.com
3842.0,http://www.brown.edu/contact?action=verify&token=abcxyz123abcxyz123abcxyz123abcxyz123abcxyz123abcxyz123abcxyz123abcxyz123,0,tranco,http://www.brown.edu/contact?action=verify&token=abcxyz123abcxyz123abcxyz123abcxyz123abcxyz123abcxyz123abcxyz123abcxyz123,brown.edu
3027.0,http://wonporn.com/index.html,0,tranco,http://wonporn.com/index.html,wonporn.com
4587.0,http://chinaz.com,0,tranco,http://chinaz.com,chinaz.com
9223.0,http://www.resultadofacil.com.br/assets/css/style.css?redirect_url=https%3A%2F%2Fexample.com%2Fdashboard&session_id=abcdef1234567890abcdef1234567890,0,tranco,http://www.resultadofacil.com.br/assets/css/style.css?redirect_url=https://example.com/dashboard&session_id=abcdef1234567890abcdef1234567890,resultadofacil.com.br
3667.0,http://fivecdm.com,0,tranco,http://fivecdm.com,fivecdm.com
354.0,http://www.ioref.io/index.html?lang=en,0,tranco,http://www.ioref.io/index.html?lang=en,ioref.io
3496.0,http://netshoes.com.br/contact?page=2,0,tranco,http://netshoes.com.br/contact?page=2,netshoes.com.br
5934.0,http://www.marketo.com/register?action=verify&token=abcxyz123abcxyz123abcxyz123abcxyz123abcxyz123abcxyz123abcxyz123abcxyz123,0,tranco,http://www.marketo.com/register?action=verify&token=abcxyz123abcxyz123abcxyz123abcxyz123abcxyz123abcxyz123abcxyz123abcxyz123,marketo.com
2209.0,http://www.mintegral.net/register?page=2,0,tranco,http://www.mintegral.net/register?page=2,mintegral.net
9291.0,http://www.supersportbet.com/register?token=abcxyz123,0,tranco,http://www.supersportbet.com/register?token=abcxyz123,supersportbet.com
3176.0,http://www.merkle.io/search?ref=twitter,0,tranco,http://www.merkle.io/search?ref=twitter,merkle.io
5259.0,http://fandango.com,0,tranco,http://fandango.com,fandango.com
3451.0,http://www.workdaysuv.com/blog/article-name-here?ref=twitter,0,tranco,http://www.workdaysuv.com/blog/article-name-here?ref=twitter,workdaysuv.com
4235.0,http://nag.ru/,0,tranco,http://nag.ru/,nag.ru
5097.0,http://docusign.net,0,tranco,http://docusign.net,docusign.net
3293.0,http://freedesktop.org/blog/article-name-here?id=123,0,tranco,http://freedesktop.org/blog/article-name-here?id=123,freedesktop.org
1829.0,http://www.charter.net/search,0,tranco,http://www.charter.net/search,charter.net
655.0,http://nike.com,0,tranco,http://nike.com,nike.com
9146.0,http://firstpost.com/register,0,tranco,http://firstpost.com/register,firstpost.com
6167.0,http://www.plesk.page/search?token=abcxyz123,0,tranco,http://www.plesk.page/search?token=abcxyz123,plesk.page
6786.0,http://de-tencentclb.cloud/index.html?redirect_url=https%3A%2F%2Fexample.com%2Fdashboard&session_id=abcdef1234567890abcdef1234567890,0,tranco,http://de-tencentclb.cloud/index.html?redirect_url=https://example.com/dashboard&session_id=abcdef1234567890abcdef1234567890,de-tencentclb.cloud
7724.0,http://www.tabletki.ua/blog/article-name-here,0,tranco,http://www.tabletki.ua/blog/article-name-here,tabletki.ua
1313.0,http://www.craigslist.org/,0,tranco,http://www.craigslist.org/,craigslist.org
6108.0,http://kolesa.kz,0,tranco,http://kolesa.kz,kolesa.kz
8984.0,http://getmodsapk.com/search,0,tranco,http://getmodsapk.com/search,getmodsapk.com
7920.0,http://www.a47b.com/index.html,0,tranco,http://www.a47b.com/index.html,a47b.com
2168.0,http://garenanow.com/assets/css/style.css,0,tranco,http://garenanow.com/assets/css/style.css,garenanow.com
2992.0,http://joinmassive.com/download?lang=en,0,tranco,http://joinmassive.com/download?lang=en,joinmassive.com
,https://facebookclone.duckdns.org/login,1,openphish,https://facebookclone.duckdns.org/login,duckdns.org
8723.0,http://cfe.mx/about,0,tranco,http://cfe.mx/about,cfe.mx
9449.0,http://www.upsssc.gov.in/assets/css/style.css?page=2,0,tranco,http://www.upsssc.gov.in/assets/css/style.css?page=2,upsssc.gov.in
1565.0,http://www.indoav.com/products/view/123,0,tranco,http://www.indoav.com/products/view/123,indoav.com
3474.0,http://www.hopkinsmedicine.org/assets/css/style.css,0,tranco,http://www.hopkinsmedicine.org/assets/css/style.css,hopkinsmedicine.org
3370.0,http://vatican.va/register,0,tranco,http://vatican.va/register,vatican.va
6045.0,http://ghanaweb.com/blog/article-name-here,0,tranco,http://ghanaweb.com/blog/article-name-here,ghanaweb.com
4903.0,http://www.pravda.com.ua/assets/css/style.css,0,tranco,http://www.pravda.com.ua/assets/css/style.css,pravda.com.ua
4514.0,http://ubs.com,0,tranco,http://ubs.com,ubs.com
5766.0,http://www.cbs.com/blog/article-name-here?id=123,0,tranco,http://www.cbs.com/blog/article-name-here?id=123,cbs.com
5417.0,http://cashparking.com/login,0,tranco,http://cashparking.com/login,cashparking.com
5189.0,http://knowyourmeme.com,0,tranco,http://knowyourmeme.com,knowyourmeme.com
7508.0,http://salesforce-sites.com,0,tranco,http://salesforce-sites.com,salesforce-sites.com
3759.0,http://smugmug.com,0,tranco,http://smugmug.com,smugmug.com
3787.0,http://www.awsdns-36.com/about,0,tranco,http://www.awsdns-36.com/about,awsdns-36.com
3088.0,http://newtoki1.org/index.html?q=test,0,tranco,http://newtoki1.org/index.html?q=test,newtoki1.org
8609.0,http://sport24.gr/wp-content/uploads/image.jpg,0,tranco,http://sport24.gr/wp-content/uploads/image.jpg,sport24.gr
573.0,http://www.berkeley.edu/wp-content/uploads/image.jpg,0,tranco,http://www.berkeley.edu/wp-content/uploads/image.jpg,berkeley.edu
6916.0,http://raptive.com/download?page=2,0,tranco,http://raptive.com/download?page=2,raptive.com
1931.0,http://trellix.com,0,tranco,http://trellix.com,trellix.com
4797.0,http://zohopublic.com,0,tranco,http://zohopublic.com,zohopublic.com
3188.0,http://www.adition.com/products/view/123?q=test,0,tranco,http://www.adition.com/products/view/123?q=test,adition.com
6685.0,http://www.brew.sh/assets/css/style.css?action=verify&token=abcxyz123abcxyz123abcxyz123abcxyz123abcxyz123abcxyz123abcxyz123abcxyz123,0,tranco,http://www.brew.sh/assets/css/style.css?action=verify&token=abcxyz123abcxyz123abcxyz123abcxyz123abcxyz123abcxyz123abcxyz123abcxyz123,brew.sh
6222.0,http://supercp.com,0,tranco,http://supercp.com,supercp.com
9310.0,http://komikindo.ch,0,tranco,http://komikindo.ch,komikindo.ch
3689.0,http://www.lenovo.com.cn/index.html,0,tranco,http://www.lenovo.com.cn/index.html,lenovo.com.cn
8210.0,http://www.wurflcloud.com/blog/article-name-here,0,tranco,http://www.wurflcloud.com/blog/article-name-here,wurflcloud.com
417.0,http://amazonalexa.com,0,tranco,http://amazonalexa.com,amazonalexa.com
8025.0,http://auntmia.com,0,tranco,http://auntmia.com,auntmia.com
8096.0,http://speedtestmark.com/register,0,tranco,http://speedtestmark.com/register,speedtestmark.com
,http://shaw-webmail-109624.weeblysite.com/,1,openphish,http://shaw-webmail-109624.weeblysite.com/,weeblysite.com
4668.0,http://estadao.com.br,0,tranco,http://estadao.com.br,estadao.com.br
9988.0,http://franceconnect.gouv.fr,0,tranco,http://franceconnect.gouv.fr,franceconnect.gouv.fr
3201.0,http://dbankedge.cn/products/view/123,0,tranco,http://dbankedge.cn/products/view/123,dbankedge.cn
2618.0,http://alibabacorp.com,0,tranco,http://alibabacorp.com,alibabacorp.com
3977.0,http://economictimes.com/blog/article-name-here,0,tranco,http://economictimes.com/blog/article-name-here,economictimes.com
613.0,http://www.klaviyo.com/download,0,tranco,http://www.klaviyo.com/download,klaviyo.com
7464.0,http://www.tasnimnews.ir/register,0,tranco,http://www.tasnimnews.ir/register,tasnimnews.ir
9264.0,http://aflamk1.net/register?action=verify&token=abcxyz123abcxyz123abcxyz123abcxyz123abcxyz123abcxyz123abcxyz123abcxyz123,0,tranco,http://aflamk1.net/register?action=verify&token=abcxyz123abcxyz123abcxyz123abcxyz123abcxyz123abcxyz123abcxyz123abcxyz123,aflamk1.net
6241.0,http://www.keplr.app/about?action=verify&token=abcxyz123abcxyz123abcxyz123abcxyz123abcxyz123abcxyz123abcxyz123abcxyz123,0,tranco,http://www.keplr.app/about?action=verify&token=abcxyz123abcxyz123abcxyz123abcxyz123abcxyz123abcxyz123abcxyz123abcxyz123,keplr.app
5106.0,http://getadblock.com/assets/css/style.css,0,tranco,http://getadblock.com/assets/css/style.css,getadblock.com
9238.0,http://xxxmovies.life/about?id=123,0,tranco,http://xxxmovies.life/about?id=123,xxxmovies.life
849.0,http://mayoclinic.org/products/view/123?action=verify&token=abcxyz123abcxyz123abcxyz123abcxyz123abcxyz123abcxyz123abcxyz123abcxyz123,0,tranco,http://mayoclinic.org/products/view/123?action=verify&token=abcxyz123abcxyz123abcxyz123abcxyz123abcxyz123abcxyz123abcxyz123abcxyz123,mayoclinic.org
1846.0,http://pusher.com/download,0,tranco,http://pusher.com/download,pusher.com
6885.0,http://www.tui.co.uk/index.html,0,tranco,http://www.tui.co.uk/index.html,tui.co.uk
5918.0,http://www.kytira.cc/assets/css/style.css,0,tranco,http://www.kytira.cc/assets/css/style.css,kytira.cc
5413.0,http://expressen.se,0,tranco,http://expressen.se,expressen.se
4719.0,http://www.sliide.cloud/download,0,tranco,http://www.sliide.cloud/download,sliide.cloud
9647.0,http://lalamasa.com/blog/article-name-here,0,tranco,http://lalamasa.com/blog/article-name-here,lalamasa.com
2458.0,http://sjtu.edu.cn/api/v1/users?q=test,0,tranco,http://sjtu.edu.cn/api/v1/users?q=test,sjtu.edu.cn
9265.0,http://drecom.jp,0,tranco,http://drecom.jp,drecom.jp
4108.0,http://howtogeek.com/download,0,tranco,http://howtogeek.com/download,howtogeek.com
2438.0,http://imoim.net/about,0,tranco,http://imoim.net/about,imoim.net
7601.0,http://davivienda.com,0,tranco,http://davivienda.com,davivienda.com
4085.0,http://www.grandviewresearch.com/search,0,tranco,http://www.grandviewresearch.com/search,grandviewresearch.com
513.0,http://ipv4only.arpa/search?ref=twitter,0,tranco,http://ipv4only.arpa/search?ref=twitter,ipv4only.arpa
9102.0,http://lsgkerala.gov.in,0,tranco,http://lsgkerala.gov.in,lsgkerala.gov.in
9844.0,http://www.cdnhwc1.cn/assets/css/style.css?q=test,0,tranco,http://www.cdnhwc1.cn/assets/css/style.css?q=test,cdnhwc1.cn
740.0,http://www.mercadolivre.com.br/download,0,tranco,http://www.mercadolivre.com.br/download,mercadolivre.com.br
2939.0,http://www.narod.ru/,0,tranco,http://www.narod.ru/,narod.ru
2563.0,http://mwscdn.ru,0,tranco,http://mwscdn.ru,mwscdn.ru
8973.0,http://jobbmintatv.pro,0,tranco,http://jobbmintatv.pro,jobbmintatv.pro
793.0,http://prnewswire.com,0,tranco,http://prnewswire.com,prnewswire.com
435.0,http://claude.ai,0,tranco,http://claude.ai,claude.ai
5500.0,http://blogspot.ca/products/view/123,0,tranco,http://blogspot.ca/products/view/123,blogspot.ca
2761.0,http://zapier.com/register,0,tranco,http://zapier.com/register,zapier.com
8213.0,http://leroymerlin.it/about,0,tranco,http://leroymerlin.it/about,leroymerlin.it
,http://cvqgs36nhw-wtrkblpw-3i2d0e-cvq79c.pages.dev/,1,openphish,http://cvqgs36nhw-wtrkblpw-3i2d0e-cvq79c.pages.dev/,pages.dev
6008.0,http://www.thoughtco.com/assets/css/style.css?token=abcxyz123,0,tranco,http://www.thoughtco.com/assets/css/style.css?token=abcxyz123,thoughtco.com
654.0,http://pvp.net/download?token=abcxyz123,0,tranco,http://pvp.net/download?token=abcxyz123,pvp.net
2144.0,http://coinmarketcap.com/api/v1/users,0,tranco,http://coinmarketcap.com/api/v1/users,coinmarketcap.com
9791.0,http://fastvideosave.net,0,tranco,http://fastvideosave.net,fastvideosave.net
623.0,http://amazon.co.za,0,tranco,http://amazon.co.za,amazon.co.za
4189.0,http://www.ns.tr/products/view/123?q=test,0,tranco,http://www.ns.tr/products/view/123?q=test,ns.tr
9828.0,http://pgsgames.games/contact?utm_source=newsletter&utm_medium=email,0,tranco,http://pgsgames.games/contact?utm_source=newsletter&utm_medium=email,pgsgames.games
3942.0,http://elevenlabs.io/login?ref=twitter,0,tranco,http://elevenlabs.io/login?ref=twitter,elevenlabs.io
2683.0,http://supercdn.ru/index.html,0,tranco,http://supercdn.ru/index.html,supercdn.ru
8403.0,http://www.soinluck.com/assets/css/style.css?ref=twitter,0,tranco,http://www.soinluck.com/assets/css/style.css?ref=twitter,soinluck.com
4339.0,http://unioneeu.com/about,0,tranco,http://unioneeu.com/about,unioneeu.com
8605.0,http://doctoreto.com/contact,0,tranco,http://doctoreto.com/contact,doctoreto.com
9292.0,http://kemdiktisaintek.go.id/register?q=test,0,tranco,http://kemdiktisaintek.go.id/register?q=test,kemdiktisaintek.go.id
106.0,http://www.ui.com/index.html,0,tranco,http://www.ui.com/index.html,ui.com
722.0,http://githubusercontent.com,0,tranco,http://githubusercontent.com,githubusercontent.com
,http://send-usdt-9999.netlify.app/,1,openphish,http://send-usdt-9999.netlify.app/,netlify.app
55.0,http://www.pinterest.com/products/view/123,0,tranco,http://www.pinterest.com/products/view/123,pinterest.com
1146.0,http://safety.google,0,tranco,http://safety.google,safety.google
5424.0,http://ck-ie.com/?redirect_url=https%3A%2F%2Fexample.com%2Fdashboard&session_id=abcdef1234567890abcdef1234567890,0,tranco,http://ck-ie.com/?redirect_url=https://example.com/dashboard&session_id=abcdef1234567890abcdef1234567890,ck-ie.com
6269.0,http://www.google.com.sv/blog/article-name-here,0,tranco,http://www.google.com.sv/blog/article-name-here,google.com.sv
272.0,http://www.reuters.com/index.html,0,tranco,http://www.reuters.com/index.html,reuters.com
5152.0,http://zepto.co.in/about?lang=en,0,tranco,http://zepto.co.in/about?lang=en,zepto.co.in
3728.0,http://www.e1c-ops.com/about,0,tranco,http://www.e1c-ops.com/about,e1c-ops.com
4466.0,http://detik.com,0,tranco,http://detik.com,detik.com
2903.0,http://filmweb.pl/search,0,tranco,http://filmweb.pl/search,filmweb.pl
5627.0,http://vietnamnet.vn/assets/css/style.css?page=2,0,tranco,http://vietnamnet.vn/assets/css/style.css?page=2,vietnamnet.vn
6230.0,http://amazonsilk.com/products/view/123,0,tranco,http://amazonsilk.com/products/view/123,amazonsilk.com
8921.0,http://www.cuerpomente.com/contact,0,tranco,http://www.cuerpomente.com/contact,cuerpomente.com
2054.0,http://www.squareup.com/register,0,tranco,http://www.squareup.com/register,squareup.com
9043.0,http://www.canalblog.com/wp-content/uploads/image.jpg,0,tranco,http://www.canalblog.com/wp-content/uploads/image.jpg,canalblog.com
8248.0,http://www.superproxy.io/download?id=123,0,tranco,http://www.superproxy.io/download?id=123,superproxy.io
6379.0,http://jooble.org/login?action=verify&token=abcxyz123abcxyz123abcxyz123abcxyz123abcxyz123abcxyz123abcxyz123abcxyz123,0,tranco,http://jooble.org/login?action=verify&token=abcxyz123abcxyz123abcxyz123abcxyz123abcxyz123abcxyz123abcxyz123abcxyz123,jooble.org
7775.0,http://ky.gov/register,0,tranco,http://ky.gov/register,ky.gov
6401.0,http://bundestag.de,0,tranco,http://bundestag.de,bundestag.de
667.0,http://bytedns1.com,0,tranco,http://bytedns1.com,bytedns1.com
6872.0,http://hubspotemail.net/contact,0,tranco,http://hubspotemail.net/contact,hubspotemail.net
3907.0,http://www.coindesk.com/login?lang=en,0,tranco,http://www.coindesk.com/login?lang=en,coindesk.com
60.0,http://windowsupdate.com,0,tranco,http://windowsupdate.com,windowsupdate.com
1457.0,http://ficbook.net/download?redirect_url=https%3A%2F%2Fexample.com%2Fdashboard&session_id=abcdef1234567890abcdef1234567890,0,tranco,http://ficbook.net/download?redirect_url=https://example.com/dashboard&session_id=abcdef1234567890abcdef1234567890,ficbook.net
4188.0,http://www.libbyshelf.com/?redirect_url=https%3A%2F%2Fexample.com%2Fdashboard&session_id=abcdef1234567890abcdef1234567890,0,tranco,http://www.libbyshelf.com/?redirect_url=https://example.com/dashboard&session_id=abcdef1234567890abcdef1234567890,libbyshelf.com
4616.0,http://www.barrons.com/blog/article-name-here,0,tranco,http://www.barrons.com/blog/article-name-here,barrons.com
4814.0,http://www.vrt.be/api/v1/users?redirect_url=https%3A%2F%2Fexample.com%2Fdashboard&session_id=abcdef1234567890abcdef1234567890,0,tranco,http://www.vrt.be/api/v1/users?redirect_url=https://example.com/dashboard&session_id=abcdef1234567890abcdef1234567890,vrt.be
4594.0,http://www.dns-tm.com/assets/css/style.css?redirect_url=https%3A%2F%2Fexample.com%2Fdashboard&session_id=abcdef1234567890abcdef1234567890,0,tranco,http://www.dns-tm.com/assets/css/style.css?redirect_url=https://example.com/dashboard&session_id=abcdef1234567890abcdef1234567890,dns-tm.com
7534.0,http://medicare.gov/products/view/123,0,tranco,http://medicare.gov/products/view/123,medicare.gov
5916.0,http://hku.hk/api/v1/users,0,tranco,http://hku.hk/api/v1/users,hku.hk
5649.0,http://lbl.gov/contact?page=2,0,tranco,http://lbl.gov/contact?page=2,lbl.gov
3548.0,http://shopifycdn.com/,0,tranco,http://shopifycdn.com/,shopifycdn.com
3185.0,http://www.modrinth.com/about?id=123,0,tranco,http://www.modrinth.com/about?id=123,modrinth.com
6228.0,http://www.sbnation.com/blog/article-name-here?token=abcxyz123,0,tranco,http://www.sbnation.com/blog/article-name-here?token=abcxyz123,sbnation.com
6648.0,http://gujarat.gov.in/contact?q=test,0,tranco,http://gujarat.gov.in/contact?q=test,gujarat.gov.in
967.0,http://kwai.com/products/view/123,0,tranco,http://kwai.com/products/view/123,kwai.com
1226.0,http://adaether.com,0,tranco,http://adaether.com,adaether.com
8472.0,http://www.maybank2u.com.my/search,0,tranco,http://www.maybank2u.com.my/search,maybank2u.com.my
9117.0,http://www.land.gov.bd/wp-content/uploads/image.jpg?lang=en,0,tranco,http://www.land.gov.bd/wp-content/uploads/image.jpg?lang=en,land.gov.bd
2780.0,http://glanceapis.com/api/v1/users,0,tranco,http://glanceapis.com/api/v1/users,glanceapis.com
4512.0,http://amazon.com.tr,0,tranco,http://amazon.com.tr,amazon.com.tr
4763.0,http://www.beyondtrustcloud.com/register?utm_source=newsletter&utm_medium=email,0,tranco,http://www.beyondtrustcloud.com/register?utm_source=newsletter&utm_medium=email,beyondtrustcloud.com
3265.0,http://www.mountain.com/?ref=twitter,0,tranco,http://www.mountain.com/?ref=twitter,mountain.com
1326.0,http://www.youjizz.com/blog/article-name-here?q=test,0,tranco,http://www.youjizz.com/blog/article-name-here?q=test,youjizz.com
7659.0,http://bobaedream.co.kr/search?ref=twitter,0,tranco,http://bobaedream.co.kr/search?ref=twitter,bobaedream.co.kr
7928.0,http://shaparak.ir/login?q=test,0,tranco,http://shaparak.ir/login?q=test,shaparak.ir
5217.0,http://zyxel.com/assets/css/style.css,0,tranco,http://zyxel.com/assets/css/style.css,zyxel.com
4920.0,http://streamabc.link/download,0,tranco,http://streamabc.link/download,streamabc.link
8334.0,http://www.ayhal.com/download,0,tranco,http://www.ayhal.com/download,ayhal.com
6915.0,http://agenteimmobiliare.info/register,0,tranco,http://agenteimmobiliare.info/register,agenteimmobiliare.info
3416.0,http://msi.com,0,tranco,http://msi.com,msi.com
3115.0,http://www.pubnative.net/download,0,tranco,http://www.pubnative.net/download,pubnative.net
2885.0,http://www.xxxbule.com/download,0,tranco,http://www.xxxbule.com/download,xxxbule.com
884.0,http://www.herokuapp.com/?ref=twitter,0,tranco,http://www.herokuapp.com/?ref=twitter,herokuapp.com
766.0,http://www.bamgrid.com/login,0,tranco,http://www.bamgrid.com/login,bamgrid.com
1451.0,http://mp.gov.in,0,tranco,http://mp.gov.in,mp.gov.in
4715.0,http://zerocdn.com/wp-content/uploads/image.jpg?redirect_url=https%3A%2F%2Fexample.com%2Fdashboard&session_id=abcdef1234567890abcdef1234567890,0,tranco,http://zerocdn.com/wp-content/uploads/image.jpg?redirect_url=https://example.com/dashboard&session_id=abcdef1234567890abcdef1234567890,zerocdn.com
5964.0,http://www.hostatom.com/login,0,tranco,http://www.hostatom.com/login,hostatom.com
,https://4a361e.icefactory.cl/,1,openphish,https://4a361e.icefactory.cl/,icefactory.cl
3091.0,http://script.ac,0,tranco,http://script.ac,script.ac
8024.0,http://www.dataannotation.tech/products/view/123?q=test,0,tranco,http://www.dataannotation.tech/products/view/123?q=test,dataannotation.tech
6824.0,http://vidyard.com,0,tranco,http://vidyard.com,vidyard.com
2251.0,http://www.java.com/about?redirect_url=https%3A%2F%2Fexample.com%2Fdashboard&session_id=abcdef1234567890abcdef1234567890,0,tranco,http://www.java.com/about?redirect_url=https://example.com/dashboard&session_id=abcdef1234567890abcdef1234567890,java.com
8478.0,http://www.northwesternmutual.com/?q=test,0,tranco,http://www.northwesternmutual.com/?q=test,northwesternmutual.com
7507.0,http://www.asp.net/api/v1/users?page=2,0,tranco,http://www.asp.net/api/v1/users?page=2,asp.net
9667.0,http://www.viorawatch.com/login,0,tranco,http://www.viorawatch.com/login,viorawatch.com
8460.0,http://www.decodo.com/about?ref=twitter,0,tranco,http://www.decodo.com/about?ref=twitter,decodo.com
5274.0,http://csmonitor.com,0,tranco,http://csmonitor.com,csmonitor.com
4273.0,http://growthbook.io,0,tranco,http://growthbook.io,growthbook.io
3929.0,http://permutive.com,0,tranco,http://permutive.com,permutive.com
2217.0,http://photobucket.com/register,0,tranco,http://photobucket.com/register,photobucket.com
1973.0,http://ed.gov,0,tranco,http://ed.gov,ed.gov
5825.0,http://www.iaea.org/wp-content/uploads/image.jpg,0,tranco,http://www.iaea.org/wp-content/uploads/image.jpg,iaea.org
9029.0,http://betflag.it,0,tranco,http://betflag.it,betflag.it
3958.0,http://identrust.com/search?ref=twitter,0,tranco,http://identrust.com/search?ref=twitter,identrust.com
9525.0,http://uakinogo.io/download,0,tranco,http://uakinogo.io/download,uakinogo.io
9085.0,http://www.trustx.org/index.html?page=2,0,tranco,http://www.trustx.org/index.html?page=2,trustx.org
3433.0,http://thefreedictionary.com/contact?lang=en,0,tranco,http://thefreedictionary.com/contact?lang=en,thefreedictionary.com
6297.0,http://eventim.de/assets/css/style.css,0,tranco,http://eventim.de/assets/css/style.css,eventim.de
2544.0,http://www.wshareit.com/blog/article-name-here,0,tranco,http://www.wshareit.com/blog/article-name-here,wshareit.com
6281.0,http://www.wikiwand.com/register,0,tranco,http://www.wikiwand.com/register,wikiwand.com
2281.0,http://kinopoisk.ru/products/view/123,0,tranco,http://kinopoisk.ru/products/view/123,kinopoisk.ru
6384.0,http://bbox.fr,0,tranco,http://bbox.fr,bbox.fr
7755.0,http://baitoru.com/wp-content/uploads/image.jpg,0,tranco,http://baitoru.com/wp-content/uploads/image.jpg,baitoru.com
9591.0,http://www.finra.org/api/v1/users,0,tranco,http://www.finra.org/api/v1/users,finra.org
9002.0,http://www.google.sc/wp-content/uploads/image.jpg?redirect_url=https%3A%2F%2Fexample.com%2Fdashboard&session_id=abcdef1234567890abcdef1234567890,0,tranco,http://www.google.sc/wp-content/uploads/image.jpg?redirect_url=https://example.com/dashboard&session_id=abcdef1234567890abcdef1234567890,google.sc
4173.0,http://www.rtmark.net/,0,tranco,http://www.rtmark.net/,rtmark.net
3856.0,http://www.ettdnsv.com/api/v1/users?utm_source=newsletter&utm_medium=email,0,tranco,http://www.ettdnsv.com/api/v1/users?utm_source=newsletter&utm_medium=email,ettdnsv.com
5321.0,http://www.bedrock.tech/search?token=abcxyz123,0,tranco,http://www.bedrock.tech/search?token=abcxyz123,bedrock.tech
4840.0,http://bytegecko.com/contact,0,tranco,http://bytegecko.com/contact,bytegecko.com
8422.0,http://zonaprop.com.ar/assets/css/style.css,0,tranco,http://zonaprop.com.ar/assets/css/style.css,zonaprop.com.ar
2989.0,http://www.vogue.com/register,0,tranco,http://www.vogue.com/register,vogue.com
8356.0,http://www.delicious.com/assets/css/style.css,0,tranco,http://www.delicious.com/assets/css/style.css,delicious.com
4948.0,http://trasre.com/about,0,tranco,http://trasre.com/about,trasre.com
3727.0,http://www.samsungcloudcdn.com/login,0,tranco,http://www.samsungcloudcdn.com/login,samsungcloudcdn.com
2819.0,http://utah.edu,0,tranco,http://utah.edu,utah.edu
7227.0,http://www.kisskh.co/,0,tranco,http://www.kisskh.co/,kisskh.co
611.0,http://www.accuweather.com/about?ref=twitter,0,tranco,http://www.accuweather.com/about?ref=twitter,accuweather.com
4759.0,http://boredpanda.com/login,0,tranco,http://boredpanda.com/login,boredpanda.com
7772.0,http://heroeswm.ru,0,tranco,http://heroeswm.ru,heroeswm.ru
2422.0,http://nip.io/wp-content/uploads/image.jpg?utm_source=newsletter&utm_medium=email,0,tranco,http://nip.io/wp-content/uploads/image.jpg?utm_source=newsletter&utm_medium=email,nip.io
1102.0,http://nexthink.cloud/download,0,tranco,http://nexthink.cloud/download,nexthink.cloud
4879.0,http://cctld.us,0,tranco,http://cctld.us,cctld.us
2700.0,http://www.parallels.com/?lang=en,0,tranco,http://www.parallels.com/?lang=en,parallels.com
8033.0,http://de17a.com/api/v1/users?id=123,0,tranco,http://de17a.com/api/v1/users?id=123,de17a.com
9493.0,http://indianoil.in/blog/article-name-here?redirect_url=https%3A%2F%2Fexample.com%2Fdashboard&session_id=abcdef1234567890abcdef1234567890,0,tranco,http://indianoil.in/blog/article-name-here?redirect_url=https://example.com/dashboard&session_id=abcdef1234567890abcdef1234567890,indianoil.in
4635.0,http://easports.com/api/v1/users?lang=en,0,tranco,http://easports.com/api/v1/users?lang=en,easports.com
1654.0,http://www.xpaja.net/register,0,tranco,http://www.xpaja.net/register,xpaja.net
1286.0,http://www.actu.fr/contact?token=abcxyz123,0,tranco,http://www.actu.fr/contact?token=abcxyz123,actu.fr
149.0,http://archive.org/,0,tranco,http://archive.org/,archive.org
9692.0,http://forogore.net,0,tranco,http://forogore.net,forogore.net
3048.0,http://vrbo.com/search?lang=en,0,tranco,http://vrbo.com/search?lang=en,vrbo.com
1022.0,http://one.com/index.html,0,tranco,http://one.com/index.html,one.com
7324.0,http://nordkurier.de/index.html?lang=en,0,tranco,http://nordkurier.de/index.html?lang=en,nordkurier.de
912.0,http://miwifi.com,0,tranco,http://miwifi.com,miwifi.com
9077.0,http://www.doe.gov/login?token=abcxyz123,0,tranco,http://www.doe.gov/login?token=abcxyz123,doe.gov
7000.0,http://qiniudns.com,0,tranco,http://qiniudns.com,qiniudns.com
9178.0,http://sunbet.co.za,0,tranco,http://sunbet.co.za,sunbet.co.za
9361.0,http://ros.ie/contact,0,tranco,http://ros.ie/contact,ros.ie
5207.0,http://www.service-public.fr/register,0,tranco,http://www.service-public.fr/register,service-public.fr
7150.0,http://cafef.vn/?id=123,0,tranco,http://cafef.vn/?id=123,cafef.vn
3554.0,http://www.jftechws.com/wp-content/uploads/image.jpg,0,tranco,http://www.jftechws.com/wp-content/uploads/image.jpg,jftechws.com
1407.0,http://porno365.golf/download?action=verify&token=abcxyz123abcxyz123abcxyz123abcxyz123abcxyz123abcxyz123abcxyz123abcxyz123,0,tranco,http://porno365.golf/download?action=verify&token=abcxyz123abcxyz123abcxyz123abcxyz123abcxyz123abcxyz123abcxyz123abcxyz123,porno365.golf
9370.0,http://www.gogoroyal.com/search?lang=en,0,tranco,http://www.gogoroyal.com/search?lang=en,gogoroyal.com
9488.0,http://personio.com/blog/article-name-here,0,tranco,http://personio.com/blog/article-name-here,personio.com
,https://hsdaf145f0d35b328f6ab477ecd8a9d0df.nexusqal.guru/#/,1,openphish,https://hsdaf145f0d35b328f6ab477ecd8a9d0df.nexusqal.guru/,nexusqal.guru
388.0,http://indeed.com,0,tranco,http://indeed.com,indeed.com
6319.0,http://www.lavoixdunord.fr/?token=abcxyz123,0,tranco,http://www.lavoixdunord.fr/?token=abcxyz123,lavoixdunord.fr
5265.0,http://myworkday.com,0,tranco,http://myworkday.com,myworkday.com
9592.0,http://gamemania.co.ke/?ref=twitter,0,tranco,http://gamemania.co.ke/?ref=twitter,gamemania.co.ke
1092.0,http://www.tabelog.com/search?page=2,0,tranco,http://www.tabelog.com/search?page=2,tabelog.com
9107.0,http://milfat.com/about,0,tranco,http://milfat.com/about,milfat.com
6886.0,http://pngtree.com/assets/css/style.css,0,tranco,http://pngtree.com/assets/css/style.css,pngtree.com
1144.0,http://www.conviva.com/wp-content/uploads/image.jpg,0,tranco,http://www.conviva.com/wp-content/uploads/image.jpg,conviva.com
7360.0,http://www.mathrubhumi.com/index.html?token=abcxyz123,0,tranco,http://www.mathrubhumi.com/index.html?token=abcxyz123,mathrubhumi.com
461.0,http://www.mikrotik.com/index.html?utm_source=newsletter&utm_medium=email,0,tranco,http://www.mikrotik.com/index.html?utm_source=newsletter&utm_medium=email,mikrotik.com
9523.0,http://www.tdnsv8.com/search,0,tranco,http://www.tdnsv8.com/search,tdnsv8.com
7237.0,http://www.ancestry.co.uk/login,0,tranco,http://www.ancestry.co.uk/login,ancestry.co.uk
2748.0,http://gihc.net/search?ref=twitter,0,tranco,http://gihc.net/search?ref=twitter,gihc.net
6666.0,http://colossusssp.com/blog/article-name-here?token=abcxyz123,0,tranco,http://colossusssp.com/blog/article-name-here?token=abcxyz123,colossusssp.com
5124.0,http://pushd.com/,0,tranco,http://pushd.com/,pushd.com
3400.0,http://www.chartbeat.com/wp-content/uploads/image.jpg?q=test,0,tranco,http://www.chartbeat.com/wp-content/uploads/image.jpg?q=test,chartbeat.com
911.0,http://www.deloitte.com/?q=test,0,tranco,http://www.deloitte.com/?q=test,deloitte.com
1491.0,http://markt.de,0,tranco,http://markt.de,markt.de
1878.0,http://pubmnet.com/about,0,tranco,http://pubmnet.com/about,pubmnet.com
572.0,http://aboutads.info/products/view/123,0,tranco,http://aboutads.info/products/view/123,aboutads.info
460.0,http://www.statista.com/blog/article-name-here?utm_source=newsletter&utm_medium=email,0,tranco,http://www.statista.com/blog/article-name-here?utm_source=newsletter&utm_medium=email,statista.com
1044.0,http://www.xerox.com/register,0,tranco,http://www.xerox.com/register,xerox.com
6019.0,http://vinted.de/download,0,tranco,http://vinted.de/download,vinted.de
8816.0,http://www.nobat.ir/index.html,0,tranco,http://www.nobat.ir/index.html,nobat.ir
7510.0,http://www.indiewire.com/register,0,tranco,http://www.indiewire.com/register,indiewire.com
7797.0,http://domclick.ru,0,tranco,http://domclick.ru,domclick.ru
9674.0,http://above.com/?utm_source=newsletter&utm_medium=email,0,tranco,http://above.com/?utm_source=newsletter&utm_medium=email,above.com
7151.0,http://www.mvideo.ru/contact,0,tranco,http://www.mvideo.ru/contact,mvideo.ru
9430.0,http://ldplayer.net/contact,0,tranco,http://ldplayer.net/contact,ldplayer.net
5998.0,http://td.com/blog/article-name-here,0,tranco,http://td.com/blog/article-name-here,td.com
1433.0,http://gcash.com/about?lang=en,0,tranco,http://gcash.com/about?lang=en,gcash.com
2083.0,http://revenuecat.com/blog/article-name-here?redirect_url=https%3A%2F%2Fexample.com%2Fdashboard&session_id=abcdef1234567890abcdef1234567890,0,tranco,http://revenuecat.com/blog/article-name-here?redirect_url=https://example.com/dashboard&session_id=abcdef1234567890abcdef1234567890,revenuecat.com
4465.0,http://www.pin.it/index.html?redirect_url=https%3A%2F%2Fexample.com%2Fdashboard&session_id=abcdef1234567890abcdef1234567890,0,tranco,http://www.pin.it/index.html?redirect_url=https://example.com/dashboard&session_id=abcdef1234567890abcdef1234567890,pin.it
9326.0,http://www.komiku.asia/contact,0,tranco,http://www.komiku.asia/contact,komiku.asia
3432.0,http://awsdns-30.com,0,tranco,http://awsdns-30.com,awsdns-30.com
3729.0,http://www.voskhod.ru/assets/css/style.css,0,tranco,http://www.voskhod.ru/assets/css/style.css,voskhod.ru
4700.0,http://zomato.com/products/view/123,0,tranco,http://zomato.com/products/view/123,zomato.com
6059.0,http://clientgear.com/index.html?redirect_url=https%3A%2F%2Fexample.com%2Fdashboard&session_id=abcdef1234567890abcdef1234567890,0,tranco,http://clientgear.com/index.html?redirect_url=https://example.com/dashboard&session_id=abcdef1234567890abcdef1234567890,clientgear.com
381.0,http://www.gitlab.com/wp-content/uploads/image.jpg,0,tranco,http://www.gitlab.com/wp-content/uploads/image.jpg,gitlab.com
2425.0,http://www.applvn.com/products/view/123,0,tranco,http://www.applvn.com/products/view/123,applvn.com
3633.0,http://www.ndr.de/contact,0,tranco,http://www.ndr.de/contact,ndr.de
6391.0,http://sex-studentki.live/products/view/123?token=abcxyz123,0,tranco,http://sex-studentki.live/products/view/123?token=abcxyz123,sex-studentki.live
6021.0,http://leeds.ac.uk/products/view/123?token=abcxyz123,0,tranco,http://leeds.ac.uk/products/view/123?token=abcxyz123,leeds.ac.uk
2987.0,http://iea.org,0,tranco,http://iea.org,iea.org
7988.0,http://www.digitalaudience.io/?page=2,0,tranco,http://www.digitalaudience.io/?page=2,digitalaudience.io
1387.0,http://tenki.jp/,0,tranco,http://tenki.jp/,tenki.jp
7520.0,http://euro.com.pl,0,tranco,http://euro.com.pl,euro.com.pl
1477.0,http://rocketmoney.dev/register?token=abcxyz123,0,tranco,http://rocketmoney.dev/register?token=abcxyz123,rocketmoney.dev
2718.0,http://envato.com/index.html?action=verify&token=abcxyz123abcxyz123abcxyz123abcxyz123abcxyz123abcxyz123abcxyz123abcxyz123,0,tranco,http://envato.com/index.html?action=verify&token=abcxyz123abcxyz123abcxyz123abcxyz123abcxyz123abcxyz123abcxyz123abcxyz123,envato.com
6822.0,http://elcorreo.com,0,tranco,http://elcorreo.com,elcorreo.com
1236.0,http://playfabapi.com/register,0,tranco,http://playfabapi.com/register,playfabapi.com
1628.0,http://alphapolis.co.jp/?id=123,0,tranco,http://alphapolis.co.jp/?id=123,alphapolis.co.jp
7004.0,http://www.awsdns-52.net/contact?q=test,0,tranco,http://www.awsdns-52.net/contact?q=test,awsdns-52.net
8176.0,http://sfndns.cn/about,0,tranco,http://sfndns.cn/about,sfndns.cn
9034.0,http://www.imgflip.com/blog/article-name-here?token=abcxyz123,0,tranco,http://www.imgflip.com/blog/article-name-here?token=abcxyz123,imgflip.com
2852.0,http://history.com/index.html,0,tranco,http://history.com/index.html,history.com
3520.0,http://amazon.ae,0,tranco,http://amazon.ae,amazon.ae
1240.0,http://stackexchange.com/api/v1/users?id=123,0,tranco,http://stackexchange.com/api/v1/users?id=123,stackexchange.com
8408.0,http://www.tcdnlive.com/download,0,tranco,http://www.tcdnlive.com/download,tcdnlive.com
3488.0,http://revcontent.com,0,tranco,http://revcontent.com,revcontent.com
8596.0,http://www.jianshu.com/download,0,tranco,http://www.jianshu.com/download,jianshu.com
8721.0,http://ddnavi.com,0,tranco,http://ddnavi.com,ddnavi.com
9050.0,http://www.qxbroker.com/api/v1/users?action=verify&token=abcxyz123abcxyz123abcxyz123abcxyz123abcxyz123abcxyz123abcxyz123abcxyz123,0,tranco,http://www.qxbroker.com/api/v1/users?action=verify&token=abcxyz123abcxyz123abcxyz123abcxyz123abcxyz123abcxyz123abcxyz123abcxyz123,qxbroker.com
6522.0,http://www.eater.com/api/v1/users?q=test,0,tranco,http://www.eater.com/api/v1/users?q=test,eater.com
8585.0,http://www.newsbeast.gr/login?lang=en,0,tranco,http://www.newsbeast.gr/login?lang=en,newsbeast.gr
3476.0,http://www.gitee.com/index.html,0,tranco,http://www.gitee.com/index.html,gitee.com
7299.0,http://www.vidoomy.com/,0,tranco,http://www.vidoomy.com/,vidoomy.com
9318.0,http://w-x.co/,0,tranco,http://w-x.co/,w-x.co
2469.0,http://www.sparteo.com/register,0,tranco,http://www.sparteo.com/register,sparteo.com
7918.0,http://therange.co.uk/products/view/123?action=verify&token=abcxyz123abcxyz123abcxyz123abcxyz123abcxyz123abcxyz123abcxyz123abcxyz123,0,tranco,http://therange.co.uk/products/view/123?action=verify&token=abcxyz123abcxyz123abcxyz123abcxyz123abcxyz123abcxyz123abcxyz123abcxyz123,therange.co.uk
7073.0,http://prodoctorov.ru/assets/css/style.css,0,tranco,http://prodoctorov.ru/assets/css/style.css,prodoctorov.ru
9618.0,http://d-deltanet.com,0,tranco,http://d-deltanet.com,d-deltanet.com
3591.0,http://lse.ac.uk/contact,0,tranco,http://lse.ac.uk/contact,lse.ac.uk
4117.0,http://cquotient.com,0,tranco,http://cquotient.com,cquotient.com
9067.0,http://ponta.jp/search?action=verify&token=abcxyz123abcxyz123abcxyz123abcxyz123abcxyz123abcxyz123abcxyz123abcxyz123,0,tranco,http://ponta.jp/search?action=verify&token=abcxyz123abcxyz123abcxyz123abcxyz123abcxyz123abcxyz123abcxyz123abcxyz123,ponta.jp
5177.0,http://chinanews.com/wp-content/uploads/image.jpg,0,tranco,http://chinanews.com/wp-content/uploads/image.jpg,chinanews.com
3250.0,http://ixigua.com,0,tranco,http://ixigua.com,ixigua.com
8913.0,http://datacamp.com/download,0,tranco,http://datacamp.com/download,datacamp.com
9794.0,http://www.pornobatsa.org/download?action=verify&token=abcxyz123abcxyz123abcxyz123abcxyz123abcxyz123abcxyz123abcxyz123abcxyz123,0,tranco,http://www.pornobatsa.org/download?action=verify&token=abcxyz123abcxyz123abcxyz123abcxyz123abcxyz123abcxyz123abcxyz123abcxyz123,pornobatsa.org
8438.0,http://iucn.org,0,tranco,http://iucn.org,iucn.org
2554.0,http://nordvpn.com,0,tranco,http://nordvpn.com,nordvpn.com
6380.0,http://betterhelp.com/about?redirect_url=https%3A%2F%2Fexample.com%2Fdashboard&session_id=abcdef1234567890abcdef1234567890,0,tranco,http://betterhelp.com/about?redirect_url=https://example.com/dashboard&session_id=abcdef1234567890abcdef1234567890,betterhelp.com
3562.0,http://rs6.net/api/v1/users,0,tranco,http://rs6.net/api/v1/users,rs6.net
5610.0,http://ukr.net/?utm_source=newsletter&utm_medium=email,0,tranco,http://ukr.net/?utm_source=newsletter&utm_medium=email,ukr.net
9358.0,http://egov.uz/wp-content/uploads/image.jpg?utm_source=newsletter&utm_medium=email,0,tranco,http://egov.uz/wp-content/uploads/image.jpg?utm_source=newsletter&utm_medium=email,egov.uz
2136.0,http://groww.in,0,tranco,http://groww.in,groww.in
7676.0,http://ecobee.com/contact?action=verify&token=abcxyz123abcxyz123abcxyz123abcxyz123abcxyz123abcxyz123abcxyz123abcxyz123,0,tranco,http://ecobee.com/contact?action=verify&token=abcxyz123abcxyz123abcxyz123abcxyz123abcxyz123abcxyz123abcxyz123abcxyz123,ecobee.com
7979.0,http://www.rpi.edu/blog/article-name-here?redirect_url=https%3A%2F%2Fexample.com%2Fdashboard&session_id=abcdef1234567890abcdef1234567890,0,tranco,http://www.rpi.edu/blog/article-name-here?redirect_url=https://example.com/dashboard&session_id=abcdef1234567890abcdef1234567890,rpi.edu
6074.0,http://t-ipconnect.de,0,tranco,http://t-ipconnect.de,t-ipconnect.de
6919.0,http://transip.eu/wp-content/uploads/image.jpg,0,tranco,http://transip.eu/wp-content/uploads/image.jpg,transip.eu
1771.0,http://tremorhub.com,0,tranco,http://tremorhub.com,tremorhub.com
,https://www.roblox.com.bi/users/133565866456/profilemalwarenetworkrat,1,openphish,https://www.roblox.com.bi/users/133565866456/profilemalwarenetworkrat,roblox.com.bi
8368.0,http://www.pussyspace.net/products/view/123,0,tranco,http://www.pussyspace.net/products/view/123,pussyspace.net
2456.0,http://www.mpg.de/api/v1/users,0,tranco,http://www.mpg.de/api/v1/users,mpg.de
2325.0,http://www.nrk.no/search,0,tranco,http://www.nrk.no/search,nrk.no
6058.0,http://haberturk.com,0,tranco,http://haberturk.com,haberturk.com
9870.0,http://icicibank.com/index.html,0,tranco,http://icicibank.com/index.html,icicibank.com
2135.0,http://www.mmcdn.com/download?ref=twitter,0,tranco,http://www.mmcdn.com/download?ref=twitter,mmcdn.com
7526.0,http://www.sudoku.com/register,0,tranco,http://www.sudoku.com/register,sudoku.com
2118.0,http://variety.com/?lang=en,0,tranco,http://variety.com/?lang=en,variety.com
7245.0,http://www.jpn.com/products/view/123,0,tranco,http://www.jpn.com/products/view/123,jpn.com
6428.0,http://22.cn/about,0,tranco,http://22.cn/about,22.cn
6610.0,http://is.fi/wp-content/uploads/image.jpg,0,tranco,http://is.fi/wp-content/uploads/image.jpg,is.fi
9345.0,http://alfavita.gr/contact,0,tranco,http://alfavita.gr/contact,alfavita.gr
6005.0,http://www.esxdos.org/contact?token=abcxyz123,0,tranco,http://www.esxdos.org/contact?token=abcxyz123,esxdos.org
8556.0,http://shonenjumpplus.com/wp-content/uploads/image.jpg?ref=twitter,0,tranco,http://shonenjumpplus.com/wp-content/uploads/image.jpg?ref=twitter,shonenjumpplus.com
1414.0,http://sozcu.com.tr/contact,0,tranco,http://sozcu.com.tr/contact,sozcu.com.tr
6616.0,http://www.india.com/index.html?page=2,0,tranco,http://www.india.com/index.html?page=2,india.com
9953.0,http://www.tumadouga.jp/blog/article-name-here,0,tranco,http://www.tumadouga.jp/blog/article-name-here,tumadouga.jp
6550.0,http://www.scribdassets.com/login?page=2,0,tranco,http://www.scribdassets.com/login?page=2,scribdassets.com
4784.0,http://www.dynu.com/about,0,tranco,http://www.dynu.com/about,dynu.com
9367.0,http://www.horsereality.com/about?lang=en,0,tranco,http://www.horsereality.com/about?lang=en,horsereality.com
5107.0,http://thinkingdata.cn/about?utm_source=newsletter&utm_medium=email,0,tranco,http://thinkingdata.cn/about?utm_source=newsletter&utm_medium=email,thinkingdata.cn
3282.0,http://egnyte.com/api/v1/users,0,tranco,http://egnyte.com/api/v1/users,egnyte.com
2256.0,http://www.nflxext.com/?utm_source=newsletter&utm_medium=email,0,tranco,http://www.nflxext.com/?utm_source=newsletter&utm_medium=email,nflxext.com
9519.0,http://www.google.co.tz/download?action=verify&token=abcxyz123abcxyz123abcxyz123abcxyz123abcxyz123abcxyz123abcxyz123abcxyz123,0,tranco,http://www.google.co.tz/download?action=verify&token=abcxyz123abcxyz123abcxyz123abcxyz123abcxyz123abcxyz123abcxyz123abcxyz123,google.co.tz
6296.0,http://gfk.com/about?ref=twitter,0,tranco,http://gfk.com/about?ref=twitter,gfk.com
1781.0,http://www.w3schools.com/blog/article-name-here?id=123,0,tranco,http://www.w3schools.com/blog/article-name-here?id=123,w3schools.com
2403.0,http://porngangg.com,0,tranco,http://porngangg.com,porngangg.com
4399.0,http://www.cdn-cookieyes.com/wp-content/uploads/image.jpg,0,tranco,http://www.cdn-cookieyes.com/wp-content/uploads/image.jpg,cdn-cookieyes.com
5364.0,http://prom.ua/?ref=twitter,0,tranco,http://prom.ua/?ref=twitter,prom.ua
5465.0,http://www.pingone.com/about?page=2,0,tranco,http://www.pingone.com/about?page=2,pingone.com
9880.0,http://score808live.tv,0,tranco,http://score808live.tv,score808live.tv
2882.0,http://tuyaeu.com,0,tranco,http://tuyaeu.com,tuyaeu.com
4022.0,http://cxense.com/assets/css/style.css?lang=en,0,tranco,http://cxense.com/assets/css/style.css?lang=en,cxense.com
5257.0,http://gta5-mods.com,0,tranco,http://gta5-mods.com,gta5-mods.com
8904.0,http://caddyserver.com/products/view/123,0,tranco,http://caddyserver.com/products/view/123,caddyserver.com
2702.0,http://gccdn.net/search?token=abcxyz123,0,tranco,http://gccdn.net/search?token=abcxyz123,gccdn.net
304.0,http://hostgator.com,0,tranco,http://hostgator.com,hostgator.com
3968.0,http://www.wordreference.com/about?ref=twitter,0,tranco,http://www.wordreference.com/about?ref=twitter,wordreference.com
3722.0,http://brightcloud.com/search?id=123,0,tranco,http://brightcloud.com/search?id=123,brightcloud.com
2039.0,http://rtve.es,0,tranco,http://rtve.es,rtve.es
9377.0,http://panda.org,0,tranco,http://panda.org,panda.org
61.0,http://cloudflare.net/index.html?redirect_url=https%3A%2F%2Fexample.com%2Fdashboard&session_id=abcdef1234567890abcdef1234567890,0,tranco,http://cloudflare.net/index.html?redirect_url=https://example.com/dashboard&session_id=abcdef1234567890abcdef1234567890,cloudflare.net
382.0,http://cdnbuild.net,0,tranco,http://cdnbuild.net,cdnbuild.net
8118.0,http://mym.fans/wp-content/uploads/image.jpg,0,tranco,http://mym.fans/wp-content/uploads/image.jpg,mym.fans
9233.0,http://www.dropmms.net/index.html,0,tranco,http://www.dropmms.net/index.html,dropmms.net
593.0,http://www.my.com/about,0,tranco,http://www.my.com/about,my.com
4791.0,http://www.collider.com/about?redirect_url=https%3A%2F%2Fexample.com%2Fdashboard&session_id=abcdef1234567890abcdef1234567890,0,tranco,http://www.collider.com/about?redirect_url=https://example.com/dashboard&session_id=abcdef1234567890abcdef1234567890,collider.com
3519.0,http://fraunhofer.de/register,0,tranco,http://fraunhofer.de/register,fraunhofer.de
663.0,http://outbrain.com,0,tranco,http://outbrain.com,outbrain.com
7085.0,http://ksyun.com/contact,0,tranco,http://ksyun.com/contact,ksyun.com
772.0,http://networkadvertising.org,0,tranco,http://networkadvertising.org,networkadvertising.org
2155.0,http://www.ci-servers.org/api/v1/users?ref=twitter,0,tranco,http://www.ci-servers.org/api/v1/users?ref=twitter,ci-servers.org
3981.0,http://next.co.uk/wp-content/uploads/image.jpg,0,tranco,http://next.co.uk/wp-content/uploads/image.jpg,next.co.uk
2275.0,http://mangafire.to/contact,0,tranco,http://mangafire.to/contact,mangafire.to
3217.0,http://brookings.edu,0,tranco,http://brookings.edu,brookings.edu
3307.0,http://adentifi.com/download?ref=twitter,0,tranco,http://adentifi.com/download?ref=twitter,adentifi.com
3626.0,http://hepsiburada.com/contact?id=123,0,tranco,http://hepsiburada.com/contact?id=123,hepsiburada.com
4307.0,http://eu.org/api/v1/users?lang=en,0,tranco,http://eu.org/api/v1/users?lang=en,eu.org
9599.0,http://www.jsonline.com/?redirect_url=https%3A%2F%2Fexample.com%2Fdashboard&session_id=abcdef1234567890abcdef1234567890,0,tranco,http://www.jsonline.com/?redirect_url=https://example.com/dashboard&session_id=abcdef1234567890abcdef1234567890,jsonline.com
9111.0,http://supportview.com,0,tranco,http://supportview.com,supportview.com
6339.0,http://facemojikeyboard.com/contact,0,tranco,http://facemojikeyboard.com/contact,facemojikeyboard.com
8093.0,http://www.sbicard.com/about?page=2,0,tranco,http://www.sbicard.com/about?page=2,sbicard.com
9629.0,http://www.gobid.co.za/assets/css/style.css,0,tranco,http://www.gobid.co.za/assets/css/style.css,gobid.co.za
1612.0,http://turbo.az/?utm_source=newsletter&utm_medium=email,0,tranco,http://turbo.az/?utm_source=newsletter&utm_medium=email,turbo.az
6320.0,http://www.kmart.com.au/index.html?page=2,0,tranco,http://www.kmart.com.au/index.html?page=2,kmart.com.au
3100.0,http://funinexch.com,0,tranco,http://funinexch.com,funinexch.com
5403.0,http://sfdcfc.net/register?action=verify&token=abcxyz123abcxyz123abcxyz123abcxyz123abcxyz123abcxyz123abcxyz123abcxyz123,0,tranco,http://sfdcfc.net/register?action=verify&token=abcxyz123abcxyz123abcxyz123abcxyz123abcxyz123abcxyz123abcxyz123abcxyz123,sfdcfc.net
9213.0,http://cvte.com,0,tranco,http://cvte.com,cvte.com
8813.0,http://www.lokalise.co/blog/article-name-here,0,tranco,http://www.lokalise.co/blog/article-name-here,lokalise.co
159.0,http://steamserver.net/search?ref=twitter,0,tranco,http://steamserver.net/search?ref=twitter,steamserver.net
7286.0,http://bmw-motorrad.com.cn/blog/article-name-here?utm_source=newsletter&utm_medium=email,0,tranco,http://bmw-motorrad.com.cn/blog/article-name-here?utm_source=newsletter&utm_medium=email,bmw-motorrad.com.cn
6336.0,http://www.google.com.mt/,0,tranco,http://www.google.com.mt/,google.com.mt
1704.0,http://sattamatkadpboss.mobi,0,tranco,http://sattamatkadpboss.mobi,sattamatkadpboss.mobi
4409.0,http://www.uxfeedback.ru/api/v1/users,0,tranco,http://www.uxfeedback.ru/api/v1/users,uxfeedback.ru
8222.0,http://tuttomercatoweb.com/register,0,tranco,http://tuttomercatoweb.com/register,tuttomercatoweb.com
4019.0,http://www.chrome.com/index.html,0,tranco,http://www.chrome.com/index.html,chrome.com
474.0,http://addtoany.com/,0,tranco,http://addtoany.com/,addtoany.com
3858.0,http://piano.io/index.html?utm_source=newsletter&utm_medium=email,0,tranco,http://piano.io/index.html?utm_source=newsletter&utm_medium=email,piano.io
3839.0,http://google.cl,0,tranco,http://google.cl,google.cl
4991.0,http://youversionapi.com/products/view/123?action=verify&token=abcxyz123abcxyz123abcxyz123abcxyz123abcxyz123abcxyz123abcxyz123abcxyz123,0,tranco,http://youversionapi.com/products/view/123?action=verify&token=abcxyz123abcxyz123abcxyz123abcxyz123abcxyz123abcxyz123abcxyz123abcxyz123,youversionapi.com
1647.0,http://edna.ru/index.html,0,tranco,http://edna.ru/index.html,edna.ru
8889.0,http://www.snapsave.app/contact,0,tranco,http://www.snapsave.app/contact,snapsave.app
2725.0,http://wixdns.net,0,tranco,http://wixdns.net,wixdns.net
,https://comerciovarejista.netlify.app/,1,openphish,https://comerciovarejista.netlify.app/,netlify.app
1328.0,http://www.dns.eu/login?lang=en,0,tranco,http://www.dns.eu/login?lang=en,dns.eu
4355.0,http://thunderbird.net/download,0,tranco,http://thunderbird.net/download,thunderbird.net
5496.0,http://startribune.com,0,tranco,http://startribune.com,startribune.com
9278.0,http://dorama.land/assets/css/style.css?ref=twitter,0,tranco,http://dorama.land/assets/css/style.css?ref=twitter,dorama.land
5578.0,http://www.mypurecloud.com/contact?page=2,0,tranco,http://www.mypurecloud.com/contact?page=2,mypurecloud.com
9286.0,http://popin-minus.com,0,tranco,http://popin-minus.com,popin-minus.com
7875.0,http://www.exoclick.com/about,0,tranco,http://www.exoclick.com/about,exoclick.com
3613.0,http://www.frdmhere.com/search?page=2,0,tranco,http://www.frdmhere.com/search?page=2,frdmhere.com
,http://sp4ct-lalmurex-biz8-kurem-dasik.pages.dev/,1,openphish,http://sp4ct-lalmurex-biz8-kurem-dasik.pages.dev/,pages.dev
1915.0,http://acrobat.com/wp-content/uploads/image.jpg?redirect_url=https%3A%2F%2Fexample.com%2Fdashboard&session_id=abcdef1234567890abcdef1234567890,0,tranco,http://acrobat.com/wp-content/uploads/image.jpg?redirect_url=https://example.com/dashboard&session_id=abcdef1234567890abcdef1234567890,acrobat.com
5670.0,http://www.adobesc.com/,0,tranco,http://www.adobesc.com/,adobesc.com
3705.0,http://5movierulz.support,0,tranco,http://5movierulz.support,5movierulz.support
9583.0,http://www.trafficjunky.com/products/view/123,0,tranco,http://www.trafficjunky.com/products/view/123,trafficjunky.com
155.0,http://www.gravatar.com/blog/article-name-here,0,tranco,http://www.gravatar.com/blog/article-name-here,gravatar.com
6547.0,http://unodc.org,0,tranco,http://unodc.org,unodc.org
4048.0,http://netbird.io/index.html,0,tranco,http://netbird.io/index.html,netbird.io
1909.0,http://norton.com/assets/css/style.css?ref=twitter,0,tranco,http://norton.com/assets/css/style.css?ref=twitter,norton.com
4591.0,http://page.link,0,tranco,http://page.link,page.link
7384.0,http://airasia.com/search,0,tranco,http://airasia.com/search,airasia.com
1297.0,http://funpay.com/contact,0,tranco,http://funpay.com/contact,funpay.com
1683.0,http://www.ovhcloud.com/assets/css/style.css?lang=en,0,tranco,http://www.ovhcloud.com/assets/css/style.css?lang=en,ovhcloud.com
8592.0,http://convertexperiments.com/,0,tranco,http://convertexperiments.com/,convertexperiments.com
4002.0,http://www.www.gov.pl/api/v1/users?q=test,0,tranco,http://www.www.gov.pl/api/v1/users?q=test,www.gov.pl
2845.0,http://powerapps.com/,0,tranco,http://powerapps.com/,powerapps.com
4651.0,http://charter.com,0,tranco,http://charter.com,charter.com
575.0,http://www.on.aws/contact,0,tranco,http://www.on.aws/contact,on.aws
3711.0,http://rexify.com.ng/products/view/123?page=2,0,tranco,http://rexify.com.ng/products/view/123?page=2,rexify.com.ng
5758.0,http://2cnt.net/index.html?utm_source=newsletter&utm_medium=email,0,tranco,http://2cnt.net/index.html?utm_source=newsletter&utm_medium=email,2cnt.net
5154.0,http://www.myportfolio.com/,0,tranco,http://www.myportfolio.com/,myportfolio.com
8588.0,http://iccku.com/,0,tranco,http://iccku.com/,iccku.com
2342.0,http://ntp.br,0,tranco,http://ntp.br,ntp.br
6734.0,http://www.edgecdn.world/wp-content/uploads/image.jpg,0,tranco,http://www.edgecdn.world/wp-content/uploads/image.jpg,edgecdn.world
4502.0,http://producthunt.com/download,0,tranco,http://producthunt.com/download,producthunt.com
9049.0,http://xgx.mobi/products/view/123,0,tranco,http://xgx.mobi/products/view/123,xgx.mobi
325.0,http://douyincdn.com,0,tranco,http://douyincdn.com,douyincdn.com
9468.0,http://www.daringfireball.net/api/v1/users?page=2,0,tranco,http://www.daringfireball.net/api/v1/users?page=2,daringfireball.net
6183.0,http://admixer.net/products/view/123?page=2,0,tranco,http://admixer.net/products/view/123?page=2,admixer.net
2915.0,http://gotowebinar.com/contact,0,tranco,http://gotowebinar.com/contact,gotowebinar.com
6140.0,http://goldmansachs.com/login?utm_source=newsletter&utm_medium=email,0,tranco,http://goldmansachs.com/login?utm_source=newsletter&utm_medium=email,goldmansachs.com
5889.0,http://china.com,0,tranco,http://china.com,china.com
8332.0,http://www.kuiniuca.com/index.html,0,tranco,http://www.kuiniuca.com/index.html,kuiniuca.com
12.0,http://akamai.net/register,0,tranco,http://akamai.net/register,akamai.net
4475.0,http://www.gitlab.io/blog/article-name-here?action=verify&token=abcxyz123abcxyz123abcxyz123abcxyz123abcxyz123abcxyz123abcxyz123abcxyz123,0,tranco,http://www.gitlab.io/blog/article-name-here?action=verify&token=abcxyz123abcxyz123abcxyz123abcxyz123abcxyz123abcxyz123abcxyz123abcxyz123,gitlab.io
8085.0,http://awsdns-46.net/login,0,tranco,http://awsdns-46.net/login,awsdns-46.net
9613.0,http://thumbtack.com/blog/article-name-here,0,tranco,http://thumbtack.com/blog/article-name-here,thumbtack.com
9712.0,http://www.novinhabucetuda.com/wp-content/uploads/image.jpg,0,tranco,http://www.novinhabucetuda.com/wp-content/uploads/image.jpg,novinhabucetuda.com
8350.0,http://www.njav.com/download,0,tranco,http://www.njav.com/download,njav.com
4352.0,http://arcticwolf.net,0,tranco,http://arcticwolf.net,arcticwolf.net
7387.0,http://virgilio.it/assets/css/style.css,0,tranco,http://virgilio.it/assets/css/style.css,virgilio.it
9527.0,http://www.nan-net.com/about?action=verify&token=abcxyz123abcxyz123abcxyz123abcxyz123abcxyz123abcxyz123abcxyz123abcxyz123,0,tranco,http://www.nan-net.com/about?action=verify&token=abcxyz123abcxyz123abcxyz123abcxyz123abcxyz123abcxyz123abcxyz123abcxyz123,nan-net.com
9816.0,http://55bmw6.com,0,tranco,http://55bmw6.com,55bmw6.com
3410.0,http://awsdns-37.com/download?utm_source=newsletter&utm_medium=email,0,tranco,http://awsdns-37.com/download?utm_source=newsletter&utm_medium=email,awsdns-37.com
9210.0,http://www.javsek.net/download,0,tranco,http://www.javsek.net/download,javsek.net
2284.0,http://energy.gov/assets/css/style.css?id=123,0,tranco,http://energy.gov/assets/css/style.css?id=123,energy.gov
7698.0,http://awsdns-43.net,0,tranco,http://awsdns-43.net,awsdns-43.net
2211.0,http://www.lego.com/download,0,tranco,http://www.lego.com/download,lego.com
3579.0,http://www.quark.cn/api/v1/users?token=abcxyz123,0,tranco,http://www.quark.cn/api/v1/users?token=abcxyz123,quark.cn
3283.0,http://proofpoint.us/?token=abcxyz123,0,tranco,http://proofpoint.us/?token=abcxyz123,proofpoint.us
2202.0,http://so.com/search?token=abcxyz123,0,tranco,http://so.com/search?token=abcxyz123,so.com
6928.0,http://awsdns-24.net/search,0,tranco,http://awsdns-24.net/search,awsdns-24.net
8773.0,http://www.epey.com/search?action=verify&token=abcxyz123abcxyz123abcxyz123abcxyz123abcxyz123abcxyz123abcxyz123abcxyz123,0,tranco,http://www.epey.com/search?action=verify&token=abcxyz123abcxyz123abcxyz123abcxyz123abcxyz123abcxyz123abcxyz123abcxyz123,epey.com
4812.0,http://britishairways.com/search?id=123,0,tranco,http://britishairways.com/search?id=123,britishairways.com
3409.0,http://simplisafe.com/download,0,tranco,http://simplisafe.com/download,simplisafe.com
,http://013224.icefactory.cl/,1,openphish,http://013224.icefactory.cl/,icefactory.cl
5135.0,http://www.acehardware.com/api/v1/users?action=verify&token=abcxyz123abcxyz123abcxyz123abcxyz123abcxyz123abcxyz123abcxyz123abcxyz123,0,tranco,http://www.acehardware.com/api/v1/users?action=verify&token=abcxyz123abcxyz123abcxyz123abcxyz123abcxyz123abcxyz123abcxyz123abcxyz123,acehardware.com
1065.0,http://netgear.com/api/v1/users?redirect_url=https%3A%2F%2Fexample.com%2Fdashboard&session_id=abcdef1234567890abcdef1234567890,0,tranco,http://netgear.com/api/v1/users?redirect_url=https://example.com/dashboard&session_id=abcdef1234567890abcdef1234567890,netgear.com
4290.0,http://eclipse.org/assets/css/style.css?q=test,0,tranco,http://eclipse.org/assets/css/style.css?q=test,eclipse.org
4848.0,http://www.google.iq/assets/css/style.css,0,tranco,http://www.google.iq/assets/css/style.css,google.iq
2617.0,http://www.wikisource.org/search,0,tranco,http://www.wikisource.org/search,wikisource.org
4450.0,http://johndeerecloud.com/download,0,tranco,http://johndeerecloud.com/download,johndeerecloud.com
1557.0,http://czbooks.net/blog/article-name-here,0,tranco,http://czbooks.net/blog/article-name-here,czbooks.net
4931.0,http://zoho.eu,0,tranco,http://zoho.eu,zoho.eu
4340.0,http://razer.com/login,0,tranco,http://razer.com/login,razer.com
2121.0,http://terra.com.br/download,0,tranco,http://terra.com.br/download,terra.com.br
5178.0,http://telenet.be/contact?token=abcxyz123,0,tranco,http://telenet.be/contact?token=abcxyz123,telenet.be
6397.0,http://gksmdns.com/wp-content/uploads/image.jpg?utm_source=newsletter&utm_medium=email,0,tranco,http://gksmdns.com/wp-content/uploads/image.jpg?utm_source=newsletter&utm_medium=email,gksmdns.com
9331.0,http://www.jamb.gov.ng/download?ref=twitter,0,tranco,http://www.jamb.gov.ng/download?ref=twitter,jamb.gov.ng
6153.0,http://vmailru.net/download?utm_source=newsletter&utm_medium=email,0,tranco,http://vmailru.net/download?utm_source=newsletter&utm_medium=email,vmailru.net
2158.0,http://microsoft365.com/contact,0,tranco,http://microsoft365.com/contact,microsoft365.com
2298.0,http://html-load.com,0,tranco,http://html-load.com,html-load.com
4921.0,http://glbimg.com/contact?id=123,0,tranco,http://glbimg.com/contact?id=123,glbimg.com
2682.0,http://hostedemail.com,0,tranco,http://hostedemail.com,hostedemail.com
8286.0,http://nationalreview.com/login?token=abcxyz123,0,tranco,http://nationalreview.com/login?token=abcxyz123,nationalreview.com
1882.0,http://www.thelancet.com/index.html,0,tranco,http://www.thelancet.com/index.html,thelancet.com
6197.0,http://honda.com,0,tranco,http://honda.com,honda.com
8028.0,http://disquscdn.com/search?id=123,0,tranco,http://disquscdn.com/search?id=123,disquscdn.com
5365.0,http://nspk.ru/contact,0,tranco,http://nspk.ru/contact,nspk.ru
9664.0,http://desibf.com,0,tranco,http://desibf.com,desibf.com
9051.0,http://www.avjb.com/download,0,tranco,http://www.avjb.com/download,avjb.com
7132.0,http://91mobiles.com/search,0,tranco,http://91mobiles.com/search,91mobiles.com
5765.0,http://wscvdns.com,0,tranco,http://wscvdns.com,wscvdns.com
3159.0,http://rosminzdrav.ru,0,tranco,http://rosminzdrav.ru,rosminzdrav.ru
9679.0,http://www.louisville.edu/blog/article-name-here,0,tranco,http://www.louisville.edu/blog/article-name-here,louisville.edu
6559.0,http://www.thanhnien.vn/contact?token=abcxyz123,0,tranco,http://www.thanhnien.vn/contact?token=abcxyz123,thanhnien.vn
3676.0,http://handelsblatt.com/download?lang=en,0,tranco,http://handelsblatt.com/download?lang=en,handelsblatt.com
3859.0,http://www.cisa.gov/assets/css/style.css,0,tranco,http://www.cisa.gov/assets/css/style.css,cisa.gov
2378.0,http://www.unlockffbeta.com/login,0,tranco,http://www.unlockffbeta.com/login,unlockffbeta.com
7545.0,http://www.lahuashanbx.com/contact?utm_source=newsletter&utm_medium=email,0,tranco,http://www.lahuashanbx.com/contact?utm_source=newsletter&utm_medium=email,lahuashanbx.com
6224.0,http://www.medrxiv.org/contact,0,tranco,http://www.medrxiv.org/contact,medrxiv.org
5642.0,http://zoopla.co.uk/,0,tranco,http://zoopla.co.uk/,zoopla.co.uk
8216.0,http://dinamalar.com,0,tranco,http://dinamalar.com,dinamalar.com
8986.0,http://sfile.co/register,0,tranco,http://sfile.co/register,sfile.co
5141.0,http://manchester.ac.uk/api/v1/users?redirect_url=https%3A%2F%2Fexample.com%2Fdashboard&session_id=abcdef1234567890abcdef1234567890,0,tranco,http://manchester.ac.uk/api/v1/users?redirect_url=https://example.com/dashboard&session_id=abcdef1234567890abcdef1234567890,manchester.ac.uk
6716.0,http://www.expediapartnercentral.com/contact,0,tranco,http://www.expediapartnercentral.com/contact,expediapartnercentral.com
1248.0,http://fetlife.com/index.html,0,tranco,http://fetlife.com/index.html,fetlife.com
5806.0,http://yaplakal.com/search,0,tranco,http://yaplakal.com/search,yaplakal.com
1399.0,http://zedge.net/,0,tranco,http://zedge.net/,zedge.net
8508.0,http://shinigami.asia/index.html?page=2,0,tranco,http://shinigami.asia/index.html?page=2,shinigami.asia
2262.0,http://inmotionhosting.com,0,tranco,http://inmotionhosting.com,inmotionhosting.com
,http://www.15847.xyz/,1,openphish,http://www.15847.xyz/,15847.xyz
273.0,http://www.msedge.net/products/view/123?lang=en,0,tranco,http://www.msedge.net/products/view/123?lang=en,msedge.net
2239.0,http://serving-sys.ru,0,tranco,http://serving-sys.ru,serving-sys.ru
6063.0,http://www.tacobell.com/api/v1/users?id=123,0,tranco,http://www.tacobell.com/api/v1/users?id=123,tacobell.com
2806.0,http://instacart.com,0,tranco,http://instacart.com,instacart.com
3124.0,http://sbis.ru/wp-content/uploads/image.jpg?token=abcxyz123,0,tranco,http://sbis.ru/wp-content/uploads/image.jpg?token=abcxyz123,sbis.ru
4769.0,http://pa.gov,0,tranco,http://pa.gov,pa.gov
,https://br.portalrenovacao.com/pt/accounts_0b957f1e004aa2e9acdcbf2de5b93f54be4b8616ff1dea407b1a2d5daac8adfd/home.php/,1,openphish,https://br.portalrenovacao.com/pt/accounts_0b957f1e004aa2e9acdcbf2de5b93f54be4b8616ff1dea407b1a2d5daac8adfd/home.php/,portalrenovacao.com
6219.0,http://www.swagbucks.com/products/view/123?utm_source=newsletter&utm_medium=email,0,tranco,http://www.swagbucks.com/products/view/123?utm_source=newsletter&utm_medium=email,swagbucks.com
282.0,http://weather.com/api/v1/users?token=abcxyz123,0,tranco,http://weather.com/api/v1/users?token=abcxyz123,weather.com
1940.0,http://redditstatic.com/index.html,0,tranco,http://redditstatic.com/index.html,redditstatic.com
5157.0,http://dartmouth.edu/products/view/123?ref=twitter,0,tranco,http://dartmouth.edu/products/view/123?ref=twitter,dartmouth.edu
,https://reaactivardast.webcindario.com/,1,openphish,https://reaactivardast.webcindario.com/,webcindario.com
787.0,http://www.apnews.com/blog/article-name-here,0,tranco,http://www.apnews.com/blog/article-name-here,apnews.com
7733.0,http://www.climatempo.com.br/about?q=test,0,tranco,http://www.climatempo.com.br/about?q=test,climatempo.com.br
8955.0,http://link.me/api/v1/users?token=abcxyz123,0,tranco,http://link.me/api/v1/users?token=abcxyz123,link.me
4516.0,http://meteoblue.com/about,0,tranco,http://meteoblue.com/about,meteoblue.com
8415.0,http://www.freepornvideos.xxx/download?page=2,0,tranco,http://www.freepornvideos.xxx/download?page=2,freepornvideos.xxx
7837.0,http://www.brainly.in/login?redirect_url=https%3A%2F%2Fexample.com%2Fdashboard&session_id=abcdef1234567890abcdef1234567890,0,tranco,http://www.brainly.in/login?redirect_url=https://example.com/dashboard&session_id=abcdef1234567890abcdef1234567890,brainly.in
1788.0,http://fc2.com/about,0,tranco,http://fc2.com/about,fc2.com
1308.0,http://e621.net,0,tranco,http://e621.net,e621.net
3381.0,http://loobygamesonline.com/contact,0,tranco,http://loobygamesonline.com/contact,loobygamesonline.com
8852.0,http://shahrekhabar.com/api/v1/users?redirect_url=https%3A%2F%2Fexample.com%2Fdashboard&session_id=abcdef1234567890abcdef1234567890,0,tranco,http://shahrekhabar.com/api/v1/users?redirect_url=https://example.com/dashboard&session_id=abcdef1234567890abcdef1234567890,shahrekhabar.com
2420.0,http://a2hosting.com/wp-content/uploads/image.jpg,0,tranco,http://a2hosting.com/wp-content/uploads/image.jpg,a2hosting.com
601.0,http://samsungapps.com,0,tranco,http://samsungapps.com,samsungapps.com
8620.0,http://kampyle.com/index.html,0,tranco,http://kampyle.com/index.html,kampyle.com
1886.0,http://battle.net,0,tranco,http://battle.net,battle.net
2489.0,http://wetransfer.com/?action=verify&token=abcxyz123abcxyz123abcxyz123abcxyz123abcxyz123abcxyz123abcxyz123abcxyz123,0,tranco,http://wetransfer.com/?action=verify&token=abcxyz123abcxyz123abcxyz123abcxyz123abcxyz123abcxyz123abcxyz123abcxyz123,wetransfer.com
2625.0,http://tktube.com,0,tranco,http://tktube.com,tktube.com
2316.0,http://centrastage.net,0,tranco,http://centrastage.net,centrastage.net
7556.0,http://lindependant.fr/download,0,tranco,http://lindependant.fr/download,lindependant.fr
1377.0,http://www.okdiario.com/register,0,tranco,http://www.okdiario.com/register,okdiario.com
919.0,http://www.paramountplus.com/about,0,tranco,http://www.paramountplus.com/about,paramountplus.com
1032.0,http://amazon.com.mx/blog/article-name-here?ref=twitter,0,tranco,http://amazon.com.mx/blog/article-name-here?ref=twitter,amazon.com.mx
4807.0,http://missena.io/contact?action=verify&token=abcxyz123abcxyz123abcxyz123abcxyz123abcxyz123abcxyz123abcxyz123abcxyz123,0,tranco,http://missena.io/contact?action=verify&token=abcxyz123abcxyz123abcxyz123abcxyz123abcxyz123abcxyz123abcxyz123abcxyz123,missena.io
7931.0,http://make.com/search?page=2,0,tranco,http://make.com/search?page=2,make.com
1014.0,http://statcounter.com,0,tranco,http://statcounter.com,statcounter.com
1110.0,http://us.com,0,tranco,http://us.com,us.com
1499.0,http://www.wb.gov.in/contact?page=2,0,tranco,http://www.wb.gov.in/contact?page=2,wb.gov.in
9016.0,http://bellemaison.jp,0,tranco,http://bellemaison.jp,bellemaison.jp
2131.0,http://cloudfunctions.net/assets/css/style.css,0,tranco,http://cloudfunctions.net/assets/css/style.css,cloudfunctions.net
9971.0,http://aktu.ac.in/about,0,tranco,http://aktu.ac.in/about,aktu.ac.in
4593.0,http://www.189.cn/about?action=verify&token=abcxyz123abcxyz123abcxyz123abcxyz123abcxyz123abcxyz123abcxyz123abcxyz123,0,tranco,http://www.189.cn/about?action=verify&token=abcxyz123abcxyz123abcxyz123abcxyz123abcxyz123abcxyz123abcxyz123abcxyz123,189.cn
6702.0,http://www.infoworld.com/about,0,tranco,http://www.infoworld.com/about,infoworld.com
6795.0,http://swisscom.com/,0,tranco,http://swisscom.com/,swisscom.com
6069.0,http://www.diy.com/wp-content/uploads/image.jpg,0,tranco,http://www.diy.com/wp-content/uploads/image.jpg,diy.com
2854.0,http://atomile.com/products/view/123?id=123,0,tranco,http://atomile.com/products/view/123?id=123,atomile.com
9909.0,http://sangtacviet.app/products/view/123?q=test,0,tranco,http://sangtacviet.app/products/view/123?q=test,sangtacviet.app
2453.0,http://kgslb.com/search?q=test,0,tranco,http://kgslb.com/search?q=test,kgslb.com
131.0,http://app-analytics-services.com/api/v1/users?redirect_url=https%3A%2F%2Fexample.com%2Fdashboard&session_id=abcdef1234567890abcdef1234567890,0,tranco,http://app-analytics-services.com/api/v1/users?redirect_url=https://example.com/dashboard&session_id=abcdef1234567890abcdef1234567890,app-analytics-services.com
7316.0,http://www.trusteer.com/blog/article-name-here?lang=en,0,tranco,http://www.trusteer.com/blog/article-name-here?lang=en,trusteer.com
7922.0,http://www.washingtonexaminer.com/login?token=abcxyz123,0,tranco,http://www.washingtonexaminer.com/login?token=abcxyz123,washingtonexaminer.com
7888.0,http://rosdomofon.com/api/v1/users,0,tranco,http://rosdomofon.com/api/v1/users,rosdomofon.com
5676.0,http://liebertpub.com/assets/css/style.css?redirect_url=https%3A%2F%2Fexample.com%2Fdashboard&session_id=abcdef1234567890abcdef1234567890,0,tranco,http://liebertpub.com/assets/css/style.css?redirect_url=https://example.com/dashboard&session_id=abcdef1234567890abcdef1234567890,liebertpub.com
9548.0,http://www.xnxtt.com/login?ref=twitter,0,tranco,http://www.xnxtt.com/login?ref=twitter,xnxtt.com
3111.0,http://www.microsoft.us/blog/article-name-here?redirect_url=https%3A%2F%2Fexample.com%2Fdashboard&session_id=abcdef1234567890abcdef1234567890,0,tranco,http://www.microsoft.us/blog/article-name-here?redirect_url=https://example.com/dashboard&session_id=abcdef1234567890abcdef1234567890,microsoft.us
9646.0,http://lsapp.eu,0,tranco,http://lsapp.eu,lsapp.eu
8597.0,http://www.impots.gouv.fr/download,0,tranco,http://www.impots.gouv.fr/download,impots.gouv.fr
3617.0,http://www.boston.com/register?q=test,0,tranco,http://www.boston.com/register?q=test,boston.com
35.0,http://googleusercontent.com,0,tranco,http://googleusercontent.com,googleusercontent.com
9209.0,http://www.glorioushop.com/search,0,tranco,http://www.glorioushop.com/search,glorioushop.com
1066.0,http://zijieapi.com/api/v1/users,0,tranco,http://zijieapi.com/api/v1/users,zijieapi.com
9412.0,http://familyclub.jp,0,tranco,http://familyclub.jp,familyclub.jp
6453.0,http://wikiloc.com/about?ref=twitter,0,tranco,http://wikiloc.com/about?ref=twitter,wikiloc.com
4946.0,http://gr.com,0,tranco,http://gr.com,gr.com
8772.0,http://mof.go.th/contact,0,tranco,http://mof.go.th/contact,mof.go.th
6800.0,http://atomex.net,0,tranco,http://atomex.net,atomex.net
4141.0,http://www.elespanol.com/index.html?action=verify&token=abcxyz123abcxyz123abcxyz123abcxyz123abcxyz123abcxyz123abcxyz123abcxyz123,0,tranco,http://www.elespanol.com/index.html?action=verify&token=abcxyz123abcxyz123abcxyz123abcxyz123abcxyz123abcxyz123abcxyz123abcxyz123,elespanol.com
,http://spectrum-webmail-loginzs.framer.website/,1,openphish,http://spectrum-webmail-loginzs.framer.website/,framer.website
9946.0,http://www.xn--69-6tia3cb.net/blog/article-name-here?page=2,0,tranco,http://www.xn--69-6tia3cb.net/blog/article-name-here?page=2,xn--69-6tia3cb.net
183.0,http://azurewebsites.net,0,tranco,http://azurewebsites.net,azurewebsites.net
3269.0,http://sexlog.com,0,tranco,http://sexlog.com,sexlog.com
6042.0,http://www.sporcle.com/api/v1/users?utm_source=newsletter&utm_medium=email,0,tranco,http://www.sporcle.com/api/v1/users?utm_source=newsletter&utm_medium=email,sporcle.com
8263.0,http://hochi.news,0,tranco,http://hochi.news,hochi.news
1879.0,http://fbpigeon.com/download,0,tranco,http://fbpigeon.com/download,fbpigeon.com
4158.0,http://de.net/search,0,tranco,http://de.net/search,de.net
3526.0,http://www.ouraring.com/products/view/123?token=abcxyz123,0,tranco,http://www.ouraring.com/products/view/123?token=abcxyz123,ouraring.com
4726.0,http://visx.net/register?ref=twitter,0,tranco,http://visx.net/register?ref=twitter,visx.net
2312.0,http://www.samsungelectronics.com/login,0,tranco,http://www.samsungelectronics.com/login,samsungelectronics.com
9190.0,http://josporn.club,0,tranco,http://josporn.club,josporn.club
1705.0,http://koselarab.com/?redirect_url=https%3A%2F%2Fexample.com%2Fdashboard&session_id=abcdef1234567890abcdef1234567890,0,tranco,http://koselarab.com/?redirect_url=https://example.com/dashboard&session_id=abcdef1234567890abcdef1234567890,koselarab.com
7779.0,http://matrix.org/download,0,tranco,http://matrix.org/download,matrix.org
9751.0,http://79king1.com/contact?ref=twitter,0,tranco,http://79king1.com/contact?ref=twitter,79king1.com
2773.0,http://ueiwsp.com/register,0,tranco,http://ueiwsp.com/register,ueiwsp.com
2387.0,http://ufgrowfun.com/contact,0,tranco,http://ufgrowfun.com/contact,ufgrowfun.com
8036.0,http://www.conforama.fr/register,0,tranco,http://www.conforama.fr/register,conforama.fr
2085.0,http://www.medicalnewstoday.com/,0,tranco,http://www.medicalnewstoday.com/,medicalnewstoday.com
1828.0,http://omnitagjs.com,0,tranco,http://omnitagjs.com,omnitagjs.com
4070.0,http://www.ilsole24ore.com/download?lang=en,0,tranco,http://www.ilsole24ore.com/download?lang=en,ilsole24ore.com
9938.0,http://www.eghrmis.gov.my/register?ref=twitter,0,tranco,http://www.eghrmis.gov.my/register?ref=twitter,eghrmis.gov.my
8247.0,http://frhiys.com/search?utm_source=newsletter&utm_medium=email,0,tranco,http://frhiys.com/search?utm_source=newsletter&utm_medium=email,frhiys.com
8867.0,http://nic.ch/index.html?page=2,0,tranco,http://nic.ch/index.html?page=2,nic.ch
2353.0,http://kicktipp.de/download?utm_source=newsletter&utm_medium=email,0,tranco,http://kicktipp.de/download?utm_source=newsletter&utm_medium=email,kicktipp.de
9072.0,http://www.flashscore.ua/login?utm_source=newsletter&utm_medium=email,0,tranco,http://www.flashscore.ua/login?utm_source=newsletter&utm_medium=email,flashscore.ua
3742.0,http://10jqka.com.cn/products/view/123,0,tranco,http://10jqka.com.cn/products/view/123,10jqka.com.cn
2315.0,http://sascdn.com/index.html?utm_source=newsletter&utm_medium=email,0,tranco,http://sascdn.com/index.html?utm_source=newsletter&utm_medium=email,sascdn.com
7551.0,http://carwale.com/,0,tranco,http://carwale.com/,carwale.com
5993.0,http://eonline.com/register,0,tranco,http://eonline.com/register,eonline.com
9438.0,http://www.awsdns-28.co.uk/,0,tranco,http://www.awsdns-28.co.uk/,awsdns-28.co.uk
5524.0,http://www.audiomack.com/search,0,tranco,http://www.audiomack.com/search,audiomack.com
3429.0,http://virustotal.com/register?id=123,0,tranco,http://virustotal.com/register?id=123,virustotal.com
4482.0,http://www.eb.mil.br/login?ref=twitter,0,tranco,http://www.eb.mil.br/login?ref=twitter,eb.mil.br
8313.0,http://medicinenet.com,0,tranco,http://medicinenet.com,medicinenet.com
3163.0,http://mihanwebhost.com/contact,0,tranco,http://mihanwebhost.com/contact,mihanwebhost.com
3731.0,http://www.iinet.net.au/register,0,tranco,http://www.iinet.net.au/register,iinet.net.au
3671.0,http://www.alexismilan.com/download,0,tranco,http://www.alexismilan.com/download,alexismilan.com
3669.0,http://xpvid.cc,0,tranco,http://xpvid.cc,xpvid.cc
,https://spoo.me/es-santander,1,openphish,https://spoo.me/es-santander,spoo.me
824.0,http://33across.com,0,tranco,http://33across.com,33across.com
2020.0,http://www.sogou.com/contact?token=abcxyz123,0,tranco,http://www.sogou.com/contact?token=abcxyz123,sogou.com
7163.0,http://awsdns-06.net/api/v1/users,0,tranco,http://awsdns-06.net/api/v1/users,awsdns-06.net
3301.0,http://iz.ru/search?id=123,0,tranco,http://iz.ru/search?id=123,iz.ru
8448.0,http://kingofshojo.com,0,tranco,http://kingofshojo.com,kingofshojo.com
9435.0,http://itorrents-igruha.org,0,tranco,http://itorrents-igruha.org,itorrents-igruha.org
7989.0,http://www.bamboohr.com/products/view/123,0,tranco,http://www.bamboohr.com/products/view/123,bamboohr.com
4311.0,http://unisys.com,0,tranco,http://unisys.com,unisys.com
7118.0,http://www.nme.com/search,0,tranco,http://www.nme.com/search,nme.com
3510.0,http://www.yg5sjx5kzy.com/contact,0,tranco,http://www.yg5sjx5kzy.com/contact,yg5sjx5kzy.com
8340.0,http://www.namnak.com/,0,tranco,http://www.namnak.com/,namnak.com
8991.0,http://amd.online/register?redirect_url=https%3A%2F%2Fexample.com%2Fdashboard&session_id=abcdef1234567890abcdef1234567890,0,tranco,http://amd.online/register?redirect_url=https://example.com/dashboard&session_id=abcdef1234567890abcdef1234567890,amd.online
4006.0,http://uuidksinc.net/login?redirect_url=https%3A%2F%2Fexample.com%2Fdashboard&session_id=abcdef1234567890abcdef1234567890,0,tranco,http://uuidksinc.net/login?redirect_url=https://example.com/dashboard&session_id=abcdef1234567890abcdef1234567890,uuidksinc.net
1222.0,http://meesho.com/download?utm_source=newsletter&utm_medium=email,0,tranco,http://meesho.com/download?utm_source=newsletter&utm_medium=email,meesho.com
9878.0,http://e-tesda.gov.ph,0,tranco,http://e-tesda.gov.ph,e-tesda.gov.ph
7617.0,http://www.google.lk/contact,0,tranco,http://www.google.lk/contact,google.lk
7728.0,http://google.ee/index.html?ref=twitter,0,tranco,http://google.ee/index.html?ref=twitter,google.ee
9084.0,http://otakudesu.blog,0,tranco,http://otakudesu.blog,otakudesu.blog
1888.0,http://mapbox.com,0,tranco,http://mapbox.com,mapbox.com
7790.0,http://www.fastpic.ru/assets/css/style.css,0,tranco,http://www.fastpic.ru/assets/css/style.css,fastpic.ru
318.0,http://www.amazon.co.uk/login,0,tranco,http://www.amazon.co.uk/login,amazon.co.uk
675.0,http://www.g.co/download,0,tranco,http://www.g.co/download,g.co
3079.0,http://nheos.com,0,tranco,http://nheos.com,nheos.com
8451.0,http://www.ledger.com/download?token=abcxyz123,0,tranco,http://www.ledger.com/download?token=abcxyz123,ledger.com
,https://redemption.officiall-events.com/,1,openphish,https://redemption.officiall-events.com/,officiall-events.com
2993.0,http://tupi.fm,0,tranco,http://tupi.fm,tupi.fm
736.0,http://lijit.com/wp-content/uploads/image.jpg?id=123,0,tranco,http://lijit.com/wp-content/uploads/image.jpg?id=123,lijit.com
508.0,http://gosuslugi.ru/products/view/123,0,tranco,http://gosuslugi.ru/products/view/123,gosuslugi.ru
5216.0,http://www.azurerms.com/search?redirect_url=https%3A%2F%2Fexample.com%2Fdashboard&session_id=abcdef1234567890abcdef1234567890,0,tranco,http://www.azurerms.com/search?redirect_url=https://example.com/dashboard&session_id=abcdef1234567890abcdef1234567890,azurerms.com
1288.0,http://onedrive.com/blog/article-name-here,0,tranco,http://onedrive.com/blog/article-name-here,onedrive.com
1729.0,http://loteriadehoy.com,0,tranco,http://loteriadehoy.com,loteriadehoy.com
7905.0,http://sandai.net,0,tranco,http://sandai.net,sandai.net
7373.0,http://www.bet9ja.com/blog/article-name-here,0,tranco,http://www.bet9ja.com/blog/article-name-here,bet9ja.com
2862.0,http://www.wso2.download/assets/css/style.css,0,tranco,http://www.wso2.download/assets/css/style.css,wso2.download
7516.0,http://podscribe.com,0,tranco,http://podscribe.com,podscribe.com
5146.0,http://everydayhealth.com,0,tranco,http://everydayhealth.com,everydayhealth.com
8336.0,http://www.trezor.io/search,0,tranco,http://www.trezor.io/search,trezor.io
6479.0,http://www.invisalign.com/?ref=twitter,0,tranco,http://www.invisalign.com/?ref=twitter,invisalign.com
4886.0,http://tubemogul.com,0,tranco,http://tubemogul.com,tubemogul.com
2475.0,http://gmx.net/assets/css/style.css?utm_source=newsletter&utm_medium=email,0,tranco,http://gmx.net/assets/css/style.css?utm_source=newsletter&utm_medium=email,gmx.net
7364.0,http://scoop.it,0,tranco,http://scoop.it,scoop.it
907.0,http://youku.com/index.html?q=test,0,tranco,http://youku.com/index.html?q=test,youku.com
1905.0,http://www.px-cloud.net/wp-content/uploads/image.jpg?id=123,0,tranco,http://www.px-cloud.net/wp-content/uploads/image.jpg?id=123,px-cloud.net
9612.0,http://www.zabbix.com/download,0,tranco,http://www.zabbix.com/download,zabbix.com
5116.0,http://moovitapp.com,0,tranco,http://moovitapp.com,moovitapp.com
939.0,http://weforum.org/api/v1/users,0,tranco,http://weforum.org/api/v1/users,weforum.org
6566.0,http://www.thesimsresource.com/login,0,tranco,http://www.thesimsresource.com/login,thesimsresource.com
2464.0,http://www.infocyte.com/assets/css/style.css,0,tranco,http://www.infocyte.com/assets/css/style.css,infocyte.com
5487.0,http://www.sberbank-tele.com/index.html?q=test,0,tranco,http://www.sberbank-tele.com/index.html?q=test,sberbank-tele.com
2108.0,http://leparisien.fr/download?lang=en,0,tranco,http://leparisien.fr/download?lang=en,leparisien.fr
3060.0,http://univie.ac.at/register?ref=twitter,0,tranco,http://univie.ac.at/register?ref=twitter,univie.ac.at
3431.0,http://redbull.com/download?id=123,0,tranco,http://redbull.com/download?id=123,redbull.com
126.0,http://yccdn.ru/index.html,0,tranco,http://yccdn.ru/index.html,yccdn.ru
610.0,http://loc.gov/?action=verify&token=abcxyz123abcxyz123abcxyz123abcxyz123abcxyz123abcxyz123abcxyz123abcxyz123,0,tranco,http://loc.gov/?action=verify&token=abcxyz123abcxyz123abcxyz123abcxyz123abcxyz123abcxyz123abcxyz123abcxyz123,loc.gov
1815.0,http://www.moodle.org/about,0,tranco,http://www.moodle.org/about,moodle.org
5538.0,http://ltn.com.tw/api/v1/users?token=abcxyz123,0,tranco,http://ltn.com.tw/api/v1/users?token=abcxyz123,ltn.com.tw
5863.0,http://openrouter.ai/about?id=123,0,tranco,http://openrouter.ai/about?id=123,openrouter.ai
5363.0,http://www.allocine.fr/,0,tranco,http://www.allocine.fr/,allocine.fr
8444.0,http://espn.com.mx,0,tranco,http://espn.com.mx,espn.com.mx
9018.0,http://baycrews.jp,0,tranco,http://baycrews.jp,baycrews.jp
3585.0,http://ad-score.com/register,0,tranco,http://ad-score.com/register,ad-score.com
3865.0,http://www.farfetch.com/assets/css/style.css,0,tranco,http://www.farfetch.com/assets/css/style.css,farfetch.com
7788.0,http://www.google.ci/download?page=2,0,tranco,http://www.google.ci/download?page=2,google.ci
5605.0,http://www.inaccuracy.net/register,0,tranco,http://www.inaccuracy.net/register,inaccuracy.net
665.0,http://mhverifier.ru/register,0,tranco,http://mhverifier.ru/register,mhverifier.ru
3506.0,http://selcloud.ru,0,tranco,http://selcloud.ru,selcloud.ru
5190.0,http://aboutamazon.com,0,tranco,http://aboutamazon.com,aboutamazon.com
3447.0,http://eventbrite.co.uk/api/v1/users,0,tranco,http://eventbrite.co.uk/api/v1/users,eventbrite.co.uk
9231.0,http://ensighten.com/,0,tranco,http://ensighten.com/,ensighten.com
4237.0,http://newsroom.bi/index.html?redirect_url=https%3A%2F%2Fexample.com%2Fdashboard&session_id=abcdef1234567890abcdef1234567890,0,tranco,http://newsroom.bi/index.html?redirect_url=https://example.com/dashboard&session_id=abcdef1234567890abcdef1234567890,newsroom.bi
3837.0,http://arbeitsagentur.de,0,tranco,http://arbeitsagentur.de,arbeitsagentur.de
8164.0,http://casa.it/wp-content/uploads/image.jpg,0,tranco,http://casa.it/wp-content/uploads/image.jpg,casa.it
1892.0,http://fastcompany.com/contact?lang=en,0,tranco,http://fastcompany.com/contact?lang=en,fastcompany.com
9150.0,http://jobcan.jp/assets/css/style.css?utm_source=newsletter&utm_medium=email,0,tranco,http://jobcan.jp/assets/css/style.css?utm_source=newsletter&utm_medium=email,jobcan.jp
5847.0,http://avant.si/?id=123,0,tranco,http://avant.si/?id=123,avant.si
6781.0,http://csfd.cz/wp-content/uploads/image.jpg,0,tranco,http://csfd.cz/wp-content/uploads/image.jpg,csfd.cz
5512.0,http://www.atol.ru/api/v1/users?action=verify&token=abcxyz123abcxyz123abcxyz123abcxyz123abcxyz123abcxyz123abcxyz123abcxyz123,0,tranco,http://www.atol.ru/api/v1/users?action=verify&token=abcxyz123abcxyz123abcxyz123abcxyz123abcxyz123abcxyz123abcxyz123abcxyz123,atol.ru
6209.0,http://clamav.net/login,0,tranco,http://clamav.net/login,clamav.net
366.0,http://walmart.com/blog/article-name-here,0,tranco,http://walmart.com/blog/article-name-here,walmart.com
6456.0,http://truepeoplesearch.com,0,tranco,http://truepeoplesearch.com,truepeoplesearch.com
6353.0,http://bbcgoodfood.com,0,tranco,http://bbcgoodfood.com,bbcgoodfood.com
7325.0,http://tagsrvcs.com,0,tranco,http://tagsrvcs.com,tagsrvcs.com
3535.0,http://www.cnrs.fr/download,0,tranco,http://www.cnrs.fr/download,cnrs.fr
6845.0,http://workspaceone.com/about?redirect_url=https%3A%2F%2Fexample.com%2Fdashboard&session_id=abcdef1234567890abcdef1234567890,0,tranco,http://workspaceone.com/about?redirect_url=https://example.com/dashboard&session_id=abcdef1234567890abcdef1234567890,workspaceone.com
8241.0,http://www.nitori-net.jp/assets/css/style.css?lang=en,0,tranco,http://www.nitori-net.jp/assets/css/style.css?lang=en,nitori-net.jp
5508.0,http://devicetask.com/about,0,tranco,http://devicetask.com/about,devicetask.com
5320.0,http://supabase.com,0,tranco,http://supabase.com,supabase.com
1322.0,http://www.leroymerlin.fr/products/view/123?action=verify&token=abcxyz123abcxyz123abcxyz123abcxyz123abcxyz123abcxyz123abcxyz123abcxyz123,0,tranco,http://www.leroymerlin.fr/products/view/123?action=verify&token=abcxyz123abcxyz123abcxyz123abcxyz123abcxyz123abcxyz123abcxyz123abcxyz123,leroymerlin.fr
2797.0,http://www.startappservice.com/api/v1/users?ref=twitter,0,tranco,http://www.startappservice.com/api/v1/users?ref=twitter,startappservice.com
3806.0,http://www.dnsv1.com.cn/index.html,0,tranco,http://www.dnsv1.com.cn/index.html,dnsv1.com.cn
706.0,http://amazon.it/assets/css/style.css,0,tranco,http://amazon.it/assets/css/style.css,amazon.it
2527.0,http://www.samsungapis.com/index.html?action=verify&token=abcxyz123abcxyz123abcxyz123abcxyz123abcxyz123abcxyz123abcxyz123abcxyz123,0,tranco,http://www.samsungapis.com/index.html?action=verify&token=abcxyz123abcxyz123abcxyz123abcxyz123abcxyz123abcxyz123abcxyz123abcxyz123,samsungapis.com
4378.0,http://lesechos.fr,0,tranco,http://lesechos.fr,lesechos.fr
5447.0,http://etherscan.io/login,0,tranco,http://etherscan.io/login,etherscan.io
7246.0,http://google.ge/,0,tranco,http://google.ge/,google.ge
6178.0,http://www.adtdp.com/index.html?page=2,0,tranco,http://www.adtdp.com/index.html?page=2,adtdp.com
,http://php-web-server--usuariomex.replit.app/indexx.html,1,openphish,http://php-web-server--usuariomex.replit.app/indexx.html,replit.app
9450.0,http://oaed.gr,0,tranco,http://oaed.gr,oaed.gr
1465.0,http://www.bbb.org/blog/article-name-here?page=2,0,tranco,http://www.bbb.org/blog/article-name-here?page=2,bbb.org
8655.0,http://91porny.com/products/view/123?token=abcxyz123,0,tranco,http://91porny.com/products/view/123?token=abcxyz123,91porny.com
7244.0,http://crisp.chat/assets/css/style.css,0,tranco,http://crisp.chat/assets/css/style.css,crisp.chat
1143.0,http://alipay.com/products/view/123?page=2,0,tranco,http://alipay.com/products/view/123?page=2,alipay.com
1115.0,http://statuspage.io/about?lang=en,0,tranco,http://statuspage.io/about?lang=en,statuspage.io
8950.0,http://hawaii.gov/products/view/123,0,tranco,http://hawaii.gov/products/view/123,hawaii.gov
,http://bgrfd34qnk-hwcps82zlk-9i4g2g-mt492d.pages.dev/,1,openphish,http://bgrfd34qnk-hwcps82zlk-9i4g2g-mt492d.pages.dev/,pages.dev
805.0,http://a-mo.net/search?utm_source=newsletter&utm_medium=email,0,tranco,http://a-mo.net/search?utm_source=newsletter&utm_medium=email,a-mo.net
8944.0,http://pomorska.pl,0,tranco,http://pomorska.pl,pomorska.pl
9586.0,http://www.eropuru.com/register,0,tranco,http://www.eropuru.com/register,eropuru.com
7592.0,http://www.dziennik.pl/wp-content/uploads/image.jpg?page=2,0,tranco,http://www.dziennik.pl/wp-content/uploads/image.jpg?page=2,dziennik.pl
9421.0,http://www.livescore.mobi/login?redirect_url=https%3A%2F%2Fexample.com%2Fdashboard&session_id=abcdef1234567890abcdef1234567890,0,tranco,http://www.livescore.mobi/login?redirect_url=https://example.com/dashboard&session_id=abcdef1234567890abcdef1234567890,livescore.mobi
9852.0,http://www.1geki.jp/about,0,tranco,http://www.1geki.jp/about,1geki.jp
854.0,http://www.onlyfans.com/download,0,tranco,http://www.onlyfans.com/download,onlyfans.com
3934.0,http://menshealth.com/blog/article-name-here,0,tranco,http://menshealth.com/blog/article-name-here,menshealth.com
5087.0,http://www.manutouch.com.cn/contact?page=2,0,tranco,http://www.manutouch.com.cn/contact?page=2,manutouch.com.cn
6475.0,http://onlinepbx.ru/assets/css/style.css,0,tranco,http://onlinepbx.ru/assets/css/style.css,onlinepbx.ru
3682.0,http://www.xnhau.you/index.html?q=test,0,tranco,http://www.xnhau.you/index.html?q=test,xnhau.you
5477.0,http://www.tinypic.com/download,0,tranco,http://www.tinypic.com/download,tinypic.com
1310.0,http://mydramalist.com/contact,0,tranco,http://mydramalist.com/contact,mydramalist.com
9850.0,http://www.yuvideos.com/assets/css/style.css?token=abcxyz123,0,tranco,http://www.yuvideos.com/assets/css/style.css?token=abcxyz123,yuvideos.com
2210.0,http://useinsider.com,0,tranco,http://useinsider.com,useinsider.com
6530.0,http://theintercept.com/about,0,tranco,http://theintercept.com/about,theintercept.com
6992.0,http://www.vonedge.com/?ref=twitter,0,tranco,http://www.vonedge.com/?ref=twitter,vonedge.com
2199.0,http://www.rr.com/search,0,tranco,http://www.rr.com/search,rr.com
4105.0,http://awsdns-18.com/products/view/123,0,tranco,http://awsdns-18.com/products/view/123,awsdns-18.com
4990.0,http://www.aaa.com/products/view/123?action=verify&token=abcxyz123abcxyz123abcxyz123abcxyz123abcxyz123abcxyz123abcxyz123abcxyz123,0,tranco,http://www.aaa.com/products/view/123?action=verify&token=abcxyz123abcxyz123abcxyz123abcxyz123abcxyz123abcxyz123abcxyz123abcxyz123,aaa.com
2097.0,http://www.dropbox-dns.com/api/v1/users,0,tranco,http://www.dropbox-dns.com/api/v1/users,dropbox-dns.com
1674.0,http://www.dto.jp/contact,0,tranco,http://www.dto.jp/contact,dto.jp
6697.0,http://consumerfinance.gov,0,tranco,http://consumerfinance.gov,consumerfinance.gov
7304.0,http://www.b2c.com/wp-content/uploads/image.jpg,0,tranco,http://www.b2c.com/wp-content/uploads/image.jpg,b2c.com
5302.0,http://temp-mail.org/assets/css/style.css?ref=twitter,0,tranco,http://temp-mail.org/assets/css/style.css?ref=twitter,temp-mail.org
5098.0,http://dnspod.cn/products/view/123,0,tranco,http://dnspod.cn/products/view/123,dnspod.cn
3044.0,http://58.com/index.html?lang=en,0,tranco,http://58.com/index.html?lang=en,58.com
4753.0,http://xda-developers.com,0,tranco,http://xda-developers.com,xda-developers.com
1492.0,http://eff.org/api/v1/users,0,tranco,http://eff.org/api/v1/users,eff.org
6757.0,http://www.getpublica.com/products/view/123,0,tranco,http://www.getpublica.com/products/view/123,getpublica.com
7037.0,http://directvgo.com,0,tranco,http://directvgo.com,directvgo.com
1378.0,http://www.aljazeera.com/about?ref=twitter,0,tranco,http://www.aljazeera.com/about?ref=twitter,aljazeera.com
7370.0,http://meshok.net/assets/css/style.css,0,tranco,http://meshok.net/assets/css/style.css,meshok.net
3384.0,http://www.vanguard.com/about?redirect_url=https%3A%2F%2Fexample.com%2Fdashboard&session_id=abcdef1234567890abcdef1234567890,0,tranco,http://www.vanguard.com/about?redirect_url=https://example.com/dashboard&session_id=abcdef1234567890abcdef1234567890,vanguard.com
3544.0,http://awsdns-26.com/login?id=123,0,tranco,http://awsdns-26.com/login?id=123,awsdns-26.com
7083.0,http://chmfin.com/wp-content/uploads/image.jpg,0,tranco,http://chmfin.com/wp-content/uploads/image.jpg,chmfin.com
6249.0,http://lunalabs.io/contact,0,tranco,http://lunalabs.io/contact,lunalabs.io
5701.0,http://www.goto.com/index.html?ref=twitter,0,tranco,http://www.goto.com/index.html?ref=twitter,goto.com
8019.0,http://www.aade.gr/register?action=verify&token=abcxyz123abcxyz123abcxyz123abcxyz123abcxyz123abcxyz123abcxyz123abcxyz123,0,tranco,http://www.aade.gr/register?action=verify&token=abcxyz123abcxyz123abcxyz123abcxyz123abcxyz123abcxyz123abcxyz123abcxyz123,aade.gr
6491.0,http://www.awsdns-51.net/index.html,0,tranco,http://www.awsdns-51.net/index.html,awsdns-51.net
7022.0,http://www.aptoide.com/products/view/123?q=test,0,tranco,http://www.aptoide.com/products/view/123?q=test,aptoide.com
9917.0,http://www.xhamster.best/contact,0,tranco,http://www.xhamster.best/contact,xhamster.best
4263.0,http://syndicatedsearch.goog,0,tranco,http://syndicatedsearch.goog,syndicatedsearch.goog
5880.0,http://www.guinnessworldrecords.com/contact?id=123,0,tranco,http://www.guinnessworldrecords.com/contact?id=123,guinnessworldrecords.com
7317.0,http://www.convertkit.com/register,0,tranco,http://www.convertkit.com/register,convertkit.com
5295.0,http://ria.com,0,tranco,http://ria.com,ria.com
8038.0,http://yesplay.bet,0,tranco,http://yesplay.bet,yesplay.bet
3995.0,http://www.bell-labs.com/assets/css/style.css?ref=twitter,0,tranco,http://www.bell-labs.com/assets/css/style.css?ref=twitter,bell-labs.com
8662.0,http://vidmate-official.com/about,0,tranco,http://vidmate-official.com/about,vidmate-official.com
9224.0,http://www.szerencsejatek.hu/register,0,tranco,http://www.szerencsejatek.hu/register,szerencsejatek.hu
9074.0,http://www.nsfwph.org/login,0,tranco,http://www.nsfwph.org/login,nsfwph.org
4939.0,http://www.pubnub.com/download?utm_source=newsletter&utm_medium=email,0,tranco,http://www.pubnub.com/download?utm_source=newsletter&utm_medium=email,pubnub.com
6413.0,http://proxytg.space,0,tranco,http://proxytg.space,proxytg.space
544.0,http://www.supercell.com/index.html?utm_source=newsletter&utm_medium=email,0,tranco,http://www.supercell.com/index.html?utm_source=newsletter&utm_medium=email,supercell.com
9419.0,http://www.hentaila.tv/products/view/123,0,tranco,http://www.hentaila.tv/products/view/123,hentaila.tv
9669.0,http://gyazo.com,0,tranco,http://gyazo.com,gyazo.com
455.0,http://list-manage.com,0,tranco,http://list-manage.com,list-manage.com
3337.0,http://dhgate.com,0,tranco,http://dhgate.com,dhgate.com
4817.0,http://hurriyet.com.tr/about,0,tranco,http://hurriyet.com.tr/about,hurriyet.com.tr
3213.0,http://www.fool.com/,0,tranco,http://www.fool.com/,fool.com
9061.0,http://meteored.com.ar,0,tranco,http://meteored.com.ar,meteored.com.ar
4153.0,http://www.unsw.edu.au/download,0,tranco,http://www.unsw.edu.au/download,unsw.edu.au
2551.0,http://lgtvsdp.com/register?redirect_url=https%3A%2F%2Fexample.com%2Fdashboard&session_id=abcdef1234567890abcdef1234567890,0,tranco,http://lgtvsdp.com/register?redirect_url=https://example.com/dashboard&session_id=abcdef1234567890abcdef1234567890,lgtvsdp.com
9058.0,http://www.anjuke.com/wp-content/uploads/image.jpg?redirect_url=https%3A%2F%2Fexample.com%2Fdashboard&session_id=abcdef1234567890abcdef1234567890,0,tranco,http://www.anjuke.com/wp-content/uploads/image.jpg?redirect_url=https://example.com/dashboard&session_id=abcdef1234567890abcdef1234567890,anjuke.com
2015.0,http://orange.fr/api/v1/users?q=test,0,tranco,http://orange.fr/api/v1/users?q=test,orange.fr
8908.0,http://www.uni-goettingen.de/search,0,tranco,http://www.uni-goettingen.de/search,uni-goettingen.de
475.0,http://www.chinamobile.com/about?ref=twitter,0,tranco,http://www.chinamobile.com/about?ref=twitter,chinamobile.com
32.0,http://whatsapp.net,0,tranco,http://whatsapp.net,whatsapp.net
137.0,http://dns.google/search?token=abcxyz123,0,tranco,http://dns.google/search?token=abcxyz123,dns.google
5233.0,http://epfl.ch/?lang=en,0,tranco,http://epfl.ch/?lang=en,epfl.ch
8043.0,http://www.icicidirect.com/index.html,0,tranco,http://www.icicidirect.com/index.html,icicidirect.com
141.0,http://dropbox.com/contact?page=2,0,tranco,http://dropbox.com/contact?page=2,dropbox.com
8732.0,http://www.lcw.com/login?lang=en,0,tranco,http://www.lcw.com/login?lang=en,lcw.com
6436.0,http://www.tn.gov.in/products/view/123,0,tranco,http://www.tn.gov.in/products/view/123,tn.gov.in
10000.0,http://hotpic.me/api/v1/users,0,tranco,http://hotpic.me/api/v1/users,hotpic.me
5137.0,http://cbp.gov,0,tranco,http://cbp.gov,cbp.gov
2074.0,http://www.cootlogix.com/search,0,tranco,http://www.cootlogix.com/search,cootlogix.com
5855.0,http://samhsa.gov/?ref=twitter,0,tranco,http://samhsa.gov/?ref=twitter,samhsa.gov
7871.0,http://tci.ir/wp-content/uploads/image.jpg?page=2,0,tranco,http://tci.ir/wp-content/uploads/image.jpg?page=2,tci.ir
,http://vh18568.vh.net.pl/TD/TD-ZE5KIzX0UW4&oauth_key_signature=eyJraWQOiJrUFVqdlNhT25GWUVDakpjMmV1MXJvNGxnb2VFeXJJb2tCbU1X3BiZXN/app.php,1,openphish,http://vh18568.vh.net.pl/TD/TD-ZE5KIzX0UW4&oauth_key_signature=eyJraWQOiJrUFVqdlNhT25GWUVDakpjMmV1MXJvNGxnb2VFeXJJb2tCbU1X3BiZXN/app.php,vh.net.pl
423.0,http://www.steamcommunity.com/api/v1/users?redirect_url=https%3A%2F%2Fexample.com%2Fdashboard&session_id=abcdef1234567890abcdef1234567890,0,tranco,http://www.steamcommunity.com/api/v1/users?redirect_url=https://example.com/dashboard&session_id=abcdef1234567890abcdef1234567890,steamcommunity.com
2196.0,http://www.a-mx.com/products/view/123?action=verify&token=abcxyz123abcxyz123abcxyz123abcxyz123abcxyz123abcxyz123abcxyz123abcxyz123,0,tranco,http://www.a-mx.com/products/view/123?action=verify&token=abcxyz123abcxyz123abcxyz123abcxyz123abcxyz123abcxyz123abcxyz123abcxyz123,a-mx.com
5607.0,http://canadiantire.ca,0,tranco,http://canadiantire.ca,canadiantire.ca
1447.0,http://www.hugedomains.com/products/view/123?action=verify&token=abcxyz123abcxyz123abcxyz123abcxyz123abcxyz123abcxyz123abcxyz123abcxyz123,0,tranco,http://www.hugedomains.com/products/view/123?action=verify&token=abcxyz123abcxyz123abcxyz123abcxyz123abcxyz123abcxyz123abcxyz123abcxyz123,hugedomains.com
6418.0,http://planfix.ru/products/view/123,0,tranco,http://planfix.ru/products/view/123,planfix.ru
8084.0,http://ivoox.com/index.html,0,tranco,http://ivoox.com/index.html,ivoox.com
1732.0,http://www.satta-king-fast.com/blog/article-name-here,0,tranco,http://www.satta-king-fast.com/blog/article-name-here,satta-king-fast.com
2724.0,http://www.raiffeisen.ru/products/view/123,0,tranco,http://www.raiffeisen.ru/products/view/123,raiffeisen.ru
7434.0,http://typing.com,0,tranco,http://typing.com,typing.com
7236.0,http://www.crossthegame.com/about,0,tranco,http://www.crossthegame.com/about,crossthegame.com
765.0,http://allegro.pl/search?token=abcxyz123,0,tranco,http://allegro.pl/search?token=abcxyz123,allegro.pl
9891.0,http://darknaija.com/about?q=test,0,tranco,http://darknaija.com/about?q=test,darknaija.com
8553.0,http://gosexpod.com/about?utm_source=newsletter&utm_medium=email,0,tranco,http://gosexpod.com/about?utm_source=newsletter&utm_medium=email,gosexpod.com
3880.0,http://united.com,0,tranco,http://united.com,united.com
9766.0,http://www.miku-doujin.com/products/view/123,0,tranco,http://www.miku-doujin.com/products/view/123,miku-doujin.com
9549.0,http://lpsnmedia.net/products/view/123?id=123,0,tranco,http://lpsnmedia.net/products/view/123?id=123,lpsnmedia.net
9701.0,http://tamilgun.now/,0,tranco,http://tamilgun.now/,tamilgun.now
4695.0,http://www.paddypower.com/download,0,tranco,http://www.paddypower.com/download,paddypower.com
2938.0,http://check24.de,0,tranco,http://check24.de,check24.de
1875.0,http://clevelandclinic.org/index.html,0,tranco,http://clevelandclinic.org/index.html,clevelandclinic.org
3741.0,http://tass.ru/products/view/123,0,tranco,http://tass.ru/products/view/123,tass.ru
8.0,http://amazonaws.com/register?ref=twitter,0,tranco,http://amazonaws.com/register?ref=twitter,amazonaws.com
5535.0,http://missouri.edu/download?redirect_url=https%3A%2F%2Fexample.com%2Fdashboard&session_id=abcdef1234567890abcdef1234567890,0,tranco,http://missouri.edu/download?redirect_url=https://example.com/dashboard&session_id=abcdef1234567890abcdef1234567890,missouri.edu
8499.0,http://msport.com/about?id=123,0,tranco,http://msport.com/about?id=123,msport.com
9320.0,http://flashscore.pe,0,tranco,http://flashscore.pe,flashscore.pe
3064.0,http://www.rutgers.edu/wp-content/uploads/image.jpg,0,tranco,http://www.rutgers.edu/wp-content/uploads/image.jpg,rutgers.edu
7017.0,http://t13.io/wp-content/uploads/image.jpg?ref=twitter,0,tranco,http://t13.io/wp-content/uploads/image.jpg?ref=twitter,t13.io
330.0,http://telegram.me/contact?utm_source=newsletter&utm_medium=email,0,tranco,http://telegram.me/contact?utm_source=newsletter&utm_medium=email,telegram.me
5337.0,http://adguard-dns.com/assets/css/style.css,0,tranco,http://adguard-dns.com/assets/css/style.css,adguard-dns.com
4837.0,http://protrafficinspector.com/wp-content/uploads/image.jpg,0,tranco,http://protrafficinspector.com/wp-content/uploads/image.jpg,protrafficinspector.com
6.0,http://www.googleapis.com/login,0,tranco,http://www.googleapis.com/login,googleapis.com
8244.0,http://assoass.com/?id=123,0,tranco,http://assoass.com/?id=123,assoass.com
5474.0,http://www.cloudbirds.cn/products/view/123?utm_source=newsletter&utm_medium=email,0,tranco,http://www.cloudbirds.cn/products/view/123?utm_source=newsletter&utm_medium=email,cloudbirds.cn
1910.0,http://www.nhs.uk/assets/css/style.css,0,tranco,http://www.nhs.uk/assets/css/style.css,www.nhs.uk
6986.0,http://www.w.org/about,0,tranco,http://www.w.org/about,w.org
9400.0,http://agones.gr/?id=123,0,tranco,http://agones.gr/?id=123,agones.gr
1807.0,http://sendgrid.net,0,tranco,http://sendgrid.net,sendgrid.net
1884.0,http://www.pullcm.com/,0,tranco,http://www.pullcm.com/,pullcm.com
1440.0,http://ssstik.io,0,tranco,http://ssstik.io,ssstik.io
2226.0,http://generatepress.com,0,tranco,http://generatepress.com,generatepress.com
419.0,http://pangle.io/api/v1/users,0,tranco,http://pangle.io/api/v1/users,pangle.io
6760.0,http://brand-display.com,0,tranco,http://brand-display.com,brand-display.com
6089.0,http://www.azcentral.com/products/view/123,0,tranco,http://www.azcentral.com/products/view/123,azcentral.com
5729.0,http://pia.jp,0,tranco,http://pia.jp,pia.jp
3623.0,http://digicert.cn/login,0,tranco,http://digicert.cn/login,digicert.cn
9859.0,http://www.fineartamerica.com/wp-content/uploads/image.jpg,0,tranco,http://www.fineartamerica.com/wp-content/uploads/image.jpg,fineartamerica.com
1300.0,http://f95zone.to/about?token=abcxyz123,0,tranco,http://f95zone.to/about?token=abcxyz123,f95zone.to
2587.0,http://www.arizona.edu/register,0,tranco,http://www.arizona.edu/register,arizona.edu
83.0,http://windows.com,0,tranco,http://windows.com,windows.com
6792.0,http://awsdns-59.net,0,tranco,http://awsdns-59.net,awsdns-59.net
6127.0,http://aka-ns.net/search,0,tranco,http://aka-ns.net/search,aka-ns.net
1987.0,http://www.mindbox.ru/blog/article-name-here,0,tranco,http://www.mindbox.ru/blog/article-name-here,mindbox.ru
1937.0,http://www.techtarget.com/products/view/123,0,tranco,http://www.techtarget.com/products/view/123,techtarget.com
6433.0,http://ipxserve.com,0,tranco,http://ipxserve.com,ipxserve.com
8832.0,http://bet88.ph,0,tranco,http://bet88.ph,bet88.ph
1943.0,http://about.com/products/view/123,0,tranco,http://about.com/products/view/123,about.com
1374.0,http://novinky.cz/contact?page=2,0,tranco,http://novinky.cz/contact?page=2,novinky.cz
4523.0,http://www.etrade.com/assets/css/style.css,0,tranco,http://www.etrade.com/assets/css/style.css,etrade.com
8158.0,http://acsbapp.com,0,tranco,http://acsbapp.com,acsbapp.com
7862.0,http://forocoches.com/blog/article-name-here,0,tranco,http://forocoches.com/blog/article-name-here,forocoches.com
7992.0,http://elfsight.com/about,0,tranco,http://elfsight.com/about,elfsight.com
6414.0,http://scirp.org/register,0,tranco,http://scirp.org/register,scirp.org
7765.0,http://www.this-domain-for-sale.com/products/view/123,0,tranco,http://www.this-domain-for-sale.com/products/view/123,this-domain-for-sale.com
7819.0,http://cntv.cn,0,tranco,http://cntv.cn,cntv.cn
2018.0,http://www.kueezrtb.com/assets/css/style.css?utm_source=newsletter&utm_medium=email,0,tranco,http://www.kueezrtb.com/assets/css/style.css?utm_source=newsletter&utm_medium=email,kueezrtb.com
5182.0,http://nla.gov.au/products/view/123,0,tranco,http://nla.gov.au/products/view/123,nla.gov.au
5122.0,http://weixinbridge.com,0,tranco,http://weixinbridge.com,weixinbridge.com
7302.0,http://cpsc.gov/search?lang=en,0,tranco,http://cpsc.gov/search?lang=en,cpsc.gov
9408.0,http://www.avtub.net/login?utm_source=newsletter&utm_medium=email,0,tranco,http://www.avtub.net/login?utm_source=newsletter&utm_medium=email,avtub.net
1037.0,http://www.tiktokrow-cdn.com/login?ref=twitter,0,tranco,http://www.tiktokrow-cdn.com/login?ref=twitter,tiktokrow-cdn.com
1435.0,http://sun.com/index.html?id=123,0,tranco,http://sun.com/index.html?id=123,sun.com
3796.0,http://www.ardmediathek.de/,0,tranco,http://www.ardmediathek.de/,ardmediathek.de
9670.0,http://workman.jp,0,tranco,http://workman.jp,workman.jp
8490.0,http://mangakakalot.gg,0,tranco,http://mangakakalot.gg,mangakakalot.gg
1543.0,http://porn300.com/?action=verify&token=abcxyz123abcxyz123abcxyz123abcxyz123abcxyz123abcxyz123abcxyz123abcxyz123,0,tranco,http://porn300.com/?action=verify&token=abcxyz123abcxyz123abcxyz123abcxyz123abcxyz123abcxyz123abcxyz123abcxyz123,porn300.com
7898.0,http://dnsdomen.com/index.html,0,tranco,http://dnsdomen.com/index.html,dnsdomen.com
4519.0,http://sports.ru,0,tranco,http://sports.ru,sports.ru
5582.0,http://www.codecademy.com/about?lang=en,0,tranco,http://www.codecademy.com/about?lang=en,codecademy.com
2021.0,http://www.doordash.com/download?page=2,0,tranco,http://www.doordash.com/download?page=2,doordash.com
7439.0,http://my-best.com/wp-content/uploads/image.jpg,0,tranco,http://my-best.com/wp-content/uploads/image.jpg,my-best.com
6389.0,http://liputan6.com/index.html,0,tranco,http://liputan6.com/index.html,liputan6.com
4218.0,http://spreaker.com/register,0,tranco,http://spreaker.com/register,spreaker.com
240.0,http://telecid.ru/?utm_source=newsletter&utm_medium=email,0,tranco,http://telecid.ru/?utm_source=newsletter&utm_medium=email,telecid.ru
8628.0,http://www.etsystatic.com/search?page=2,0,tranco,http://www.etsystatic.com/search?page=2,etsystatic.com
8108.0,http://www.palcloset.jp/index.html,0,tranco,http://www.palcloset.jp/index.html,palcloset.jp
,https://a43970.icefactory.cl/,1,openphish,https://a43970.icefactory.cl/,icefactory.cl
9500.0,http://acesso.gov.pt/assets/css/style.css,0,tranco,http://acesso.gov.pt/assets/css/style.css,acesso.gov.pt
1355.0,http://iqiyi.com/index.html?lang=en,0,tranco,http://iqiyi.com/index.html?lang=en,iqiyi.com
7366.0,http://www.myherbalife.com/,0,tranco,http://www.myherbalife.com/,myherbalife.com
606.0,http://t-msedge.net/search?lang=en,0,tranco,http://t-msedge.net/search?lang=en,t-msedge.net
3973.0,http://rackcdn.com,0,tranco,http://rackcdn.com,rackcdn.com
4366.0,http://www.aarnet.net.au/products/view/123?ref=twitter,0,tranco,http://www.aarnet.net.au/products/view/123?ref=twitter,aarnet.net.au
9656.0,http://www.turf-fr.com/assets/css/style.css?utm_source=newsletter&utm_medium=email,0,tranco,http://www.turf-fr.com/assets/css/style.css?utm_source=newsletter&utm_medium=email,turf-fr.com
285.0,http://www.weibo.com/wp-content/uploads/image.jpg,0,tranco,http://www.weibo.com/wp-content/uploads/image.jpg,weibo.com
3364.0,http://drpc.org,0,tranco,http://drpc.org,drpc.org
7232.0,http://www.gitbook.com/register,0,tranco,http://www.gitbook.com/register,gitbook.com
3162.0,http://ed.ac.uk/about?action=verify&token=abcxyz123abcxyz123abcxyz123abcxyz123abcxyz123abcxyz123abcxyz123abcxyz123,0,tranco,http://ed.ac.uk/about?action=verify&token=abcxyz123abcxyz123abcxyz123abcxyz123abcxyz123abcxyz123abcxyz123abcxyz123,ed.ac.uk
,https://sp25ct-taneku-biz-zoravi-melun.pages.dev/rtyu-iopj-qewr-thjm?welcome=109034458175433&idnp=109034458175433&name_idnp=Daisy%20Lain%20Vintage%20Jewellery,1,openphish,https://sp25ct-taneku-biz-zoravi-melun.pages.dev/rtyu-iopj-qewr-thjm?welcome=109034458175433&idnp=109034458175433&name_idnp=Daisy Lain Vintage Jewellery,pages.dev
7599.0,http://www.zdbb.net/wp-content/uploads/image.jpg,0,tranco,http://www.zdbb.net/wp-content/uploads/image.jpg,zdbb.net
7635.0,http://www.rule34.us/index.html,0,tranco,http://www.rule34.us/index.html,rule34.us
3164.0,http://rqtrk.eu/wp-content/uploads/image.jpg,0,tranco,http://rqtrk.eu/wp-content/uploads/image.jpg,rqtrk.eu
4264.0,http://www.a-ads.com/about?action=verify&token=abcxyz123abcxyz123abcxyz123abcxyz123abcxyz123abcxyz123abcxyz123abcxyz123,0,tranco,http://www.a-ads.com/about?action=verify&token=abcxyz123abcxyz123abcxyz123abcxyz123abcxyz123abcxyz123abcxyz123abcxyz123,a-ads.com
2850.0,http://www.dashnxdomain.net/?q=test,0,tranco,http://www.dashnxdomain.net/?q=test,dashnxdomain.net
2672.0,http://hindustantimes.com/contact?action=verify&token=abcxyz123abcxyz123abcxyz123abcxyz123abcxyz123abcxyz123abcxyz123abcxyz123,0,tranco,http://hindustantimes.com/contact?action=verify&token=abcxyz123abcxyz123abcxyz123abcxyz123abcxyz123abcxyz123abcxyz123abcxyz123,hindustantimes.com
,http://app-ledger-guide.pages.dev/,1,openphish,http://app-ledger-guide.pages.dev/,pages.dev
3077.0,http://www.microsoftonline.us/download?lang=en,0,tranco,http://www.microsoftonline.us/download?lang=en,microsoftonline.us
9578.0,http://google.cf,0,tranco,http://google.cf,google.cf
2482.0,http://www.rainberrytv.com/about,0,tranco,http://www.rainberrytv.com/about,rainberrytv.com
6736.0,http://www.adplay.ru/search?lang=en,0,tranco,http://www.adplay.ru/search?lang=en,adplay.ru
6398.0,http://www.demonware.net/register?utm_source=newsletter&utm_medium=email,0,tranco,http://www.demonware.net/register?utm_source=newsletter&utm_medium=email,demonware.net
8192.0,http://www.fout.jp/,0,tranco,http://www.fout.jp/,fout.jp
7528.0,http://www.kth.se/assets/css/style.css,0,tranco,http://www.kth.se/assets/css/style.css,kth.se
1962.0,http://git-scm.com/login,0,tranco,http://git-scm.com/login,git-scm.com
1824.0,http://rfihub.com/blog/article-name-here?lang=en,0,tranco,http://rfihub.com/blog/article-name-here?lang=en,rfihub.com
5495.0,http://benzinga.com/login?token=abcxyz123,0,tranco,http://benzinga.com/login?token=abcxyz123,benzinga.com
4090.0,http://linksynergy.com/login,0,tranco,http://linksynergy.com/login,linksynergy.com
9617.0,http://go-manga.com/about,0,tranco,http://go-manga.com/about,go-manga.com
2516.0,http://www.jakarta.go.id/api/v1/users?ref=twitter,0,tranco,http://www.jakarta.go.id/api/v1/users?ref=twitter,jakarta.go.id
5003.0,http://www.kozow.com/blog/article-name-here,0,tranco,http://www.kozow.com/blog/article-name-here,kozow.com
4142.0,http://awsdns-60.com,0,tranco,http://awsdns-60.com,awsdns-60.com
4747.0,http://www.eatingwell.com/search,0,tranco,http://www.eatingwell.com/search,eatingwell.com
2386.0,http://sarkariresult.com,0,tranco,http://sarkariresult.com,sarkariresult.com
7529.0,http://timesonline.co.uk,0,tranco,http://timesonline.co.uk,timesonline.co.uk
3536.0,http://www.bstatic.com/api/v1/users,0,tranco,http://www.bstatic.com/api/v1/users,bstatic.com
2716.0,http://pypi.org/download?page=2,0,tranco,http://pypi.org/download?page=2,pypi.org
4166.0,http://unifi-ai.com,0,tranco,http://unifi-ai.com,unifi-ai.com
1275.0,http://www.huffingtonpost.com/assets/css/style.css,0,tranco,http://www.huffingtonpost.com/assets/css/style.css,huffingtonpost.com
4231.0,http://neon.tech/index.html,0,tranco,http://neon.tech/index.html,neon.tech
5378.0,http://gamebanana.com/api/v1/users?q=test,0,tranco,http://gamebanana.com/api/v1/users?q=test,gamebanana.com
3531.0,http://ru.com,0,tranco,http://ru.com,ru.com
1100.0,http://privacy-mgmt.com/index.html?ref=twitter,0,tranco,http://privacy-mgmt.com/index.html?ref=twitter,privacy-mgmt.com
8776.0,http://thethaovanhoa.vn,0,tranco,http://thethaovanhoa.vn,thethaovanhoa.vn
589.0,http://www.hotjar.com/api/v1/users,0,tranco,http://www.hotjar.com/api/v1/users,hotjar.com
895.0,http://herokudns.com/api/v1/users,0,tranco,http://herokudns.com/api/v1/users,herokudns.com
7661.0,http://www.apple.com.cn/download?utm_source=newsletter&utm_medium=email,0,tranco,http://www.apple.com.cn/download?utm_source=newsletter&utm_medium=email,apple.com.cn
7938.0,http://catho.com.br/download,0,tranco,http://catho.com.br/download,catho.com.br
4590.0,http://www.dmm.com/download,0,tranco,http://www.dmm.com/download,dmm.com
6895.0,http://www.togetter.com/index.html,0,tranco,http://www.togetter.com/index.html,togetter.com
2895.0,http://www.dc-telemetry.net/register?redirect_url=https%3A%2F%2Fexample.com%2Fdashboard&session_id=abcdef1234567890abcdef1234567890,0,tranco,http://www.dc-telemetry.net/register?redirect_url=https://example.com/dashboard&session_id=abcdef1234567890abcdef1234567890,dc-telemetry.net
7152.0,http://storm.mg,0,tranco,http://storm.mg,storm.mg
9748.0,http://www.market-qx.trade/about?token=abcxyz123,0,tranco,http://www.market-qx.trade/about?token=abcxyz123,market-qx.trade
6318.0,http://eukdns.com/search,0,tranco,http://eukdns.com/search,eukdns.com
2472.0,http://rockstargames.com,0,tranco,http://rockstargames.com,rockstargames.com
374.0,http://www.bluehost.com/products/view/123,0,tranco,http://www.bluehost.com/products/view/123,bluehost.com
989.0,http://www.dnse0.com/login?redirect_url=https%3A%2F%2Fexample.com%2Fdashboard&session_id=abcdef1234567890abcdef1234567890,0,tranco,http://www.dnse0.com/login?redirect_url=https://example.com/dashboard&session_id=abcdef1234567890abcdef1234567890,dnse0.com
9957.0,http://cp.sk,0,tranco,http://cp.sk,cp.sk
8501.0,http://www.yenicaggazetesi.com/about,0,tranco,http://www.yenicaggazetesi.com/about,yenicaggazetesi.com
2400.0,http://www.hihonor.com/assets/css/style.css?ref=twitter,0,tranco,http://www.hihonor.com/assets/css/style.css?ref=twitter,hihonor.com
294.0,http://spov-msedge.net/blog/article-name-here?page=2,0,tranco,http://spov-msedge.net/blog/article-name-here?page=2,spov-msedge.net
6277.0,http://sainsburys.co.uk,0,tranco,http://sainsburys.co.uk,sainsburys.co.uk
8916.0,http://www.twittervideodownloader.com/blog/article-name-here,0,tranco,http://www.twittervideodownloader.com/blog/article-name-here,twittervideodownloader.com
7917.0,http://sxyprn.net,0,tranco,http://sxyprn.net,sxyprn.net
6114.0,http://www.menlosecurity.com/about,0,tranco,http://www.menlosecurity.com/about,menlosecurity.com
2896.0,http://ipapi.co/products/view/123?token=abcxyz123,0,tranco,http://ipapi.co/products/view/123?token=abcxyz123,ipapi.co
459.0,http://ivi.ru/login,0,tranco,http://ivi.ru/login,ivi.ru
3019.0,http://haxx.se/download?action=verify&token=abcxyz123abcxyz123abcxyz123abcxyz123abcxyz123abcxyz123abcxyz123abcxyz123,0,tranco,http://haxx.se/download?action=verify&token=abcxyz123abcxyz123abcxyz123abcxyz123abcxyz123abcxyz123abcxyz123abcxyz123,haxx.se
8667.0,http://zadn.vn/search,0,tranco,http://zadn.vn/search,zadn.vn
9414.0,http://rednotecdn.com/api/v1/users,0,tranco,http://rednotecdn.com/api/v1/users,rednotecdn.com
9651.0,http://www.fonts.net/api/v1/users?lang=en,0,tranco,http://www.fonts.net/api/v1/users?lang=en,fonts.net
993.0,http://sofascore.com/?id=123,0,tranco,http://sofascore.com/?id=123,sofascore.com
3418.0,http://www.deadline.com/api/v1/users?action=verify&token=abcxyz123abcxyz123abcxyz123abcxyz123abcxyz123abcxyz123abcxyz123abcxyz123,0,tranco,http://www.deadline.com/api/v1/users?action=verify&token=abcxyz123abcxyz123abcxyz123abcxyz123abcxyz123abcxyz123abcxyz123abcxyz123,deadline.com
9241.0,http://sorrisi.com/index.html?id=123,0,tranco,http://sorrisi.com/index.html?id=123,sorrisi.com
2491.0,http://www.xxpkg.com/search?q=test,0,tranco,http://www.xxpkg.com/search?q=test,xxpkg.com
558.0,http://vercel-dns-016.com/download?action=verify&token=abcxyz123abcxyz123abcxyz123abcxyz123abcxyz123abcxyz123abcxyz123abcxyz123,0,tranco,http://vercel-dns-016.com/download?action=verify&token=abcxyz123abcxyz123abcxyz123abcxyz123abcxyz123abcxyz123abcxyz123abcxyz123,vercel-dns-016.com
3408.0,http://www.tsc.go.ke/about?redirect_url=https%3A%2F%2Fexample.com%2Fdashboard&session_id=abcdef1234567890abcdef1234567890,0,tranco,http://www.tsc.go.ke/about?redirect_url=https://example.com/dashboard&session_id=abcdef1234567890abcdef1234567890,tsc.go.ke
8507.0,http://www.popcornnews.ru/wp-content/uploads/image.jpg,0,tranco,http://www.popcornnews.ru/wp-content/uploads/image.jpg,popcornnews.ru
4684.0,http://www.msnbc.com/about,0,tranco,http://www.msnbc.com/about,msnbc.com
5384.0,http://www.booth.pm/wp-content/uploads/image.jpg,0,tranco,http://www.booth.pm/wp-content/uploads/image.jpg,booth.pm
1205.0,http://xhamster1.desi/index.html?ref=twitter,0,tranco,http://xhamster1.desi/index.html?ref=twitter,xhamster1.desi
1789.0,http://www.1c.ru/api/v1/users?q=test,0,tranco,http://www.1c.ru/api/v1/users?q=test,1c.ru
3300.0,http://www.joyn.de/?redirect_url=https%3A%2F%2Fexample.com%2Fdashboard&session_id=abcdef1234567890abcdef1234567890,0,tranco,http://www.joyn.de/?redirect_url=https://example.com/dashboard&session_id=abcdef1234567890abcdef1234567890,joyn.de
9000.0,http://awsdns-48.co.uk/api/v1/users,0,tranco,http://awsdns-48.co.uk/api/v1/users,awsdns-48.co.uk
1171.0,http://www.xhamster2.com/?action=verify&token=abcxyz123abcxyz123abcxyz123abcxyz123abcxyz123abcxyz123abcxyz123abcxyz123,0,tranco,http://www.xhamster2.com/?action=verify&token=abcxyz123abcxyz123abcxyz123abcxyz123abcxyz123abcxyz123abcxyz123abcxyz123,xhamster2.com
5099.0,http://sina.com/about,0,tranco,http://sina.com/about,sina.com
827.0,http://blackberry.com,0,tranco,http://blackberry.com,blackberry.com
5229.0,http://eltiempo.com,0,tranco,http://eltiempo.com,eltiempo.com
1703.0,http://site777.jp,0,tranco,http://site777.jp,site777.jp
5299.0,http://gitv.tv/about,0,tranco,http://gitv.tv/about,gitv.tv
9184.0,http://www.websitedemos.net/index.html?ref=twitter,0,tranco,http://www.websitedemos.net/index.html?ref=twitter,websitedemos.net
888.0,http://www.sentinelone.net/api/v1/users?utm_source=newsletter&utm_medium=email,0,tranco,http://www.sentinelone.net/api/v1/users?utm_source=newsletter&utm_medium=email,sentinelone.net
9121.0,http://www.doramy.club/search?ref=twitter,0,tranco,http://www.doramy.club/search?ref=twitter,doramy.club
5247.0,http://tildacdn.com,0,tranco,http://tildacdn.com,tildacdn.com
243.0,http://telekom.net,0,tranco,http://telekom.net,telekom.net
5453.0,http://www.hubpages.com/about,0,tranco,http://www.hubpages.com/about,hubpages.com
8190.0,http://misa.vn,0,tranco,http://misa.vn,misa.vn
7536.0,http://www.dynamic-dns.net/api/v1/users?q=test,0,tranco,http://www.dynamic-dns.net/api/v1/users?q=test,dynamic-dns.net
2471.0,http://ringcentral.com,0,tranco,http://ringcentral.com,ringcentral.com
373.0,http://dropcatch.com/?action=verify&token=abcxyz123abcxyz123abcxyz123abcxyz123abcxyz123abcxyz123abcxyz123abcxyz123,0,tranco,http://dropcatch.com/?action=verify&token=abcxyz123abcxyz123abcxyz123abcxyz123abcxyz123abcxyz123abcxyz123abcxyz123,dropcatch.com
6918.0,http://google.com.kh/index.html?lang=en,0,tranco,http://google.com.kh/index.html?lang=en,google.com.kh
4363.0,http://www.udag.de/blog/article-name-here,0,tranco,http://www.udag.de/blog/article-name-here,udag.de
,https://b52ca2.icefactory.cl/,1,openphish,https://b52ca2.icefactory.cl/,icefactory.cl
7094.0,http://simplecast.com/index.html?utm_source=newsletter&utm_medium=email,0,tranco,http://simplecast.com/index.html?utm_source=newsletter&utm_medium=email,simplecast.com
2190.0,http://im-apps.net/login,0,tranco,http://im-apps.net/login,im-apps.net
9728.0,http://buddyns.com,0,tranco,http://buddyns.com,buddyns.com
8892.0,http://surahquran.com/blog/article-name-here,0,tranco,http://surahquran.com/blog/article-name-here,surahquran.com
5166.0,http://jcpenney.com/index.html?lang=en,0,tranco,http://jcpenney.com/index.html?lang=en,jcpenney.com
8521.0,http://xxx-sex.one,0,tranco,http://xxx-sex.one,xxx-sex.one
1360.0,http://www.fdown.net/assets/css/style.css,0,tranco,http://www.fdown.net/assets/css/style.css,fdown.net
3893.0,http://nalog.ru,0,tranco,http://nalog.ru,nalog.ru
1667.0,http://promiedos.com.ar,0,tranco,http://promiedos.com.ar,promiedos.com.ar
1215.0,http://www.boyfriendtv.com/assets/css/style.css?q=test,0,tranco,http://www.boyfriendtv.com/assets/css/style.css?q=test,boyfriendtv.com
3280.0,http://awmdm.com,0,tranco,http://awmdm.com,awmdm.com
4132.0,http://adtarget.com.tr,0,tranco,http://adtarget.com.tr,adtarget.com.tr
7024.0,http://www.nova.cz/search,0,tranco,http://www.nova.cz/search,nova.cz
7608.0,http://bundesregierung.de,0,tranco,http://bundesregierung.de,bundesregierung.de
9474.0,http://www.betpawa.co.tz/wp-content/uploads/image.jpg,0,tranco,http://www.betpawa.co.tz/wp-content/uploads/image.jpg,betpawa.co.tz
1389.0,http://www.nosv.org/search,0,tranco,http://www.nosv.org/search,nosv.org
4563.0,http://splunkdev.net/download,0,tranco,http://splunkdev.net/download,splunkdev.net
3508.0,http://bahn.de,0,tranco,http://bahn.de,bahn.de
6163.0,http://google.com.cu/?lang=en,0,tranco,http://google.com.cu/?lang=en,google.com.cu
4942.0,http://www.ricta.org.rw/about,0,tranco,http://www.ricta.org.rw/about,ricta.org.rw
479.0,http://quora.com,0,tranco,http://quora.com,quora.com
7687.0,http://xfeed.com/download,0,tranco,http://xfeed.com/download,xfeed.com
8848.0,http://google.com.gi,0,tranco,http://google.com.gi,google.com.gi
8525.0,http://destatis.de/search,0,tranco,http://destatis.de/search,destatis.de
8126.0,http://catonet.works/assets/css/style.css?lang=en,0,tranco,http://catonet.works/assets/css/style.css?lang=en,catonet.works
1728.0,http://www.antarvasna3.com/api/v1/users?page=2,0,tranco,http://www.antarvasna3.com/api/v1/users?page=2,antarvasna3.com
9135.0,http://www.uakino.best/products/view/123?lang=en,0,tranco,http://www.uakino.best/products/view/123?lang=en,uakino.best
5455.0,http://gamerant.com/login?utm_source=newsletter&utm_medium=email,0,tranco,http://gamerant.com/login?utm_source=newsletter&utm_medium=email,gamerant.com
1891.0,http://restream-media.net/about?action=verify&token=abcxyz123abcxyz123abcxyz123abcxyz123abcxyz123abcxyz123abcxyz123abcxyz123,0,tranco,http://restream-media.net/about?action=verify&token=abcxyz123abcxyz123abcxyz123abcxyz123abcxyz123abcxyz123abcxyz123abcxyz123,restream-media.net
2723.0,http://www.yumpu.com/wp-content/uploads/image.jpg?token=abcxyz123,0,tranco,http://www.yumpu.com/wp-content/uploads/image.jpg?token=abcxyz123,yumpu.com
4327.0,http://sonicwall.com/assets/css/style.css?redirect_url=https%3A%2F%2Fexample.com%2Fdashboard&session_id=abcdef1234567890abcdef1234567890,0,tranco,http://sonicwall.com/assets/css/style.css?redirect_url=https://example.com/dashboard&session_id=abcdef1234567890abcdef1234567890,sonicwall.com
5042.0,http://tabletcaptiveportal.com,0,tranco,http://tabletcaptiveportal.com,tabletcaptiveportal.com
4965.0,http://www.vinted.co.uk/search,0,tranco,http://www.vinted.co.uk/search,vinted.co.uk
28.0,http://azure.com/search?utm_source=newsletter&utm_medium=email,0,tranco,http://azure.com/search?utm_source=newsletter&utm_medium=email,azure.com
6068.0,http://oregonlive.com/,0,tranco,http://oregonlive.com/,oregonlive.com
246.0,http://who.int/about?page=2,0,tranco,http://who.int/about?page=2,who.int
2827.0,http://www.optimove.net/api/v1/users,0,tranco,http://www.optimove.net/api/v1/users,optimove.net
7761.0,http://www.mcas.ms/register,0,tranco,http://www.mcas.ms/register,mcas.ms
2945.0,http://dnspod.com/download,0,tranco,http://dnspod.com/download,dnspod.com
7176.0,http://uvm.edu/login?q=test,0,tranco,http://uvm.edu/login?q=test,uvm.edu
3414.0,http://nicovideo.jp,0,tranco,http://nicovideo.jp,nicovideo.jp
6756.0,http://www.ezydomain.com/products/view/123,0,tranco,http://www.ezydomain.com/products/view/123,ezydomain.com
8492.0,http://www.onward.co.jp/login?token=abcxyz123,0,tranco,http://www.onward.co.jp/login?token=abcxyz123,onward.co.jp
8016.0,http://www.awsdns-34.co.uk/contact?q=test,0,tranco,http://www.awsdns-34.co.uk/contact?q=test,awsdns-34.co.uk
6492.0,http://eapteka.ru,0,tranco,http://eapteka.ru,eapteka.ru
3305.0,http://geeksforgeeks.org,0,tranco,http://geeksforgeeks.org,geeksforgeeks.org
9360.0,http://priceoye.pk/wp-content/uploads/image.jpg,0,tranco,http://priceoye.pk/wp-content/uploads/image.jpg,priceoye.pk
3882.0,http://www.radiofrance.fr/products/view/123?ref=twitter,0,tranco,http://www.radiofrance.fr/products/view/123?ref=twitter,radiofrance.fr
2902.0,http://phys.org/contact,0,tranco,http://phys.org/contact,phys.org
5011.0,http://www.ndmdhs.com/search,0,tranco,http://www.ndmdhs.com/search,ndmdhs.com
6186.0,http://www.enjoei.com.br/wp-content/uploads/image.jpg,0,tranco,http://www.enjoei.com.br/wp-content/uploads/image.jpg,enjoei.com.br
7263.0,http://domaintechnik.at/download,0,tranco,http://domaintechnik.at/download,domaintechnik.at
9555.0,http://minsa.gob.pe/download,0,tranco,http://minsa.gob.pe/download,minsa.gob.pe
5080.0,http://ble.ir/download?ref=twitter,0,tranco,http://ble.ir/download?ref=twitter,ble.ir
2789.0,http://www.webflow.com/api/v1/users?lang=en,0,tranco,http://www.webflow.com/api/v1/users?lang=en,webflow.com
7147.0,http://www.pricecharting.com/api/v1/users,0,tranco,http://www.pricecharting.com/api/v1/users,pricecharting.com
4767.0,http://www.rm358.com/search,0,tranco,http://www.rm358.com/search,rm358.com
8363.0,http://www.google.com.na/download,0,tranco,http://www.google.com.na/download,google.com.na
5619.0,http://greenend.org.uk/products/view/123?id=123,0,tranco,http://greenend.org.uk/products/view/123?id=123,greenend.org.uk
3594.0,http://www.bitly.com/assets/css/style.css?q=test,0,tranco,http://www.bitly.com/assets/css/style.css?q=test,bitly.com
9090.0,http://google.md,0,tranco,http://google.md,google.md
9417.0,http://www.gays-cruising.com/download?redirect_url=https%3A%2F%2Fexample.com%2Fdashboard&session_id=abcdef1234567890abcdef1234567890,0,tranco,http://www.gays-cruising.com/download?redirect_url=https://example.com/dashboard&session_id=abcdef1234567890abcdef1234567890,gays-cruising.com
2820.0,http://cookieyes.com/login,0,tranco,http://cookieyes.com/login,cookieyes.com
3119.0,http://www.vervegroupinc.net/wp-content/uploads/image.jpg?page=2,0,tranco,http://www.vervegroupinc.net/wp-content/uploads/image.jpg?page=2,vervegroupinc.net
9746.0,http://premierbet.co.ao/index.html,0,tranco,http://premierbet.co.ao/index.html,premierbet.co.ao
2263.0,http://unity.com,0,tranco,http://unity.com,unity.com
7633.0,http://www.emgsound.ru/wp-content/uploads/image.jpg,0,tranco,http://www.emgsound.ru/wp-content/uploads/image.jpg,emgsound.ru
6568.0,http://www.dhnet.be/contact,0,tranco,http://www.dhnet.be/contact,dhnet.be
3577.0,http://tufts.edu/blog/article-name-here,0,tranco,http://tufts.edu/blog/article-name-here,tufts.edu
309.0,http://www.dnsmadeeasy.com/search,0,tranco,http://www.dnsmadeeasy.com/search,dnsmadeeasy.com
1866.0,http://www.mathtag.com/contact,0,tranco,http://www.mathtag.com/contact,mathtag.com
2296.0,http://www.opera-api2.com/login,0,tranco,http://www.opera-api2.com/login,opera-api2.com
7822.0,http://taz.de,0,tranco,http://taz.de,taz.de
8385.0,http://emojicombos.com/assets/css/style.css,0,tranco,http://emojicombos.com/assets/css/style.css,emojicombos.com
3304.0,http://www.google.com.ua/products/view/123,0,tranco,http://www.google.com.ua/products/view/123,google.com.ua
3590.0,http://google.co.za/search,0,tranco,http://google.co.za/search,google.co.za
420.0,http://www.brave.com/download?page=2,0,tranco,http://www.brave.com/download?page=2,brave.com
3639.0,http://uwaterloo.ca,0,tranco,http://uwaterloo.ca,uwaterloo.ca
546.0,http://cloudflareinsights.com/download?action=verify&token=abcxyz123abcxyz123abcxyz123abcxyz123abcxyz123abcxyz123abcxyz123abcxyz123,0,tranco,http://cloudflareinsights.com/download?action=verify&token=abcxyz123abcxyz123abcxyz123abcxyz123abcxyz123abcxyz123abcxyz123abcxyz123,cloudflareinsights.com
9007.0,http://flashscore.co,0,tranco,http://flashscore.co,flashscore.co
9076.0,http://www.porno-zona.com/about,0,tranco,http://www.porno-zona.com/about,porno-zona.com
24.0,http://live.com/register?id=123,0,tranco,http://live.com/register?id=123,live.com
8298.0,http://www.vodafone.it/?action=verify&token=abcxyz123abcxyz123abcxyz123abcxyz123abcxyz123abcxyz123abcxyz123abcxyz123,0,tranco,http://www.vodafone.it/?action=verify&token=abcxyz123abcxyz123abcxyz123abcxyz123abcxyz123abcxyz123abcxyz123abcxyz123,vodafone.it
4127.0,http://www.domainnamedns.com/search,0,tranco,http://www.domainnamedns.com/search,domainnamedns.com
2996.0,http://tvsquared.com,0,tranco,http://tvsquared.com,tvsquared.com
634.0,http://www.vedsalb.com/assets/css/style.css,0,tranco,http://www.vedsalb.com/assets/css/style.css,vedsalb.com
1329.0,http://deepseek.com,0,tranco,http://deepseek.com,deepseek.com
8890.0,http://klczy.com,0,tranco,http://klczy.com,klczy.com
2030.0,http://www.hwcdn.ru/wp-content/uploads/image.jpg,0,tranco,http://www.hwcdn.ru/wp-content/uploads/image.jpg,hwcdn.ru
9225.0,http://belluna.jp/products/view/123,0,tranco,http://belluna.jp/products/view/123,belluna.jp
9502.0,http://nofeu.com/products/view/123?utm_source=newsletter&utm_medium=email,0,tranco,http://nofeu.com/products/view/123?utm_source=newsletter&utm_medium=email,nofeu.com
3704.0,http://nic.media/login?id=123,0,tranco,http://nic.media/login?id=123,nic.media
7177.0,http://www.nypl.org/,0,tranco,http://www.nypl.org/,nypl.org
2884.0,http://www.rudderstack.com/blog/article-name-here,0,tranco,http://www.rudderstack.com/blog/article-name-here,rudderstack.com
1624.0,http://flashscore.mobi,0,tranco,http://flashscore.mobi,flashscore.mobi
8162.0,http://jang.com.pk,0,tranco,http://jang.com.pk,jang.com.pk
2288.0,http://www.utoronto.ca/api/v1/users,0,tranco,http://www.utoronto.ca/api/v1/users,utoronto.ca
3760.0,http://www.awsdns-22.com/index.html,0,tranco,http://www.awsdns-22.com/index.html,awsdns-22.com
1369.0,http://locaweb.com.br/about?q=test,0,tranco,http://locaweb.com.br/about?q=test,locaweb.com.br
7929.0,http://netafraz.com,0,tranco,http://netafraz.com,netafraz.com
4410.0,http://www.sophosxl.net/api/v1/users,0,tranco,http://www.sophosxl.net/api/v1/users,sophosxl.net
4682.0,http://www.sa.com/wp-content/uploads/image.jpg,0,tranco,http://www.sa.com/wp-content/uploads/image.jpg,sa.com
3868.0,http://codeberg.org/register?redirect_url=https%3A%2F%2Fexample.com%2Fdashboard&session_id=abcdef1234567890abcdef1234567890,0,tranco,http://codeberg.org/register?redirect_url=https://example.com/dashboard&session_id=abcdef1234567890abcdef1234567890,codeberg.org
4252.0,http://www.easydns.com/download,0,tranco,http://www.easydns.com/download,easydns.com
6996.0,http://www.whatismyipaddress.com/assets/css/style.css?id=123,0,tranco,http://www.whatismyipaddress.com/assets/css/style.css?id=123,whatismyipaddress.com
9767.0,http://www.studying.jp/search?id=123,0,tranco,http://www.studying.jp/search?id=123,studying.jp
6669.0,http://york.ac.uk/index.html?action=verify&token=abcxyz123abcxyz123abcxyz123abcxyz123abcxyz123abcxyz123abcxyz123abcxyz123,0,tranco,http://york.ac.uk/index.html?action=verify&token=abcxyz123abcxyz123abcxyz123abcxyz123abcxyz123abcxyz123abcxyz123abcxyz123,york.ac.uk
2667.0,http://wscvip.cn/search,0,tranco,http://wscvip.cn/search,wscvip.cn
8704.0,http://www.flashscore.com.ng/products/view/123,0,tranco,http://www.flashscore.com.ng/products/view/123,flashscore.com.ng
2406.0,http://www.digg.com/api/v1/users,0,tranco,http://www.digg.com/api/v1/users,digg.com
,https://sp22ct-zorur-biz-maku-nelo.pages.dev/,1,openphish,https://sp22ct-zorur-biz-maku-nelo.pages.dev/,pages.dev
1381.0,http://ilmeteo.it/about,0,tranco,http://ilmeteo.it/about,ilmeteo.it
2364.0,http://aucey.com/assets/css/style.css?utm_source=newsletter&utm_medium=email,0,tranco,http://aucey.com/assets/css/style.css?utm_source=newsletter&utm_medium=email,aucey.com
4731.0,http://thetrainline.com/assets/css/style.css,0,tranco,http://thetrainline.com/assets/css/style.css,thetrainline.com
1436.0,http://www.merriam-webster.com/index.html,0,tranco,http://www.merriam-webster.com/index.html,merriam-webster.com
7783.0,http://www.google.rw/products/view/123,0,tranco,http://www.google.rw/products/view/123,google.rw
2872.0,http://www.swishapps.ai/api/v1/users?redirect_url=https%3A%2F%2Fexample.com%2Fdashboard&session_id=abcdef1234567890abcdef1234567890,0,tranco,http://www.swishapps.ai/api/v1/users?redirect_url=https://example.com/dashboard&session_id=abcdef1234567890abcdef1234567890,swishapps.ai
1270.0,http://www.zee5.com/blog/article-name-here?token=abcxyz123,0,tranco,http://www.zee5.com/blog/article-name-here?token=abcxyz123,zee5.com
583.0,http://oraclecloud.com,0,tranco,http://oraclecloud.com,oraclecloud.com
425.0,http://nominetdns.uk/about,0,tranco,http://nominetdns.uk/about,nominetdns.uk
2347.0,http://easytrader.ir,0,tranco,http://easytrader.ir,easytrader.ir
4262.0,http://gm.com/search?lang=en,0,tranco,http://gm.com/search?lang=en,gm.com
2628.0,http://aditude.io/,0,tranco,http://aditude.io/,aditude.io
3037.0,http://senderscore.com/?utm_source=newsletter&utm_medium=email,0,tranco,http://senderscore.com/?utm_source=newsletter&utm_medium=email,senderscore.com
9577.0,http://anl.gov/?ref=twitter,0,tranco,http://anl.gov/?ref=twitter,anl.gov
1573.0,http://goojara.to/assets/css/style.css?utm_source=newsletter&utm_medium=email,0,tranco,http://goojara.to/assets/css/style.css?utm_source=newsletter&utm_medium=email,goojara.to
9082.0,http://www.semana.es/assets/css/style.css,0,tranco,http://www.semana.es/assets/css/style.css,semana.es
838.0,http://me.com,0,tranco,http://me.com,me.com
8761.0,http://1377x.to/wp-content/uploads/image.jpg,0,tranco,http://1377x.to/wp-content/uploads/image.jpg,1377x.to
9057.0,http://google.co.ck/blog/article-name-here,0,tranco,http://google.co.ck/blog/article-name-here,google.co.ck
5285.0,http://pdf24.org/products/view/123,0,tranco,http://pdf24.org/products/view/123,pdf24.org
7220.0,http://www.mackolik.com/api/v1/users,0,tranco,http://www.mackolik.com/api/v1/users,mackolik.com
1893.0,http://sky.com,0,tranco,http://sky.com,sky.com
5488.0,http://www.wallapop.com/register,0,tranco,http://www.wallapop.com/register,wallapop.com
8386.0,http://bikedekho.com,0,tranco,http://bikedekho.com,bikedekho.com
3197.0,http://likeevideo.ru/about,0,tranco,http://likeevideo.ru/about,likeevideo.ru
973.0,http://www.volcgslb.com/,0,tranco,http://www.volcgslb.com/,volcgslb.com
4620.0,http://www.feednews.com/register?id=123,0,tranco,http://www.feednews.com/register?id=123,feednews.com
2090.0,http://www.merkur.de/?q=test,0,tranco,http://www.merkur.de/?q=test,merkur.de
9810.0,http://warau.jp/about,0,tranco,http://warau.jp/about,warau.jp
4131.0,http://myftpupload.com,0,tranco,http://myftpupload.com,myftpupload.com
1616.0,http://www.indiansexstories3.com/products/view/123,0,tranco,http://www.indiansexstories3.com/products/view/123,indiansexstories3.com
5466.0,http://bitrix24.tech/contact,0,tranco,http://bitrix24.tech/contact,bitrix24.tech
5215.0,http://www.yougov.com/blog/article-name-here?ref=twitter,0,tranco,http://www.yougov.com/blog/article-name-here?ref=twitter,yougov.com
7016.0,http://www.sex.com/wp-content/uploads/image.jpg,0,tranco,http://www.sex.com/wp-content/uploads/image.jpg,sex.com
5771.0,http://www.uni-hamburg.de/?page=2,0,tranco,http://www.uni-hamburg.de/?page=2,uni-hamburg.de
1138.0,http://www.samsungcloud.tv/blog/article-name-here,0,tranco,http://www.samsungcloud.tv/blog/article-name-here,samsungcloud.tv
5315.0,http://controld.com/register?utm_source=newsletter&utm_medium=email,0,tranco,http://controld.com/register?utm_source=newsletter&utm_medium=email,controld.com
6837.0,http://sponichi.co.jp/about?token=abcxyz123,0,tranco,http://sponichi.co.jp/about?token=abcxyz123,sponichi.co.jp
2002.0,http://bytedns3.com,0,tranco,http://bytedns3.com,bytedns3.com
3744.0,http://es.io/download,0,tranco,http://es.io/download,es.io
6720.0,http://google.hn,0,tranco,http://google.hn,google.hn
3193.0,http://cancer.gov/register?action=verify&token=abcxyz123abcxyz123abcxyz123abcxyz123abcxyz123abcxyz123abcxyz123abcxyz123,0,tranco,http://cancer.gov/register?action=verify&token=abcxyz123abcxyz123abcxyz123abcxyz123abcxyz123abcxyz123abcxyz123abcxyz123,cancer.gov
984.0,http://freepik.com/download,0,tranco,http://freepik.com/download,freepik.com
5761.0,http://localytics.com/wp-content/uploads/image.jpg,0,tranco,http://localytics.com/wp-content/uploads/image.jpg,localytics.com
5014.0,http://samsungotn.net/login,0,tranco,http://samsungotn.net/login,samsungotn.net
3268.0,http://ntt.net/api/v1/users,0,tranco,http://ntt.net/api/v1/users,ntt.net
2376.0,http://co.com,0,tranco,http://co.com,co.com
2171.0,http://laravel.com/products/view/123,0,tranco,http://laravel.com/products/view/123,laravel.com
5266.0,http://www.stlouisfed.org/assets/css/style.css,0,tranco,http://www.stlouisfed.org/assets/css/style.css,stlouisfed.org
6388.0,http://decathlon.fr/api/v1/users,0,tranco,http://decathlon.fr/api/v1/users,decathlon.fr
535.0,http://cookielaw.org/about?utm_source=newsletter&utm_medium=email,0,tranco,http://cookielaw.org/about?utm_source=newsletter&utm_medium=email,cookielaw.org
7981.0,http://www.afr.com/index.html,0,tranco,http://www.afr.com/index.html,afr.com
851.0,http://xvideos.com/download?utm_source=newsletter&utm_medium=email,0,tranco,http://xvideos.com/download?utm_source=newsletter&utm_medium=email,xvideos.com
104.0,http://www.sentry.io/?page=2,0,tranco,http://www.sentry.io/?page=2,sentry.io
,https://bgrfd3bdrun-zlkytpli-8i5g9g-bgq79c.pages.dev/,1,openphish,https://bgrfd3bdrun-zlkytpli-8i5g9g-bgq79c.pages.dev/,pages.dev
7547.0,http://www.tibia.com/search,0,tranco,http://www.tibia.com/search,tibia.com
9627.0,http://www.codmwest.com/wp-content/uploads/image.jpg?action=verify&token=abcxyz123abcxyz123abcxyz123abcxyz123abcxyz123abcxyz123abcxyz123abcxyz123,0,tranco,http://www.codmwest.com/wp-content/uploads/image.jpg?action=verify&token=abcxyz123abcxyz123abcxyz123abcxyz123abcxyz123abcxyz123abcxyz123abcxyz123,codmwest.com
2052.0,http://primis.tech,0,tranco,http://primis.tech,primis.tech
7530.0,http://www.bling.com.br/search?q=test,0,tranco,http://www.bling.com.br/search?q=test,bling.com.br
2669.0,http://harman.com/about?token=abcxyz123,0,tranco,http://harman.com/about?token=abcxyz123,harman.com
3545.0,http://www.measureadv.com/register,0,tranco,http://www.measureadv.com/register,measureadv.com
7916.0,http://proxysite.com/products/view/123,0,tranco,http://proxysite.com/products/view/123,proxysite.com
8140.0,http://www.baidu-itm.com/contact?action=verify&token=abcxyz123abcxyz123abcxyz123abcxyz123abcxyz123abcxyz123abcxyz123abcxyz123,0,tranco,http://www.baidu-itm.com/contact?action=verify&token=abcxyz123abcxyz123abcxyz123abcxyz123abcxyz123abcxyz123abcxyz123abcxyz123,baidu-itm.com
8116.0,http://4dvertible.com/wp-content/uploads/image.jpg?ref=twitter,0,tranco,http://4dvertible.com/wp-content/uploads/image.jpg?ref=twitter,4dvertible.com
6636.0,http://dawn.com/?id=123,0,tranco,http://dawn.com/?id=123,dawn.com
9783.0,http://www.mobizil.com/index.html?token=abcxyz123,0,tranco,http://www.mobizil.com/index.html?token=abcxyz123,mobizil.com
3085.0,http://sina.cn/login,0,tranco,http://sina.cn/login,sina.cn
5198.0,http://www.chinanetcenter.com/?lang=en,0,tranco,http://www.chinanetcenter.com/?lang=en,chinanetcenter.com
8526.0,http://titan.email/search?redirect_url=https%3A%2F%2Fexample.com%2Fdashboard&session_id=abcdef1234567890abcdef1234567890,0,tranco,http://titan.email/search?redirect_url=https://example.com/dashboard&session_id=abcdef1234567890abcdef1234567890,titan.email
5136.0,http://washingtontimes.com/download,0,tranco,http://washingtontimes.com/download,washingtontimes.com
2361.0,http://miro.com/wp-content/uploads/image.jpg,0,tranco,http://miro.com/wp-content/uploads/image.jpg,miro.com
,http://server-index-editor--terrysym.replit.app/,1,openphish,http://server-index-editor--terrysym.replit.app/,replit.app
8639.0,http://www.olist.com/wp-content/uploads/image.jpg?utm_source=newsletter&utm_medium=email,0,tranco,http://www.olist.com/wp-content/uploads/image.jpg?utm_source=newsletter&utm_medium=email,olist.com
4772.0,http://www.pbase.com/about?id=123,0,tranco,http://www.pbase.com/about?id=123,pbase.com
9262.0,http://tv-tokyo.co.jp,0,tranco,http://tv-tokyo.co.jp,tv-tokyo.co.jp
5560.0,http://www.remitly.com/api/v1/users,0,tranco,http://www.remitly.com/api/v1/users,remitly.com
25.0,http://www.akamaiedge.net/,0,tranco,http://www.akamaiedge.net/,akamaiedge.net
1691.0,http://www.hotpic.cc/register?redirect_url=https%3A%2F%2Fexample.com%2Fdashboard&session_id=abcdef1234567890abcdef1234567890,0,tranco,http://www.hotpic.cc/register?redirect_url=https://example.com/dashboard&session_id=abcdef1234567890abcdef1234567890,hotpic.cc
6155.0,http://carrefour.fr/search?utm_source=newsletter&utm_medium=email,0,tranco,http://carrefour.fr/search?utm_source=newsletter&utm_medium=email,carrefour.fr
2227.0,http://2gis.ru,0,tranco,http://2gis.ru,2gis.ru
6791.0,http://www.meduza.io/assets/css/style.css?token=abcxyz123,0,tranco,http://www.meduza.io/assets/css/style.css?token=abcxyz123,meduza.io
4688.0,http://carnival.com/api/v1/users,0,tranco,http://carnival.com/api/v1/users,carnival.com
2427.0,http://ey.com/api/v1/users,0,tranco,http://ey.com/api/v1/users,ey.com
1722.0,http://scan-manga.com/blog/article-name-here,0,tranco,http://scan-manga.com/blog/article-name-here,scan-manga.com
74.0,http://chatgpt.com/contact?action=verify&token=abcxyz123abcxyz123abcxyz123abcxyz123abcxyz123abcxyz123abcxyz123abcxyz123,0,tranco,http://chatgpt.com/contact?action=verify&token=abcxyz123abcxyz123abcxyz123abcxyz123abcxyz123abcxyz123abcxyz123abcxyz123,chatgpt.com
7466.0,http://itemsatis.com/products/view/123?lang=en,0,tranco,http://itemsatis.com/products/view/123?lang=en,itemsatis.com
9388.0,http://law.com/,0,tranco,http://law.com/,law.com
848.0,http://lgtvcommon.com/search,0,tranco,http://lgtvcommon.com/search,lgtvcommon.com
5941.0,http://www.gestiondecuenta.com/?id=123,0,tranco,http://www.gestiondecuenta.com/?id=123,gestiondecuenta.com
2041.0,http://www.bigcommerce.com/wp-content/uploads/image.jpg,0,tranco,http://www.bigcommerce.com/wp-content/uploads/image.jpg,bigcommerce.com
2082.0,http://www.pwc.com/?ref=twitter,0,tranco,http://www.pwc.com/?ref=twitter,pwc.com
1303.0,http://www.mmechocaptiveportal.com/download,0,tranco,http://www.mmechocaptiveportal.com/download,mmechocaptiveportal.com
5900.0,http://livesportmedia.eu/register,0,tranco,http://livesportmedia.eu/register,livesportmedia.eu
9193.0,http://google.tt/register,0,tranco,http://google.tt/register,google.tt
4051.0,http://stspg-customer.com/products/view/123,0,tranco,http://stspg-customer.com/products/view/123,stspg-customer.com
9683.0,http://www.pointmediatracker.com/login?action=verify&token=abcxyz123abcxyz123abcxyz123abcxyz123abcxyz123abcxyz123abcxyz123abcxyz123,0,tranco,http://www.pointmediatracker.com/login?action=verify&token=abcxyz123abcxyz123abcxyz123abcxyz123abcxyz123abcxyz123abcxyz123abcxyz123,pointmediatracker.com
8632.0,http://www.google.as/register?token=abcxyz123,0,tranco,http://www.google.as/register?token=abcxyz123,google.as
7070.0,http://www.hvg.hu/contact,0,tranco,http://www.hvg.hu/contact,hvg.hu
3469.0,http://mrf.io/assets/css/style.css,0,tranco,http://mrf.io/assets/css/style.css,mrf.io
5164.0,http://www.rj.link/register?q=test,0,tranco,http://www.rj.link/register?q=test,rj.link
9198.0,http://xnxxporn.video,0,tranco,http://xnxxporn.video,xnxxporn.video
7518.0,http://unige.ch,0,tranco,http://unige.ch,unige.ch
4599.0,http://itsupport247.net,0,tranco,http://itsupport247.net,itsupport247.net
2366.0,http://ucoz.ru,0,tranco,http://ucoz.ru,ucoz.ru
716.0,http://perplexity.ai/products/view/123?action=verify&token=abcxyz123abcxyz123abcxyz123abcxyz123abcxyz123abcxyz123abcxyz123abcxyz123,0,tranco,http://perplexity.ai/products/view/123?action=verify&token=abcxyz123abcxyz123abcxyz123abcxyz123abcxyz123abcxyz123abcxyz123abcxyz123,perplexity.ai
6214.0,http://www.cloudbackup.management/contact?page=2,0,tranco,http://www.cloudbackup.management/contact?page=2,cloudbackup.management
1823.0,http://dbankcloud.cn,0,tranco,http://dbankcloud.cn,dbankcloud.cn
4324.0,http://365scores.com/search?id=123,0,tranco,http://365scores.com/search?id=123,365scores.com
3363.0,http://www.sfmc-content.com/download?ref=twitter,0,tranco,http://www.sfmc-content.com/download?ref=twitter,sfmc-content.com
2534.0,http://dbankcdn.com,0,tranco,http://dbankcdn.com,dbankcdn.com
8139.0,http://tatilbudur.com/about?redirect_url=https%3A%2F%2Fexample.com%2Fdashboard&session_id=abcdef1234567890abcdef1234567890,0,tranco,http://tatilbudur.com/about?redirect_url=https://example.com/dashboard&session_id=abcdef1234567890abcdef1234567890,tatilbudur.com
3814.0,http://atl-paas.net/register,0,tranco,http://atl-paas.net/register,atl-paas.net
171.0,http://www.shopify.com/blog/article-name-here,0,tranco,http://www.shopify.com/blog/article-name-here,shopify.com
6676.0,http://www.financialcontent.com/assets/css/style.css?token=abcxyz123,0,tranco,http://www.financialcontent.com/assets/css/style.css?token=abcxyz123,financialcontent.com
5254.0,http://g2a.com/login?lang=en,0,tranco,http://g2a.com/login?lang=en,g2a.com
5892.0,http://www.nic.zone/download?action=verify&token=abcxyz123abcxyz123abcxyz123abcxyz123abcxyz123abcxyz123abcxyz123abcxyz123,0,tranco,http://www.nic.zone/download?action=verify&token=abcxyz123abcxyz123abcxyz123abcxyz123abcxyz123abcxyz123abcxyz123abcxyz123,nic.zone
4388.0,http://myworkdayjobs.com/register,0,tranco,http://myworkdayjobs.com/register,myworkdayjobs.com
4238.0,http://adyen.com,0,tranco,http://adyen.com,adyen.com
3504.0,http://bale.ai,0,tranco,http://bale.ai,bale.ai
274.0,http://www.wildberries.ru/login?token=abcxyz123,0,tranco,http://www.wildberries.ru/login?token=abcxyz123,wildberries.ru
1203.0,http://janitorai.com,0,tranco,http://janitorai.com,janitorai.com
496.0,http://exp-tas.com/wp-content/uploads/image.jpg,0,tranco,http://exp-tas.com/wp-content/uploads/image.jpg,exp-tas.com
4013.0,http://www.logicnow.us/,0,tranco,http://www.logicnow.us/,logicnow.us
1114.0,http://gsmarena.com/search,0,tranco,http://gsmarena.com/search,gsmarena.com
7188.0,http://www.awsdns-55.net/blog/article-name-here?token=abcxyz123,0,tranco,http://www.awsdns-55.net/blog/article-name-here?token=abcxyz123,awsdns-55.net
2043.0,http://hhs.gov/index.html,0,tranco,http://hhs.gov/index.html,hhs.gov
3471.0,http://rezync.com,0,tranco,http://rezync.com,rezync.com
6448.0,http://www.interno.gov.it/assets/css/style.css,0,tranco,http://www.interno.gov.it/assets/css/style.css,interno.gov.it
6345.0,http://beehiiv.com/download?redirect_url=https%3A%2F%2Fexample.com%2Fdashboard&session_id=abcdef1234567890abcdef1234567890,0,tranco,http://beehiiv.com/download?redirect_url=https://example.com/dashboard&session_id=abcdef1234567890abcdef1234567890,beehiiv.com
710.0,http://www.bandcamp.com/api/v1/users,0,tranco,http://www.bandcamp.com/api/v1/users,bandcamp.com
166.0,http://aliyuncs.com,0,tranco,http://aliyuncs.com,aliyuncs.com
6276.0,http://mcldns.org,0,tranco,http://mcldns.org,mcldns.org
9392.0,http://themoscowtimes.com/?token=abcxyz123,0,tranco,http://themoscowtimes.com/?token=abcxyz123,themoscowtimes.com
4150.0,http://trimble.com/about,0,tranco,http://trimble.com/about,trimble.com
1339.0,http://www.sotwe.com/assets/css/style.css?token=abcxyz123,0,tranco,http://www.sotwe.com/assets/css/style.css?token=abcxyz123,sotwe.com
2984.0,http://www.redbubble.com/contact,0,tranco,http://www.redbubble.com/contact,redbubble.com
4423.0,http://aliexpress.ru/download,0,tranco,http://aliexpress.ru/download,aliexpress.ru
784.0,http://gumgum.com/wp-content/uploads/image.jpg,0,tranco,http://gumgum.com/wp-content/uploads/image.jpg,gumgum.com
3380.0,http://www.tradingeconomics.com/wp-content/uploads/image.jpg,0,tranco,http://www.tradingeconomics.com/wp-content/uploads/image.jpg,tradingeconomics.com
6977.0,http://www.evri.com/index.html?token=abcxyz123,0,tranco,http://www.evri.com/index.html?token=abcxyz123,evri.com
1755.0,http://nelreports.net,0,tranco,http://nelreports.net,nelreports.net
6039.0,http://faberlic.com/login?redirect_url=https%3A%2F%2Fexample.com%2Fdashboard&session_id=abcdef1234567890abcdef1234567890,0,tranco,http://faberlic.com/login?redirect_url=https://example.com/dashboard&session_id=abcdef1234567890abcdef1234567890,faberlic.com
6764.0,http://tripledotapi.com/contact,0,tranco,http://tripledotapi.com/contact,tripledotapi.com
1452.0,http://rustdesk.com/blog/article-name-here?q=test,0,tranco,http://rustdesk.com/blog/article-name-here?q=test,rustdesk.com
1671.0,http://www.betking.com/search,0,tranco,http://www.betking.com/search,betking.com
1537.0,http://www.mat6tube.com/blog/article-name-here?ref=twitter,0,tranco,http://www.mat6tube.com/blog/article-name-here?ref=twitter,mat6tube.com
4832.0,http://www.johnlewis.com/blog/article-name-here,0,tranco,http://www.johnlewis.com/blog/article-name-here,johnlewis.com
9243.0,http://728.team,0,tranco,http://728.team,728.team
5652.0,http://band.us/register?id=123,0,tranco,http://band.us/register?id=123,band.us
9154.0,http://clave.gob.es/about?redirect_url=https%3A%2F%2Fexample.com%2Fdashboard&session_id=abcdef1234567890abcdef1234567890,0,tranco,http://clave.gob.es/about?redirect_url=https://example.com/dashboard&session_id=abcdef1234567890abcdef1234567890,clave.gob.es
62.0,http://msn.com,0,tranco,http://msn.com,msn.com
6328.0,http://www.unm.edu/about?lang=en,0,tranco,http://www.unm.edu/about?lang=en,unm.edu
7029.0,http://www.awsdns-39.net/blog/article-name-here,0,tranco,http://www.awsdns-39.net/blog/article-name-here,awsdns-39.net
9854.0,http://napiszex.com,0,tranco,http://napiszex.com,napiszex.com
2306.0,http://www.e-msedge.net/about,0,tranco,http://www.e-msedge.net/about,e-msedge.net
4318.0,http://www.rome2rio.com/blog/article-name-here,0,tranco,http://www.rome2rio.com/blog/article-name-here,rome2rio.com
8106.0,http://ethereum.org/assets/css/style.css,0,tranco,http://ethereum.org/assets/css/style.css,ethereum.org
6004.0,http://ilmessaggero.it,0,tranco,http://ilmessaggero.it,ilmessaggero.it
6832.0,http://resetera.com/?redirect_url=https%3A%2F%2Fexample.com%2Fdashboard&session_id=abcdef1234567890abcdef1234567890,0,tranco,http://resetera.com/?redirect_url=https://example.com/dashboard&session_id=abcdef1234567890abcdef1234567890,resetera.com
7523.0,http://eldebate.com/products/view/123,0,tranco,http://eldebate.com/products/view/123,eldebate.com
5388.0,http://uic.edu,0,tranco,http://uic.edu,uic.edu
2330.0,http://elster.de/wp-content/uploads/image.jpg,0,tranco,http://elster.de/wp-content/uploads/image.jpg,elster.de
5278.0,http://tv-asahi.co.jp/?token=abcxyz123,0,tranco,http://tv-asahi.co.jp/?token=abcxyz123,tv-asahi.co.jp
609.0,http://amazon.fr,0,tranco,http://amazon.fr,amazon.fr
1432.0,http://mangago.me/index.html?action=verify&token=abcxyz123abcxyz123abcxyz123abcxyz123abcxyz123abcxyz123abcxyz123abcxyz123,0,tranco,http://mangago.me/index.html?action=verify&token=abcxyz123abcxyz123abcxyz123abcxyz123abcxyz123abcxyz123abcxyz123abcxyz123,mangago.me
8231.0,http://toongod.org/wp-content/uploads/image.jpg?q=test,0,tranco,http://toongod.org/wp-content/uploads/image.jpg?q=test,toongod.org
4487.0,http://clickagy.com,0,tranco,http://clickagy.com,clickagy.com
2508.0,http://www.yr.no/search?id=123,0,tranco,http://www.yr.no/search?id=123,yr.no
7743.0,http://granola.ai/blog/article-name-here?ref=twitter,0,tranco,http://granola.ai/blog/article-name-here?ref=twitter,granola.ai
3751.0,http://arlo.com/about?token=abcxyz123,0,tranco,http://arlo.com/about?token=abcxyz123,arlo.com
7949.0,http://www.dropboxstatic.com/about?q=test,0,tranco,http://www.dropboxstatic.com/about?q=test,dropboxstatic.com
3467.0,http://ttdns3.com/?page=2,0,tranco,http://ttdns3.com/?page=2,ttdns3.com
7932.0,http://www.wi.gov/wp-content/uploads/image.jpg,0,tranco,http://www.wi.gov/wp-content/uploads/image.jpg,wi.gov
5979.0,http://clemson.edu/register,0,tranco,http://clemson.edu/register,clemson.edu
5974.0,http://www.outbrain.org/login?utm_source=newsletter&utm_medium=email,0,tranco,http://www.outbrain.org/login?utm_source=newsletter&utm_medium=email,outbrain.org
7785.0,http://www.yadro.ru/contact?utm_source=newsletter&utm_medium=email,0,tranco,http://www.yadro.ru/contact?utm_source=newsletter&utm_medium=email,yadro.ru
8983.0,http://grapee.jp/about,0,tranco,http://grapee.jp/about,grapee.jp
6200.0,http://www.elstc.co/wp-content/uploads/image.jpg,0,tranco,http://www.elstc.co/wp-content/uploads/image.jpg,elstc.co
8735.0,http://google.com.et/download?redirect_url=https%3A%2F%2Fexample.com%2Fdashboard&session_id=abcdef1234567890abcdef1234567890,0,tranco,http://google.com.et/download?redirect_url=https://example.com/dashboard&session_id=abcdef1234567890abcdef1234567890,google.com.et
5668.0,http://bose.io/assets/css/style.css?redirect_url=https%3A%2F%2Fexample.com%2Fdashboard&session_id=abcdef1234567890abcdef1234567890,0,tranco,http://bose.io/assets/css/style.css?redirect_url=https://example.com/dashboard&session_id=abcdef1234567890abcdef1234567890,bose.io
1017.0,http://www.pbs.org/about,0,tranco,http://www.pbs.org/about,pbs.org
6090.0,http://apiblink.ru/about,0,tranco,http://apiblink.ru/about,apiblink.ru
6555.0,http://ghostery.com/wp-content/uploads/image.jpg?q=test,0,tranco,http://ghostery.com/wp-content/uploads/image.jpg?q=test,ghostery.com
6237.0,http://author.today/api/v1/users?redirect_url=https%3A%2F%2Fexample.com%2Fdashboard&session_id=abcdef1234567890abcdef1234567890,0,tranco,http://author.today/api/v1/users?redirect_url=https://example.com/dashboard&session_id=abcdef1234567890abcdef1234567890,author.today
3308.0,http://www.aeroflot.ru/wp-content/uploads/image.jpg,0,tranco,http://www.aeroflot.ru/wp-content/uploads/image.jpg,aeroflot.ru
6374.0,http://www.kabum.com.br/products/view/123,0,tranco,http://www.kabum.com.br/products/view/123,kabum.com.br
4182.0,http://www.vigo.tech/assets/css/style.css?page=2,0,tranco,http://www.vigo.tech/assets/css/style.css?page=2,vigo.tech
3086.0,http://downloadpage.xyz/api/v1/users?ref=twitter,0,tranco,http://downloadpage.xyz/api/v1/users?ref=twitter,downloadpage.xyz
3916.0,http://www.news24.com/assets/css/style.css?action=verify&token=abcxyz123abcxyz123abcxyz123abcxyz123abcxyz123abcxyz123abcxyz123abcxyz123,0,tranco,http://www.news24.com/assets/css/style.css?action=verify&token=abcxyz123abcxyz123abcxyz123abcxyz123abcxyz123abcxyz123abcxyz123abcxyz123,news24.com
1314.0,http://beboo.ru/about?q=test,0,tranco,http://beboo.ru/about?q=test,beboo.ru
5382.0,http://globalvisionad.com,0,tranco,http://globalvisionad.com,globalvisionad.com
8938.0,http://tube8.fr/login?action=verify&token=abcxyz123abcxyz123abcxyz123abcxyz123abcxyz123abcxyz123abcxyz123abcxyz123,0,tranco,http://tube8.fr/login?action=verify&token=abcxyz123abcxyz123abcxyz123abcxyz123abcxyz123abcxyz123abcxyz123abcxyz123,tube8.fr
9934.0,http://asda.com/search,0,tranco,http://asda.com/search,asda.com
1424.0,http://24h.com.vn/api/v1/users,0,tranco,http://24h.com.vn/api/v1/users,24h.com.vn
4193.0,http://twtrdns.net,0,tranco,http://twtrdns.net,twtrdns.net
9808.0,http://www.speedostream1.com/contact,0,tranco,http://www.speedostream1.com/contact,speedostream1.com
6465.0,http://fiu.edu/contact?lang=en,0,tranco,http://fiu.edu/contact?lang=en,fiu.edu
376.0,http://selectel.ru/api/v1/users,0,tranco,http://selectel.ru/api/v1/users,selectel.ru
8483.0,http://www.skylark.co.jp/download?utm_source=newsletter&utm_medium=email,0,tranco,http://www.skylark.co.jp/download?utm_source=newsletter&utm_medium=email,skylark.co.jp
4892.0,http://youboranqs01.com/assets/css/style.css,0,tranco,http://youboranqs01.com/assets/css/style.css,youboranqs01.com
,http://benedettibigpond.com/,1,openphish,http://benedettibigpond.com/,benedettibigpond.com
9927.0,http://fifastories.com/download?redirect_url=https%3A%2F%2Fexample.com%2Fdashboard&session_id=abcdef1234567890abcdef1234567890,0,tranco,http://fifastories.com/download?redirect_url=https://example.com/dashboard&session_id=abcdef1234567890abcdef1234567890,fifastories.com
1897.0,http://tripod.com,0,tranco,http://tripod.com,tripod.com
5521.0,http://serasa.com.br/,0,tranco,http://serasa.com.br/,serasa.com.br
8975.0,http://www.esakal.com/assets/css/style.css,0,tranco,http://www.esakal.com/assets/css/style.css,esakal.com
2236.0,http://bixbyllm.com,0,tranco,http://bixbyllm.com,bixbyllm.com
1416.0,http://blic.rs/about,0,tranco,http://blic.rs/about,blic.rs
7748.0,http://www.awsdns-22.co.uk/contact?id=123,0,tranco,http://www.awsdns-22.co.uk/contact?id=123,awsdns-22.co.uk
97.0,http://www.nginx.com/assets/css/style.css,0,tranco,http://www.nginx.com/assets/css/style.css,nginx.com
3166.0,http://www.trs-dns.net/api/v1/users,0,tranco,http://www.trs-dns.net/api/v1/users,trs-dns.net
577.0,http://grammarly.com/contact?lang=en,0,tranco,http://grammarly.com/contact?lang=en,grammarly.com
2292.0,http://www.caliente.mx/contact,0,tranco,http://www.caliente.mx/contact,caliente.mx
3777.0,http://chosun.com/assets/css/style.css,0,tranco,http://chosun.com/assets/css/style.css,chosun.com
8030.0,http://www.oceanofpdf.com/,0,tranco,http://www.oceanofpdf.com/,oceanofpdf.com
4966.0,http://spacex.com/wp-content/uploads/image.jpg?action=verify&token=abcxyz123abcxyz123abcxyz123abcxyz123abcxyz123abcxyz123abcxyz123abcxyz123,0,tranco,http://spacex.com/wp-content/uploads/image.jpg?action=verify&token=abcxyz123abcxyz123abcxyz123abcxyz123abcxyz123abcxyz123abcxyz123abcxyz123,spacex.com
4393.0,http://chromium.org/blog/article-name-here,0,tranco,http://chromium.org/blog/article-name-here,chromium.org
3036.0,http://www.medscape.com/index.html,0,tranco,http://www.medscape.com/index.html,medscape.com
7709.0,http://tapclap.com/contact?lang=en,0,tranco,http://tapclap.com/contact?lang=en,tapclap.com
6936.0,http://11st.co.kr,0,tranco,http://11st.co.kr,11st.co.kr
7624.0,http://azure.cn,0,tranco,http://azure.cn,azure.cn
1223.0,http://furaffinity.net/products/view/123?q=test,0,tranco,http://furaffinity.net/products/view/123?q=test,furaffinity.net
7969.0,http://www.abv.bg/blog/article-name-here,0,tranco,http://www.abv.bg/blog/article-name-here,abv.bg
5531.0,http://smule.com,0,tranco,http://smule.com,smule.com
6251.0,http://cloudscdn.net,0,tranco,http://cloudscdn.net,cloudscdn.net
6148.0,http://www.playnewgames.ru/products/view/123,0,tranco,http://www.playnewgames.ru/products/view/123,playnewgames.ru
686.0,http://vercel-dns-3.com/api/v1/users,0,tranco,http://vercel-dns-3.com/api/v1/users,vercel-dns-3.com
6941.0,http://vivaldi.com/products/view/123?token=abcxyz123,0,tranco,http://vivaldi.com/products/view/123?token=abcxyz123,vivaldi.com
7449.0,http://www.rd.com/register?action=verify&token=abcxyz123abcxyz123abcxyz123abcxyz123abcxyz123abcxyz123abcxyz123abcxyz123,0,tranco,http://www.rd.com/register?action=verify&token=abcxyz123abcxyz123abcxyz123abcxyz123abcxyz123abcxyz123abcxyz123abcxyz123,rd.com
14.0,http://ezviz7.com/index.html?utm_source=newsletter&utm_medium=email,0,tranco,http://ezviz7.com/index.html?utm_source=newsletter&utm_medium=email,ezviz7.com
501.0,http://markmonitor.com/about,0,tranco,http://markmonitor.com/about,markmonitor.com
1541.0,http://www.snaptik.app/login?redirect_url=https%3A%2F%2Fexample.com%2Fdashboard&session_id=abcdef1234567890abcdef1234567890,0,tranco,http://www.snaptik.app/login?redirect_url=https://example.com/dashboard&session_id=abcdef1234567890abcdef1234567890,snaptik.app
7072.0,http://www.librarything.com/search,0,tranco,http://www.librarything.com/search,librarything.com
4775.0,http://www.sb-cd.com/index.html?page=2,0,tranco,http://www.sb-cd.com/index.html?page=2,sb-cd.com
1043.0,http://www.amemv.com/api/v1/users,0,tranco,http://www.amemv.com/api/v1/users,amemv.com
5696.0,http://picpay.com/download,0,tranco,http://picpay.com/download,picpay.com
4350.0,http://www.sardine.ai/about,0,tranco,http://www.sardine.ai/about,sardine.ai
3586.0,http://awsdns-41.com/register,0,tranco,http://awsdns-41.com/register,awsdns-41.com
2537.0,http://www.xboxservices.com/search,0,tranco,http://www.xboxservices.com/search,xboxservices.com
550.0,http://live.net,0,tranco,http://live.net,live.net
4597.0,http://www.compass.com/api/v1/users?id=123,0,tranco,http://www.compass.com/api/v1/users?id=123,compass.com
4979.0,http://rice.edu,0,tranco,http://rice.edu,rice.edu
2344.0,http://www.chartboost.com/contact,0,tranco,http://www.chartboost.com/contact,chartboost.com
1335.0,http://www.navitime.co.jp/index.html,0,tranco,http://www.navitime.co.jp/index.html,navitime.co.jp
6484.0,http://collinsdictionary.com/products/view/123,0,tranco,http://collinsdictionary.com/products/view/123,collinsdictionary.com
477.0,http://adobe.net/api/v1/users?page=2,0,tranco,http://adobe.net/api/v1/users?page=2,adobe.net
,https://8n9-c28y-blyrjy-yi7y6-dos.pages.dev/,1,openphish,https://8n9-c28y-blyrjy-yi7y6-dos.pages.dev/,pages.dev
9088.0,http://eluniversal.com.mx/contact,0,tranco,http://eluniversal.com.mx/contact,eluniversal.com.mx
1699.0,http://minhngoc.net.vn/download,0,tranco,http://minhngoc.net.vn/download,minhngoc.net.vn
6193.0,http://yamaha.com/about,0,tranco,http://yamaha.com/about,yamaha.com
2559.0,http://www.peacocktv.com/products/view/123?token=abcxyz123,0,tranco,http://www.peacocktv.com/products/view/123?token=abcxyz123,peacocktv.com
6563.0,http://www.twstalker.com/about?page=2,0,tranco,http://www.twstalker.com/about?page=2,twstalker.com
8962.0,http://eboblack.com/products/view/123?redirect_url=https%3A%2F%2Fexample.com%2Fdashboard&session_id=abcdef1234567890abcdef1234567890,0,tranco,http://eboblack.com/products/view/123?redirect_url=https://example.com/dashboard&session_id=abcdef1234567890abcdef1234567890,eboblack.com
197.0,http://oracle.com,0,tranco,http://oracle.com,oracle.com
9516.0,http://todorelatos.com,0,tranco,http://todorelatos.com,todorelatos.com
1089.0,http://www.incapdns.net/products/view/123?q=test,0,tranco,http://www.incapdns.net/products/view/123?q=test,incapdns.net
3041.0,http://w55c.net/wp-content/uploads/image.jpg?token=abcxyz123,0,tranco,http://w55c.net/wp-content/uploads/image.jpg?token=abcxyz123,w55c.net
8565.0,http://whois.com/wp-content/uploads/image.jpg,0,tranco,http://whois.com/wp-content/uploads/image.jpg,whois.com
6763.0,http://www.navyfederal.org/search?id=123,0,tranco,http://www.navyfederal.org/search?id=123,navyfederal.org
2779.0,http://tokopedia.com/contact?lang=en,0,tranco,http://tokopedia.com/contact?lang=en,tokopedia.com
9045.0,http://www.kuruma-news.jp/api/v1/users?page=2,0,tranco,http://www.kuruma-news.jp/api/v1/users?page=2,kuruma-news.jp
2926.0,http://www.glance-cdn.com/blog/article-name-here?q=test,0,tranco,http://www.glance-cdn.com/blog/article-name-here?q=test,glance-cdn.com
2594.0,http://www.getpocket.com/search?token=abcxyz123,0,tranco,http://www.getpocket.com/search?token=abcxyz123,getpocket.com
671.0,http://lemonde.fr/register?action=verify&token=abcxyz123abcxyz123abcxyz123abcxyz123abcxyz123abcxyz123abcxyz123abcxyz123,0,tranco,http://lemonde.fr/register?action=verify&token=abcxyz123abcxyz123abcxyz123abcxyz123abcxyz123abcxyz123abcxyz123abcxyz123,lemonde.fr
7133.0,http://www.cifraclub.com.br/wp-content/uploads/image.jpg?action=verify&token=abcxyz123abcxyz123abcxyz123abcxyz123abcxyz123abcxyz123abcxyz123abcxyz123,0,tranco,http://www.cifraclub.com.br/wp-content/uploads/image.jpg?action=verify&token=abcxyz123abcxyz123abcxyz123abcxyz123abcxyz123abcxyz123abcxyz123abcxyz123,cifraclub.com.br
3058.0,http://pastebin.com/register,0,tranco,http://pastebin.com/register,pastebin.com
8782.0,http://sport.ro/api/v1/users?ref=twitter,0,tranco,http://sport.ro/api/v1/users?ref=twitter,sport.ro
9675.0,http://cairn.info,0,tranco,http://cairn.info,cairn.info
682.0,http://primevideo.com/,0,tranco,http://primevideo.com/,primevideo.com
6529.0,http://www.naver.jp/contact?action=verify&token=abcxyz123abcxyz123abcxyz123abcxyz123abcxyz123abcxyz123abcxyz123abcxyz123,0,tranco,http://www.naver.jp/contact?action=verify&token=abcxyz123abcxyz123abcxyz123abcxyz123abcxyz123abcxyz123abcxyz123abcxyz123,naver.jp
6225.0,http://www.sape.ru/products/view/123,0,tranco,http://www.sape.ru/products/view/123,sape.ru
8564.0,http://romsfun.com/register?token=abcxyz123,0,tranco,http://romsfun.com/register?token=abcxyz123,romsfun.com
7090.0,http://paheal.net,0,tranco,http://paheal.net,paheal.net
4498.0,http://wolt.com/api/v1/users,0,tranco,http://wolt.com/api/v1/users,wolt.com
6494.0,http://go-vip.net/register?id=123,0,tranco,http://go-vip.net/register?id=123,go-vip.net
7653.0,http://halodoc.com/blog/article-name-here?token=abcxyz123,0,tranco,http://halodoc.com/blog/article-name-here?token=abcxyz123,halodoc.com
2930.0,http://upskirt.tv/register,0,tranco,http://upskirt.tv/register,upskirt.tv
2222.0,http://kasserver.com/login,0,tranco,http://kasserver.com/login,kasserver.com
5838.0,http://cnmsn.net,0,tranco,http://cnmsn.net,cnmsn.net
6942.0,http://ad-stir.com/products/view/123,0,tranco,http://ad-stir.com/products/view/123,ad-stir.com
7991.0,http://www.pornolab.net/about?q=test,0,tranco,http://www.pornolab.net/about?q=test,pornolab.net
1985.0,http://politico.com,0,tranco,http://politico.com,politico.com
5859.0,http://www.linkvertise.com/contact,0,tranco,http://www.linkvertise.com/contact,linkvertise.com
1988.0,http://www.mos.ru/index.html,0,tranco,http://www.mos.ru/index.html,mos.ru
1848.0,http://apple-cloudkit.com,0,tranco,http://apple-cloudkit.com,apple-cloudkit.com
4975.0,http://www.classlink.com/wp-content/uploads/image.jpg,0,tranco,http://www.classlink.com/wp-content/uploads/image.jpg,classlink.com
9477.0,http://www.cimalight.co/index.html,0,tranco,http://www.cimalight.co/index.html,cimalight.co
2072.0,http://sonobi.com,0,tranco,http://sonobi.com,sonobi.com
9288.0,http://atcpulsa.net/index.html,0,tranco,http://atcpulsa.net/index.html,atcpulsa.net
4865.0,http://18.in-addr.arpa/wp-content/uploads/image.jpg,0,tranco,http://18.in-addr.arpa/wp-content/uploads/image.jpg,18.in-addr.arpa
5700.0,http://rylmtch.com,0,tranco,http://rylmtch.com,rylmtch.com
8917.0,http://www.decathlon.in/assets/css/style.css,0,tranco,http://www.decathlon.in/assets/css/style.css,decathlon.in
7586.0,http://kff.org/index.html,0,tranco,http://kff.org/index.html,kff.org
232.0,http://www.sourceforge.net/products/view/123,0,tranco,http://www.sourceforge.net/products/view/123,sourceforge.net
3200.0,http://www.glance.net/search?token=abcxyz123,0,tranco,http://www.glance.net/search?token=abcxyz123,glance.net
9395.0,http://www.umingle.com/index.html?id=123,0,tranco,http://www.umingle.com/index.html?id=123,umingle.com
9796.0,http://detran.sp.gov.br/wp-content/uploads/image.jpg,0,tranco,http://detran.sp.gov.br/wp-content/uploads/image.jpg,detran.sp.gov.br
3004.0,http://darknessporn.com/blog/article-name-here,0,tranco,http://darknessporn.com/blog/article-name-here,darknessporn.com
3576.0,http://abc.es,0,tranco,http://abc.es,abc.es
4038.0,http://readthedocs.org,0,tranco,http://readthedocs.org,readthedocs.org
8789.0,http://supremevalues.com/,0,tranco,http://supremevalues.com/,supremevalues.com
429.0,http://online-metrix.net,0,tranco,http://online-metrix.net,online-metrix.net
1258.0,http://abc.net.au/about,0,tranco,http://abc.net.au/about,abc.net.au
8623.0,http://www.wireguard.com/blog/article-name-here,0,tranco,http://www.wireguard.com/blog/article-name-here,wireguard.com
8120.0,http://kayzen.io/login,0,tranco,http://kayzen.io/login,kayzen.io
6663.0,http://bytetcdn.com,0,tranco,http://bytetcdn.com,bytetcdn.com
5780.0,http://www.hankyung.com/register,0,tranco,http://www.hankyung.com/register,hankyung.com
2346.0,http://slate.com/index.html,0,tranco,http://slate.com/index.html,slate.com
7418.0,http://scholastic.com/wp-content/uploads/image.jpg,0,tranco,http://scholastic.com/wp-content/uploads/image.jpg,scholastic.com
4615.0,http://www.google.com.py/about?redirect_url=https%3A%2F%2Fexample.com%2Fdashboard&session_id=abcdef1234567890abcdef1234567890,0,tranco,http://www.google.com.py/about?redirect_url=https://example.com/dashboard&session_id=abcdef1234567890abcdef1234567890,google.com.py
2029.0,http://ecdnx.com/blog/article-name-here?redirect_url=https%3A%2F%2Fexample.com%2Fdashboard&session_id=abcdef1234567890abcdef1234567890,0,tranco,http://ecdnx.com/blog/article-name-here?redirect_url=https://example.com/dashboard&session_id=abcdef1234567890abcdef1234567890,ecdnx.com
8389.0,http://livecamrips.to/about,0,tranco,http://livecamrips.to/about,livecamrips.to
8202.0,http://kinogo.online/login?token=abcxyz123,0,tranco,http://kinogo.online/login?token=abcxyz123,kinogo.online
3888.0,http://google.com.co/blog/article-name-here?token=abcxyz123,0,tranco,http://google.com.co/blog/article-name-here?token=abcxyz123,google.com.co
6100.0,http://toyokeizai.net/?ref=twitter,0,tranco,http://toyokeizai.net/?ref=twitter,toyokeizai.net
9332.0,http://mykadri.tv/wp-content/uploads/image.jpg,0,tranco,http://mykadri.tv/wp-content/uploads/image.jpg,mykadri.tv
8482.0,http://mydomain.com,0,tranco,http://mydomain.com,mydomain.com
9180.0,http://remotewd.com/about,0,tranco,http://remotewd.com/about,remotewd.com
2433.0,http://express.co.uk,0,tranco,http://express.co.uk,express.co.uk
2102.0,http://www.magonet.ru/products/view/123,0,tranco,http://www.magonet.ru/products/view/123,magonet.ru
3424.0,http://gmoregistry.net/about?q=test,0,tranco,http://gmoregistry.net/about?q=test,gmoregistry.net
4115.0,http://seattletimes.com/download?utm_source=newsletter&utm_medium=email,0,tranco,http://seattletimes.com/download?utm_source=newsletter&utm_medium=email,seattletimes.com
8734.0,http://loteriasyapuestas.es,0,tranco,http://loteriasyapuestas.es,loteriasyapuestas.es
1578.0,http://www.chordtela.com/blog/article-name-here,0,tranco,http://www.chordtela.com/blog/article-name-here,chordtela.com
4732.0,http://www.cib.com.cn/index.html?utm_source=newsletter&utm_medium=email,0,tranco,http://www.cib.com.cn/index.html?utm_source=newsletter&utm_medium=email,cib.com.cn
4589.0,http://www.searchenginejournal.com/wp-content/uploads/image.jpg,0,tranco,http://www.searchenginejournal.com/wp-content/uploads/image.jpg,searchenginejournal.com
7200.0,http://www.usergate.com/download?action=verify&token=abcxyz123abcxyz123abcxyz123abcxyz123abcxyz123abcxyz123abcxyz123abcxyz123,0,tranco,http://www.usergate.com/download?action=verify&token=abcxyz123abcxyz123abcxyz123abcxyz123abcxyz123abcxyz123abcxyz123abcxyz123,usergate.com
6350.0,http://www.niceincontact.com/login?token=abcxyz123,0,tranco,http://www.niceincontact.com/login?token=abcxyz123,niceincontact.com
8820.0,http://officedepot.com/login?page=2,0,tranco,http://officedepot.com/login?page=2,officedepot.com
7554.0,http://cargocollective.com,0,tranco,http://cargocollective.com,cargocollective.com
5926.0,http://inss.gov.br/?utm_source=newsletter&utm_medium=email,0,tranco,http://inss.gov.br/?utm_source=newsletter&utm_medium=email,inss.gov.br
802.0,http://rakuten.com/login,0,tranco,http://rakuten.com/login,rakuten.com
7716.0,http://www.auappservice.com/wp-content/uploads/image.jpg?q=test,0,tranco,http://www.auappservice.com/wp-content/uploads/image.jpg?q=test,auappservice.com
5193.0,http://nhtsa.gov/?redirect_url=https%3A%2F%2Fexample.com%2Fdashboard&session_id=abcdef1234567890abcdef1234567890,0,tranco,http://nhtsa.gov/?redirect_url=https://example.com/dashboard&session_id=abcdef1234567890abcdef1234567890,nhtsa.gov
512.0,http://mcafee.com/blog/article-name-here?redirect_url=https%3A%2F%2Fexample.com%2Fdashboard&session_id=abcdef1234567890abcdef1234567890,0,tranco,http://mcafee.com/blog/article-name-here?redirect_url=https://example.com/dashboard&session_id=abcdef1234567890abcdef1234567890,mcafee.com
1193.0,http://indiamart.com/search,0,tranco,http://indiamart.com/search,indiamart.com
7815.0,http://www.tvpixel.com/login?lang=en,0,tranco,http://www.tvpixel.com/login?lang=en,tvpixel.com
5095.0,http://vbnmhjlp.com/products/view/123,0,tranco,http://vbnmhjlp.com/products/view/123,vbnmhjlp.com
1641.0,http://twkan.com,0,tranco,http://twkan.com,twkan.com
,http://vh18568.vh.net.pl/TD/TD-ZE5KIzX0UW4&oauth_key_signature=eyJraWQOiJrUFVqdlNhT25GWUVDakpjMmV1MXJvNGxnb2VFeXJJb2tCbU1X3BiZXN/loading.php,1,openphish,http://vh18568.vh.net.pl/TD/TD-ZE5KIzX0UW4&oauth_key_signature=eyJraWQOiJrUFVqdlNhT25GWUVDakpjMmV1MXJvNGxnb2VFeXJJb2tCbU1X3BiZXN/loading.php,vh.net.pl
8957.0,http://samsungpass.com/index.html,0,tranco,http://samsungpass.com/index.html,samsungpass.com
6047.0,http://tranche.finance/assets/css/style.css,0,tranco,http://tranche.finance/assets/css/style.css,tranche.finance
2352.0,http://www.rollingstone.com/api/v1/users,0,tranco,http://www.rollingstone.com/api/v1/users,rollingstone.com
778.0,http://adform.net,0,tranco,http://adform.net,adform.net
6682.0,http://www.rit.edu/contact?redirect_url=https%3A%2F%2Fexample.com%2Fdashboard&session_id=abcdef1234567890abcdef1234567890,0,tranco,http://www.rit.edu/contact?redirect_url=https://example.com/dashboard&session_id=abcdef1234567890abcdef1234567890,rit.edu
6312.0,http://www.domainers.de/search?lang=en,0,tranco,http://www.domainers.de/search?lang=en,domainers.de
2633.0,http://www.xnhau.kim/?id=123,0,tranco,http://www.xnhau.kim/?id=123,xnhau.kim
,http://bdvenezuela-2026--bdvenezuela2026.replit.app/,1,openphish,http://bdvenezuela-2026--bdvenezuela2026.replit.app/,replit.app
8829.0,http://utraff.com,0,tranco,http://utraff.com,utraff.com
4902.0,http://cyon.ch/download?q=test,0,tranco,http://cyon.ch/download?q=test,cyon.ch
8378.0,http://www.revistaoeste.com/contact?page=2,0,tranco,http://www.revistaoeste.com/contact?page=2,revistaoeste.com
290.0,http://www.mangosip.ru/index.html?redirect_url=https%3A%2F%2Fexample.com%2Fdashboard&session_id=abcdef1234567890abcdef1234567890,0,tranco,http://www.mangosip.ru/index.html?redirect_url=https://example.com/dashboard&session_id=abcdef1234567890abcdef1234567890,mangosip.ru
9695.0,http://tamilsexvids.net/download,0,tranco,http://tamilsexvids.net/download,tamilsexvids.net
1979.0,http://www.globenewswire.com/about?q=test,0,tranco,http://www.globenewswire.com/about?q=test,globenewswire.com
,http://eferhile-bankofamerica-boost-buddy.static.hf.space/,1,openphish,http://eferhile-bankofamerica-boost-buddy.static.hf.space/,hf.space
1340.0,http://xvv1deos.com,0,tranco,http://xvv1deos.com,xvv1deos.com
2219.0,http://www.dnsv5.com/api/v1/users?id=123,0,tranco,http://www.dnsv5.com/api/v1/users?id=123,dnsv5.com
702.0,http://ya.ru/register?utm_source=newsletter&utm_medium=email,0,tranco,http://ya.ru/register?utm_source=newsletter&utm_medium=email,ya.ru
1896.0,http://www.yandex.kz/assets/css/style.css,0,tranco,http://www.yandex.kz/assets/css/style.css,yandex.kz
5850.0,http://sony.net,0,tranco,http://sony.net,sony.net
3366.0,http://rtbhouse.com/?token=abcxyz123,0,tranco,http://rtbhouse.com/?token=abcxyz123,rtbhouse.com
4270.0,http://www.appboy.com/contact?action=verify&token=abcxyz123abcxyz123abcxyz123abcxyz123abcxyz123abcxyz123abcxyz123abcxyz123,0,tranco,http://www.appboy.com/contact?action=verify&token=abcxyz123abcxyz123abcxyz123abcxyz123abcxyz123abcxyz123abcxyz123abcxyz123,appboy.com
5798.0,http://trueconf.com,0,tranco,http://trueconf.com,trueconf.com
8903.0,http://punishworld.com/contact,0,tranco,http://punishworld.com/contact,punishworld.com
9282.0,http://khelo24match99.com/assets/css/style.css,0,tranco,http://khelo24match99.com/assets/css/style.css,khelo24match99.com
7166.0,http://biccamera.com,0,tranco,http://biccamera.com,biccamera.com
191.0,http://www.playstation.net/download,0,tranco,http://www.playstation.net/download,playstation.net
2990.0,http://www.about.me/search?id=123,0,tranco,http://www.about.me/search?id=123,about.me
5790.0,http://yahoo.cloud/download,0,tranco,http://yahoo.cloud/download,yahoo.cloud
9561.0,http://ufstoryfun.com/products/view/123?ref=twitter,0,tranco,http://ufstoryfun.com/products/view/123?ref=twitter,ufstoryfun.com
4375.0,http://hbo.com,0,tranco,http://hbo.com,hbo.com
439.0,http://ipify.org/,0,tranco,http://ipify.org/,ipify.org
6310.0,http://taylorfrancis.com,0,tranco,http://taylorfrancis.com,taylorfrancis.com
8809.0,http://www.embedly.com/wp-content/uploads/image.jpg?page=2,0,tranco,http://www.embedly.com/wp-content/uploads/image.jpg?page=2,embedly.com
8049.0,http://awsdns-35.co.uk,0,tranco,http://awsdns-35.co.uk,awsdns-35.co.uk
9908.0,http://nishatlinen.com/register,0,tranco,http://nishatlinen.com/register,nishatlinen.com
10.0,http://apple.com/download?utm_source=newsletter&utm_medium=email,0,tranco,http://apple.com/download?utm_source=newsletter&utm_medium=email,apple.com
7258.0,http://gamifyspace.com,0,tranco,http://gamifyspace.com,gamifyspace.com
4749.0,http://teacherspayteachers.com,0,tranco,http://teacherspayteachers.com,teacherspayteachers.com
6930.0,http://study.com,0,tranco,http://study.com,study.com
6927.0,http://neal.fun/about,0,tranco,http://neal.fun/about,neal.fun
8255.0,http://sena.edu.co/download,0,tranco,http://sena.edu.co/download,sena.edu.co
2965.0,http://osu.edu,0,tranco,http://osu.edu,osu.edu
7303.0,http://clutch.co/wp-content/uploads/image.jpg?token=abcxyz123,0,tranco,http://clutch.co/wp-content/uploads/image.jpg?token=abcxyz123,clutch.co
1443.0,http://www.jagran.com/about,0,tranco,http://www.jagran.com/about,jagran.com
3537.0,http://sankuai.com/blog/article-name-here?lang=en,0,tranco,http://sankuai.com/blog/article-name-here?lang=en,sankuai.com
,https://spotify-clone-yuvraj.netlify.app/,1,openphish,https://spotify-clone-yuvraj.netlify.app/,netlify.app
4761.0,http://tripcdn.com,0,tranco,http://tripcdn.com,tripcdn.com
17.0,http://dzen.ru,0,tranco,http://dzen.ru,dzen.ru
9623.0,http://microworkers.com/,0,tranco,http://microworkers.com/,microworkers.com
3032.0,http://mookie1.com,0,tranco,http://mookie1.com,mookie1.com
1409.0,http://www.iltalehti.fi/about,0,tranco,http://www.iltalehti.fi/about,iltalehti.fi
6622.0,http://wistia.net/blog/article-name-here,0,tranco,http://wistia.net/blog/article-name-here,wistia.net
3753.0,http://www.pokemon.com/blog/article-name-here?id=123,0,tranco,http://www.pokemon.com/blog/article-name-here?id=123,pokemon.com
5832.0,http://ibscorp.ru/products/view/123,0,tranco,http://ibscorp.ru/products/view/123,ibscorp.ru
8240.0,http://tgtube.com,0,tranco,http://tgtube.com,tgtube.com
7076.0,http://www.impress.co.jp/api/v1/users?q=test,0,tranco,http://www.impress.co.jp/api/v1/users?q=test,impress.co.jp
8003.0,http://skbkontur.ru/blog/article-name-here,0,tranco,http://skbkontur.ru/blog/article-name-here,skbkontur.ru
9431.0,http://www.action1.com/login,0,tranco,http://www.action1.com/login,action1.com
,http://myparcelgst-tracking.netlify.app/,1,openphish,http://myparcelgst-tracking.netlify.app/,netlify.app
3592.0,http://smartsheet.com/wp-content/uploads/image.jpg,0,tranco,http://smartsheet.com/wp-content/uploads/image.jpg,smartsheet.com
2574.0,http://www.drupal.org/about?action=verify&token=abcxyz123abcxyz123abcxyz123abcxyz123abcxyz123abcxyz123abcxyz123abcxyz123,0,tranco,http://www.drupal.org/about?action=verify&token=abcxyz123abcxyz123abcxyz123abcxyz123abcxyz123abcxyz123abcxyz123abcxyz123,drupal.org
9335.0,http://canalturf.com/products/view/123?id=123,0,tranco,http://canalturf.com/products/view/123?id=123,canalturf.com
3423.0,http://vt.edu/blog/article-name-here?ref=twitter,0,tranco,http://vt.edu/blog/article-name-here?ref=twitter,vt.edu
2279.0,http://www.onetrust.io/wp-content/uploads/image.jpg,0,tranco,http://www.onetrust.io/wp-content/uploads/image.jpg,onetrust.io
2309.0,http://bunny.net/register?id=123,0,tranco,http://bunny.net/register?id=123,bunny.net
2113.0,http://lc.chat/wp-content/uploads/image.jpg?redirect_url=https%3A%2F%2Fexample.com%2Fdashboard&session_id=abcdef1234567890abcdef1234567890,0,tranco,http://lc.chat/wp-content/uploads/image.jpg?redirect_url=https://example.com/dashboard&session_id=abcdef1234567890abcdef1234567890,lc.chat
7577.0,http://www.messefrankfurt.com/api/v1/users?ref=twitter,0,tranco,http://www.messefrankfurt.com/api/v1/users?ref=twitter,messefrankfurt.com
8339.0,http://shopier.com/about?redirect_url=https%3A%2F%2Fexample.com%2Fdashboard&session_id=abcdef1234567890abcdef1234567890,0,tranco,http://shopier.com/about?redirect_url=https://example.com/dashboard&session_id=abcdef1234567890abcdef1234567890,shopier.com
6460.0,http://orangedata.ru/api/v1/users?ref=twitter,0,tranco,http://orangedata.ru/api/v1/users?ref=twitter,orangedata.ru
8022.0,http://www.uptimerobot.com/products/view/123,0,tranco,http://www.uptimerobot.com/products/view/123,uptimerobot.com
9300.0,http://zing.vn,0,tranco,http://zing.vn,zing.vn
3693.0,http://www.blacktoon417.com/assets/css/style.css?page=2,0,tranco,http://www.blacktoon417.com/assets/css/style.css?page=2,blacktoon417.com
8323.0,http://www.fanmtl.com/contact?lang=en,0,tranco,http://www.fanmtl.com/contact?lang=en,fanmtl.com
3399.0,http://www.dns-finder.com/index.html?page=2,0,tranco,http://www.dns-finder.com/index.html?page=2,dns-finder.com
1765.0,http://newsweek.com/contact,0,tranco,http://newsweek.com/contact,newsweek.com
5431.0,http://ebay.it/index.html,0,tranco,http://ebay.it/index.html,ebay.it
1312.0,http://www.elsevier.com/login,0,tranco,http://www.elsevier.com/login,elsevier.com
5332.0,http://freetds.org,0,tranco,http://freetds.org,freetds.org
5401.0,http://mediamarkt.de,0,tranco,http://mediamarkt.de,mediamarkt.de
864.0,http://yellowblue.io,0,tranco,http://yellowblue.io,yellowblue.io
6642.0,http://motorola.com,0,tranco,http://motorola.com,motorola.com
5150.0,http://www.xhwebsite.com/api/v1/users,0,tranco,http://www.xhwebsite.com/api/v1/users,xhwebsite.com
8308.0,http://vivastreet.co.uk,0,tranco,http://vivastreet.co.uk,vivastreet.co.uk
4947.0,http://gdms.cloud/?q=test,0,tranco,http://gdms.cloud/?q=test,gdms.cloud
1361.0,http://www.pornhub.org/wp-content/uploads/image.jpg?action=verify&token=abcxyz123abcxyz123abcxyz123abcxyz123abcxyz123abcxyz123abcxyz123abcxyz123,0,tranco,http://www.pornhub.org/wp-content/uploads/image.jpg?action=verify&token=abcxyz123abcxyz123abcxyz123abcxyz123abcxyz123abcxyz123abcxyz123abcxyz123,pornhub.org
8717.0,http://ticktick.com/assets/css/style.css,0,tranco,http://ticktick.com/assets/css/style.css,ticktick.com
7197.0,http://www.icc-cricket.com/about?redirect_url=https%3A%2F%2Fexample.com%2Fdashboard&session_id=abcdef1234567890abcdef1234567890,0,tranco,http://www.icc-cricket.com/about?redirect_url=https://example.com/dashboard&session_id=abcdef1234567890abcdef1234567890,icc-cricket.com
6849.0,http://www.pornzog.com/assets/css/style.css,0,tranco,http://www.pornzog.com/assets/css/style.css,pornzog.com
9951.0,http://www.itemmania.com/blog/article-name-here?token=abcxyz123,0,tranco,http://www.itemmania.com/blog/article-name-here?token=abcxyz123,itemmania.com
2407.0,http://syapp.jp/assets/css/style.css,0,tranco,http://syapp.jp/assets/css/style.css,syapp.jp
7990.0,http://dotnxdomain.net/register,0,tranco,http://dotnxdomain.net/register,dotnxdomain.net
5073.0,http://www.ucr.edu/register,0,tranco,http://www.ucr.edu/register,ucr.edu
2440.0,http://sprinthost.ru/about,0,tranco,http://sprinthost.ru/about,sprinthost.ru
7754.0,http://udmserve.net,0,tranco,http://udmserve.net,udmserve.net
4429.0,http://barracudanetworks.com/search,0,tranco,http://barracudanetworks.com/search,barracudanetworks.com
9635.0,http://movieffm.net/login?redirect_url=https%3A%2F%2Fexample.com%2Fdashboard&session_id=abcdef1234567890abcdef1234567890,0,tranco,http://movieffm.net/login?redirect_url=https://example.com/dashboard&session_id=abcdef1234567890abcdef1234567890,movieffm.net
8844.0,http://corppn.ru,0,tranco,http://corppn.ru,corppn.ru
8142.0,http://www.bazos.cz/download,0,tranco,http://www.bazos.cz/download,bazos.cz
3803.0,http://www.consentmanager.net/blog/article-name-here?id=123,0,tranco,http://www.consentmanager.net/blog/article-name-here?id=123,consentmanager.net
8606.0,http://javdb.com/index.html?utm_source=newsletter&utm_medium=email,0,tranco,http://javdb.com/index.html?utm_source=newsletter&utm_medium=email,javdb.com
18.0,http://www.linkedin.com/search?redirect_url=https%3A%2F%2Fexample.com%2Fdashboard&session_id=abcdef1234567890abcdef1234567890,0,tranco,http://www.linkedin.com/search?redirect_url=https://example.com/dashboard&session_id=abcdef1234567890abcdef1234567890,linkedin.com
3838.0,http://ekatox.com,0,tranco,http://ekatox.com,ekatox.com
3125.0,http://www.register.it/register,0,tranco,http://www.register.it/register,register.it
621.0,http://www.sagepub.com/,0,tranco,http://www.sagepub.com/,sagepub.com
9314.0,http://www.shopch.jp/about,0,tranco,http://www.shopch.jp/about,shopch.jp
1668.0,http://www.jra.jp/about,0,tranco,http://www.jra.jp/about,jra.jp
7093.0,http://pxltag.com/download,0,tranco,http://pxltag.com/download,pxltag.com
140.0,http://prodregistryv2.org/search,0,tranco,http://prodregistryv2.org/search,prodregistryv2.org
6344.0,http://www.yoast.com/contact,0,tranco,http://www.yoast.com/contact,yoast.com
7146.0,http://thesaurus.com/index.html?page=2,0,tranco,http://thesaurus.com/index.html?page=2,thesaurus.com
3748.0,http://google.com.ph,0,tranco,http://google.com.ph,google.com.ph
6972.0,http://www.thegioididong.com/download?q=test,0,tranco,http://www.thegioididong.com/download?q=test,thegioididong.com
147.0,http://www.reg.ru/products/view/123?token=abcxyz123,0,tranco,http://www.reg.ru/products/view/123?token=abcxyz123,reg.ru
8449.0,http://sextb.net/download?utm_source=newsletter&utm_medium=email,0,tranco,http://sextb.net/download?utm_source=newsletter&utm_medium=email,sextb.net
9885.0,http://wral.com/,0,tranco,http://wral.com/,wral.com
3807.0,http://yp.to/assets/css/style.css?page=2,0,tranco,http://yp.to/assets/css/style.css?page=2,yp.to
5841.0,http://itunes.com,0,tranco,http://itunes.com,itunes.com
5982.0,http://www.cgood.ru/api/v1/users?page=2,0,tranco,http://www.cgood.ru/api/v1/users?page=2,cgood.ru
3239.0,http://www.acuityplatform.com/api/v1/users?lang=en,0,tranco,http://www.acuityplatform.com/api/v1/users?lang=en,acuityplatform.com
7646.0,http://www.lit.link/index.html?action=verify&token=abcxyz123abcxyz123abcxyz123abcxyz123abcxyz123abcxyz123abcxyz123abcxyz123,0,tranco,http://www.lit.link/index.html?action=verify&token=abcxyz123abcxyz123abcxyz123abcxyz123abcxyz123abcxyz123abcxyz123abcxyz123,lit.link
1837.0,http://www.nps.gov/contact,0,tranco,http://www.nps.gov/contact,nps.gov
160.0,http://tumblr.com,0,tranco,http://tumblr.com,tumblr.com
4007.0,http://proxmox.com/download?redirect_url=https%3A%2F%2Fexample.com%2Fdashboard&session_id=abcdef1234567890abcdef1234567890,0,tranco,http://proxmox.com/download?redirect_url=https://example.com/dashboard&session_id=abcdef1234567890abcdef1234567890,proxmox.com
9601.0,http://egramswaraj.gov.in/register,0,tranco,http://egramswaraj.gov.in/register,egramswaraj.gov.in
5120.0,http://www.bloombergia.ru/about,0,tranco,http://www.bloombergia.ru/about,bloombergia.ru
7060.0,http://www.gelderlander.nl/wp-content/uploads/image.jpg?utm_source=newsletter&utm_medium=email,0,tranco,http://www.gelderlander.nl/wp-content/uploads/image.jpg?utm_source=newsletter&utm_medium=email,gelderlander.nl
4850.0,http://bluestacks.com,0,tranco,http://bluestacks.com,bluestacks.com
995.0,http://nextlgsdp.com/search,0,tranco,http://nextlgsdp.com/search,nextlgsdp.com
1053.0,http://www.ouest-france.fr/search?action=verify&token=abcxyz123abcxyz123abcxyz123abcxyz123abcxyz123abcxyz123abcxyz123abcxyz123,0,tranco,http://www.ouest-france.fr/search?action=verify&token=abcxyz123abcxyz123abcxyz123abcxyz123abcxyz123abcxyz123abcxyz123abcxyz123,ouest-france.fr
812.0,http://amazon.com.au/assets/css/style.css,0,tranco,http://amazon.com.au/assets/css/style.css,amazon.com.au
2166.0,http://onmicrosoft.com/?ref=twitter,0,tranco,http://onmicrosoft.com/?ref=twitter,onmicrosoft.com
5318.0,http://hacklink.space/search?id=123,0,tranco,http://hacklink.space/search?id=123,hacklink.space
9807.0,http://www.niconsul.com/download?utm_source=newsletter&utm_medium=email,0,tranco,http://www.niconsul.com/download?utm_source=newsletter&utm_medium=email,niconsul.com
8275.0,http://socialmediagirls.com/index.html,0,tranco,http://socialmediagirls.com/index.html,socialmediagirls.com
8618.0,http://nap.edu/?utm_source=newsletter&utm_medium=email,0,tranco,http://nap.edu/?utm_source=newsletter&utm_medium=email,nap.edu
6644.0,http://poolbinance.com,0,tranco,http://poolbinance.com,poolbinance.com
2798.0,http://podbean.com/search?q=test,0,tranco,http://podbean.com/search?q=test,podbean.com
130.0,http://app-measurement.com/blog/article-name-here?utm_source=newsletter&utm_medium=email,0,tranco,http://app-measurement.com/blog/article-name-here?utm_source=newsletter&utm_medium=email,app-measurement.com
8018.0,http://www.deepmind.google/api/v1/users?redirect_url=https%3A%2F%2Fexample.com%2Fdashboard&session_id=abcdef1234567890abcdef1234567890,0,tranco,http://www.deepmind.google/api/v1/users?redirect_url=https://example.com/dashboard&session_id=abcdef1234567890abcdef1234567890,deepmind.google
9294.0,http://www.ymcdn.org/search,0,tranco,http://www.ymcdn.org/search,ymcdn.org
7970.0,http://www.alura.com.br/login,0,tranco,http://www.alura.com.br/login,alura.com.br
6758.0,http://androidauthority.com/search?q=test,0,tranco,http://androidauthority.com/search?q=test,androidauthority.com
,https://6b1c15.icefactory.cl/,1,openphish,https://6b1c15.icefactory.cl/,icefactory.cl
7487.0,http://kemenag.go.id,0,tranco,http://kemenag.go.id,kemenag.go.id
7642.0,http://www.jcb.co.jp/index.html,0,tranco,http://www.jcb.co.jp/index.html,jcb.co.jp
6226.0,http://www.whiterabbitpress.com/api/v1/users,0,tranco,http://www.whiterabbitpress.com/api/v1/users,whiterabbitpress.com
1601.0,http://www.hotxv.com/search,0,tranco,http://www.hotxv.com/search,hotxv.com
267.0,http://wac-msedge.net/login?token=abcxyz123,0,tranco,http://wac-msedge.net/login?token=abcxyz123,wac-msedge.net
2207.0,http://imhentai.xxx/index.html?lang=en,0,tranco,http://imhentai.xxx/index.html?lang=en,imhentai.xxx
8188.0,http://gaiaonline.com/assets/css/style.css,0,tranco,http://gaiaonline.com/assets/css/style.css,gaiaonline.com
7667.0,http://appcues.net,0,tranco,http://appcues.net,appcues.net
2345.0,http://web.de/contact?token=abcxyz123,0,tranco,http://web.de/contact?token=abcxyz123,web.de
9858.0,http://bet30.host,0,tranco,http://bet30.host,bet30.host
4764.0,http://swiftycdn.net/blog/article-name-here?page=2,0,tranco,http://swiftycdn.net/blog/article-name-here?page=2,swiftycdn.net
2204.0,http://asana.com,0,tranco,http://asana.com,asana.com
1042.0,http://spiegel.de/download,0,tranco,http://spiegel.de/download,spiegel.de
5864.0,http://www.kcl.ac.uk/api/v1/users,0,tranco,http://www.kcl.ac.uk/api/v1/users,kcl.ac.uk
6435.0,http://www.jbl.com/contact,0,tranco,http://www.jbl.com/contact,jbl.com
4380.0,http://www.alamy.com/download?ref=twitter,0,tranco,http://www.alamy.com/download?ref=twitter,alamy.com
6258.0,http://www.zmcyu9ypy.com/search?utm_source=newsletter&utm_medium=email,0,tranco,http://www.zmcyu9ypy.com/search?utm_source=newsletter&utm_medium=email,zmcyu9ypy.com
5722.0,http://hola.com/products/view/123?q=test,0,tranco,http://hola.com/products/view/123?q=test,hola.com
6217.0,http://www.gpo.gov/search?ref=twitter,0,tranco,http://www.gpo.gov/search?ref=twitter,gpo.gov
8810.0,http://labour.gov.za/login,0,tranco,http://labour.gov.za/login,labour.gov.za
6014.0,http://homeoffice.gov.uk/api/v1/users,0,tranco,http://homeoffice.gov.uk/api/v1/users,homeoffice.gov.uk
3986.0,http://google.co.nz,0,tranco,http://google.co.nz,google.co.nz
5596.0,http://betterstackdata.com,0,tranco,http://betterstackdata.com,betterstackdata.com
1522.0,http://aajtak.in/download?utm_source=newsletter&utm_medium=email,0,tranco,http://aajtak.in/download?utm_source=newsletter&utm_medium=email,aajtak.in
9216.0,http://www.tubidy.cool/products/view/123?lang=en,0,tranco,http://www.tubidy.cool/products/view/123?lang=en,tubidy.cool
9517.0,http://vercomicsporno.com,0,tranco,http://vercomicsporno.com,vercomicsporno.com
3011.0,http://freewebnovel.com/download?page=2,0,tranco,http://freewebnovel.com/download?page=2,freewebnovel.com
2720.0,http://tenor.com,0,tranco,http://tenor.com,tenor.com
5056.0,http://www.unwomen.org/blog/article-name-here?utm_source=newsletter&utm_medium=email,0,tranco,http://www.unwomen.org/blog/article-name-here?utm_source=newsletter&utm_medium=email,unwomen.org
9220.0,http://www.publicstuff.com/assets/css/style.css,0,tranco,http://www.publicstuff.com/assets/css/style.css,publicstuff.com
5946.0,http://receptivity.io,0,tranco,http://receptivity.io,receptivity.io
7933.0,http://tuya.com/api/v1/users?q=test,0,tranco,http://tuya.com/api/v1/users?q=test,tuya.com
6951.0,http://pch.net,0,tranco,http://pch.net,pch.net
,https://www.robiox.com.py/users/265736013873/profile,1,openphish,https://www.robiox.com.py/users/265736013873/profile,robiox.com.py
,https://1e861a.icefactory.cl/S2KzyGOLCINkRF17gpnnmOBpQJ9xteeJoKih5sXECA2qOuWxIQV3LGLhQtnVwphA/?rotated=1,1,openphish,https://1e861a.icefactory.cl/S2KzyGOLCINkRF17gpnnmOBpQJ9xteeJoKih5sXECA2qOuWxIQV3LGLhQtnVwphA/?rotated=1,icefactory.cl
4626.0,http://www.brother.com/search,0,tranco,http://www.brother.com/search,brother.com
1129.0,http://hltv.org,0,tranco,http://hltv.org,hltv.org
5536.0,http://www.swarovski.com/register?id=123,0,tranco,http://www.swarovski.com/register?id=123,swarovski.com
5222.0,http://vodafone.de/api/v1/users,0,tranco,http://vodafone.de/api/v1/users,vodafone.de
486.0,http://www.adriver.ru/?token=abcxyz123,0,tranco,http://www.adriver.ru/?token=abcxyz123,adriver.ru
4723.0,http://tubi.video/register,0,tranco,http://tubi.video/register,tubi.video
1975.0,http://beeline.ru,0,tranco,http://beeline.ru,beeline.ru
4395.0,http://www.southwest.com/,0,tranco,http://www.southwest.com/,southwest.com
3652.0,http://lua.org/blog/article-name-here,0,tranco,http://lua.org/blog/article-name-here,lua.org
,http://amazing-cylinder-155427.framer.app/,1,openphish,http://amazing-cylinder-155427.framer.app/,framer.app
13.0,http://www.mail.ru/contact,0,tranco,http://www.mail.ru/contact,mail.ru
7636.0,http://www.utua.com.br/contact?page=2,0,tranco,http://www.utua.com.br/contact?page=2,utua.com.br
1307.0,http://www.bilibili.tv/login,0,tranco,http://www.bilibili.tv/login,bilibili.tv
7965.0,http://www.gazzetta.gr/contact,0,tranco,http://www.gazzetta.gr/contact,gazzetta.gr
1523.0,http://www.smadex.com/blog/article-name-here?id=123,0,tranco,http://www.smadex.com/blog/article-name-here?id=123,smadex.com
5893.0,http://getpostman.com/blog/article-name-here,0,tranco,http://getpostman.com/blog/article-name-here,getpostman.com
5248.0,http://www.qodeinteractive.com/blog/article-name-here?token=abcxyz123,0,tranco,http://www.qodeinteractive.com/blog/article-name-here?token=abcxyz123,qodeinteractive.com
6553.0,http://www.ucar.edu/api/v1/users?action=verify&token=abcxyz123abcxyz123abcxyz123abcxyz123abcxyz123abcxyz123abcxyz123abcxyz123,0,tranco,http://www.ucar.edu/api/v1/users?action=verify&token=abcxyz123abcxyz123abcxyz123abcxyz123abcxyz123abcxyz123abcxyz123abcxyz123,ucar.edu
2706.0,http://nsw.gov.au,0,tranco,http://nsw.gov.au,nsw.gov.au
4503.0,http://x.ai/download,0,tranco,http://x.ai/download,x.ai
4330.0,http://snopes.com/assets/css/style.css?q=test,0,tranco,http://snopes.com/assets/css/style.css?q=test,snopes.com
6819.0,http://www.uninet.net.mx/,0,tranco,http://www.uninet.net.mx/,uninet.net.mx
8749.0,http://www.sssinstagram.com/contact,0,tranco,http://www.sssinstagram.com/contact,sssinstagram.com
1972.0,http://ctadns.cn/search,0,tranco,http://ctadns.cn/search,ctadns.cn
2019.0,http://www.segment.com/index.html?lang=en,0,tranco,http://www.segment.com/index.html?lang=en,segment.com
4195.0,http://www.sketchup.com/search,0,tranco,http://www.sketchup.com/search,sketchup.com
7318.0,http://www.yesporn.vip/wp-content/uploads/image.jpg,0,tranco,http://www.yesporn.vip/wp-content/uploads/image.jpg,yesporn.vip
2883.0,http://ti.com/search,0,tranco,http://ti.com/search,ti.com
2161.0,http://www.posthog.com/download?id=123,0,tranco,http://www.posthog.com/download?id=123,posthog.com
680.0,http://shop.app/api/v1/users,0,tranco,http://shop.app/api/v1/users,shop.app
3135.0,http://www.ondemand.com/wp-content/uploads/image.jpg,0,tranco,http://www.ondemand.com/wp-content/uploads/image.jpg,ondemand.com
476.0,http://ui-dns.com/login,0,tranco,http://ui-dns.com/login,ui-dns.com
4402.0,http://seek.com/login?ref=twitter,0,tranco,http://seek.com/login?ref=twitter,seek.com
6028.0,http://pagina12.com.ar/download?ref=twitter,0,tranco,http://pagina12.com.ar/download?ref=twitter,pagina12.com.ar
830.0,http://www.recaptcha.net/index.html,0,tranco,http://www.recaptcha.net/index.html,recaptcha.net
1464.0,http://www.eci.gov.in/assets/css/style.css,0,tranco,http://www.eci.gov.in/assets/css/style.css,eci.gov.in
4308.0,http://www.termly.io/api/v1/users,0,tranco,http://www.termly.io/api/v1/users,termly.io
2189.0,http://www.vox.com/,0,tranco,http://www.vox.com/,vox.com
3813.0,http://canvas-user-content.com/api/v1/users?lang=en,0,tranco,http://canvas-user-content.com/api/v1/users?lang=en,canvas-user-content.com
9003.0,http://www.looti.net/index.html,0,tranco,http://www.looti.net/index.html,looti.net
2644.0,http://mp4moviez.webcam,0,tranco,http://mp4moviez.webcam,mp4moviez.webcam
9268.0,http://www.tax.gov.ir/about,0,tranco,http://www.tax.gov.ir/about,tax.gov.ir
6411.0,http://project-limelight.com/wp-content/uploads/image.jpg,0,tranco,http://project-limelight.com/wp-content/uploads/image.jpg,project-limelight.com
1348.0,http://sport.es/search,0,tranco,http://sport.es/search,sport.es
846.0,http://www.discogs.com/search?ref=twitter,0,tranco,http://www.discogs.com/search?ref=twitter,discogs.com
2590.0,http://www.getyourguide.com/assets/css/style.css,0,tranco,http://www.getyourguide.com/assets/css/style.css,getyourguide.com
4065.0,http://www.seekingalpha.com/register,0,tranco,http://www.seekingalpha.com/register,seekingalpha.com
9512.0,http://suning.com/wp-content/uploads/image.jpg?lang=en,0,tranco,http://suning.com/wp-content/uploads/image.jpg?lang=en,suning.com
7731.0,http://jr-odekake.net/download,0,tranco,http://jr-odekake.net/download,jr-odekake.net
4653.0,http://www.kwimgs.com/index.html?lang=en,0,tranco,http://www.kwimgs.com/index.html?lang=en,kwimgs.com
6113.0,http://www.stubhub.com/index.html?redirect_url=https%3A%2F%2Fexample.com%2Fdashboard&session_id=abcdef1234567890abcdef1234567890,0,tranco,http://www.stubhub.com/index.html?redirect_url=https://example.com/dashboard&session_id=abcdef1234567890abcdef1234567890,stubhub.com
2837.0,http://www.texas.gov/index.html,0,tranco,http://www.texas.gov/index.html,texas.gov
3254.0,http://www.pitt.edu/blog/article-name-here?lang=en,0,tranco,http://www.pitt.edu/blog/article-name-here?lang=en,pitt.edu
6404.0,http://www.wpzoom.com/download,0,tranco,http://www.wpzoom.com/download,wpzoom.com
853.0,http://hilton.com,0,tranco,http://hilton.com,hilton.com
3246.0,http://www.guard.io/about,0,tranco,http://www.guard.io/about,guard.io
5209.0,http://squarespace-cdn.com/register,0,tranco,http://squarespace-cdn.com/register,squarespace-cdn.com
1472.0,http://www.xvideos2.com/blog/article-name-here,0,tranco,http://www.xvideos2.com/blog/article-name-here,xvideos2.com
5537.0,http://webthing.com/contact?lang=en,0,tranco,http://webthing.com/contact?lang=en,webthing.com
349.0,http://worldnic.com/api/v1/users,0,tranco,http://worldnic.com/api/v1/users,worldnic.com
9648.0,http://buzzarab.com/about?action=verify&token=abcxyz123abcxyz123abcxyz123abcxyz123abcxyz123abcxyz123abcxyz123abcxyz123,0,tranco,http://buzzarab.com/about?action=verify&token=abcxyz123abcxyz123abcxyz123abcxyz123abcxyz123abcxyz123abcxyz123abcxyz123,buzzarab.com
8823.0,http://insidehighered.com/index.html,0,tranco,http://insidehighered.com/index.html,insidehighered.com
3611.0,http://selcdn.net,0,tranco,http://selcdn.net,selcdn.net
1562.0,http://www.mechacomic.jp/products/view/123,0,tranco,http://www.mechacomic.jp/products/view/123,mechacomic.jp
8965.0,http://clickr.pro/wp-content/uploads/image.jpg,0,tranco,http://clickr.pro/wp-content/uploads/image.jpg,clickr.pro
4786.0,http://huya.com,0,tranco,http://huya.com,huya.com
9350.0,http://cv666.net/search,0,tranco,http://cv666.net/search,cv666.net
8398.0,http://www.livesport.cz/login,0,tranco,http://www.livesport.cz/login,livesport.cz
7618.0,http://www.president.jp/about,0,tranco,http://www.president.jp/about,president.jp
2974.0,http://www.thehindu.com/?id=123,0,tranco,http://www.thehindu.com/?id=123,thehindu.com
4910.0,http://www.dfn.de/assets/css/style.css?page=2,0,tranco,http://www.dfn.de/assets/css/style.css?page=2,dfn.de
2568.0,http://www.doubao.com/index.html,0,tranco,http://www.doubao.com/index.html,doubao.com
2525.0,http://ionos.de/about?lang=en,0,tranco,http://ionos.de/about?lang=en,ionos.de
9853.0,http://ibtimes.co.uk,0,tranco,http://ibtimes.co.uk,ibtimes.co.uk
4531.0,http://gohugo.io,0,tranco,http://gohugo.io,gohugo.io
4471.0,http://www.shorttv.live/contact,0,tranco,http://www.shorttv.live/contact,shorttv.live
,https://d30sec8k5ond2x.cloudfront.net/Stanbury-Estate-Novel-Kimberly-Thomas-ebook/dp/B0FHLNJ4P7/ref=pd_sbs_d_sccl_1_6/143-9350453-2346763?pd_rd_w=G2b8T&content-id=amzn1.sym.aa738fbd-ad05-4d11-aae2-04b598db6305&pf_rd_p=aa738fbd-ad05-4d11-aae2-04b598db6305&pf_rd_r=SZSZSF4DJVBEWWDFVFAJ&pd_rd_wg=jmgSe&pd_rd_r=cf5f5d10-32de-4c12-89c0-3a51d466af30&pd_rd_i=B0FHLNJ4P7&psc=1,1,openphish,https://d30sec8k5ond2x.cloudfront.net/Stanbury-Estate-Novel-Kimberly-Thomas-ebook/dp/B0FHLNJ4P7/ref=pd_sbs_d_sccl_1_6/143-9350453-2346763?pd_rd_w=G2b8T&content-id=amzn1.sym.aa738fbd-ad05-4d11-aae2-04b598db6305&pf_rd_p=aa738fbd-ad05-4d11-aae2-04b598db6305&pf_rd_r=SZSZSF4DJVBEWWDFVFAJ&pd_rd_wg=jmgSe&pd_rd_r=cf5f5d10-32de-4c12-89c0-3a51d466af30&pd_rd_i=B0FHLNJ4P7&psc=1,cloudfront.net
3186.0,http://www.paypal.me/login?ref=twitter,0,tranco,http://www.paypal.me/login?ref=twitter,paypal.me
8173.0,http://www.leggo.it/wp-content/uploads/image.jpg,0,tranco,http://www.leggo.it/wp-content/uploads/image.jpg,leggo.it
8097.0,http://energystar.gov/,0,tranco,http://energystar.gov/,energystar.gov
8051.0,http://minecraft-inside.ru/contact,0,tranco,http://minecraft-inside.ru/contact,minecraft-inside.ru
3621.0,http://nydailynews.com/index.html,0,tranco,http://nydailynews.com/index.html,nydailynews.com
6836.0,http://cudasvc.com/contact,0,tranco,http://cudasvc.com/contact,cudasvc.com
4175.0,http://bk6bba-resources.com,0,tranco,http://bk6bba-resources.com,bk6bba-resources.com
6583.0,http://imganalytics.com/index.html,0,tranco,http://imganalytics.com/index.html,imganalytics.com
8756.0,http://thepure.app/about,0,tranco,http://thepure.app/about,thepure.app
5885.0,http://www.manageengine.com/api/v1/users,0,tranco,http://www.manageengine.com/api/v1/users,manageengine.com
3664.0,http://www.prtimes.jp/assets/css/style.css,0,tranco,http://www.prtimes.jp/assets/css/style.css,prtimes.jp
6399.0,http://exblog.jp/search,0,tranco,http://exblog.jp/search,exblog.jp
3740.0,http://www.amnesty.org/download?id=123,0,tranco,http://www.amnesty.org/download?id=123,amnesty.org
5237.0,http://copper6.com/products/view/123,0,tranco,http://copper6.com/products/view/123,copper6.com
2408.0,http://www.rkv1.com/download,0,tranco,http://www.rkv1.com/download,rkv1.com
3878.0,http://zenodo.org,0,tranco,http://zenodo.org,zenodo.org
7644.0,http://userapi.dev/blog/article-name-here,0,tranco,http://userapi.dev/blog/article-name-here,userapi.dev
8629.0,http://justporn.com/api/v1/users?id=123,0,tranco,http://justporn.com/api/v1/users?id=123,justporn.com
7053.0,http://hpcl.co.in/search,0,tranco,http://hpcl.co.in/search,hpcl.co.in
3216.0,http://www.su89-cdn.net/login,0,tranco,http://www.su89-cdn.net/login,su89-cdn.net
6983.0,http://forthnet.gr/login,0,tranco,http://forthnet.gr/login,forthnet.gr
4449.0,http://www.techlab-cdn.com/index.html?utm_source=newsletter&utm_medium=email,0,tranco,http://www.techlab-cdn.com/index.html?utm_source=newsletter&utm_medium=email,techlab-cdn.com
4303.0,http://www.awsdns-32.com/blog/article-name-here?ref=twitter,0,tranco,http://www.awsdns-32.com/blog/article-name-here?ref=twitter,awsdns-32.com
7431.0,http://knigavuhe.org/register?id=123,0,tranco,http://knigavuhe.org/register?id=123,knigavuhe.org
4666.0,http://www.preply.com/blog/article-name-here?q=test,0,tranco,http://www.preply.com/blog/article-name-here?q=test,preply.com
5328.0,http://upi.com/assets/css/style.css,0,tranco,http://upi.com/assets/css/style.css,upi.com
2234.0,http://myvzw.com,0,tranco,http://myvzw.com,myvzw.com
5598.0,http://gnavi.co.jp/wp-content/uploads/image.jpg,0,tranco,http://gnavi.co.jp/wp-content/uploads/image.jpg,gnavi.co.jp
4831.0,http://cognitivlabs.com/about,0,tranco,http://cognitivlabs.com/about,cognitivlabs.com
1681.0,http://betano.bet.ar,0,tranco,http://betano.bet.ar,betano.bet.ar
5583.0,http://www.firebaseapp.com/,0,tranco,http://www.firebaseapp.com/,firebaseapp.com
5411.0,http://speedifyvolcai.com/wp-content/uploads/image.jpg,0,tranco,http://speedifyvolcai.com/wp-content/uploads/image.jpg,speedifyvolcai.com
9141.0,http://www.google.com.af/products/view/123?id=123,0,tranco,http://www.google.com.af/products/view/123?id=123,google.com.af
2875.0,http://www.iop.org/wp-content/uploads/image.jpg?utm_source=newsletter&utm_medium=email,0,tranco,http://www.iop.org/wp-content/uploads/image.jpg?utm_source=newsletter&utm_medium=email,iop.org
9182.0,http://moppy.jp/products/view/123?redirect_url=https%3A%2F%2Fexample.com%2Fdashboard&session_id=abcdef1234567890abcdef1234567890,0,tranco,http://moppy.jp/products/view/123?redirect_url=https://example.com/dashboard&session_id=abcdef1234567890abcdef1234567890,moppy.jp
5591.0,http://www.a-mx.net/products/view/123,0,tranco,http://www.a-mx.net/products/view/123,a-mx.net
7367.0,http://www.blogs.com/blog/article-name-here,0,tranco,http://www.blogs.com/blog/article-name-here,blogs.com
9658.0,http://kurnik.pl/search,0,tranco,http://kurnik.pl/search,kurnik.pl
705.0,http://1rx.io/register?utm_source=newsletter&utm_medium=email,0,tranco,http://1rx.io/register?utm_source=newsletter&utm_medium=email,1rx.io
1694.0,http://xoso.com.vn/assets/css/style.css?ref=twitter,0,tranco,http://xoso.com.vn/assets/css/style.css?ref=twitter,xoso.com.vn
1401.0,http://www.jable.tv/search,0,tranco,http://www.jable.tv/search,jable.tv
299.0,http://jsdelivr.net/products/view/123?ref=twitter,0,tranco,http://jsdelivr.net/products/view/123?ref=twitter,jsdelivr.net
8156.0,http://www.monetixads.com/download?page=2,0,tranco,http://www.monetixads.com/download?page=2,monetixads.com
4928.0,http://www.mango.com/products/view/123,0,tranco,http://www.mango.com/products/view/123,mango.com
6488.0,http://cartocdn.com/?redirect_url=https%3A%2F%2Fexample.com%2Fdashboard&session_id=abcdef1234567890abcdef1234567890,0,tranco,http://cartocdn.com/?redirect_url=https://example.com/dashboard&session_id=abcdef1234567890abcdef1234567890,cartocdn.com
732.0,http://openstreetmap.org/wp-content/uploads/image.jpg,0,tranco,http://openstreetmap.org/wp-content/uploads/image.jpg,openstreetmap.org
,http://musical-pothos-6925f8.netlify.app/,1,openphish,http://musical-pothos-6925f8.netlify.app/,netlify.app
7975.0,http://elcinema.com/about,0,tranco,http://elcinema.com/about,elcinema.com
3199.0,http://www.callrail.com/search,0,tranco,http://www.callrail.com/search,callrail.com
6803.0,http://schwaebische.de/search,0,tranco,http://schwaebische.de/search,schwaebische.de
9005.0,http://www.poste.dz/login,0,tranco,http://www.poste.dz/login,poste.dz
9236.0,http://www.bamper.by/wp-content/uploads/image.jpg?id=123,0,tranco,http://www.bamper.by/wp-content/uploads/image.jpg?id=123,bamper.by
8837.0,http://freejobalert.com/download,0,tranco,http://freejobalert.com/download,freejobalert.com
1430.0,http://www.omg10.com/blog/article-name-here,0,tranco,http://www.omg10.com/blog/article-name-here,omg10.com
2949.0,http://www.microsoftazuread-sso.com/search?ref=twitter,0,tranco,http://www.microsoftazuread-sso.com/search?ref=twitter,microsoftazuread-sso.com
4908.0,http://mufg.jp,0,tranco,http://mufg.jp,mufg.jp
4958.0,http://farpost.ru,0,tranco,http://farpost.ru,farpost.ru
3979.0,http://awsdns-14.com,0,tranco,http://awsdns-14.com,awsdns-14.com
8690.0,http://www.newsbomb.gr/,0,tranco,http://www.newsbomb.gr/,newsbomb.gr
7363.0,http://bhaskar.com/register?ref=twitter,0,tranco,http://bhaskar.com/register?ref=twitter,bhaskar.com
979.0,http://www.akahost.net/products/view/123?id=123,0,tranco,http://www.akahost.net/products/view/123?id=123,akahost.net
4205.0,http://emojipedia.org/download?utm_source=newsletter&utm_medium=email,0,tranco,http://emojipedia.org/download?utm_source=newsletter&utm_medium=email,emojipedia.org
8763.0,http://mijnwoordenboek.nl/assets/css/style.css?page=2,0,tranco,http://mijnwoordenboek.nl/assets/css/style.css?page=2,mijnwoordenboek.nl
2008.0,http://iponweb.net,0,tranco,http://iponweb.net,iponweb.net
3012.0,http://www.assetsconfigcdn.org/api/v1/users,0,tranco,http://www.assetsconfigcdn.org/api/v1/users,assetsconfigcdn.org
1629.0,http://an1.com,0,tranco,http://an1.com,an1.com
1599.0,http://www.hentai.name/search,0,tranco,http://www.hentai.name/search,hentai.name
1717.0,http://gree-apps.net/register?utm_source=newsletter&utm_medium=email,0,tranco,http://gree-apps.net/register?utm_source=newsletter&utm_medium=email,gree-apps.net
5523.0,http://architecturaldigest.com/products/view/123,0,tranco,http://architecturaldigest.com/products/view/123,architecturaldigest.com
6985.0,http://rudderlabs.com/,0,tranco,http://rudderlabs.com/,rudderlabs.com
9217.0,http://www.desikahani2.net/assets/css/style.css,0,tranco,http://www.desikahani2.net/assets/css/style.css,desikahani2.net
3905.0,http://www.nhl.com/login,0,tranco,http://www.nhl.com/login,nhl.com
2320.0,http://nielsen.com,0,tranco,http://nielsen.com,nielsen.com
7457.0,http://www.drift.com/login?redirect_url=https%3A%2F%2Fexample.com%2Fdashboard&session_id=abcdef1234567890abcdef1234567890,0,tranco,http://www.drift.com/login?redirect_url=https://example.com/dashboard&session_id=abcdef1234567890abcdef1234567890,drift.com
4122.0,http://www.judge.me/about?redirect_url=https%3A%2F%2Fexample.com%2Fdashboard&session_id=abcdef1234567890abcdef1234567890,0,tranco,http://www.judge.me/about?redirect_url=https://example.com/dashboard&session_id=abcdef1234567890abcdef1234567890,judge.me
8455.0,http://ikman.lk,0,tranco,http://ikman.lk,ikman.lk
4562.0,http://www.nsf.gov/about?ref=twitter,0,tranco,http://www.nsf.gov/about?ref=twitter,nsf.gov
7706.0,http://articulate.com/products/view/123?id=123,0,tranco,http://articulate.com/products/view/123?id=123,articulate.com
6213.0,http://www.dianping.com/api/v1/users,0,tranco,http://www.dianping.com/api/v1/users,dianping.com
6646.0,http://heute.at/blog/article-name-here,0,tranco,http://heute.at/blog/article-name-here,heute.at
4989.0,http://bidderstack.com,0,tranco,http://bidderstack.com,bidderstack.com
9328.0,http://www.javrate.com/download,0,tranco,http://www.javrate.com/download,javrate.com
8777.0,http://myna.go.jp,0,tranco,http://myna.go.jp,myna.go.jp
8354.0,http://amateri.com/about?lang=en,0,tranco,http://amateri.com/about?lang=en,amateri.com
1504.0,http://www.joyclub.de/assets/css/style.css,0,tranco,http://www.joyclub.de/assets/css/style.css,joyclub.de
1480.0,http://cityheaven.net/register?id=123,0,tranco,http://cityheaven.net/register?id=123,cityheaven.net
,https://asdap.com.br/.well-known/acme-challenge/adsa/dmlkorea.html,1,openphish,https://asdap.com.br/.well-known/acme-challenge/adsa/dmlkorea.html,asdap.com.br
7011.0,http://d-net.pro,0,tranco,http://d-net.pro,d-net.pro
2533.0,http://okx.com,0,tranco,http://okx.com,okx.com
3948.0,http://www.centralnic.net/products/view/123,0,tranco,http://www.centralnic.net/products/view/123,centralnic.net
4206.0,http://abril.com.br/wp-content/uploads/image.jpg,0,tranco,http://abril.com.br/wp-content/uploads/image.jpg,abril.com.br
6726.0,http://www.rtbf.be/blog/article-name-here?utm_source=newsletter&utm_medium=email,0,tranco,http://www.rtbf.be/blog/article-name-here?utm_source=newsletter&utm_medium=email,rtbf.be
8291.0,http://awsdns-32.net,0,tranco,http://awsdns-32.net,awsdns-32.net
7159.0,http://awsdns-01.net,0,tranco,http://awsdns-01.net,awsdns-01.net
9507.0,http://www.ssrchat.com/search?action=verify&token=abcxyz123abcxyz123abcxyz123abcxyz123abcxyz123abcxyz123abcxyz123abcxyz123,0,tranco,http://www.ssrchat.com/search?action=verify&token=abcxyz123abcxyz123abcxyz123abcxyz123abcxyz123abcxyz123abcxyz123abcxyz123,ssrchat.com
5519.0,http://www.dzeninfra.ru/index.html,0,tranco,http://www.dzeninfra.ru/index.html,dzeninfra.ru
7451.0,http://www.appleinsider.com/index.html,0,tranco,http://www.appleinsider.com/index.html,appleinsider.com
3038.0,http://www.drweb.com/about?page=2,0,tranco,http://www.drweb.com/about?page=2,drweb.com
7842.0,http://www.uquiz.com/products/view/123,0,tranco,http://www.uquiz.com/products/view/123,uquiz.com
1219.0,http://xhopen.com/api/v1/users?q=test,0,tranco,http://xhopen.com/api/v1/users?q=test,xhopen.com
1610.0,http://ewaybillgst.gov.in/blog/article-name-here?utm_source=newsletter&utm_medium=email,0,tranco,http://ewaybillgst.gov.in/blog/article-name-here?utm_source=newsletter&utm_medium=email,ewaybillgst.gov.in
4532.0,http://www.biorxiv.org/blog/article-name-here,0,tranco,http://www.biorxiv.org/blog/article-name-here,biorxiv.org
4875.0,http://www.wowhead.com/login?id=123,0,tranco,http://www.wowhead.com/login?id=123,wowhead.com
3149.0,http://www.hybrid.ai/blog/article-name-here,0,tranco,http://www.hybrid.ai/blog/article-name-here,hybrid.ai
8032.0,http://www.metacritic.com/about,0,tranco,http://www.metacritic.com/about,metacritic.com
8262.0,http://cash.app,0,tranco,http://cash.app,cash.app
125.0,http://www.snapchat.com/contact,0,tranco,http://www.snapchat.com/contact,snapchat.com
2272.0,http://www.hbomax.com/index.html,0,tranco,http://www.hbomax.com/index.html,hbomax.com
1095.0,http://ltwebstatic.com,0,tranco,http://ltwebstatic.com,ltwebstatic.com
4986.0,http://www.youradchoices.com/?q=test,0,tranco,http://www.youradchoices.com/?q=test,youradchoices.com
7978.0,http://videocelebs.net/index.html,0,tranco,http://videocelebs.net/index.html,videocelebs.net
3737.0,http://www.proxad.net/index.html?id=123,0,tranco,http://www.proxad.net/index.html?id=123,proxad.net
5907.0,http://kontur.host,0,tranco,http://kontur.host,kontur.host
691.0,http://www.id5-sync.com/index.html?utm_source=newsletter&utm_medium=email,0,tranco,http://www.id5-sync.com/index.html?utm_source=newsletter&utm_medium=email,id5-sync.com
856.0,http://www.pexels.com/download?id=123,0,tranco,http://www.pexels.com/download?id=123,pexels.com
1305.0,http://dw.com,0,tranco,http://dw.com,dw.com
6976.0,http://www.granbluefantasy.jp/login?lang=en,0,tranco,http://www.granbluefantasy.jp/login?lang=en,granbluefantasy.jp
6510.0,http://funda.nl,0,tranco,http://funda.nl,funda.nl
9608.0,http://rddrnpnyytcax.net/api/v1/users,0,tranco,http://rddrnpnyytcax.net/api/v1/users,rddrnpnyytcax.net
9321.0,http://www.netapp.com/index.html?redirect_url=https%3A%2F%2Fexample.com%2Fdashboard&session_id=abcdef1234567890abcdef1234567890,0,tranco,http://www.netapp.com/index.html?redirect_url=https://example.com/dashboard&session_id=abcdef1234567890abcdef1234567890,netapp.com
4451.0,http://p-cdn.us,0,tranco,http://p-cdn.us,p-cdn.us
139.0,http://www.msftncsi.com/register?token=abcxyz123,0,tranco,http://www.msftncsi.com/register?token=abcxyz123,msftncsi.com
6988.0,http://buzzfeednews.com/login?token=abcxyz123,0,tranco,http://buzzfeednews.com/login?token=abcxyz123,buzzfeednews.com
7483.0,http://www.adikteev.com/products/view/123,0,tranco,http://www.adikteev.com/products/view/123,adikteev.com
1657.0,http://digitallocker.gov.in,0,tranco,http://digitallocker.gov.in,digitallocker.gov.in
6608.0,http://www.yellowpages.ca/search?q=test,0,tranco,http://www.yellowpages.ca/search?q=test,yellowpages.ca
5128.0,http://helsinki.fi/contact?id=123,0,tranco,http://helsinki.fi/contact?id=123,helsinki.fi
6132.0,http://razersynapse.com/wp-content/uploads/image.jpg?action=verify&token=abcxyz123abcxyz123abcxyz123abcxyz123abcxyz123abcxyz123abcxyz123abcxyz123,0,tranco,http://razersynapse.com/wp-content/uploads/image.jpg?action=verify&token=abcxyz123abcxyz123abcxyz123abcxyz123abcxyz123abcxyz123abcxyz123abcxyz123,razersynapse.com
1660.0,http://www.cmu.edu/assets/css/style.css?ref=twitter,0,tranco,http://www.cmu.edu/assets/css/style.css?ref=twitter,cmu.edu
875.0,http://fbsbx.com/about?page=2,0,tranco,http://fbsbx.com/about?page=2,fbsbx.com
9394.0,http://www.pi7.org/api/v1/users?q=test,0,tranco,http://www.pi7.org/api/v1/users?q=test,pi7.org
3264.0,http://tmtreader.com,0,tranco,http://tmtreader.com,tmtreader.com
8634.0,http://popin.cc/blog/article-name-here?action=verify&token=abcxyz123abcxyz123abcxyz123abcxyz123abcxyz123abcxyz123abcxyz123abcxyz123,0,tranco,http://popin.cc/blog/article-name-here?action=verify&token=abcxyz123abcxyz123abcxyz123abcxyz123abcxyz123abcxyz123abcxyz123abcxyz123,popin.cc
892.0,http://www.bankofamerica.com/register?q=test,0,tranco,http://www.bankofamerica.com/register?q=test,bankofamerica.com
5747.0,http://www.vuejs.org/blog/article-name-here?action=verify&token=abcxyz123abcxyz123abcxyz123abcxyz123abcxyz123abcxyz123abcxyz123abcxyz123,0,tranco,http://www.vuejs.org/blog/article-name-here?action=verify&token=abcxyz123abcxyz123abcxyz123abcxyz123abcxyz123abcxyz123abcxyz123abcxyz123,vuejs.org
9655.0,http://awsdns-21.co.uk/contact,0,tranco,http://awsdns-21.co.uk/contact,awsdns-21.co.uk
8104.0,http://x-x-x.tube/api/v1/users,0,tranco,http://x-x-x.tube/api/v1/users,x-x-x.tube
4180.0,http://www.google.com.sa/download?utm_source=newsletter&utm_medium=email,0,tranco,http://www.google.com.sa/download?utm_source=newsletter&utm_medium=email,google.com.sa
6584.0,http://eaton.com/products/view/123,0,tranco,http://eaton.com/products/view/123,eaton.com
,https://cgpgroup.co.za/,1,openphish,https://cgpgroup.co.za/,cgpgroup.co.za
9789.0,http://www.minhchinh.com/wp-content/uploads/image.jpg,0,tranco,http://www.minhchinh.com/wp-content/uploads/image.jpg,minhchinh.com
9101.0,http://naturabuy.fr/register?ref=twitter,0,tranco,http://naturabuy.fr/register?ref=twitter,naturabuy.fr
,https://d30sec8k5ond2x.cloudfront.net/dp/B0GGTXBTFT/ref=mes-dp?_encoding=UTF8&pd_rd_w=i0O2C&content-id=amzn1.sym.f45dea16-f25a-4516-b170-6b4033444233&pf_rd_p=f45dea16-f25a-4516-b170-6b4033444233&pf_rd_r=SZSZSF4DJVBEWWDFVFAJ&pd_rd_wg=jmgSe&pd_rd_r=cf5f5d10-32de-4c12-89c0-3a51d466af30,1,openphish,https://d30sec8k5ond2x.cloudfront.net/dp/B0GGTXBTFT/ref=mes-dp?_encoding=UTF8&pd_rd_w=i0O2C&content-id=amzn1.sym.f45dea16-f25a-4516-b170-6b4033444233&pf_rd_p=f45dea16-f25a-4516-b170-6b4033444233&pf_rd_r=SZSZSF4DJVBEWWDFVFAJ&pd_rd_wg=jmgSe&pd_rd_r=cf5f5d10-32de-4c12-89c0-3a51d466af30,cloudfront.net
8946.0,http://nguoiquansat.vn/products/view/123,0,tranco,http://nguoiquansat.vn/products/view/123,nguoiquansat.vn
9004.0,http://antagus.de/contact,0,tranco,http://antagus.de/contact,antagus.de
1760.0,http://filmyfly.cafe/wp-content/uploads/image.jpg,0,tranco,http://filmyfly.cafe/wp-content/uploads/image.jpg,filmyfly.cafe
1111.0,http://tnaflix.com/,0,tranco,http://tnaflix.com/,tnaflix.com
3991.0,http://morningstar.com,0,tranco,http://morningstar.com,morningstar.com
9252.0,http://www.mergesigma.com/register,0,tranco,http://www.mergesigma.com/register,mergesigma.com
2055.0,http://ahrefs.com/download?page=2,0,tranco,http://ahrefs.com/download?page=2,ahrefs.com
1831.0,http://www.zdnet.com/search?q=test,0,tranco,http://www.zdnet.com/search?q=test,zdnet.com
4454.0,http://www.iotbing.com/blog/article-name-here?token=abcxyz123,0,tranco,http://www.iotbing.com/blog/article-name-here?token=abcxyz123,iotbing.com
4724.0,http://boe.es/about,0,tranco,http://boe.es/about,boe.es
2401.0,http://www.jaya9bangladesh.com/download?utm_source=newsletter&utm_medium=email,0,tranco,http://www.jaya9bangladesh.com/download?utm_source=newsletter&utm_medium=email,jaya9bangladesh.com
6898.0,http://awsdns-50.net/contact,0,tranco,http://awsdns-50.net/contact,awsdns-50.net
5445.0,http://www.channelcom.tech/register,0,tranco,http://www.channelcom.tech/register,channelcom.tech
7123.0,http://www.fnn.jp/contact,0,tranco,http://www.fnn.jp/contact,fnn.jp
9570.0,http://thscore3.com/download?action=verify&token=abcxyz123abcxyz123abcxyz123abcxyz123abcxyz123abcxyz123abcxyz123abcxyz123,0,tranco,http://thscore3.com/download?action=verify&token=abcxyz123abcxyz123abcxyz123abcxyz123abcxyz123abcxyz123abcxyz123abcxyz123,thscore3.com
3402.0,http://23.in-addr.arpa/?ref=twitter,0,tranco,http://23.in-addr.arpa/?ref=twitter,23.in-addr.arpa
1646.0,http://sportfilm800.com/,0,tranco,http://sportfilm800.com/,sportfilm800.com
7416.0,http://bain.com,0,tranco,http://bain.com,bain.com
9952.0,http://www.lootedpinay.com/blog/article-name-here?page=2,0,tranco,http://www.lootedpinay.com/blog/article-name-here?page=2,lootedpinay.com
5927.0,http://okjds8z.com/search?redirect_url=https%3A%2F%2Fexample.com%2Fdashboard&session_id=abcdef1234567890abcdef1234567890,0,tranco,http://okjds8z.com/search?redirect_url=https://example.com/dashboard&session_id=abcdef1234567890abcdef1234567890,okjds8z.com
8277.0,http://1porn.tv,0,tranco,http://1porn.tv,1porn.tv
5352.0,http://www.nuro.jp/about?ref=twitter,0,tranco,http://www.nuro.jp/about?ref=twitter,nuro.jp
9901.0,http://bongdalu812.com/contact,0,tranco,http://bongdalu812.com/contact,bongdalu812.com
9710.0,http://nyahentai.one,0,tranco,http://nyahentai.one,nyahentai.one
3351.0,http://vkuseraudio.net/contact,0,tranco,http://vkuseraudio.net/contact,vkuseraudio.net
3362.0,http://www.mcgill.ca/download?lang=en,0,tranco,http://www.mcgill.ca/download?lang=en,mcgill.ca
9797.0,http://www.dg-datenschutz.de/products/view/123,0,tranco,http://www.dg-datenschutz.de/products/view/123,dg-datenschutz.de
1549.0,http://ninisite.com,0,tranco,http://ninisite.com,ninisite.com
1618.0,http://www.home.pl/search,0,tranco,http://www.home.pl/search,home.pl
2817.0,http://ravm.tv/about,0,tranco,http://ravm.tv/about,ravm.tv
8266.0,http://trustburn.com,0,tranco,http://trustburn.com,trustburn.com
2691.0,http://newscientist.com/search?action=verify&token=abcxyz123abcxyz123abcxyz123abcxyz123abcxyz123abcxyz123abcxyz123abcxyz123,0,tranco,http://newscientist.com/search?action=verify&token=abcxyz123abcxyz123abcxyz123abcxyz123abcxyz123abcxyz123abcxyz123abcxyz123,newscientist.com
1009.0,http://youronlinechoices.com/about,0,tranco,http://youronlinechoices.com/about,youronlinechoices.com
3523.0,http://mobilefuse.com/index.html,0,tranco,http://mobilefuse.com/index.html,mobilefuse.com
5540.0,http://qihucdn.com/blog/article-name-here?lang=en,0,tranco,http://qihucdn.com/blog/article-name-here?lang=en,qihucdn.com
7256.0,http://hotnews.ro/about,0,tranco,http://hotnews.ro/about,hotnews.ro
2877.0,http://unisoc.com/about,0,tranco,http://unisoc.com/about,unisoc.com
7655.0,http://btinternet.com/download,0,tranco,http://btinternet.com/download,btinternet.com
8567.0,http://nhentai.xxx,0,tranco,http://nhentai.xxx,nhentai.xxx
6830.0,http://sellvir.com/wp-content/uploads/image.jpg?token=abcxyz123,0,tranco,http://sellvir.com/wp-content/uploads/image.jpg?token=abcxyz123,sellvir.com
528.0,http://www.supertms.com/login,0,tranco,http://www.supertms.com/login,supertms.com
1008.0,http://www.giphy.com/wp-content/uploads/image.jpg?q=test,0,tranco,http://www.giphy.com/wp-content/uploads/image.jpg?q=test,giphy.com
6351.0,http://academy.com/wp-content/uploads/image.jpg,0,tranco,http://academy.com/wp-content/uploads/image.jpg,academy.com
5440.0,http://360totalsecurity.com/login?action=verify&token=abcxyz123abcxyz123abcxyz123abcxyz123abcxyz123abcxyz123abcxyz123abcxyz123,0,tranco,http://360totalsecurity.com/login?action=verify&token=abcxyz123abcxyz123abcxyz123abcxyz123abcxyz123abcxyz123abcxyz123abcxyz123,360totalsecurity.com
3638.0,http://www.onenote.com/register,0,tranco,http://www.onenote.com/register,onenote.com
614.0,http://pushy.io/products/view/123?lang=en,0,tranco,http://pushy.io/products/view/123?lang=en,pushy.io
1370.0,http://youm7.com/api/v1/users?q=test,0,tranco,http://youm7.com/api/v1/users?q=test,youm7.com
5748.0,http://ovh.us/?page=2,0,tranco,http://ovh.us/?page=2,ovh.us
9553.0,http://www.tapatalk.com/login?page=2,0,tranco,http://www.tapatalk.com/login?page=2,tapatalk.com
8731.0,http://xvideos.tube/wp-content/uploads/image.jpg?token=abcxyz123,0,tranco,http://xvideos.tube/wp-content/uploads/image.jpg?token=abcxyz123,xvideos.tube
7626.0,http://www.dian.gov.co/assets/css/style.css?lang=en,0,tranco,http://www.dian.gov.co/assets/css/style.css?lang=en,dian.gov.co
6595.0,http://glosbe.com/contact?q=test,0,tranco,http://glosbe.com/contact?q=test,glosbe.com
4306.0,http://www.nic.tv/index.html,0,tranco,http://www.nic.tv/index.html,nic.tv
3443.0,http://www.honor.com/assets/css/style.css?lang=en,0,tranco,http://www.honor.com/assets/css/style.css?lang=en,honor.com
2193.0,http://liftoff-creatives.io/blog/article-name-here?redirect_url=https%3A%2F%2Fexample.com%2Fdashboard&session_id=abcdef1234567890abcdef1234567890,0,tranco,http://liftoff-creatives.io/blog/article-name-here?redirect_url=https://example.com/dashboard&session_id=abcdef1234567890abcdef1234567890,liftoff-creatives.io
3954.0,http://www.ipwho.is/search?token=abcxyz123,0,tranco,http://www.ipwho.is/search?token=abcxyz123,ipwho.is
5470.0,http://web.nhk,0,tranco,http://web.nhk,web.nhk
7162.0,http://www.daraz.com.bd/assets/css/style.css?ref=twitter,0,tranco,http://www.daraz.com.bd/assets/css/style.css?ref=twitter,daraz.com.bd
5111.0,http://www.yandex.uz/products/view/123,0,tranco,http://www.yandex.uz/products/view/123,yandex.uz
4287.0,http://www.veeam.com/download?page=2,0,tranco,http://www.veeam.com/download?page=2,veeam.com
3557.0,http://rexporn.sex/api/v1/users,0,tranco,http://rexporn.sex/api/v1/users,rexporn.sex
158.0,http://epicgames.com,0,tranco,http://epicgames.com,epicgames.com
4717.0,http://www.ivideon.com/search,0,tranco,http://www.ivideon.com/search,ivideon.com
5058.0,http://www.janusaent.com/search,0,tranco,http://www.janusaent.com/search,janusaent.com
3191.0,http://www.canva.site/about?lang=en,0,tranco,http://www.canva.site/about?lang=en,canva.site
5750.0,http://weborama-tech.ru,0,tranco,http://weborama-tech.ru,weborama-tech.ru
5279.0,http://www.michelin.com/api/v1/users?q=test,0,tranco,http://www.michelin.com/api/v1/users?q=test,michelin.com
9498.0,http://ihk.de,0,tranco,http://ihk.de,ihk.de
9309.0,http://www.zi-scripts.com/products/view/123,0,tranco,http://www.zi-scripts.com/products/view/123,zi-scripts.com
5975.0,http://uptodown.com,0,tranco,http://uptodown.com,uptodown.com
3687.0,http://faceit.com/blog/article-name-here?id=123,0,tranco,http://faceit.com/blog/article-name-here?id=123,faceit.com
8295.0,http://dpdns.org/products/view/123,0,tranco,http://dpdns.org/products/view/123,dpdns.org
2170.0,http://www.adthrive.com/register?utm_source=newsletter&utm_medium=email,0,tranco,http://www.adthrive.com/register?utm_source=newsletter&utm_medium=email,adthrive.com
4988.0,http://www.harpersbazaar.com/about,0,tranco,http://www.harpersbazaar.com/about,harpersbazaar.com
4367.0,http://askona.ru/assets/css/style.css?action=verify&token=abcxyz123abcxyz123abcxyz123abcxyz123abcxyz123abcxyz123abcxyz123abcxyz123,0,tranco,http://askona.ru/assets/css/style.css?action=verify&token=abcxyz123abcxyz123abcxyz123abcxyz123abcxyz123abcxyz123abcxyz123abcxyz123,askona.ru
3772.0,http://dingtalk.com/wp-content/uploads/image.jpg?redirect_url=https%3A%2F%2Fexample.com%2Fdashboard&session_id=abcdef1234567890abcdef1234567890,0,tranco,http://dingtalk.com/wp-content/uploads/image.jpg?redirect_url=https://example.com/dashboard&session_id=abcdef1234567890abcdef1234567890,dingtalk.com
2526.0,http://oaistatic.com/blog/article-name-here?page=2,0,tranco,http://oaistatic.com/blog/article-name-here?page=2,oaistatic.com
5574.0,http://nbcsports.com/login,0,tranco,http://nbcsports.com/login,nbcsports.com
7702.0,http://tu-dresden.de/wp-content/uploads/image.jpg,0,tranco,http://tu-dresden.de/wp-content/uploads/image.jpg,tu-dresden.de
5323.0,http://cbr.com,0,tranco,http://cbr.com,cbr.com
914.0,http://life360.com/api/v1/users?redirect_url=https%3A%2F%2Fexample.com%2Fdashboard&session_id=abcdef1234567890abcdef1234567890,0,tranco,http://life360.com/api/v1/users?redirect_url=https://example.com/dashboard&session_id=abcdef1234567890abcdef1234567890,life360.com
5503.0,http://bricklink.com/search,0,tranco,http://bricklink.com/search,bricklink.com
392.0,http://yandex.com,0,tranco,http://yandex.com,yandex.com
3831.0,http://4wps.net/contact,0,tranco,http://4wps.net/contact,4wps.net
9925.0,http://www.iconify.design/api/v1/users?token=abcxyz123,0,tranco,http://www.iconify.design/api/v1/users?token=abcxyz123,iconify.design
6194.0,http://ifixit.com,0,tranco,http://ifixit.com,ifixit.com
6981.0,http://cnn.io/wp-content/uploads/image.jpg,0,tranco,http://cnn.io/wp-content/uploads/image.jpg,cnn.io
9579.0,http://spiceworks.com/,0,tranco,http://spiceworks.com/,spiceworks.com
2125.0,http://ufl.edu/about,0,tranco,http://ufl.edu/about,ufl.edu
1287.0,http://www.usps.com/index.html?ref=twitter,0,tranco,http://www.usps.com/index.html?ref=twitter,usps.com
6857.0,http://www.icbc.com.cn/contact?page=2,0,tranco,http://www.icbc.com.cn/contact?page=2,icbc.com.cn
402.0,http://volcfcdndvs.com/products/view/123,0,tranco,http://volcfcdndvs.com/products/view/123,volcfcdndvs.com
1136.0,http://www.clarin.com/about,0,tranco,http://www.clarin.com/about,clarin.com
9042.0,http://www.pron.click/index.html,0,tranco,http://www.pron.click/index.html,pron.click
1016.0,http://kwcdn.com,0,tranco,http://kwcdn.com,kwcdn.com
3029.0,http://bytegle.tech/login?redirect_url=https%3A%2F%2Fexample.com%2Fdashboard&session_id=abcdef1234567890abcdef1234567890,0,tranco,http://bytegle.tech/login?redirect_url=https://example.com/dashboard&session_id=abcdef1234567890abcdef1234567890,bytegle.tech
4935.0,http://falconnet.app,0,tranco,http://falconnet.app,falconnet.app
,http://gemminilooginn.webflow.io/,1,openphish,http://gemminilooginn.webflow.io/,webflow.io
1278.0,http://www.cricbuzz.com/contact,0,tranco,http://www.cricbuzz.com/contact,cricbuzz.com
2583.0,http://xhamster45.desi/index.html?q=test,0,tranco,http://xhamster45.desi/index.html?q=test,xhamster45.desi
1331.0,http://www.google.co.in/index.html?token=abcxyz123,0,tranco,http://www.google.co.in/index.html?token=abcxyz123,google.co.in
7756.0,http://planethoster.net/about?q=test,0,tranco,http://planethoster.net/about?q=test,planethoster.net
8887.0,http://www.awsdns-53.co.uk/,0,tranco,http://www.awsdns-53.co.uk/,awsdns-53.co.uk
2953.0,http://www.unrealengine.com/blog/article-name-here?action=verify&token=abcxyz123abcxyz123abcxyz123abcxyz123abcxyz123abcxyz123abcxyz123abcxyz123,0,tranco,http://www.unrealengine.com/blog/article-name-here?action=verify&token=abcxyz123abcxyz123abcxyz123abcxyz123abcxyz123abcxyz123abcxyz123abcxyz123,unrealengine.com
6385.0,http://bluecava.com/blog/article-name-here?lang=en,0,tranco,http://bluecava.com/blog/article-name-here?lang=en,bluecava.com
5342.0,http://ig.com/api/v1/users?token=abcxyz123,0,tranco,http://ig.com/api/v1/users?token=abcxyz123,ig.com
4638.0,http://www.hashicorp.com/index.html,0,tranco,http://www.hashicorp.com/index.html,hashicorp.com
7688.0,http://gayporntube.com,0,tranco,http://gayporntube.com,gayporntube.com
9589.0,http://anichin.cafe/wp-content/uploads/image.jpg?utm_source=newsletter&utm_medium=email,0,tranco,http://anichin.cafe/wp-content/uploads/image.jpg?utm_source=newsletter&utm_medium=email,anichin.cafe
3677.0,http://osha.gov,0,tranco,http://osha.gov,osha.gov
2268.0,http://www.grafana.com/assets/css/style.css,0,tranco,http://www.grafana.com/assets/css/style.css,grafana.com
2080.0,http://zhqidown.cn/api/v1/users,0,tranco,http://zhqidown.cn/api/v1/users,zhqidown.cn
8951.0,http://gzone.ph/products/view/123,0,tranco,http://gzone.ph/products/view/123,gzone.ph
5828.0,http://www.barchart.com/contact,0,tranco,http://www.barchart.com/contact,barchart.com
47.0,http://www.youtu.be/api/v1/users?ref=twitter,0,tranco,http://www.youtu.be/api/v1/users?ref=twitter,youtu.be
2928.0,http://kochava.com/products/view/123,0,tranco,http://kochava.com/products/view/123,kochava.com
3964.0,http://srv53.com,0,tranco,http://srv53.com,srv53.com
2681.0,http://elastic.co/?lang=en,0,tranco,http://elastic.co/?lang=en,elastic.co
571.0,http://uol.com.br/wp-content/uploads/image.jpg,0,tranco,http://uol.com.br/wp-content/uploads/image.jpg,uol.com.br
5784.0,http://zopim.com/about?ref=twitter,0,tranco,http://zopim.com/about?ref=twitter,zopim.com
1385.0,http://idealista.it/assets/css/style.css,0,tranco,http://idealista.it/assets/css/style.css,idealista.it
2947.0,http://parastorage.com/login,0,tranco,http://parastorage.com/login,parastorage.com
1574.0,http://www.utorrent.com/download,0,tranco,http://www.utorrent.com/download,utorrent.com
7346.0,http://pghub.io/index.html?lang=en,0,tranco,http://pghub.io/index.html?lang=en,pghub.io
4338.0,http://www.mercedes-benz.com/blog/article-name-here?utm_source=newsletter&utm_medium=email,0,tranco,http://www.mercedes-benz.com/blog/article-name-here?utm_source=newsletter&utm_medium=email,mercedes-benz.com
3383.0,http://go.dev,0,tranco,http://go.dev,go.dev
9075.0,http://appmedia.jp/api/v1/users?redirect_url=https%3A%2F%2Fexample.com%2Fdashboard&session_id=abcdef1234567890abcdef1234567890,0,tranco,http://appmedia.jp/api/v1/users?redirect_url=https://example.com/dashboard&session_id=abcdef1234567890abcdef1234567890,appmedia.jp
8676.0,http://www.upmusics.com/contact,0,tranco,http://www.upmusics.com/contact,upmusics.com
2936.0,http://blismedia.com,0,tranco,http://blismedia.com,blismedia.com
5044.0,http://queniusy.com,0,tranco,http://queniusy.com,queniusy.com
9423.0,http://wbs-law.de/contact?redirect_url=https%3A%2F%2Fexample.com%2Fdashboard&session_id=abcdef1234567890abcdef1234567890,0,tranco,http://wbs-law.de/contact?redirect_url=https://example.com/dashboard&session_id=abcdef1234567890abcdef1234567890,wbs-law.de
6419.0,http://www.zjcdn.com/,0,tranco,http://www.zjcdn.com/,zjcdn.com
9143.0,http://esuteru.com/products/view/123?q=test,0,tranco,http://esuteru.com/products/view/123?q=test,esuteru.com
3637.0,http://www.hackaday.com/download,0,tranco,http://www.hackaday.com/download,hackaday.com
,https://www.roblox.com.mu/users/9512649433/profilemalwarenetworkrat,1,openphish,https://www.roblox.com.mu/users/9512649433/profilemalwarenetworkrat,roblox.com.mu
5661.0,http://onthemarket.com/blog/article-name-here,0,tranco,http://onthemarket.com/blog/article-name-here,onthemarket.com
1402.0,http://hostinger.com/wp-content/uploads/image.jpg?ref=twitter,0,tranco,http://hostinger.com/wp-content/uploads/image.jpg?ref=twitter,hostinger.com
1079.0,http://auvik.com,0,tranco,http://auvik.com,auvik.com
2740.0,http://ndcpp-os.com/register,0,tranco,http://ndcpp-os.com/register,ndcpp-os.com
5370.0,http://breitbart.com/about,0,tranco,http://breitbart.com/about,breitbart.com
9192.0,http://hanbiro.com/wp-content/uploads/image.jpg?lang=en,0,tranco,http://hanbiro.com/wp-content/uploads/image.jpg?lang=en,hanbiro.com
8487.0,http://servedbyadbutler.com,0,tranco,http://servedbyadbutler.com,servedbyadbutler.com
6075.0,http://www.adme.media/products/view/123,0,tranco,http://www.adme.media/products/view/123,adme.media
7863.0,http://refinery29.com/products/view/123?utm_source=newsletter&utm_medium=email,0,tranco,http://refinery29.com/products/view/123?utm_source=newsletter&utm_medium=email,refinery29.com
6587.0,http://jorudan.co.jp/assets/css/style.css,0,tranco,http://jorudan.co.jp/assets/css/style.css,jorudan.co.jp
2000.0,http://bet365.com/download?id=123,0,tranco,http://bet365.com/download?id=123,bet365.com
8767.0,http://www.search-redirect.com/contact?lang=en,0,tranco,http://www.search-redirect.com/contact?lang=en,search-redirect.com
4354.0,http://computerworld.com/download?page=2,0,tranco,http://computerworld.com/download?page=2,computerworld.com
3275.0,http://www.deped.gov.ph/blog/article-name-here,0,tranco,http://www.deped.gov.ph/blog/article-name-here,deped.gov.ph
1959.0,http://typepad.com/wp-content/uploads/image.jpg?id=123,0,tranco,http://typepad.com/wp-content/uploads/image.jpg?id=123,typepad.com
7008.0,http://claro.com.ar,0,tranco,http://claro.com.ar,claro.com.ar
57.0,http://icloud.com/?lang=en,0,tranco,http://icloud.com/?lang=en,icloud.com
6509.0,http://bezeqint.net,0,tranco,http://bezeqint.net,bezeqint.net
5553.0,http://harica.gr/wp-content/uploads/image.jpg,0,tranco,http://harica.gr/wp-content/uploads/image.jpg,harica.gr
3614.0,http://www.gimp.org/wp-content/uploads/image.jpg?utm_source=newsletter&utm_medium=email,0,tranco,http://www.gimp.org/wp-content/uploads/image.jpg?utm_source=newsletter&utm_medium=email,gimp.org
5894.0,http://pinterest.co.uk,0,tranco,http://pinterest.co.uk,pinterest.co.uk
6934.0,http://blesk.cz/assets/css/style.css,0,tranco,http://blesk.cz/assets/css/style.css,blesk.cz
2910.0,http://chip.de/?q=test,0,tranco,http://chip.de/?q=test,chip.de
1595.0,http://redwap.sex/blog/article-name-here,0,tranco,http://redwap.sex/blog/article-name-here,redwap.sex
9680.0,http://veed.io/index.html?q=test,0,tranco,http://veed.io/index.html?q=test,veed.io
6247.0,http://loggly.com/products/view/123?action=verify&token=abcxyz123abcxyz123abcxyz123abcxyz123abcxyz123abcxyz123abcxyz123abcxyz123,0,tranco,http://loggly.com/products/view/123?action=verify&token=abcxyz123abcxyz123abcxyz123abcxyz123abcxyz123abcxyz123abcxyz123abcxyz123,loggly.com
8294.0,http://www.x-fetish.tube/search,0,tranco,http://www.x-fetish.tube/search,x-fetish.tube
64.0,http://googlesyndication.com/about?utm_source=newsletter&utm_medium=email,0,tranco,http://googlesyndication.com/about?utm_source=newsletter&utm_medium=email,googlesyndication.com
9106.0,http://www.mahacet.org/wp-content/uploads/image.jpg?lang=en,0,tranco,http://www.mahacet.org/wp-content/uploads/image.jpg?lang=en,mahacet.org
6725.0,http://liveramp.com,0,tranco,http://liveramp.com,liveramp.com
8638.0,http://linksys.com/contact?id=123,0,tranco,http://linksys.com/contact?id=123,linksys.com
7172.0,http://amtrak.com/search,0,tranco,http://amtrak.com/search,amtrak.com
1708.0,http://www.thscore99.com/register,0,tranco,http://www.thscore99.com/register,thscore99.com
,http://www.fidelitydigitalassetspolicy.com/,1,openphish,http://www.fidelitydigitalassetspolicy.com/,fidelitydigitalassetspolicy.com
5809.0,http://www.agenziaentrate.gov.it/wp-content/uploads/image.jpg?ref=twitter,0,tranco,http://www.agenziaentrate.gov.it/wp-content/uploads/image.jpg?ref=twitter,agenziaentrate.gov.it
639.0,http://www.withgoogle.com/blog/article-name-here?token=abcxyz123,0,tranco,http://www.withgoogle.com/blog/article-name-here?token=abcxyz123,withgoogle.com
5305.0,http://brdtest.com,0,tranco,http://brdtest.com,brdtest.com
1291.0,http://faphouse2.com,0,tranco,http://faphouse2.com,faphouse2.com
5895.0,http://movieweb.com,0,tranco,http://movieweb.com,movieweb.com
6201.0,http://semana.com/,0,tranco,http://semana.com/,semana.com
1983.0,http://www.automattic.com/products/view/123?q=test,0,tranco,http://www.automattic.com/products/view/123?q=test,automattic.com
9129.0,http://joporn.name/register,0,tranco,http://joporn.name/register,joporn.name
1748.0,http://www.desitelugusex.com/about?ref=twitter,0,tranco,http://www.desitelugusex.com/about?ref=twitter,desitelugusex.com
7499.0,http://chinatax.gov.cn,0,tranco,http://chinatax.gov.cn,chinatax.gov.cn
8083.0,http://copilot.com/download,0,tranco,http://copilot.com/download,copilot.com
1117.0,http://usercentrics.eu,0,tranco,http://usercentrics.eu,usercentrics.eu
4768.0,http://www.pure.cloud/search?page=2,0,tranco,http://www.pure.cloud/search?page=2,pure.cloud
8989.0,http://fdownloader.net/,0,tranco,http://fdownloader.net/,fdownloader.net
2389.0,http://camsite26.lol/search,0,tranco,http://camsite26.lol/search,camsite26.lol
7106.0,http://www.nrc.nl/products/view/123?redirect_url=https%3A%2F%2Fexample.com%2Fdashboard&session_id=abcdef1234567890abcdef1234567890,0,tranco,http://www.nrc.nl/products/view/123?redirect_url=https://example.com/dashboard&session_id=abcdef1234567890abcdef1234567890,nrc.nl
2415.0,http://delegaciondelgobierno.gob.es,0,tranco,http://delegaciondelgobierno.gob.es,delegaciondelgobierno.gob.es
1649.0,http://zebawy.com,0,tranco,http://zebawy.com,zebawy.com
5595.0,http://test.com/contact?lang=en,0,tranco,http://test.com/contact?lang=en,test.com
2823.0,http://www.walmartimages.com/login,0,tranco,http://www.walmartimages.com/login,walmartimages.com
4435.0,http://www.runescape.com/search,0,tranco,http://www.runescape.com/search,runescape.com
7908.0,http://www.cust-service.com/index.html?action=verify&token=abcxyz123abcxyz123abcxyz123abcxyz123abcxyz123abcxyz123abcxyz123abcxyz123,0,tranco,http://www.cust-service.com/index.html?action=verify&token=abcxyz123abcxyz123abcxyz123abcxyz123abcxyz123abcxyz123abcxyz123abcxyz123,cust-service.com
6412.0,http://sage.com,0,tranco,http://sage.com,sage.com
1546.0,http://therapservices.net/search?id=123,0,tranco,http://therapservices.net/search?id=123,therapservices.net
7331.0,http://www.vecernji.hr/assets/css/style.css,0,tranco,http://www.vecernji.hr/assets/css/style.css,vecernji.hr
128.0,http://dnsowl.com,0,tranco,http://dnsowl.com,dnsowl.com
2876.0,http://www.ctecdn.cn/assets/css/style.css,0,tranco,http://www.ctecdn.cn/assets/css/style.css,ctecdn.cn
4474.0,http://aditude.cloud/about,0,tranco,http://aditude.cloud/about,aditude.cloud
1933.0,http://www.meetup.com/about,0,tranco,http://www.meetup.com/about,meetup.com
340.0,http://www.checkpoint.com/download,0,tranco,http://www.checkpoint.com/download,checkpoint.com
5740.0,http://neverssl.com/?q=test,0,tranco,http://neverssl.com/?q=test,neverssl.com
8650.0,http://avple.tv/download,0,tranco,http://avple.tv/download,avple.tv
4524.0,http://www.paylocity.com/wp-content/uploads/image.jpg,0,tranco,http://www.paylocity.com/wp-content/uploads/image.jpg,paylocity.com
9465.0,http://languagetoolplus.com/blog/article-name-here,0,tranco,http://languagetoolplus.com/blog/article-name-here,languagetoolplus.com
7170.0,http://zus.pl/login,0,tranco,http://zus.pl/login,zus.pl
6728.0,http://www.fmb.la/download,0,tranco,http://www.fmb.la/download,fmb.la
2739.0,http://breakingtrumpnews.icu/assets/css/style.css?utm_source=newsletter&utm_medium=email,0,tranco,http://breakingtrumpnews.icu/assets/css/style.css?utm_source=newsletter&utm_medium=email,breakingtrumpnews.icu
4316.0,http://buffer.com,0,tranco,http://buffer.com,buffer.com
6085.0,http://cloudflaressl.com/search?ref=twitter,0,tranco,http://cloudflaressl.com/search?ref=twitter,cloudflaressl.com
6371.0,http://obozrevatel.com/blog/article-name-here?token=abcxyz123,0,tranco,http://obozrevatel.com/blog/article-name-here?token=abcxyz123,obozrevatel.com
7893.0,http://www.decathlon.pl/register?q=test,0,tranco,http://www.decathlon.pl/register?q=test,decathlon.pl
899.0,http://scdn.co,0,tranco,http://scdn.co,scdn.co
683.0,http://ubi.com/download?token=abcxyz123,0,tranco,http://ubi.com/download?token=abcxyz123,ubi.com
2084.0,http://www.justice.gov/,0,tranco,http://www.justice.gov/,justice.gov
5304.0,http://adzerk.net,0,tranco,http://adzerk.net,adzerk.net
7672.0,http://zillowstatic.com/register,0,tranco,http://zillowstatic.com/register,zillowstatic.com
3996.0,http://www.wargaming.net/?id=123,0,tranco,http://www.wargaming.net/?id=123,wargaming.net
1783.0,http://apdcdn.com,0,tranco,http://apdcdn.com,apdcdn.com
1072.0,http://www.alphonso.tv/search,0,tranco,http://www.alphonso.tv/search,alphonso.tv
6731.0,http://mendeley.com/download?lang=en,0,tranco,http://mendeley.com/download?lang=en,mendeley.com
3470.0,http://reverso.net/contact,0,tranco,http://reverso.net/contact,reverso.net
3692.0,http://avg.com/contact?ref=twitter,0,tranco,http://avg.com/contact?ref=twitter,avg.com
7460.0,http://mxpnl.com/blog/article-name-here,0,tranco,http://mxpnl.com/blog/article-name-here,mxpnl.com
2964.0,http://www.s-msedge.net/index.html,0,tranco,http://www.s-msedge.net/index.html,s-msedge.net
5623.0,http://www.grofer.io/register?token=abcxyz123,0,tranco,http://www.grofer.io/register?token=abcxyz123,grofer.io
8271.0,http://vorwerk-digital.com/index.html,0,tranco,http://vorwerk-digital.com/index.html,vorwerk-digital.com
7836.0,http://www.sport.cz/about,0,tranco,http://www.sport.cz/about,sport.cz
8373.0,http://www.movieboxpro.app/assets/css/style.css?ref=twitter,0,tranco,http://www.movieboxpro.app/assets/css/style.css?ref=twitter,movieboxpro.app
4036.0,http://taxssp.com/login?id=123,0,tranco,http://taxssp.com/login?id=123,taxssp.com
1094.0,http://www.aparat.com/register?id=123,0,tranco,http://www.aparat.com/register?id=123,aparat.com
5947.0,http://www.surriel.com/about?page=2,0,tranco,http://www.surriel.com/about?page=2,surriel.com
3278.0,http://caltech.edu,0,tranco,http://caltech.edu,caltech.edu
1853.0,http://vice.com,0,tranco,http://vice.com,vice.com
7662.0,http://elsevierpure.com/index.html?action=verify&token=abcxyz123abcxyz123abcxyz123abcxyz123abcxyz123abcxyz123abcxyz123abcxyz123,0,tranco,http://elsevierpure.com/index.html?action=verify&token=abcxyz123abcxyz123abcxyz123abcxyz123abcxyz123abcxyz123abcxyz123abcxyz123,elsevierpure.com
7333.0,http://kiabi.com/products/view/123,0,tranco,http://kiabi.com/products/view/123,kiabi.com
2146.0,http://ticketmaster.com/index.html,0,tranco,http://ticketmaster.com/index.html,ticketmaster.com
7544.0,http://www.sbb.rs/index.html,0,tranco,http://www.sbb.rs/index.html,sbb.rs
7116.0,http://www.crowd-umlaut.com/blog/article-name-here?redirect_url=https%3A%2F%2Fexample.com%2Fdashboard&session_id=abcdef1234567890abcdef1234567890,0,tranco,http://www.crowd-umlaut.com/blog/article-name-here?redirect_url=https://example.com/dashboard&session_id=abcdef1234567890abcdef1234567890,crowd-umlaut.com
418.0,http://dnspod.net,0,tranco,http://dnspod.net,dnspod.net
7665.0,http://userreport.com/download?id=123,0,tranco,http://userreport.com/download?id=123,userreport.com
7353.0,http://hentaifox.com,0,tranco,http://hentaifox.com,hentaifox.com
6246.0,http://www.eurogamer.net/contact,0,tranco,http://www.eurogamer.net/contact,eurogamer.net
3158.0,http://www.crm.dev/contact?ref=twitter,0,tranco,http://www.crm.dev/contact?ref=twitter,crm.dev
1876.0,http://www.douyinvod.com/,0,tranco,http://www.douyinvod.com/,douyinvod.com
6516.0,http://www.concursolutions.com/blog/article-name-here?id=123,0,tranco,http://www.concursolutions.com/blog/article-name-here?id=123,concursolutions.com
488.0,http://mysql.com/search?lang=en,0,tranco,http://mysql.com/search?lang=en,mysql.com
8787.0,http://www.exlibrisgroup.com/index.html?action=verify&token=abcxyz123abcxyz123abcxyz123abcxyz123abcxyz123abcxyz123abcxyz123abcxyz123,0,tranco,http://www.exlibrisgroup.com/index.html?action=verify&token=abcxyz123abcxyz123abcxyz123abcxyz123abcxyz123abcxyz123abcxyz123abcxyz123,exlibrisgroup.com
8279.0,http://www.oar.net/search?lang=en,0,tranco,http://www.oar.net/search?lang=en,oar.net
7031.0,http://eloqua.com/search,0,tranco,http://eloqua.com/search,eloqua.com
3765.0,http://www.admaster.cc/download?token=abcxyz123,0,tranco,http://www.admaster.cc/download?token=abcxyz123,admaster.cc
9140.0,http://www.uberinternal.com/download,0,tranco,http://www.uberinternal.com/download,uberinternal.com
2283.0,http://mradx.net/blog/article-name-here?q=test,0,tranco,http://mradx.net/blog/article-name-here?q=test,mradx.net
8233.0,http://www.gcore.com/login?ref=twitter,0,tranco,http://www.gcore.com/login?ref=twitter,gcore.com
1997.0,http://shopee.ph/register,0,tranco,http://shopee.ph/register,shopee.ph
9785.0,http://infopanel.jp,0,tranco,http://infopanel.jp,infopanel.jp
1151.0,http://rbc.ru,0,tranco,http://rbc.ru,rbc.ru
6478.0,http://boltdns.net/products/view/123?redirect_url=https%3A%2F%2Fexample.com%2Fdashboard&session_id=abcdef1234567890abcdef1234567890,0,tranco,http://boltdns.net/products/view/123?redirect_url=https://example.com/dashboard&session_id=abcdef1234567890abcdef1234567890,boltdns.net
562.0,http://www.deviantart.com/wp-content/uploads/image.jpg?action=verify&token=abcxyz123abcxyz123abcxyz123abcxyz123abcxyz123abcxyz123abcxyz123abcxyz123,0,tranco,http://www.deviantart.com/wp-content/uploads/image.jpg?action=verify&token=abcxyz123abcxyz123abcxyz123abcxyz123abcxyz123abcxyz123abcxyz123abcxyz123,deviantart.com
7801.0,http://www.dbankcdn.ru/index.html?ref=twitter,0,tranco,http://www.dbankcdn.ru/index.html?ref=twitter,dbankcdn.ru
7143.0,http://navi.com,0,tranco,http://navi.com,navi.com
5483.0,http://elcorteingles.es/blog/article-name-here,0,tranco,http://elcorteingles.es/blog/article-name-here,elcorteingles.es
8697.0,http://www.entekhab.ir/assets/css/style.css,0,tranco,http://www.entekhab.ir/assets/css/style.css,entekhab.ir
5482.0,http://www.sundaysky.com/download?ref=twitter,0,tranco,http://www.sundaysky.com/download?ref=twitter,sundaysky.com
316.0,http://aliyuncsslbintl.com,0,tranco,http://aliyuncsslbintl.com,aliyuncsslbintl.com
8280.0,http://nettiauto.com/wp-content/uploads/image.jpg,0,tranco,http://nettiauto.com/wp-content/uploads/image.jpg,nettiauto.com
8796.0,http://www.bungie.net/login?id=123,0,tranco,http://www.bungie.net/login?id=123,bungie.net
5211.0,http://mediaset.it/login,0,tranco,http://mediaset.it/login,mediaset.it
3487.0,http://jio.com/?id=123,0,tranco,http://jio.com/?id=123,jio.com
6275.0,http://leprogres.fr/search,0,tranco,http://leprogres.fr/search,leprogres.fr
3850.0,http://plausible.io/contact,0,tranco,http://plausible.io/contact,plausible.io
2087.0,http://www.mediago.io/about?q=test,0,tranco,http://www.mediago.io/about?q=test,mediago.io
9091.0,http://spokeo.com/download?redirect_url=https%3A%2F%2Fexample.com%2Fdashboard&session_id=abcdef1234567890abcdef1234567890,0,tranco,http://spokeo.com/download?redirect_url=https://example.com/dashboard&session_id=abcdef1234567890abcdef1234567890,spokeo.com
2859.0,http://www.tamu.edu/index.html?utm_source=newsletter&utm_medium=email,0,tranco,http://www.tamu.edu/index.html?utm_source=newsletter&utm_medium=email,tamu.edu
485.0,http://www.duolingo.com/download,0,tranco,http://www.duolingo.com/download,duolingo.com
2829.0,http://philips.com,0,tranco,http://philips.com,philips.com
,http://spotify25.netlify.app/,1,openphish,http://spotify25.netlify.app/,netlify.app
5471.0,http://www.onefootball.com/index.html,0,tranco,http://www.onefootball.com/index.html,onefootball.com
9470.0,http://awsdns-52.co.uk/index.html,0,tranco,http://awsdns-52.co.uk/index.html,awsdns-52.co.uk
9690.0,http://openfpcdn.io/assets/css/style.css,0,tranco,http://openfpcdn.io/assets/css/style.css,openfpcdn.io
7798.0,http://npci.org.in,0,tranco,http://npci.org.in,npci.org.in
3501.0,http://www.ciscospark.com/index.html?page=2,0,tranco,http://www.ciscospark.com/index.html?page=2,ciscospark.com
5655.0,http://dler.org/?lang=en,0,tranco,http://dler.org/?lang=en,dler.org
3105.0,http://saby.ru,0,tranco,http://saby.ru,saby.ru
6713.0,http://hackernoon.com/login,0,tranco,http://hackernoon.com/login,hackernoon.com
7809.0,http://www.yellowpages.com/products/view/123,0,tranco,http://www.yellowpages.com/products/view/123,yellowpages.com
1364.0,http://fapello.com/wp-content/uploads/image.jpg?page=2,0,tranco,http://fapello.com/wp-content/uploads/image.jpg?page=2,fapello.com
7235.0,http://www.fortnitetracker.com/,0,tranco,http://www.fortnitetracker.com/,fortnitetracker.com
1365.0,http://www.haberler.com/blog/article-name-here?redirect_url=https%3A%2F%2Fexample.com%2Fdashboard&session_id=abcdef1234567890abcdef1234567890,0,tranco,http://www.haberler.com/blog/article-name-here?redirect_url=https://example.com/dashboard&session_id=abcdef1234567890abcdef1234567890,haberler.com
9349.0,http://codeium.com,0,tranco,http://codeium.com,codeium.com
5079.0,http://www.fwupd.org/search,0,tranco,http://www.fwupd.org/search,fwupd.org
4082.0,http://awin1.com/contact,0,tranco,http://awin1.com/contact,awin1.com
6814.0,http://whoop.com,0,tranco,http://whoop.com,whoop.com
117.0,http://vk.com/login?token=abcxyz123,0,tranco,http://vk.com/login?token=abcxyz123,vk.com
1914.0,http://www.firebaseio.com/login,0,tranco,http://www.firebaseio.com/login,firebaseio.com
5629.0,http://www.xxx.com/?id=123,0,tranco,http://www.xxx.com/?id=123,xxx.com
9503.0,http://lpga.or.jp/blog/article-name-here,0,tranco,http://lpga.or.jp/blog/article-name-here,lpga.or.jp
2737.0,http://centos.org/login?page=2,0,tranco,http://centos.org/login?page=2,centos.org
3221.0,http://vtex.com,0,tranco,http://vtex.com,vtex.com
6797.0,http://ada.support/about?page=2,0,tranco,http://ada.support/about?page=2,ada.support
3481.0,http://razorpay.com/index.html,0,tranco,http://razorpay.com/index.html,razorpay.com
4382.0,http://www.ip.sb/,0,tranco,http://www.ip.sb/,ip.sb
3348.0,http://fang.com/about,0,tranco,http://fang.com/about,fang.com
8361.0,http://gag.gg/register,0,tranco,http://gag.gg/register,gag.gg
6991.0,http://prothomalo.com/blog/article-name-here?page=2,0,tranco,http://prothomalo.com/blog/article-name-here?page=2,prothomalo.com
7054.0,http://mudah.my/products/view/123?id=123,0,tranco,http://mudah.my/products/view/123?id=123,mudah.my
8041.0,http://pensador.com/download,0,tranco,http://pensador.com/download,pensador.com
2436.0,http://yammer.com,0,tranco,http://yammer.com,yammer.com
,https://robiox.com.gr/games/2753915549/Blox-Fruits?privateServerLinkCode=56851347042751367995695552639237,1,openphish,https://robiox.com.gr/games/2753915549/Blox-Fruits?privateServerLinkCode=56851347042751367995695552639237,robiox.com.gr
4716.0,http://www.google.sn/blog/article-name-here,0,tranco,http://www.google.sn/blog/article-name-here,google.sn
4535.0,http://ocn.ne.jp/register?id=123,0,tranco,http://ocn.ne.jp/register?id=123,ocn.ne.jp
3720.0,http://gifshow.com,0,tranco,http://gifshow.com,gifshow.com
6254.0,http://thenation.com/api/v1/users?id=123,0,tranco,http://thenation.com/api/v1/users?id=123,thenation.com
7980.0,http://www.uv.es/download,0,tranco,http://www.uv.es/download,uv.es
4827.0,http://boxofficemojo.com/contact,0,tranco,http://boxofficemojo.com/contact,boxofficemojo.com
7673.0,http://www.confluent.cloud/api/v1/users?utm_source=newsletter&utm_medium=email,0,tranco,http://www.confluent.cloud/api/v1/users?utm_source=newsletter&utm_medium=email,confluent.cloud
1640.0,http://www.flashscore.fr/about?utm_source=newsletter&utm_medium=email,0,tranco,http://www.flashscore.fr/about?utm_source=newsletter&utm_medium=email,flashscore.fr
8987.0,http://www.gree.net/blog/article-name-here,0,tranco,http://www.gree.net/blog/article-name-here,gree.net
244.0,http://www.telegram.org/index.html,0,tranco,http://www.telegram.org/index.html,telegram.org
6937.0,http://moe.gov.cn/about?action=verify&token=abcxyz123abcxyz123abcxyz123abcxyz123abcxyz123abcxyz123abcxyz123abcxyz123,0,tranco,http://moe.gov.cn/about?action=verify&token=abcxyz123abcxyz123abcxyz123abcxyz123abcxyz123abcxyz123abcxyz123abcxyz123,moe.gov.cn
3952.0,http://gitea.com/,0,tranco,http://gitea.com/,gitea.com
8329.0,http://www.idokep.hu/assets/css/style.css,0,tranco,http://www.idokep.hu/assets/css/style.css,idokep.hu
2629.0,http://bollyflix.med/api/v1/users?token=abcxyz123,0,tranco,http://bollyflix.med/api/v1/users?token=abcxyz123,bollyflix.med
3634.0,http://google.gr/download,0,tranco,http://google.gr/download,google.gr
4679.0,http://icio.us,0,tranco,http://icio.us,icio.us
3542.0,http://orf.at/search,0,tranco,http://orf.at/search,orf.at
5533.0,http://www.hsprotect.net/assets/css/style.css?action=verify&token=abcxyz123abcxyz123abcxyz123abcxyz123abcxyz123abcxyz123abcxyz123abcxyz123,0,tranco,http://www.hsprotect.net/assets/css/style.css?action=verify&token=abcxyz123abcxyz123abcxyz123abcxyz123abcxyz123abcxyz123abcxyz123abcxyz123,hsprotect.net
3232.0,http://awsdns-11.com/search?id=123,0,tranco,http://awsdns-11.com/search?id=123,awsdns-11.com
6106.0,http://huaweicloud.com,0,tranco,http://huaweicloud.com,huaweicloud.com
612.0,http://msidentity.com/products/view/123,0,tranco,http://msidentity.com/products/view/123,msidentity.com
8966.0,http://www.tanishq.co.in/products/view/123?utm_source=newsletter&utm_medium=email,0,tranco,http://www.tanishq.co.in/products/view/123?utm_source=newsletter&utm_medium=email,tanishq.co.in
7955.0,http://printerval.com/contact,0,tranco,http://printerval.com/contact,printerval.com
6655.0,http://www.housing.com/about,0,tranco,http://www.housing.com/about,housing.com
2348.0,http://www.nontondrama.my/login,0,tranco,http://www.nontondrama.my/login,nontondrama.my
9160.0,http://www.techspot.com/search,0,tranco,http://www.techspot.com/search,techspot.com
9824.0,http://www.f0113.com/,0,tranco,http://www.f0113.com/,f0113.com
8534.0,http://www.linuxfoundation.org/wp-content/uploads/image.jpg,0,tranco,http://www.linuxfoundation.org/wp-content/uploads/image.jpg,linuxfoundation.org
7190.0,http://espn.in/assets/css/style.css,0,tranco,http://espn.in/assets/css/style.css,espn.in
3914.0,http://www.ndash.net/blog/article-name-here,0,tranco,http://www.ndash.net/blog/article-name-here,ndash.net
6443.0,http://www.corpinter.net/api/v1/users?page=2,0,tranco,http://www.corpinter.net/api/v1/users?page=2,corpinter.net
9232.0,http://www.storytv.asia/blog/article-name-here?token=abcxyz123,0,tranco,http://www.storytv.asia/blog/article-name-here?token=abcxyz123,storytv.asia
3015.0,http://www.irishtimes.com/blog/article-name-here?lang=en,0,tranco,http://www.irishtimes.com/blog/article-name-here?lang=en,irishtimes.com
6889.0,http://noip.com/search?id=123,0,tranco,http://noip.com/search?id=123,noip.com
9228.0,http://bytedns.com/wp-content/uploads/image.jpg,0,tranco,http://bytedns.com/wp-content/uploads/image.jpg,bytedns.com
5262.0,http://amplience.net/about,0,tranco,http://amplience.net/about,amplience.net
2111.0,http://hsforms.com/about,0,tranco,http://hsforms.com/about,hsforms.com
8466.0,http://awsdns-11.co.uk,0,tranco,http://awsdns-11.co.uk,awsdns-11.co.uk
7717.0,http://decathlon.es/blog/article-name-here?action=verify&token=abcxyz123abcxyz123abcxyz123abcxyz123abcxyz123abcxyz123abcxyz123abcxyz123,0,tranco,http://decathlon.es/blog/article-name-here?action=verify&token=abcxyz123abcxyz123abcxyz123abcxyz123abcxyz123abcxyz123abcxyz123abcxyz123,decathlon.es
8287.0,http://javdock.com,0,tranco,http://javdock.com,javdock.com
4932.0,http://worldtimeserver.com/api/v1/users,0,tranco,http://worldtimeserver.com/api/v1/users,worldtimeserver.com
8160.0,http://javhdporn.net/download?token=abcxyz123,0,tranco,http://javhdporn.net/download?token=abcxyz123,javhdporn.net
4999.0,http://www.softpedia.com/download?id=123,0,tranco,http://www.softpedia.com/download?id=123,softpedia.com
6571.0,http://lidl.de/index.html,0,tranco,http://lidl.de/index.html,lidl.de
9504.0,http://moeys.gov.kh/download?page=2,0,tranco,http://moeys.gov.kh/download?page=2,moeys.gov.kh
795.0,http://www.ameblo.jp/api/v1/users?utm_source=newsletter&utm_medium=email,0,tranco,http://www.ameblo.jp/api/v1/users?utm_source=newsletter&utm_medium=email,ameblo.jp
1112.0,http://wetteronline.de/contact,0,tranco,http://wetteronline.de/contact,wetteronline.de
8254.0,http://cylance.com/blog/article-name-here,0,tranco,http://cylance.com/blog/article-name-here,cylance.com
405.0,http://kaspersky-labs.com/search,0,tranco,http://kaspersky-labs.com/search,kaspersky-labs.com
2795.0,http://ksord.com/api/v1/users,0,tranco,http://ksord.com/api/v1/users,ksord.com
23.0,http://googletagmanager.com/login,0,tranco,http://googletagmanager.com/login,googletagmanager.com
2012.0,http://vinted.fr/index.html,0,tranco,http://vinted.fr/index.html,vinted.fr
3252.0,http://banahosting.com/about,0,tranco,http://banahosting.com/about,banahosting.com
3795.0,http://metmuseum.org/register?token=abcxyz123,0,tranco,http://metmuseum.org/register?token=abcxyz123,metmuseum.org
1540.0,http://sinoptik.ua/blog/article-name-here?redirect_url=https%3A%2F%2Fexample.com%2Fdashboard&session_id=abcdef1234567890abcdef1234567890,0,tranco,http://sinoptik.ua/blog/article-name-here?redirect_url=https://example.com/dashboard&session_id=abcdef1234567890abcdef1234567890,sinoptik.ua
9539.0,http://www.google.com.bh/?token=abcxyz123,0,tranco,http://www.google.com.bh/?token=abcxyz123,google.com.bh
9514.0,http://ventusky.com/login,0,tranco,http://ventusky.com/login,ventusky.com
2145.0,http://sony.com/blog/article-name-here?q=test,0,tranco,http://sony.com/blog/article-name-here?q=test,sony.com
2986.0,http://www.rostelecom.ru/register,0,tranco,http://www.rostelecom.ru/register,rostelecom.ru
6945.0,http://countryliving.com,0,tranco,http://countryliving.com,countryliving.com
5434.0,http://ves.io/download,0,tranco,http://ves.io/download,ves.io
8674.0,http://ilbe.com,0,tranco,http://ilbe.com,ilbe.com
1627.0,http://www.happymh.com/assets/css/style.css,0,tranco,http://www.happymh.com/assets/css/style.css,happymh.com
4766.0,http://www.adweek.com/about?lang=en,0,tranco,http://www.adweek.com/about?lang=en,adweek.com
7560.0,http://indiapost.gov.in/contact,0,tranco,http://indiapost.gov.in/contact,indiapost.gov.in
7059.0,http://www.bandsintown.com/blog/article-name-here,0,tranco,http://www.bandsintown.com/blog/article-name-here,bandsintown.com
5069.0,http://siteground.us/about,0,tranco,http://siteground.us/about,siteground.us
3411.0,http://www.shawcable.net/register,0,tranco,http://www.shawcable.net/register,shawcable.net
1080.0,http://ilovepdf.com/contact,0,tranco,http://ilovepdf.com/contact,ilovepdf.com
901.0,http://b-msedge.net/wp-content/uploads/image.jpg?ref=twitter,0,tranco,http://b-msedge.net/wp-content/uploads/image.jpg?ref=twitter,b-msedge.net
6867.0,http://dcloudlive.com,0,tranco,http://dcloudlive.com,dcloudlive.com
7802.0,http://site123.me/products/view/123,0,tranco,http://site123.me/products/view/123,site123.me
5767.0,http://vizio.com,0,tranco,http://vizio.com,vizio.com
726.0,http://ted.com/products/view/123?q=test,0,tranco,http://ted.com/products/view/123?q=test,ted.com
7122.0,http://www.wordstream.com/wp-content/uploads/image.jpg,0,tranco,http://www.wordstream.com/wp-content/uploads/image.jpg,wordstream.com
9171.0,http://www.tubidy.com/download?lang=en,0,tranco,http://www.tubidy.com/download?lang=en,tubidy.com
5416.0,http://www.gentoo.org/blog/article-name-here,0,tranco,http://www.gentoo.org/blog/article-name-here,gentoo.org
4445.0,http://playfamily.ru/download?action=verify&token=abcxyz123abcxyz123abcxyz123abcxyz123abcxyz123abcxyz123abcxyz123abcxyz123,0,tranco,http://playfamily.ru/download?action=verify&token=abcxyz123abcxyz123abcxyz123abcxyz123abcxyz123abcxyz123abcxyz123abcxyz123,playfamily.ru
5333.0,http://www.ebay.fr/login,0,tranco,http://www.ebay.fr/login,ebay.fr
608.0,http://www.uk.com/contact?token=abcxyz123,0,tranco,http://www.uk.com/contact?token=abcxyz123,uk.com
8433.0,http://pluxee.app/products/view/123?page=2,0,tranco,http://pluxee.app/products/view/123?page=2,pluxee.app
7478.0,http://lance.com.br/wp-content/uploads/image.jpg?ref=twitter,0,tranco,http://lance.com.br/wp-content/uploads/image.jpg?ref=twitter,lance.com.br
2643.0,http://kuaishou.com,0,tranco,http://kuaishou.com,kuaishou.com
9551.0,http://feedtofap.com/index.html,0,tranco,http://feedtofap.com/index.html,feedtofap.com
2142.0,http://www.feedburner.com/download,0,tranco,http://www.feedburner.com/download,feedburner.com
81.0,http://www.edgekey.net/about?redirect_url=https%3A%2F%2Fexample.com%2Fdashboard&session_id=abcdef1234567890abcdef1234567890,0,tranco,http://www.edgekey.net/about?redirect_url=https://example.com/dashboard&session_id=abcdef1234567890abcdef1234567890,edgekey.net
7567.0,http://www.dnsexit.com/wp-content/uploads/image.jpg,0,tranco,http://www.dnsexit.com/wp-content/uploads/image.jpg,dnsexit.com
9059.0,http://sift.com/api/v1/users,0,tranco,http://sift.com/api/v1/users,sift.com
8183.0,http://bigthink.com,0,tranco,http://bigthink.com,bigthink.com
7977.0,http://machotube.tv/download,0,tranco,http://machotube.tv/download,machotube.tv
2432.0,http://www.ucdavis.edu/products/view/123,0,tranco,http://www.ucdavis.edu/products/view/123,ucdavis.edu
6041.0,http://computrabajo.com/assets/css/style.css,0,tranco,http://computrabajo.com/assets/css/style.css,computrabajo.com
6027.0,http://storygize.net,0,tranco,http://storygize.net,storygize.net
9622.0,http://goodnotes-devops.com,0,tranco,http://goodnotes-devops.com,goodnotes-devops.com
9471.0,http://thewrap.com,0,tranco,http://thewrap.com,thewrap.com
499.0,http://www.aol.com/api/v1/users?token=abcxyz123,0,tranco,http://www.aol.com/api/v1/users?token=abcxyz123,aol.com
8733.0,http://awsdns-07.co.uk,0,tranco,http://awsdns-07.co.uk,awsdns-07.co.uk
3816.0,http://www.wac-dc-msedge.net/wp-content/uploads/image.jpg,0,tranco,http://www.wac-dc-msedge.net/wp-content/uploads/image.jpg,wac-dc-msedge.net
4163.0,http://www.infomaniak.ch/,0,tranco,http://www.infomaniak.ch/,infomaniak.ch
2536.0,http://tmall.com/register?q=test,0,tranco,http://tmall.com/register?q=test,tmall.com
8418.0,http://www.javlibrary.com/products/view/123?token=abcxyz123,0,tranco,http://www.javlibrary.com/products/view/123?token=abcxyz123,javlibrary.com
4490.0,http://www.jst.go.jp/contact,0,tranco,http://www.jst.go.jp/contact,jst.go.jp
2614.0,http://www.strpst.com/search,0,tranco,http://www.strpst.com/search,strpst.com
8672.0,http://www.sheypoor.com/contact?ref=twitter,0,tranco,http://www.sheypoor.com/contact?ref=twitter,sheypoor.com
2343.0,http://pornhat.one/contact?redirect_url=https%3A%2F%2Fexample.com%2Fdashboard&session_id=abcdef1234567890abcdef1234567890,0,tranco,http://pornhat.one/contact?redirect_url=https://example.com/dashboard&session_id=abcdef1234567890abcdef1234567890,pornhat.one
3183.0,http://tmz.com/about,0,tranco,http://tmz.com/about,tmz.com
569.0,http://licdn.com,0,tranco,http://licdn.com,licdn.com
1375.0,http://www.nikkansports.com/blog/article-name-here?token=abcxyz123,0,tranco,http://www.nikkansports.com/blog/article-name-here?token=abcxyz123,nikkansports.com
5867.0,http://loja.li/search?token=abcxyz123,0,tranco,http://loja.li/search?token=abcxyz123,loja.li
607.0,http://www.surveymonkey.com/products/view/123?utm_source=newsletter&utm_medium=email,0,tranco,http://www.surveymonkey.com/products/view/123?utm_source=newsletter&utm_medium=email,surveymonkey.com
1678.0,http://www.ctdns.cn/api/v1/users,0,tranco,http://www.ctdns.cn/api/v1/users,ctdns.cn
3555.0,http://awsdns-13.com/products/view/123,0,tranco,http://awsdns-13.com/products/view/123,awsdns-13.com
8163.0,http://awsdns-00.net,0,tranco,http://awsdns-00.net,awsdns-00.net
1785.0,http://www.dns-shop.ru/download,0,tranco,http://www.dns-shop.ru/download,dns-shop.ru
8130.0,http://boyfriend.tv/register,0,tranco,http://boyfriend.tv/register,boyfriend.tv
8646.0,http://delishkitchen.tv,0,tranco,http://delishkitchen.tv,delishkitchen.tv
5038.0,http://capcutstatic.com,0,tranco,http://capcutstatic.com,capcutstatic.com
4309.0,http://my.games/api/v1/users,0,tranco,http://my.games/api/v1/users,my.games
3456.0,http://www.macys.com/download?id=123,0,tranco,http://www.macys.com/download?id=123,macys.com
6776.0,http://stylevana.com/assets/css/style.css?utm_source=newsletter&utm_medium=email,0,tranco,http://stylevana.com/assets/css/style.css?utm_source=newsletter&utm_medium=email,stylevana.com
1418.0,http://www.admanmedia.com/login,0,tranco,http://www.admanmedia.com/login,admanmedia.com
1255.0,http://www.litnet.com/api/v1/users,0,tranco,http://www.litnet.com/api/v1/users,litnet.com
1404.0,http://ukdevilz.com/contact,0,tranco,http://ukdevilz.com/contact,ukdevilz.com
5491.0,http://dba.dk/register?utm_source=newsletter&utm_medium=email,0,tranco,http://dba.dk/register?utm_source=newsletter&utm_medium=email,dba.dk
9899.0,http://www.sidrachain.com/wp-content/uploads/image.jpg?redirect_url=https%3A%2F%2Fexample.com%2Fdashboard&session_id=abcdef1234567890abcdef1234567890,0,tranco,http://www.sidrachain.com/wp-content/uploads/image.jpg?redirect_url=https://example.com/dashboard&session_id=abcdef1234567890abcdef1234567890,sidrachain.com
7338.0,http://www.lngtd.com/login,0,tranco,http://www.lngtd.com/login,lngtd.com
9130.0,http://2ch2.net,0,tranco,http://2ch2.net,2ch2.net
2.0,http://cloudflare.com/api/v1/users?token=abcxyz123,0,tranco,http://cloudflare.com/api/v1/users?token=abcxyz123,cloudflare.com
2514.0,http://www.isnssdk.com/about?action=verify&token=abcxyz123abcxyz123abcxyz123abcxyz123abcxyz123abcxyz123abcxyz123abcxyz123,0,tranco,http://www.isnssdk.com/about?action=verify&token=abcxyz123abcxyz123abcxyz123abcxyz123abcxyz123abcxyz123abcxyz123abcxyz123,isnssdk.com
3106.0,http://movieswood.cloud/register,0,tranco,http://movieswood.cloud/register,movieswood.cloud
9671.0,http://www.8888.porn/?action=verify&token=abcxyz123abcxyz123abcxyz123abcxyz123abcxyz123abcxyz123abcxyz123abcxyz123,0,tranco,http://www.8888.porn/?action=verify&token=abcxyz123abcxyz123abcxyz123abcxyz123abcxyz123abcxyz123abcxyz123abcxyz123,8888.porn
5723.0,http://kuleuven.be/wp-content/uploads/image.jpg,0,tranco,http://kuleuven.be/wp-content/uploads/image.jpg,kuleuven.be
1577.0,http://www.betika.com/search?utm_source=newsletter&utm_medium=email,0,tranco,http://www.betika.com/search?utm_source=newsletter&utm_medium=email,betika.com
8737.0,http://egais.ru/assets/css/style.css,0,tranco,http://egais.ru/assets/css/style.css,egais.ru
6980.0,http://truoptik.com/download?ref=twitter,0,tranco,http://truoptik.com/download?ref=twitter,truoptik.com
4091.0,http://netsuite.com/search,0,tranco,http://netsuite.com/search,netsuite.com
4546.0,http://google.com.jm,0,tranco,http://google.com.jm,google.com.jm
9031.0,http://sportal.bg/blog/article-name-here,0,tranco,http://sportal.bg/blog/article-name-here,sportal.bg
252.0,http://wsdvs.com/contact,0,tranco,http://wsdvs.com/contact,wsdvs.com
2478.0,http://volces.com/contact,0,tranco,http://volces.com/contact,volces.com
7915.0,http://www.usbrowserspeed.com/wp-content/uploads/image.jpg,0,tranco,http://www.usbrowserspeed.com/wp-content/uploads/image.jpg,usbrowserspeed.com
8270.0,http://www.bestjavporn.com/,0,tranco,http://www.bestjavporn.com/,bestjavporn.com
7475.0,http://ehow.com/register?id=123,0,tranco,http://ehow.com/register?id=123,ehow.com
2693.0,http://cachefly.net/search?utm_source=newsletter&utm_medium=email,0,tranco,http://cachefly.net/search?utm_source=newsletter&utm_medium=email,cachefly.net
6933.0,http://www.24.hu/about?token=abcxyz123,0,tranco,http://www.24.hu/about?token=abcxyz123,24.hu
5646.0,http://www.baseball-reference.com/search,0,tranco,http://www.baseball-reference.com/search,baseball-reference.com
7125.0,http://bc.edu/assets/css/style.css,0,tranco,http://bc.edu/assets/css/style.css,bc.edu
3083.0,http://www.viet69z.me/products/view/123?page=2,0,tranco,http://www.viet69z.me/products/view/123?page=2,viet69z.me
1710.0,http://www.az24.vn/login,0,tranco,http://www.az24.vn/login,az24.vn
7747.0,http://nice.org.uk/,0,tranco,http://nice.org.uk/,nice.org.uk
5057.0,http://deccanherald.com,0,tranco,http://deccanherald.com,deccanherald.com
1225.0,http://www.donmai.us/register,0,tranco,http://www.donmai.us/register,donmai.us
2542.0,http://ucl.ac.uk/about?redirect_url=https%3A%2F%2Fexample.com%2Fdashboard&session_id=abcdef1234567890abcdef1234567890,0,tranco,http://ucl.ac.uk/about?redirect_url=https://example.com/dashboard&session_id=abcdef1234567890abcdef1234567890,ucl.ac.uk
2038.0,http://www.truecaller.com/assets/css/style.css,0,tranco,http://www.truecaller.com/assets/css/style.css,truecaller.com
2160.0,http://www.klarna.com/products/view/123,0,tranco,http://www.klarna.com/products/view/123,klarna.com
4815.0,http://hatenablog.com/products/view/123,0,tranco,http://hatenablog.com/products/view/123,hatenablog.com
3101.0,http://www.nasdaq.com/index.html,0,tranco,http://www.nasdaq.com/index.html,nasdaq.com
850.0,http://www.ebay.de/about?action=verify&token=abcxyz123abcxyz123abcxyz123abcxyz123abcxyz123abcxyz123abcxyz123abcxyz123,0,tranco,http://www.ebay.de/about?action=verify&token=abcxyz123abcxyz123abcxyz123abcxyz123abcxyz123abcxyz123abcxyz123abcxyz123,ebay.de
260.0,http://launchpad.net,0,tranco,http://launchpad.net,launchpad.net
8803.0,http://www.libramemoria.com/products/view/123?token=abcxyz123,0,tranco,http://www.libramemoria.com/products/view/123?token=abcxyz123,libramemoria.com
509.0,http://mediatek.com/register?q=test,0,tranco,http://mediatek.com/register?q=test,mediatek.com
6346.0,http://tate.org.uk/?page=2,0,tranco,http://tate.org.uk/?page=2,tate.org.uk
6050.0,http://www.msk.ru/login,0,tranco,http://www.msk.ru/login,msk.ru
3864.0,http://paysafecard.com/?lang=en,0,tranco,http://paysafecard.com/?lang=en,paysafecard.com
7708.0,http://fantia.jp/login,0,tranco,http://fantia.jp/login,fantia.jp
3628.0,http://www.wikidot.com/download,0,tranco,http://www.wikidot.com/download,wikidot.com
1031.0,http://letterboxd.com/wp-content/uploads/image.jpg,0,tranco,http://letterboxd.com/wp-content/uploads/image.jpg,letterboxd.com
5910.0,http://unibo.it,0,tranco,http://unibo.it,unibo.it
620.0,http://onetrust.com,0,tranco,http://onetrust.com,onetrust.com
2580.0,http://www.sensic.net/search?lang=en,0,tranco,http://www.sensic.net/search?lang=en,sensic.net
8840.0,http://www.sendinblue.com/about,0,tranco,http://www.sendinblue.com/about,sendinblue.com
2116.0,http://fliphtml5.com/products/view/123,0,tranco,http://fliphtml5.com/products/view/123,fliphtml5.com
148.0,http://netflix.net/search?q=test,0,tranco,http://netflix.net/search?q=test,netflix.net
8288.0,http://yad2.co.il,0,tranco,http://yad2.co.il,yad2.co.il
7264.0,http://www.awsdns-61.net/contact,0,tranco,http://www.awsdns-61.net/contact,awsdns-61.net
5023.0,http://webdav.org/wp-content/uploads/image.jpg,0,tranco,http://webdav.org/wp-content/uploads/image.jpg,webdav.org
1776.0,http://www.rapid7.com/login?page=2,0,tranco,http://www.rapid7.com/login?page=2,rapid7.com
8569.0,http://www.nic.ir/,0,tranco,http://www.nic.ir/,nic.ir
4552.0,http://2kcoretech.online/wp-content/uploads/image.jpg?redirect_url=https%3A%2F%2Fexample.com%2Fdashboard&session_id=abcdef1234567890abcdef1234567890,0,tranco,http://2kcoretech.online/wp-content/uploads/image.jpg?redirect_url=https://example.com/dashboard&session_id=abcdef1234567890abcdef1234567890,2kcoretech.online
5793.0,http://meoodata01.com/index.html,0,tranco,http://meoodata01.com/index.html,meoodata01.com
5250.0,http://brdtnet.com/blog/article-name-here,0,tranco,http://brdtnet.com/blog/article-name-here,brdtnet.com
3953.0,http://cloud.sap/index.html,0,tranco,http://cloud.sap/index.html,cloud.sap
4101.0,http://ctrip.com,0,tranco,http://ctrip.com,ctrip.com
5559.0,http://www.respawn.com/login?token=abcxyz123,0,tranco,http://www.respawn.com/login?token=abcxyz123,respawn.com
,https://www.roblox.com.pt/users/282030707450/profileexploitmalwarenetwork,1,openphish,https://www.roblox.com.pt/users/282030707450/profileexploitmalwarenetwork,roblox.com.pt
7038.0,http://telex.hu/index.html,0,tranco,http://telex.hu/index.html,telex.hu
7484.0,http://snapp.ir,0,tranco,http://snapp.ir,snapp.ir
6770.0,http://www.darty.com/index.html?token=abcxyz123,0,tranco,http://www.darty.com/index.html?token=abcxyz123,darty.com
4394.0,http://people.cn/,0,tranco,http://people.cn/,people.cn
5994.0,http://www.ptsecurity.com/products/view/123?token=abcxyz123,0,tranco,http://www.ptsecurity.com/products/view/123?token=abcxyz123,ptsecurity.com
3561.0,http://google.com.ar/blog/article-name-here,0,tranco,http://google.com.ar/blog/article-name-here,google.com.ar
9276.0,http://electrodepot.fr/,0,tranco,http://electrodepot.fr/,electrodepot.fr
6348.0,http://google.com.ai/products/view/123,0,tranco,http://google.com.ai/products/view/123,google.com.ai
5390.0,http://gla.ac.uk/register,0,tranco,http://gla.ac.uk/register,gla.ac.uk
7330.0,http://www.hornbach.de/register,0,tranco,http://www.hornbach.de/register,hornbach.de
6521.0,http://logmein.com,0,tranco,http://logmein.com,logmein.com
9434.0,http://www.scrabblewordfinder.org/search,0,tranco,http://www.scrabblewordfinder.org/search,scrabblewordfinder.org
8159.0,http://52shuku.net/blog/article-name-here?id=123,0,tranco,http://52shuku.net/blog/article-name-here?id=123,52shuku.net
7069.0,http://3hentai.net/contact,0,tranco,http://3hentai.net/contact,3hentai.net
2812.0,http://resume.com/index.html?lang=en,0,tranco,http://resume.com/index.html?lang=en,resume.com
3051.0,http://gcd-dns.com/login?ref=twitter,0,tranco,http://gcd-dns.com/login?ref=twitter,gcd-dns.com
3581.0,http://www.legislation.gov.uk/contact?id=123,0,tranco,http://www.legislation.gov.uk/contact?id=123,legislation.gov.uk
6395.0,http://cdn-tinkoff.ru,0,tranco,http://cdn-tinkoff.ru,cdn-tinkoff.ru
4406.0,http://tconnect.services,0,tranco,http://tconnect.services,tconnect.services
9446.0,http://www.musicsweb.ir/login?action=verify&token=abcxyz123abcxyz123abcxyz123abcxyz123abcxyz123abcxyz123abcxyz123abcxyz123,0,tranco,http://www.musicsweb.ir/login?action=verify&token=abcxyz123abcxyz123abcxyz123abcxyz123abcxyz123abcxyz123abcxyz123abcxyz123,musicsweb.ir
2431.0,http://weibo.cn/about,0,tranco,http://weibo.cn/about,weibo.cn
8322.0,http://www.ragpets.com/login?redirect_url=https%3A%2F%2Fexample.com%2Fdashboard&session_id=abcdef1234567890abcdef1234567890,0,tranco,http://www.ragpets.com/login?redirect_url=https://example.com/dashboard&session_id=abcdef1234567890abcdef1234567890,ragpets.com
9298.0,http://www.starwars.com/blog/article-name-here?lang=en,0,tranco,http://www.starwars.com/blog/article-name-here?lang=en,starwars.com
1883.0,http://sslip.io/register?redirect_url=https%3A%2F%2Fexample.com%2Fdashboard&session_id=abcdef1234567890abcdef1234567890,0,tranco,http://sslip.io/register?redirect_url=https://example.com/dashboard&session_id=abcdef1234567890abcdef1234567890,sslip.io
2696.0,http://sketchfab.com,0,tranco,http://sketchfab.com,sketchfab.com
8182.0,http://shopifyapps.com/wp-content/uploads/image.jpg,0,tranco,http://shopifyapps.com/wp-content/uploads/image.jpg,shopifyapps.com
618.0,http://anthropic.com/search?ref=twitter,0,tranco,http://anthropic.com/search?ref=twitter,anthropic.com
9786.0,http://arabic-porn-tube.com,0,tranco,http://arabic-porn-tube.com,arabic-porn-tube.com
6496.0,http://www.dns.id/search,0,tranco,http://www.dns.id/search,dns.id
9218.0,http://avidreaders.ru/about?lang=en,0,tranco,http://avidreaders.ru/about?lang=en,avidreaders.ru
4785.0,http://www.popularmechanics.com/index.html,0,tranco,http://www.popularmechanics.com/index.html,popularmechanics.com
8550.0,http://tokyo-sports.co.jp/about,0,tranco,http://tokyo-sports.co.jp/about,tokyo-sports.co.jp
4029.0,http://yandex.by/index.html,0,tranco,http://yandex.by/index.html,yandex.by
2173.0,http://cctv.com/register,0,tranco,http://cctv.com/register,cctv.com
6709.0,http://optonline.net/about,0,tranco,http://optonline.net/about,optonline.net
3226.0,http://rkdms.com/download,0,tranco,http://rkdms.com/download,rkdms.com
6745.0,http://www.sniffies.com/register,0,tranco,http://www.sniffies.com/register,sniffies.com
9654.0,http://solopornoitaliani.xxx/search?page=2,0,tranco,http://solopornoitaliani.xxx/search?page=2,solopornoitaliani.xxx
1428.0,http://property24.com,0,tranco,http://property24.com,property24.com
7153.0,http://awsdns-36.net,0,tranco,http://awsdns-36.net,awsdns-36.net
2911.0,http://libero.it/blog/article-name-here,0,tranco,http://libero.it/blog/article-name-here,libero.it
3130.0,http://www.ruidongcloud.com/register,0,tranco,http://www.ruidongcloud.com/register,ruidongcloud.com
818.0,http://erome.com/blog/article-name-here?id=123,0,tranco,http://erome.com/blog/article-name-here?id=123,erome.com
6272.0,http://haproxy.org/assets/css/style.css?utm_source=newsletter&utm_medium=email,0,tranco,http://haproxy.org/assets/css/style.css?utm_source=newsletter&utm_medium=email,haproxy.org
4028.0,http://iu.edu/contact,0,tranco,http://iu.edu/contact,iu.edu
7504.0,http://freshworksapi.com/login?q=test,0,tranco,http://freshworksapi.com/login?q=test,freshworksapi.com
6352.0,http://tv2.dk,0,tranco,http://tv2.dk,tv2.dk
811.0,http://mixpanel.com,0,tranco,http://mixpanel.com,mixpanel.com
5983.0,http://taboolanews.com,0,tranco,http://taboolanews.com,taboolanews.com
8570.0,http://alfasense.com/api/v1/users,0,tranco,http://alfasense.com/api/v1/users,alfasense.com
9928.0,http://www.assertcom.de/products/view/123?redirect_url=https%3A%2F%2Fexample.com%2Fdashboard&session_id=abcdef1234567890abcdef1234567890,0,tranco,http://www.assertcom.de/products/view/123?redirect_url=https://example.com/dashboard&session_id=abcdef1234567890abcdef1234567890,assertcom.de
678.0,http://www.pinimg.com/api/v1/users,0,tranco,http://www.pinimg.com/api/v1/users,pinimg.com
5808.0,http://www.paris.fr/api/v1/users?lang=en,0,tranco,http://www.paris.fr/api/v1/users?lang=en,paris.fr
7002.0,http://tokyodisneyresort.jp,0,tranco,http://tokyodisneyresort.jp,tokyodisneyresort.jp
9196.0,http://flashscore.es/products/view/123,0,tranco,http://flashscore.es/products/view/123,flashscore.es
8742.0,http://www.tumbex.com/search?lang=en,0,tranco,http://www.tumbex.com/search?lang=en,tumbex.com
1576.0,http://bingoplus.com/about,0,tranco,http://bingoplus.com/about,bingoplus.com
6470.0,http://garanteprivacy.it/search?action=verify&token=abcxyz123abcxyz123abcxyz123abcxyz123abcxyz123abcxyz123abcxyz123abcxyz123,0,tranco,http://garanteprivacy.it/search?action=verify&token=abcxyz123abcxyz123abcxyz123abcxyz123abcxyz123abcxyz123abcxyz123abcxyz123,garanteprivacy.it
3151.0,http://www.eastmoney.com/index.html?q=test,0,tranco,http://www.eastmoney.com/index.html?q=test,eastmoney.com
6174.0,http://treasuredata.com,0,tranco,http://treasuredata.com,treasuredata.com
8563.0,http://astrocade.com/contact,0,tranco,http://astrocade.com/contact,astrocade.com
3768.0,http://www.jumpcloud.com/login,0,tranco,http://www.jumpcloud.com/login,jumpcloud.com
5794.0,http://chegg.com/login,0,tranco,http://chegg.com/login,chegg.com
9496.0,http://smartinmate.com,0,tranco,http://smartinmate.com,smartinmate.com
332.0,http://crashlytics.com/api/v1/users,0,tranco,http://crashlytics.com/api/v1/users,crashlytics.com
2137.0,http://mixcloud.com/register?ref=twitter,0,tranco,http://mixcloud.com/register?ref=twitter,mixcloud.com
5149.0,http://dominos.com/download,0,tranco,http://dominos.com/download,dominos.com
2582.0,http://cve.org/contact?page=2,0,tranco,http://cve.org/contact?page=2,cve.org
6011.0,http://rdcnw.net/register?lang=en,0,tranco,http://rdcnw.net/register?lang=en,rdcnw.net
3057.0,http://www.escortbabylon.net/download,0,tranco,http://www.escortbabylon.net/download,escortbabylon.net
1259.0,http://www.jstor.org/api/v1/users?utm_source=newsletter&utm_medium=email,0,tranco,http://www.jstor.org/api/v1/users?utm_source=newsletter&utm_medium=email,jstor.org
6305.0,http://tecnoera.com/login?lang=en,0,tranco,http://tecnoera.com/login?lang=en,tecnoera.com
1091.0,http://yale.edu,0,tranco,http://yale.edu,yale.edu
3556.0,http://www.awsdns-20.com/about,0,tranco,http://www.awsdns-20.com/about,awsdns-20.com
9144.0,http://proteantech.in,0,tranco,http://proteantech.in,proteantech.in
1510.0,http://fatalmodel.com/products/view/123,0,tranco,http://fatalmodel.com/products/view/123,fatalmodel.com
727.0,http://cursor.sh/download,0,tranco,http://cursor.sh/download,cursor.sh
3770.0,http://www.buzzsprout.com/?ref=twitter,0,tranco,http://www.buzzsprout.com/?ref=twitter,buzzsprout.com
552.0,http://usatoday.com/?lang=en,0,tranco,http://usatoday.com/?lang=en,usatoday.com
6531.0,http://www.kw.com/download?id=123,0,tranco,http://www.kw.com/download?id=123,kw.com
6560.0,http://b92.net,0,tranco,http://b92.net,b92.net
8869.0,http://pornohirsch.net/blog/article-name-here?redirect_url=https%3A%2F%2Fexample.com%2Fdashboard&session_id=abcdef1234567890abcdef1234567890,0,tranco,http://pornohirsch.net/blog/article-name-here?redirect_url=https://example.com/dashboard&session_id=abcdef1234567890abcdef1234567890,pornohirsch.net
4494.0,http://r7ops.com/assets/css/style.css,0,tranco,http://r7ops.com/assets/css/style.css,r7ops.com
4864.0,http://kinoafisha.info/wp-content/uploads/image.jpg,0,tranco,http://kinoafisha.info/wp-content/uploads/image.jpg,kinoafisha.info
6705.0,http://virginmedia.com,0,tranco,http://virginmedia.com,virginmedia.com
5054.0,http://www.casasbahia.com.br/contact,0,tranco,http://www.casasbahia.com.br/contact,casasbahia.com.br
3169.0,http://konami.net/wp-content/uploads/image.jpg,0,tranco,http://konami.net/wp-content/uploads/image.jpg,konami.net
3871.0,http://ttoverseaus.net,0,tranco,http://ttoverseaus.net,ttoverseaus.net
4751.0,http://bangcdn.net/download?token=abcxyz123,0,tranco,http://bangcdn.net/download?token=abcxyz123,bangcdn.net
1000.0,http://ox.ac.uk,0,tranco,http://ox.ac.uk,ox.ac.uk
3017.0,http://www.tenda.com.cn/login,0,tranco,http://www.tenda.com.cn/login,tenda.com.cn
8923.0,http://acquaintjokinglyscoring.com/blog/article-name-here?action=verify&token=abcxyz123abcxyz123abcxyz123abcxyz123abcxyz123abcxyz123abcxyz123abcxyz123,0,tranco,http://acquaintjokinglyscoring.com/blog/article-name-here?action=verify&token=abcxyz123abcxyz123abcxyz123abcxyz123abcxyz123abcxyz123abcxyz123abcxyz123,acquaintjokinglyscoring.com
363.0,http://www.stanford.edu/contact?id=123,0,tranco,http://www.stanford.edu/contact?id=123,stanford.edu
9977.0,http://google.com.fj,0,tranco,http://google.com.fj,google.com.fj
619.0,http://ikea.com,0,tranco,http://ikea.com,ikea.com
5133.0,http://www.counterpane.com/contact?q=test,0,tranco,http://www.counterpane.com/contact?q=test,counterpane.com
1011.0,http://www.kontur.ru/login,0,tranco,http://www.kontur.ru/login,kontur.ru
411.0,http://mynetname.net,0,tranco,http://mynetname.net,mynetname.net
9128.0,http://ctolabperfstats.com/register?page=2,0,tranco,http://ctolabperfstats.com/register?page=2,ctolabperfstats.com
8909.0,http://snapinsta.to/download,0,tranco,http://snapinsta.to/download,snapinsta.to
6546.0,http://verkada-lan.com,0,tranco,http://verkada-lan.com,verkada-lan.com
1251.0,http://www.hln.be/products/view/123?redirect_url=https%3A%2F%2Fexample.com%2Fdashboard&session_id=abcdef1234567890abcdef1234567890,0,tranco,http://www.hln.be/products/view/123?redirect_url=https://example.com/dashboard&session_id=abcdef1234567890abcdef1234567890,hln.be
1756.0,http://playinboss.com/about,0,tranco,http://playinboss.com/about,playinboss.com
1919.0,http://www.office365.us/products/view/123?lang=en,0,tranco,http://www.office365.us/products/view/123?lang=en,office365.us
5180.0,http://www.gmru.net/products/view/123,0,tranco,http://www.gmru.net/products/view/123,gmru.net
9201.0,http://awsdns-03.co.uk/wp-content/uploads/image.jpg?q=test,0,tranco,http://awsdns-03.co.uk/wp-content/uploads/image.jpg?q=test,awsdns-03.co.uk
3997.0,http://guzelhosting.com/login?lang=en,0,tranco,http://guzelhosting.com/login?lang=en,guzelhosting.com
4017.0,http://globalnews.ca,0,tranco,http://globalnews.ca,globalnews.ca
8677.0,http://lottomatica.it,0,tranco,http://lottomatica.it,lottomatica.it
7179.0,http://www.awsdns-13.net/search,0,tranco,http://www.awsdns-13.net/search,awsdns-13.net
9735.0,http://www.tatasteel.co.in/download,0,tranco,http://www.tatasteel.co.in/download,tatasteel.co.in
4728.0,http://tclking.com/index.html,0,tranco,http://tclking.com/index.html,tclking.com
,https://face.boook.com.vn/tham-gia-minigame-back-to-school?a,1,openphish,https://face.boook.com.vn/tham-gia-minigame-back-to-school?a,boook.com.vn
3473.0,http://tvinteractive.tv/search?q=test,0,tranco,http://tvinteractive.tv/search?q=test,tvinteractive.tv
4033.0,http://samokat.ru,0,tranco,http://samokat.ru,samokat.ru
8258.0,http://www.7-11.com.tw/api/v1/users?utm_source=newsletter&utm_medium=email,0,tranco,http://www.7-11.com.tw/api/v1/users?utm_source=newsletter&utm_medium=email,7-11.com.tw
7168.0,http://poringa.net,0,tranco,http://poringa.net,poringa.net
7901.0,http://airbus.com/about,0,tranco,http://airbus.com/about,airbus.com
8302.0,http://allegro.hu/login?ref=twitter,0,tranco,http://allegro.hu/login?ref=twitter,allegro.hu
6203.0,http://www.devline.tv/about?page=2,0,tranco,http://www.devline.tv/about?page=2,devline.tv
6931.0,http://www.ome.tv/download,0,tranco,http://www.ome.tv/download,ome.tv
1784.0,http://ico.org.uk/api/v1/users?ref=twitter,0,tranco,http://ico.org.uk/api/v1/users?ref=twitter,ico.org.uk
6640.0,http://aws-thinq-prd.net,0,tranco,http://aws-thinq-prd.net,aws-thinq-prd.net
994.0,http://www.xhcdn.com/api/v1/users?lang=en,0,tranco,http://www.xhcdn.com/api/v1/users?lang=en,xhcdn.com
8805.0,http://www.milli.gold/assets/css/style.css,0,tranco,http://www.milli.gold/assets/css/style.css,milli.gold
151.0,http://godaddy.com,0,tranco,http://godaddy.com,godaddy.com
8607.0,http://google.tn/?ref=twitter,0,tranco,http://google.tn/?ref=twitter,google.tn
9422.0,http://dns-redirect.com/index.html,0,tranco,http://dns-redirect.com/index.html,dns-redirect.com
9700.0,http://awsdns-42.co.uk/contact?action=verify&token=abcxyz123abcxyz123abcxyz123abcxyz123abcxyz123abcxyz123abcxyz123abcxyz123,0,tranco,http://awsdns-42.co.uk/contact?action=verify&token=abcxyz123abcxyz123abcxyz123abcxyz123abcxyz123abcxyz123abcxyz123abcxyz123,awsdns-42.co.uk
9531.0,http://search-porn-videos.com/register,0,tranco,http://search-porn-videos.com/register,search-porn-videos.com
5711.0,http://www.nimo.tv/products/view/123,0,tranco,http://www.nimo.tv/products/view/123,nimo.tv
2944.0,http://nokia.com/register,0,tranco,http://nokia.com/register,nokia.com
4943.0,http://samsunghrm.com/about?lang=en,0,tranco,http://samsunghrm.com/about?lang=en,samsunghrm.com
2446.0,http://hubspot.net/about?q=test,0,tranco,http://hubspot.net/about?q=test,hubspot.net
1966.0,http://vtb.ru,0,tranco,http://vtb.ru,vtb.ru
2988.0,http://crealitycloud.com/search?lang=en,0,tranco,http://crealitycloud.com/search?lang=en,crealitycloud.com
9482.0,http://jc-gs.com,0,tranco,http://jc-gs.com,jc-gs.com
1529.0,http://absher.sa,0,tranco,http://absher.sa,absher.sa
823.0,http://nbcnews.com,0,tranco,http://nbcnews.com,nbcnews.com
7332.0,http://iqzonertb.live,0,tranco,http://iqzonertb.live,iqzonertb.live
4793.0,http://wsukwai.com/login?token=abcxyz123,0,tranco,http://wsukwai.com/login?token=abcxyz123,wsukwai.com
953.0,http://note.com,0,tranco,http://note.com,note.com
5204.0,http://www.stripecdn.com/?lang=en,0,tranco,http://www.stripecdn.com/?lang=en,stripecdn.com
9008.0,http://missyusa.com/wp-content/uploads/image.jpg?redirect_url=https%3A%2F%2Fexample.com%2Fdashboard&session_id=abcdef1234567890abcdef1234567890,0,tranco,http://missyusa.com/wp-content/uploads/image.jpg?redirect_url=https://example.com/dashboard&session_id=abcdef1234567890abcdef1234567890,missyusa.com
3372.0,http://mcdonalds.com/download?id=123,0,tranco,http://mcdonalds.com/download?id=123,mcdonalds.com
578.0,http://qlivecdn.com,0,tranco,http://qlivecdn.com,qlivecdn.com
8891.0,http://www.gammaplatform.com/blog/article-name-here?id=123,0,tranco,http://www.gammaplatform.com/blog/article-name-here?id=123,gammaplatform.com
1767.0,http://afilias-nst.org/download?utm_source=newsletter&utm_medium=email,0,tranco,http://afilias-nst.org/download?utm_source=newsletter&utm_medium=email,afilias-nst.org
6732.0,http://www.thenationalnews.com/login,0,tranco,http://www.thenationalnews.com/login,thenationalnews.com
8945.0,http://www.redporn.porn/search?redirect_url=https%3A%2F%2Fexample.com%2Fdashboard&session_id=abcdef1234567890abcdef1234567890,0,tranco,http://www.redporn.porn/search?redirect_url=https://example.com/dashboard&session_id=abcdef1234567890abcdef1234567890,redporn.porn
2310.0,http://www.mofa.gov.sa/blog/article-name-here,0,tranco,http://www.mofa.gov.sa/blog/article-name-here,mofa.gov.sa
3356.0,http://voximplant.com/?lang=en,0,tranco,http://voximplant.com/?lang=en,voximplant.com
328.0,http://un.org/search?token=abcxyz123,0,tranco,http://un.org/search?token=abcxyz123,un.org
9487.0,http://riyasewana.com,0,tranco,http://riyasewana.com,riyasewana.com
9745.0,http://bplay.bet.ar/register?q=test,0,tranco,http://bplay.bet.ar/register?q=test,bplay.bet.ar
6828.0,http://toptal.com/search?action=verify&token=abcxyz123abcxyz123abcxyz123abcxyz123abcxyz123abcxyz123abcxyz123abcxyz123,0,tranco,http://toptal.com/search?action=verify&token=abcxyz123abcxyz123abcxyz123abcxyz123abcxyz123abcxyz123abcxyz123abcxyz123,toptal.com
5614.0,http://www.apkmirror.com/index.html?redirect_url=https%3A%2F%2Fexample.com%2Fdashboard&session_id=abcdef1234567890abcdef1234567890,0,tranco,http://www.apkmirror.com/index.html?redirect_url=https://example.com/dashboard&session_id=abcdef1234567890abcdef1234567890,apkmirror.com
7553.0,http://www.ridewithvia.com/register,0,tranco,http://www.ridewithvia.com/register,ridewithvia.com
8963.0,http://www.nha.gov.in/assets/css/style.css,0,tranco,http://www.nha.gov.in/assets/css/style.css,nha.gov.in
2848.0,http://queniucf.com/,0,tranco,http://queniucf.com/,queniucf.com
5564.0,http://www.royalmail.com/assets/css/style.css,0,tranco,http://www.royalmail.com/assets/css/style.css,royalmail.com
174.0,http://www.googleadservices.com/,0,tranco,http://www.googleadservices.com/,googleadservices.com
9380.0,http://ib-game.jp,0,tranco,http://ib-game.jp,ib-game.jp
7057.0,http://hingeprod.net,0,tranco,http://hingeprod.net,hingeprod.net
6250.0,http://nrich.ai/?id=123,0,tranco,http://nrich.ai/?id=123,nrich.ai
9580.0,http://vlxx.moi/login,0,tranco,http://vlxx.moi/login,vlxx.moi
6446.0,http://mumsnet.com,0,tranco,http://mumsnet.com,mumsnet.com
7395.0,http://madeiramadeira.com.br/about,0,tranco,http://madeiramadeira.com.br/about,madeiramadeira.com.br
9906.0,http://www.arabnews.com/,0,tranco,http://www.arabnews.com/,arabnews.com
6651.0,http://www.pair.com/wp-content/uploads/image.jpg,0,tranco,http://www.pair.com/wp-content/uploads/image.jpg,pair.com
4337.0,http://www.sanity.io/register?token=abcxyz123,0,tranco,http://www.sanity.io/register?token=abcxyz123,sanity.io
3076.0,http://domain.com/assets/css/style.css?ref=twitter,0,tranco,http://domain.com/assets/css/style.css?ref=twitter,domain.com
6714.0,http://www.expo.dev/about?token=abcxyz123,0,tranco,http://www.expo.dev/about?token=abcxyz123,expo.dev
4696.0,http://hosteurope.de,0,tranco,http://hosteurope.de,hosteurope.de
1843.0,http://166.com,0,tranco,http://166.com,166.com
4245.0,http://www.eset.systems/about,0,tranco,http://www.eset.systems/about,eset.systems
725.0,http://www.amazon.es/wp-content/uploads/image.jpg,0,tranco,http://www.amazon.es/wp-content/uploads/image.jpg,amazon.es
1847.0,http://www.arstechnica.com/blog/article-name-here,0,tranco,http://www.arstechnica.com/blog/article-name-here,arstechnica.com
3052.0,http://www.starmakerstudios.com/contact,0,tranco,http://www.starmakerstudios.com/contact,starmakerstudios.com
5414.0,http://idnscloud.com/login?utm_source=newsletter&utm_medium=email,0,tranco,http://idnscloud.com/login?utm_source=newsletter&utm_medium=email,idnscloud.com
5422.0,http://www.hola.org/search?utm_source=newsletter&utm_medium=email,0,tranco,http://www.hola.org/search?utm_source=newsletter&utm_medium=email,hola.org
7181.0,http://vervegroup.cloud/register,0,tranco,http://vervegroup.cloud/register,vervegroup.cloud
2505.0,http://www.hinet.net/register,0,tranco,http://www.hinet.net/register,hinet.net
7997.0,http://www.tu-berlin.de/contact?ref=twitter,0,tranco,http://www.tu-berlin.de/contact?ref=twitter,tu-berlin.de
9897.0,http://www.kaldagan.com/products/view/123,0,tranco,http://www.kaldagan.com/products/view/123,kaldagan.com
2624.0,http://www.livedoor.com/blog/article-name-here?page=2,0,tranco,http://www.livedoor.com/blog/article-name-here?page=2,livedoor.com
1496.0,http://www.inleed.net/blog/article-name-here,0,tranco,http://www.inleed.net/blog/article-name-here,inleed.net
8874.0,http://uni-freiburg.de,0,tranco,http://uni-freiburg.de,uni-freiburg.de
6499.0,http://sanook.com,0,tranco,http://sanook.com,sanook.com
5360.0,http://spotify.dev,0,tranco,http://spotify.dev,spotify.dev
314.0,http://mtgglobals.com,0,tranco,http://mtgglobals.com,mtgglobals.com
2395.0,http://moviespage.xyz/login,0,tranco,http://moviespage.xyz/login,moviespage.xyz
8434.0,http://mangaread.org/assets/css/style.css,0,tranco,http://mangaread.org/assets/css/style.css,mangaread.org
6906.0,http://www.awsdns-02.net/api/v1/users,0,tranco,http://www.awsdns-02.net/api/v1/users,awsdns-02.net
4801.0,http://adtng.com/index.html?token=abcxyz123,0,tranco,http://adtng.com/index.html?token=abcxyz123,adtng.com
8086.0,http://google.is,0,tranco,http://google.is,google.is
7361.0,http://globaltimes.cn,0,tranco,http://globaltimes.cn,globaltimes.cn
5372.0,http://www.ussp.io/products/view/123?token=abcxyz123,0,tranco,http://www.ussp.io/products/view/123?token=abcxyz123,ussp.io
8613.0,http://hackerone.com/download?action=verify&token=abcxyz123abcxyz123abcxyz123abcxyz123abcxyz123abcxyz123abcxyz123abcxyz123,0,tranco,http://hackerone.com/download?action=verify&token=abcxyz123abcxyz123abcxyz123abcxyz123abcxyz123abcxyz123abcxyz123abcxyz123,hackerone.com
800.0,http://www.welt.de/,0,tranco,http://www.welt.de/,welt.de
8029.0,http://mangakatana.com/assets/css/style.css,0,tranco,http://mangakatana.com/assets/css/style.css,mangakatana.com
556.0,http://www.alrosa.ru/about?action=verify&token=abcxyz123abcxyz123abcxyz123abcxyz123abcxyz123abcxyz123abcxyz123abcxyz123,0,tranco,http://www.alrosa.ru/about?action=verify&token=abcxyz123abcxyz123abcxyz123abcxyz123abcxyz123abcxyz123abcxyz123abcxyz123,alrosa.ru
4720.0,http://www.queniuum.com/,0,tranco,http://www.queniuum.com/,queniuum.com
5973.0,http://www.9gag.com/about?ref=twitter,0,tranco,http://www.9gag.com/about?ref=twitter,9gag.com
2470.0,http://www.zend.com/contact,0,tranco,http://www.zend.com/contact,zend.com
2133.0,http://blog.google/,0,tranco,http://blog.google/,blog.google
7927.0,http://losandes.com.ar/?redirect_url=https%3A%2F%2Fexample.com%2Fdashboard&session_id=abcdef1234567890abcdef1234567890,0,tranco,http://losandes.com.ar/?redirect_url=https://example.com/dashboard&session_id=abcdef1234567890abcdef1234567890,losandes.com.ar
8659.0,http://romeo.com/login,0,tranco,http://romeo.com/login,romeo.com
5335.0,http://www.tailwindcss.com/contact?q=test,0,tranco,http://www.tailwindcss.com/contact?q=test,tailwindcss.com
6095.0,http://www.formstack.com/blog/article-name-here,0,tranco,http://www.formstack.com/blog/article-name-here,formstack.com
8394.0,http://xanimu.com/index.html?lang=en,0,tranco,http://xanimu.com/index.html?lang=en,xanimu.com
3065.0,http://www.intercomcdn.com/index.html,0,tranco,http://www.intercomcdn.com/index.html,intercomcdn.com
5294.0,http://thestar.com.my/api/v1/users?action=verify&token=abcxyz123abcxyz123abcxyz123abcxyz123abcxyz123abcxyz123abcxyz123abcxyz123,0,tranco,http://thestar.com.my/api/v1/users?action=verify&token=abcxyz123abcxyz123abcxyz123abcxyz123abcxyz123abcxyz123abcxyz123abcxyz123,thestar.com.my
5656.0,http://aip.org,0,tranco,http://aip.org,aip.org
7429.0,http://pokemondb.net/login,0,tranco,http://pokemondb.net/login,pokemondb.net
6617.0,http://www.hs-sites.com/register?utm_source=newsletter&utm_medium=email,0,tranco,http://www.hs-sites.com/register?utm_source=newsletter&utm_medium=email,hs-sites.com
5012.0,http://honeygain.com,0,tranco,http://honeygain.com,honeygain.com
8306.0,http://www.aryion.com/register?token=abcxyz123,0,tranco,http://www.aryion.com/register?token=abcxyz123,aryion.com
7700.0,http://telegram.im/index.html,0,tranco,http://telegram.im/index.html,telegram.im
5083.0,http://www.tiktokw.eu/register,0,tranco,http://www.tiktokw.eu/register,tiktokw.eu
3457.0,http://www.telstra.com/download,0,tranco,http://www.telstra.com/download,telstra.com
5385.0,http://b2clogin.com/register,0,tranco,http://b2clogin.com/register,b2clogin.com
6171.0,http://unixtools.org/,0,tranco,http://unixtools.org/,unixtools.org
1271.0,http://www.xhchannel.com/login?id=123,0,tranco,http://www.xhchannel.com/login?id=123,xhchannel.com
4419.0,http://ahcdn.com,0,tranco,http://ahcdn.com,ahcdn.com
4199.0,http://www.mainichi.jp/assets/css/style.css?redirect_url=https%3A%2F%2Fexample.com%2Fdashboard&session_id=abcdef1234567890abcdef1234567890,0,tranco,http://www.mainichi.jp/assets/css/style.css?redirect_url=https://example.com/dashboard&session_id=abcdef1234567890abcdef1234567890,mainichi.jp
6600.0,http://www.gbnews.com/about,0,tranco,http://www.gbnews.com/about,gbnews.com
9157.0,http://www.toptoon.com/download?ref=twitter,0,tranco,http://www.toptoon.com/download?ref=twitter,toptoon.com
9958.0,http://www.sixt.com/products/view/123?q=test,0,tranco,http://www.sixt.com/products/view/123?q=test,sixt.com
3075.0,http://www.calameo.com/products/view/123,0,tranco,http://www.calameo.com/products/view/123,calameo.com
9269.0,http://lettuceclub.net/register?lang=en,0,tranco,http://lettuceclub.net/register?lang=en,lettuceclub.net
5811.0,http://www.blogspot.com.es/,0,tranco,http://www.blogspot.com.es/,blogspot.com.es
6221.0,http://www.ibosscloud.com/register,0,tranco,http://www.ibosscloud.com/register,ibosscloud.com
6061.0,http://buienradar.nl/assets/css/style.css,0,tranco,http://buienradar.nl/assets/css/style.css,buienradar.nl
8861.0,http://google.kg/assets/css/style.css?page=2,0,tranco,http://google.kg/assets/css/style.css?page=2,google.kg
8489.0,http://blancheporte.fr/index.html?action=verify&token=abcxyz123abcxyz123abcxyz123abcxyz123abcxyz123abcxyz123abcxyz123abcxyz123,0,tranco,http://blancheporte.fr/index.html?action=verify&token=abcxyz123abcxyz123abcxyz123abcxyz123abcxyz123abcxyz123abcxyz123abcxyz123,blancheporte.fr
9926.0,http://ecitizen.go.ke,0,tranco,http://ecitizen.go.ke,ecitizen.go.ke
2495.0,http://lfstrm.tv/api/v1/users,0,tranco,http://lfstrm.tv/api/v1/users,lfstrm.tv
737.0,http://www.wpguardian.com/search?q=test,0,tranco,http://www.wpguardian.com/search?q=test,wpguardian.com
5706.0,http://warwick.ac.uk,0,tranco,http://warwick.ac.uk,warwick.ac.uk
9281.0,http://wishlink.com/register,0,tranco,http://wishlink.com/register,wishlink.com
9688.0,http://www.boomplay.com/search,0,tranco,http://www.boomplay.com/search,boomplay.com
2439.0,http://www.ubc.ca/api/v1/users,0,tranco,http://www.ubc.ca/api/v1/users,ubc.ca
310.0,http://www.ok.ru/download?action=verify&token=abcxyz123abcxyz123abcxyz123abcxyz123abcxyz123abcxyz123abcxyz123abcxyz123,0,tranco,http://www.ok.ru/download?action=verify&token=abcxyz123abcxyz123abcxyz123abcxyz123abcxyz123abcxyz123abcxyz123abcxyz123,ok.ru
9185.0,http://udyamregistration.gov.in/contact?q=test,0,tranco,http://udyamregistration.gov.in/contact?q=test,udyamregistration.gov.in
3701.0,http://symcd.com/contact?action=verify&token=abcxyz123abcxyz123abcxyz123abcxyz123abcxyz123abcxyz123abcxyz123abcxyz123,0,tranco,http://symcd.com/contact?action=verify&token=abcxyz123abcxyz123abcxyz123abcxyz123abcxyz123abcxyz123abcxyz123abcxyz123,symcd.com
188.0,http://cdn-apple.com,0,tranco,http://cdn-apple.com,cdn-apple.com
9112.0,http://www.papercut.com/search?page=2,0,tranco,http://www.papercut.com/search?page=2,papercut.com
3891.0,http://www.is.gd/wp-content/uploads/image.jpg,0,tranco,http://www.is.gd/wp-content/uploads/image.jpg,is.gd
9772.0,http://jwplatform.com/register?lang=en,0,tranco,http://jwplatform.com/register?lang=en,jwplatform.com
2488.0,http://spaceweb.ru/,0,tranco,http://spaceweb.ru/,spaceweb.ru
6967.0,http://hna.de,0,tranco,http://hna.de,hna.de
5788.0,http://ibtimes.com/download,0,tranco,http://ibtimes.com/download,ibtimes.com
9848.0,http://romanticgolpo.com/login,0,tranco,http://romanticgolpo.com/login,romanticgolpo.com
3413.0,http://www.wxlivecdn.com/about,0,tranco,http://www.wxlivecdn.com/about,wxlivecdn.com
8382.0,http://www.tudn.com/assets/css/style.css,0,tranco,http://www.tudn.com/assets/css/style.css,tudn.com
4915.0,http://iranlms.ir/about,0,tranco,http://iranlms.ir/about,iranlms.ir
9208.0,http://gekso.org/?ref=twitter,0,tranco,http://gekso.org/?ref=twitter,gekso.org
774.0,http://safebrowsing.apple,0,tranco,http://safebrowsing.apple,safebrowsing.apple
3104.0,http://www.joinindianarmy.nic.in/products/view/123,0,tranco,http://www.joinindianarmy.nic.in/products/view/123,joinindianarmy.nic.in
8234.0,http://perchance.org/blog/article-name-here?utm_source=newsletter&utm_medium=email,0,tranco,http://perchance.org/blog/article-name-here?utm_source=newsletter&utm_medium=email,perchance.org
9022.0,http://hihi2.com/products/view/123?lang=en,0,tranco,http://hihi2.com/products/view/123?lang=en,hihi2.com
5379.0,http://revolut.com/download,0,tranco,http://revolut.com/download,revolut.com
1254.0,http://www.psu.edu/wp-content/uploads/image.jpg?lang=en,0,tranco,http://www.psu.edu/wp-content/uploads/image.jpg?lang=en,psu.edu
5028.0,http://shopee.com,0,tranco,http://shopee.com,shopee.com
3990.0,http://complianz.io,0,tranco,http://complianz.io,complianz.io
4012.0,http://soufun.com,0,tranco,http://soufun.com,soufun.com
8351.0,http://xasiat.com/download?page=2,0,tranco,http://xasiat.com/download?page=2,xasiat.com
9393.0,http://pgportal.gov.in/assets/css/style.css,0,tranco,http://pgportal.gov.in/assets/css/style.css,pgportal.gov.in
7344.0,http://www.comfy.ua/about,0,tranco,http://www.comfy.ua/about,comfy.ua
4876.0,http://www.fu-berlin.de/wp-content/uploads/image.jpg,0,tranco,http://www.fu-berlin.de/wp-content/uploads/image.jpg,fu-berlin.de
3651.0,http://www.filmyfly.soy/contact?q=test,0,tranco,http://www.filmyfly.soy/contact?q=test,filmyfly.soy
1334.0,http://auth0.com/,0,tranco,http://auth0.com/,auth0.com
5235.0,http://www.ggpolarbear.com/products/view/123?token=abcxyz123,0,tranco,http://www.ggpolarbear.com/products/view/123?token=abcxyz123,ggpolarbear.com
3092.0,http://www.xn--42cf7cgd7gxbd4m7c.cc/search?redirect_url=https%3A%2F%2Fexample.com%2Fdashboard&session_id=abcdef1234567890abcdef1234567890,0,tranco,http://www.xn--42cf7cgd7gxbd4m7c.cc/search?redirect_url=https://example.com/dashboard&session_id=abcdef1234567890abcdef1234567890,xn--42cf7cgd7gxbd4m7c.cc
1442.0,http://www.buzzfeed.com/login?utm_source=newsletter&utm_medium=email,0,tranco,http://www.buzzfeed.com/login?utm_source=newsletter&utm_medium=email,buzzfeed.com
4492.0,http://greenhouse.io,0,tranco,http://greenhouse.io,greenhouse.io
3799.0,http://awsdns-51.com/download?utm_source=newsletter&utm_medium=email,0,tranco,http://awsdns-51.com/download?utm_source=newsletter&utm_medium=email,awsdns-51.com
9704.0,http://www.tecnomat.it/download,0,tranco,http://www.tecnomat.it/download,tecnomat.it
8365.0,http://www.gob.mx/login,0,tranco,http://www.gob.mx/login,www.gob.mx
5252.0,http://pavietnam.net/products/view/123,0,tranco,http://pavietnam.net/products/view/123,pavietnam.net
1928.0,http://www.iubenda.com/login?utm_source=newsletter&utm_medium=email,0,tranco,http://www.iubenda.com/login?utm_source=newsletter&utm_medium=email,iubenda.com
2658.0,http://listdl.com,0,tranco,http://listdl.com,listdl.com
1018.0,http://pccc.com,0,tranco,http://pccc.com,pccc.com
4135.0,http://nazwa.pl/contact?page=2,0,tranco,http://nazwa.pl/contact?page=2,nazwa.pl
9818.0,http://lameteoagricole.net/assets/css/style.css,0,tranco,http://lameteoagricole.net/assets/css/style.css,lameteoagricole.net
7956.0,http://gn-dns.com/assets/css/style.css,0,tranco,http://gn-dns.com/assets/css/style.css,gn-dns.com
2235.0,http://www.ycombinator.com/search?q=test,0,tranco,http://www.ycombinator.com/search?q=test,ycombinator.com
1873.0,http://indexww.com/download,0,tranco,http://indexww.com/download,indexww.com
6599.0,http://www.artnet.com/download?q=test,0,tranco,http://www.artnet.com/download?q=test,artnet.com
1455.0,http://superporn.com/products/view/123,0,tranco,http://superporn.com/products/view/123,superporn.com
7001.0,http://discovermagazine.com,0,tranco,http://discovermagazine.com,discovermagazine.com
3329.0,http://www.foxsports.com/about?utm_source=newsletter&utm_medium=email,0,tranco,http://www.foxsports.com/about?utm_source=newsletter&utm_medium=email,foxsports.com
3963.0,http://nos.nl/about?page=2,0,tranco,http://nos.nl/about?page=2,nos.nl
5829.0,http://prosv.ru/register,0,tranco,http://prosv.ru/register,prosv.ru
6820.0,http://money.pl,0,tranco,http://money.pl,money.pl
7782.0,http://mahaonline.gov.in/about,0,tranco,http://mahaonline.gov.in/about,mahaonline.gov.in
6267.0,http://www.xi-rutor.top/download?ref=twitter,0,tranco,http://www.xi-rutor.top/download?ref=twitter,xi-rutor.top
7305.0,http://www.volc-dns.net/,0,tranco,http://www.volc-dns.net/,volc-dns.net
8865.0,http://diabetes.org/about?utm_source=newsletter&utm_medium=email,0,tranco,http://diabetes.org/about?utm_source=newsletter&utm_medium=email,diabetes.org
5954.0,http://www.tvn24.pl/api/v1/users?utm_source=newsletter&utm_medium=email,0,tranco,http://www.tvn24.pl/api/v1/users?utm_source=newsletter&utm_medium=email,tvn24.pl
2577.0,http://aibotplatform.com,0,tranco,http://aibotplatform.com,aibotplatform.com
56.0,http://whatsapp.com,0,tranco,http://whatsapp.com,whatsapp.com
3441.0,http://gvt1-cn.com/search,0,tranco,http://gvt1-cn.com/search,gvt1-cn.com
4483.0,http://ana.co.jp/wp-content/uploads/image.jpg,0,tranco,http://ana.co.jp/wp-content/uploads/image.jpg,ana.co.jp
770.0,http://www.ddnss.de/download,0,tranco,http://www.ddnss.de/download,ddnss.de
7077.0,http://stradivarius.com/wp-content/uploads/image.jpg?id=123,0,tranco,http://stradivarius.com/wp-content/uploads/image.jpg?id=123,stradivarius.com
4576.0,http://neilpatel.com/index.html?lang=en,0,tranco,http://neilpatel.com/index.html?lang=en,neilpatel.com
2522.0,http://xhtotal.com,0,tranco,http://xhtotal.com,xhtotal.com
9270.0,http://www.awsdns-50.co.uk/api/v1/users,0,tranco,http://www.awsdns-50.co.uk/api/v1/users,awsdns-50.co.uk
2923.0,http://ventraip.net.au/,0,tranco,http://ventraip.net.au/,ventraip.net.au
9918.0,http://hentaivietsub.com,0,tranco,http://hentaivietsub.com,hentaivietsub.com
1872.0,http://oreilly.com/assets/css/style.css,0,tranco,http://oreilly.com/assets/css/style.css,oreilly.com
1154.0,http://company-target.com/download,0,tranco,http://company-target.com/download,company-target.com
4032.0,http://humeysha.com/?token=abcxyz123,0,tranco,http://humeysha.com/?token=abcxyz123,humeysha.com
2635.0,http://5movierulz.legal/wp-content/uploads/image.jpg?id=123,0,tranco,http://5movierulz.legal/wp-content/uploads/image.jpg?id=123,5movierulz.legal
2807.0,http://www.incognia.com/about,0,tranco,http://www.incognia.com/about,incognia.com
2365.0,http://www.netscape.com/assets/css/style.css,0,tranco,http://www.netscape.com/assets/css/style.css,netscape.com
532.0,http://duckduckgo.com,0,tranco,http://duckduckgo.com,duckduckgo.com
7996.0,http://www.gaymaletube.com/search?q=test,0,tranco,http://www.gaymaletube.com/search?q=test,gaymaletube.com
9303.0,http://my.gov.ir,0,tranco,http://my.gov.ir,my.gov.ir
3761.0,http://smallpdf.com,0,tranco,http://smallpdf.com,smallpdf.com
,http://multiple-level-203606.framer.app/,1,openphish,http://multiple-level-203606.framer.app/,framer.app
9645.0,http://www.ixdzs.tw/blog/article-name-here?id=123,0,tranco,http://www.ixdzs.tw/blog/article-name-here?id=123,ixdzs.tw
8541.0,http://91porna.com/assets/css/style.css?q=test,0,tranco,http://91porna.com/assets/css/style.css?q=test,91porna.com
9992.0,http://www.gujgov.edu.in/assets/css/style.css,0,tranco,http://www.gujgov.edu.in/assets/css/style.css,gujgov.edu.in
6303.0,http://www.tim.it/assets/css/style.css?page=2,0,tranco,http://www.tim.it/assets/css/style.css?page=2,tim.it
8876.0,http://www.startech.com.bd/login,0,tranco,http://www.startech.com.bd/login,startech.com.bd
751.0,http://www.magnit.ru/wp-content/uploads/image.jpg?token=abcxyz123,0,tranco,http://www.magnit.ru/wp-content/uploads/image.jpg?token=abcxyz123,magnit.ru
9761.0,http://pddpic.com/register,0,tranco,http://pddpic.com/register,pddpic.com
253.0,http://www.oxylabs.io/wp-content/uploads/image.jpg,0,tranco,http://www.oxylabs.io/wp-content/uploads/image.jpg,oxylabs.io
143.0,http://iiko.it/products/view/123,0,tranco,http://iiko.it/products/view/123,iiko.it
5776.0,http://www.runnr.in/search,0,tranco,http://www.runnr.in/search,runnr.in
938.0,http://www.character.ai/login,0,tranco,http://www.character.ai/login,character.ai
8300.0,http://www.ripley.com.pe/,0,tranco,http://www.ripley.com.pe/,ripley.com.pe
6908.0,http://rust-lang.org/about,0,tranco,http://rust-lang.org/about,rust-lang.org
7396.0,http://outsideonline.com,0,tranco,http://outsideonline.com,outsideonline.com
4500.0,http://www.eldiario.es/api/v1/users,0,tranco,http://www.eldiario.es/api/v1/users,eldiario.es
7372.0,http://15min.lt/register?token=abcxyz123,0,tranco,http://15min.lt/register?token=abcxyz123,15min.lt
2828.0,http://www.tdnsv6.com/download?utm_source=newsletter&utm_medium=email,0,tranco,http://www.tdnsv6.com/download?utm_source=newsletter&utm_medium=email,tdnsv6.com
3525.0,http://abebooks.com/contact?action=verify&token=abcxyz123abcxyz123abcxyz123abcxyz123abcxyz123abcxyz123abcxyz123abcxyz123,0,tranco,http://abebooks.com/contact?action=verify&token=abcxyz123abcxyz123abcxyz123abcxyz123abcxyz123abcxyz123abcxyz123abcxyz123,abebooks.com
7035.0,http://dlink.com/contact?ref=twitter,0,tranco,http://dlink.com/contact?ref=twitter,dlink.com
6975.0,http://orange.pl/api/v1/users,0,tranco,http://orange.pl/api/v1/users,orange.pl
3514.0,http://ipcc.ch/products/view/123,0,tranco,http://ipcc.ch/products/view/123,ipcc.ch
442.0,http://www.g.page/download,0,tranco,http://www.g.page/download,g.page
5307.0,http://inf0.net/login,0,tranco,http://inf0.net/login,inf0.net
1024.0,http://garmin.com/products/view/123?token=abcxyz123,0,tranco,http://garmin.com/products/view/123?token=abcxyz123,garmin.com
8379.0,http://www.otieu.com/search?id=123,0,tranco,http://www.otieu.com/search?id=123,otieu.com
4745.0,http://www.drugs.com/wp-content/uploads/image.jpg?q=test,0,tranco,http://www.drugs.com/wp-content/uploads/image.jpg?q=test,drugs.com
5117.0,http://jivosite.com,0,tranco,http://jivosite.com,jivosite.com
783.0,http://www.rt.ru/download?lang=en,0,tranco,http://www.rt.ru/download?lang=en,rt.ru
9442.0,http://www.pscube.jp/assets/css/style.css,0,tranco,http://www.pscube.jp/assets/css/style.css,pscube.jp
7794.0,http://www.pragmaticplaylive.net/register?utm_source=newsletter&utm_medium=email,0,tranco,http://www.pragmaticplaylive.net/register?utm_source=newsletter&utm_medium=email,pragmaticplaylive.net
9410.0,http://g2nft.com/register?utm_source=newsletter&utm_medium=email,0,tranco,http://g2nft.com/register?utm_source=newsletter&utm_medium=email,g2nft.com
6804.0,http://www.sportschau.de/register,0,tranco,http://www.sportschau.de/register,sportschau.de
6590.0,http://www.google.mv/search,0,tranco,http://www.google.mv/search,google.mv
5773.0,http://www.maryland.gov/api/v1/users?id=123,0,tranco,http://www.maryland.gov/api/v1/users?id=123,maryland.gov
7740.0,http://www.ridibooks.com/search?q=test,0,tranco,http://www.ridibooks.com/search?q=test,ridibooks.com
9492.0,http://freevideo.cz,0,tranco,http://freevideo.cz,freevideo.cz
1881.0,http://www.meitu.com/search,0,tranco,http://www.meitu.com/search,meitu.com
4898.0,http://ke.com,0,tranco,http://ke.com,ke.com
2282.0,http://like.video,0,tranco,http://like.video,like.video
7714.0,http://anzu-us.com,0,tranco,http://anzu-us.com,anzu-us.com
8602.0,http://www.clickmeeting.com/wp-content/uploads/image.jpg,0,tranco,http://www.clickmeeting.com/wp-content/uploads/image.jpg,clickmeeting.com
6677.0,http://www.citigroup.com/wp-content/uploads/image.jpg?page=2,0,tranco,http://www.citigroup.com/wp-content/uploads/image.jpg?page=2,citigroup.com
1655.0,http://www.yallakora.com/index.html,0,tranco,http://www.yallakora.com/index.html,yallakora.com
8857.0,http://allen.in,0,tranco,http://allen.in,allen.in
7056.0,http://freeprivacypolicy.com,0,tranco,http://freeprivacypolicy.com,freeprivacypolicy.com
7883.0,http://ottadvisors.com,0,tranco,http://ottadvisors.com,ottadvisors.com
7409.0,http://ottgoods.ru/register?id=123,0,tranco,http://ottgoods.ru/register?id=123,ottgoods.ru
1170.0,http://namu.wiki,0,tranco,http://namu.wiki,namu.wiki
2397.0,http://www.sapphireonline.pk/assets/css/style.css?action=verify&token=abcxyz123abcxyz123abcxyz123abcxyz123abcxyz123abcxyz123abcxyz123abcxyz123,0,tranco,http://www.sapphireonline.pk/assets/css/style.css?action=verify&token=abcxyz123abcxyz123abcxyz123abcxyz123abcxyz123abcxyz123abcxyz123abcxyz123,sapphireonline.pk
5203.0,http://detailroi.com,0,tranco,http://detailroi.com,detailroi.com
3455.0,http://qpic.cn/login?action=verify&token=abcxyz123abcxyz123abcxyz123abcxyz123abcxyz123abcxyz123abcxyz123abcxyz123,0,tranco,http://qpic.cn/login?action=verify&token=abcxyz123abcxyz123abcxyz123abcxyz123abcxyz123abcxyz123abcxyz123abcxyz123,qpic.cn
1855.0,http://vivox.com/contact?id=123,0,tranco,http://vivox.com/contact?id=123,vivox.com
5860.0,http://changeip.com,0,tranco,http://changeip.com,changeip.com
3405.0,http://www.georgetown.edu/products/view/123,0,tranco,http://www.georgetown.edu/products/view/123,georgetown.edu
4722.0,http://www.pcre.org/index.html,0,tranco,http://www.pcre.org/index.html,pcre.org
3528.0,http://www.flightaware.com/products/view/123,0,tranco,http://www.flightaware.com/products/view/123,flightaware.com
8369.0,http://www.sss.gov.ph/search,0,tranco,http://www.sss.gov.ph/search,sss.gov.ph
2676.0,http://gutenberg.org/products/view/123,0,tranco,http://gutenberg.org/products/view/123,gutenberg.org
7233.0,http://www.encyclopedia.com/register?utm_source=newsletter&utm_medium=email,0,tranco,http://www.encyclopedia.com/register?utm_source=newsletter&utm_medium=email,encyclopedia.com
1241.0,http://www.idealista.com/api/v1/users,0,tranco,http://www.idealista.com/api/v1/users,idealista.com
839.0,http://myspace.com/index.html,0,tranco,http://myspace.com/index.html,myspace.com
,http://d30sec8k5ond2x.cloudfront.net/customer-preferences/edit?ie=UTF8&ref_=footer_cop&preferencesReturnUrl=/Exposure-House-Harrington-Book-2-ebook/dp/B0GTBQVGQ3/,1,openphish,http://d30sec8k5ond2x.cloudfront.net/customer-preferences/edit?ie=UTF8&ref_=footer_cop&preferencesReturnUrl=/Exposure-House-Harrington-Book-2-ebook/dp/B0GTBQVGQ3/,cloudfront.net
3906.0,http://www.findagrave.com/register,0,tranco,http://www.findagrave.com/register,findagrave.com
6280.0,http://awsdns-25.net/search,0,tranco,http://awsdns-25.net/search,awsdns-25.net
5760.0,http://fizzopic.org,0,tranco,http://fizzopic.org,fizzopic.org
2767.0,http://www.eurodns.com/download,0,tranco,http://www.eurodns.com/download,eurodns.com
9537.0,http://ecuabet.com/about?q=test,0,tranco,http://ecuabet.com/about?q=test,ecuabet.com
791.0,http://liadm.com,0,tranco,http://liadm.com,liadm.com
7840.0,http://starfieldtech.com/blog/article-name-here?page=2,0,tranco,http://starfieldtech.com/blog/article-name-here?page=2,starfieldtech.com
1895.0,http://instructure.com/wp-content/uploads/image.jpg?q=test,0,tranco,http://instructure.com/wp-content/uploads/image.jpg?q=test,instructure.com
100.0,http://www.edgesuite.net/products/view/123?utm_source=newsletter&utm_medium=email,0,tranco,http://www.edgesuite.net/products/view/123?utm_source=newsletter&utm_medium=email,edgesuite.net
1180.0,http://www.service-now.com/search?q=test,0,tranco,http://www.service-now.com/search?q=test,service-now.com
1564.0,http://www.piccoma.com/,0,tranco,http://www.piccoma.com/,piccoma.com
4294.0,http://swrve.com/about,0,tranco,http://swrve.com/about,swrve.com
4787.0,http://www.tomsguide.com/download,0,tranco,http://www.tomsguide.com/download,tomsguide.com
2874.0,http://registry.in/download?page=2,0,tranco,http://registry.in/download?page=2,registry.in
9441.0,http://musicviral.ir/api/v1/users,0,tranco,http://musicviral.ir/api/v1/users,musicviral.ir
1561.0,http://screener.in,0,tranco,http://screener.in,screener.in
1867.0,http://www.unrulymedia.com/blog/article-name-here?redirect_url=https%3A%2F%2Fexample.com%2Fdashboard&session_id=abcdef1234567890abcdef1234567890,0,tranco,http://www.unrulymedia.com/blog/article-name-here?redirect_url=https://example.com/dashboard&session_id=abcdef1234567890abcdef1234567890,unrulymedia.com
2963.0,http://srmdata.com,0,tranco,http://srmdata.com,srmdata.com
1244.0,http://fmkorea.com,0,tranco,http://fmkorea.com,fmkorea.com
4084.0,http://uiowa.edu,0,tranco,http://uiowa.edu,uiowa.edu
4418.0,http://www.iq.com/api/v1/users?id=123,0,tranco,http://www.iq.com/api/v1/users?id=123,iq.com
6715.0,http://videy.co,0,tranco,http://videy.co,videy.co
,http://actualizarsubs.webcindario.com/,1,openphish,http://actualizarsubs.webcindario.com/,webcindario.com
5996.0,http://www.samsara.com/login,0,tranco,http://www.samsara.com/login,samsara.com
5695.0,http://www.uni-erlangen.de/api/v1/users?token=abcxyz123,0,tranco,http://www.uni-erlangen.de/api/v1/users?token=abcxyz123,uni-erlangen.de
5970.0,http://www.symfony.com/api/v1/users?q=test,0,tranco,http://www.symfony.com/api/v1/users?q=test,symfony.com
8755.0,http://pudelek.pl/search,0,tranco,http://pudelek.pl/search,pudelek.pl
2954.0,http://www.up.gov.in/login,0,tranco,http://www.up.gov.in/login,up.gov.in
3334.0,http://serveriai.lt,0,tranco,http://serveriai.lt,serveriai.lt
2106.0,http://bitrixphone.com/login?q=test,0,tranco,http://bitrixphone.com/login?q=test,bitrixphone.com
6562.0,http://credly.com/products/view/123,0,tranco,http://credly.com/products/view/123,credly.com
7580.0,http://www.kufar.by/contact?utm_source=newsletter&utm_medium=email,0,tranco,http://www.kufar.by/contact?utm_source=newsletter&utm_medium=email,kufar.by
5428.0,http://minecraftservices.com/contact,0,tranco,http://minecraftservices.com/contact,minecraftservices.com
,https://www.roblox.et/games/4960160668/Resting-Place-RP?privateServerLinkCode=91191078057358605246769318473877,1,openphish,https://www.roblox.et/games/4960160668/Resting-Place-RP?privateServerLinkCode=91191078057358605246769318473877,roblox.et
5276.0,http://domru.ru/download?utm_source=newsletter&utm_medium=email,0,tranco,http://domru.ru/download?utm_source=newsletter&utm_medium=email,domru.ru
9497.0,http://genieesspv.jp,0,tranco,http://genieesspv.jp,genieesspv.jp
5281.0,http://www.hyundai.com/index.html,0,tranco,http://www.hyundai.com/index.html,hyundai.com
4278.0,http://virginia.gov/api/v1/users?ref=twitter,0,tranco,http://virginia.gov/api/v1/users?ref=twitter,virginia.gov
986.0,http://transsion-os.com/contact?lang=en,0,tranco,http://transsion-os.com/contact?lang=en,transsion-os.com
,http://70af80.icefactory.cl/,1,openphish,http://70af80.icefactory.cl/,icefactory.cl
5255.0,http://getcomposer.org,0,tranco,http://getcomposer.org,getcomposer.org
2745.0,http://www.webs.com/contact?lang=en,0,tranco,http://www.webs.com/contact?lang=en,webs.com
428.0,http://nflxvideo.net/?utm_source=newsletter&utm_medium=email,0,tranco,http://nflxvideo.net/?utm_source=newsletter&utm_medium=email,nflxvideo.net
633.0,http://tencent.com/index.html,0,tranco,http://tencent.com/index.html,tencent.com
891.0,http://www.gov.br,0,tranco,http://www.gov.br,www.gov.br
,http://idyllic-sunshine-30847d.netlify.app/,1,openphish,http://idyllic-sunshine-30847d.netlify.app/,netlify.app
4904.0,http://www.eitaa.com/download?action=verify&token=abcxyz123abcxyz123abcxyz123abcxyz123abcxyz123abcxyz123abcxyz123abcxyz123,0,tranco,http://www.eitaa.com/download?action=verify&token=abcxyz123abcxyz123abcxyz123abcxyz123abcxyz123abcxyz123abcxyz123abcxyz123,eitaa.com
390.0,http://demdex.net/assets/css/style.css,0,tranco,http://demdex.net/assets/css/style.css,demdex.net
9366.0,http://3xyaoi.com/login,0,tranco,http://3xyaoi.com/login,3xyaoi.com
218.0,http://mit.edu/blog/article-name-here?id=123,0,tranco,http://mit.edu/blog/article-name-here?id=123,mit.edu
4010.0,http://www.mktoresp.com/search?utm_source=newsletter&utm_medium=email,0,tranco,http://www.mktoresp.com/search?utm_source=newsletter&utm_medium=email,mktoresp.com
9305.0,http://packetsdk.net/contact,0,tranco,http://packetsdk.net/contact,packetsdk.net
1890.0,http://mega.nz/wp-content/uploads/image.jpg?lang=en,0,tranco,http://mega.nz/wp-content/uploads/image.jpg?lang=en,mega.nz
5932.0,http://www.freeipapi.com/about,0,tranco,http://www.freeipapi.com/about,freeipapi.com
5981.0,http://mensjournal.com,0,tranco,http://mensjournal.com,mensjournal.com
7521.0,http://irancell.ir/download,0,tranco,http://irancell.ir/download,irancell.ir
1152.0,http://cspserver.net/blog/article-name-here,0,tranco,http://cspserver.net/blog/article-name-here,cspserver.net
6220.0,http://www.sabah.com.tr/search,0,tranco,http://www.sabah.com.tr/search,sabah.com.tr
8765.0,http://gree.jp,0,tranco,http://gree.jp,gree.jp
4648.0,http://www.hyperliquid.xyz/search,0,tranco,http://www.hyperliquid.xyz/search,hyperliquid.xyz
7107.0,http://boticario.com.br/assets/css/style.css,0,tranco,http://boticario.com.br/assets/css/style.css,boticario.com.br
2705.0,http://ksapisrv.com/search,0,tranco,http://ksapisrv.com/search,ksapisrv.com
5219.0,http://forrester.com,0,tranco,http://forrester.com,forrester.com
5090.0,http://connman.net,0,tranco,http://connman.net,connman.net
7230.0,http://poliziadistato.it/wp-content/uploads/image.jpg,0,tranco,http://poliziadistato.it/wp-content/uploads/image.jpg,poliziadistato.it
9806.0,http://www.nunuporn.com/search,0,tranco,http://www.nunuporn.com/search,nunuporn.com
2565.0,http://www.qianxun.com/about?ref=twitter,0,tranco,http://www.qianxun.com/about?ref=twitter,qianxun.com
9725.0,http://www.fojik.site/products/view/123?redirect_url=https%3A%2F%2Fexample.com%2Fdashboard&session_id=abcdef1234567890abcdef1234567890,0,tranco,http://www.fojik.site/products/view/123?redirect_url=https://example.com/dashboard&session_id=abcdef1234567890abcdef1234567890,fojik.site
2048.0,http://www.eskimi.com/login?action=verify&token=abcxyz123abcxyz123abcxyz123abcxyz123abcxyz123abcxyz123abcxyz123abcxyz123,0,tranco,http://www.eskimi.com/login?action=verify&token=abcxyz123abcxyz123abcxyz123abcxyz123abcxyz123abcxyz123abcxyz123abcxyz123,eskimi.com
2701.0,http://zefrdata.com/assets/css/style.css,0,tranco,http://zefrdata.com/assets/css/style.css,zefrdata.com
6799.0,http://www.onepeloton.com/blog/article-name-here?redirect_url=https%3A%2F%2Fexample.com%2Fdashboard&session_id=abcdef1234567890abcdef1234567890,0,tranco,http://www.onepeloton.com/blog/article-name-here?redirect_url=https://example.com/dashboard&session_id=abcdef1234567890abcdef1234567890,onepeloton.com
4752.0,http://www.mailgun.net/assets/css/style.css,0,tranco,http://www.mailgun.net/assets/css/style.css,mailgun.net
3604.0,http://awsdns-42.com,0,tranco,http://awsdns-42.com,awsdns-42.com
1960.0,http://cloudflareclient.com/wp-content/uploads/image.jpg,0,tranco,http://cloudflareclient.com/wp-content/uploads/image.jpg,cloudflareclient.com
4008.0,http://tcgplayer.com,0,tranco,http://tcgplayer.com,tcgplayer.com
1332.0,http://jalan.net/assets/css/style.css,0,tranco,http://jalan.net/assets/css/style.css,jalan.net
8376.0,http://www.loveread.ec/blog/article-name-here?redirect_url=https%3A%2F%2Fexample.com%2Fdashboard&session_id=abcdef1234567890abcdef1234567890,0,tranco,http://www.loveread.ec/blog/article-name-here?redirect_url=https://example.com/dashboard&session_id=abcdef1234567890abcdef1234567890,loveread.ec
6840.0,http://www.bouncex.net/search?utm_source=newsletter&utm_medium=email,0,tranco,http://www.bouncex.net/search?utm_source=newsletter&utm_medium=email,bouncex.net
7443.0,http://www.xbox-dns.ru/products/view/123?lang=en,0,tranco,http://www.xbox-dns.ru/products/view/123?lang=en,xbox-dns.ru
19.0,http://www.domaincontrol.com/download,0,tranco,http://www.domaincontrol.com/download,domaincontrol.com
3475.0,http://bidvol.com/register?page=2,0,tranco,http://bidvol.com/register?page=2,bidvol.com
9039.0,http://www.hibiny.ru/wp-content/uploads/image.jpg?lang=en,0,tranco,http://www.hibiny.ru/wp-content/uploads/image.jpg?lang=en,hibiny.ru
2437.0,http://network-auth.com,0,tranco,http://network-auth.com,network-auth.com
7827.0,http://correio24horas.com.br/wp-content/uploads/image.jpg?ref=twitter,0,tranco,http://correio24horas.com.br/wp-content/uploads/image.jpg?ref=twitter,correio24horas.com.br
8021.0,http://cashify.in/download,0,tranco,http://cashify.in/download,cashify.in
988.0,http://pixiv.net,0,tranco,http://pixiv.net,pixiv.net
951.0,http://umich.edu/download,0,tranco,http://umich.edu/download,umich.edu
4037.0,http://awsdns-38.com/blog/article-name-here?q=test,0,tranco,http://awsdns-38.com/blog/article-name-here?q=test,awsdns-38.com
6698.0,http://www.maze.co/?ref=twitter,0,tranco,http://www.maze.co/?ref=twitter,maze.co
7909.0,http://www.hentaihaven.xxx/products/view/123?lang=en,0,tranco,http://www.hentaihaven.xxx/products/view/123?lang=en,hentaihaven.xxx
6535.0,http://literotica.com,0,tranco,http://literotica.com,literotica.com
1645.0,http://humoruniv.com/api/v1/users?ref=twitter,0,tranco,http://humoruniv.com/api/v1/users?ref=twitter,humoruniv.com
5517.0,http://ravelry.com/index.html?ref=twitter,0,tranco,http://ravelry.com/index.html?ref=twitter,ravelry.com
2093.0,http://census.gov/contact?redirect_url=https%3A%2F%2Fexample.com%2Fdashboard&session_id=abcdef1234567890abcdef1234567890,0,tranco,http://census.gov/contact?redirect_url=https://example.com/dashboard&session_id=abcdef1234567890abcdef1234567890,census.gov
5064.0,http://blackspider.com/wp-content/uploads/image.jpg,0,tranco,http://blackspider.com/wp-content/uploads/image.jpg,blackspider.com
4853.0,http://www.dyndns.com/register?q=test,0,tranco,http://www.dyndns.com/register?q=test,dyndns.com
8301.0,http://www.singaporeair.com/assets/css/style.css?q=test,0,tranco,http://www.singaporeair.com/assets/css/style.css?q=test,singaporeair.com
3750.0,http://blueapron.com,0,tranco,http://blueapron.com,blueapron.com
2187.0,http://liquipedia.net,0,tranco,http://liquipedia.net,liquipedia.net
5612.0,http://google.dz,0,tranco,http://google.dz,google.dz
7983.0,http://daily.co.jp/about,0,tranco,http://daily.co.jp/about,daily.co.jp
3150.0,http://bybit.com,0,tranco,http://bybit.com,bybit.com
8928.0,http://nottingham.ac.uk,0,tranco,http://nottingham.ac.uk,nottingham.ac.uk
7818.0,http://clickpetroleoegas.com.br/assets/css/style.css,0,tranco,http://clickpetroleoegas.com.br/assets/css/style.css,clickpetroleoegas.com.br
491.0,http://www.byteglb.com/about,0,tranco,http://www.byteglb.com/about,byteglb.com
4515.0,http://wikidata.org/blog/article-name-here,0,tranco,http://wikidata.org/blog/article-name-here,wikidata.org
6284.0,http://currys.co.uk/assets/css/style.css?action=verify&token=abcxyz123abcxyz123abcxyz123abcxyz123abcxyz123abcxyz123abcxyz123abcxyz123,0,tranco,http://currys.co.uk/assets/css/style.css?action=verify&token=abcxyz123abcxyz123abcxyz123abcxyz123abcxyz123abcxyz123abcxyz123abcxyz123,currys.co.uk
2413.0,http://verkada.com/wp-content/uploads/image.jpg,0,tranco,http://verkada.com/wp-content/uploads/image.jpg,verkada.com
554.0,http://cornell.edu/assets/css/style.css,0,tranco,http://cornell.edu/assets/css/style.css,cornell.edu
2477.0,http://msecnd.net/assets/css/style.css?token=abcxyz123,0,tranco,http://msecnd.net/assets/css/style.css?token=abcxyz123,msecnd.net
7519.0,http://sourceforge.io,0,tranco,http://sourceforge.io,sourceforge.io
4448.0,http://nocookie.net/assets/css/style.css,0,tranco,http://nocookie.net/assets/css/style.css,nocookie.net
3327.0,http://sprinklr.com/blog/article-name-here,0,tranco,http://sprinklr.com/blog/article-name-here,sprinklr.com
5923.0,http://www.gslbjpmchase.com/products/view/123,0,tranco,http://www.gslbjpmchase.com/products/view/123,gslbjpmchase.com
2864.0,http://treasury.gov/products/view/123?page=2,0,tranco,http://treasury.gov/products/view/123?page=2,treasury.gov
1955.0,http://kicker.de/products/view/123?token=abcxyz123,0,tranco,http://kicker.de/products/view/123?token=abcxyz123,kicker.de
9368.0,http://www.d4swing.com/contact,0,tranco,http://www.d4swing.com/contact,d4swing.com
596.0,http://www.avito.ru/search,0,tranco,http://www.avito.ru/search,avito.ru
2156.0,http://broadcom.com,0,tranco,http://broadcom.com,broadcom.com
7291.0,http://crowncoinscasino.com/download,0,tranco,http://crowncoinscasino.com/download,crowncoinscasino.com
9588.0,http://www.airbnb.net/products/view/123?ref=twitter,0,tranco,http://www.airbnb.net/products/view/123?ref=twitter,airbnb.net
,https://nmi8jh-qospv-frp-2w38q-6yhi.pages.dev/,1,openphish,https://nmi8jh-qospv-frp-2w38q-6yhi.pages.dev/,pages.dev
913.0,http://investopedia.com/download,0,tranco,http://investopedia.com/download,investopedia.com
6877.0,http://www.datatables.net/search,0,tranco,http://www.datatables.net/search,datatables.net
1320.0,http://www.meteofrance.com/?utm_source=newsletter&utm_medium=email,0,tranco,http://www.meteofrance.com/?utm_source=newsletter&utm_medium=email,meteofrance.com
5817.0,http://www.9to5mac.com/?token=abcxyz123,0,tranco,http://www.9to5mac.com/?token=abcxyz123,9to5mac.com
9463.0,http://www.nepremicnine.net/download,0,tranco,http://www.nepremicnine.net/download,nepremicnine.net
4224.0,http://www.taoa.com/index.html?id=123,0,tranco,http://www.taoa.com/index.html?id=123,taoa.com
847.0,http://webhostbox.net/contact,0,tranco,http://webhostbox.net/contact,webhostbox.net
7568.0,http://alodokter.com/index.html,0,tranco,http://alodokter.com/index.html,alodokter.com
8657.0,http://awsdns-02.co.uk/index.html?lang=en,0,tranco,http://awsdns-02.co.uk/index.html?lang=en,awsdns-02.co.uk
8396.0,http://decathlon.it,0,tranco,http://decathlon.it,decathlon.it
3108.0,http://kolkataff.tv/search,0,tranco,http://kolkataff.tv/search,kolkataff.tv
3507.0,http://www.nobelprize.org/about,0,tranco,http://www.nobelprize.org/about,nobelprize.org
444.0,http://www.vkuser.net/index.html?page=2,0,tranco,http://www.vkuser.net/index.html?page=2,vkuser.net
2687.0,http://www.ibytedtos.com/wp-content/uploads/image.jpg,0,tranco,http://www.ibytedtos.com/wp-content/uploads/image.jpg,ibytedtos.com
3912.0,http://cms.gov/contact,0,tranco,http://cms.gov/contact,cms.gov
2732.0,http://rajasthan.gov.in/download?lang=en,0,tranco,http://rajasthan.gov.in/download?lang=en,rajasthan.gov.in
653.0,http://stackadapt.com,0,tranco,http://stackadapt.com,stackadapt.com
2647.0,http://moviezwap.onl/login,0,tranco,http://moviezwap.onl/login,moviezwap.onl
6620.0,http://randomchoice.org/assets/css/style.css,0,tranco,http://randomchoice.org/assets/css/style.css,randomchoice.org
5898.0,http://www.bstats.org/index.html,0,tranco,http://www.bstats.org/index.html,bstats.org
8198.0,http://iefimerida.gr/?id=123,0,tranco,http://iefimerida.gr/?id=123,iefimerida.gr
5960.0,http://www.milliyet.com.tr/search,0,tranco,http://www.milliyet.com.tr/search,milliyet.com.tr
5796.0,http://datagrail.io/index.html?ref=twitter,0,tranco,http://datagrail.io/index.html?ref=twitter,datagrail.io
9389.0,http://www.poznan.pl/contact?token=abcxyz123,0,tranco,http://www.poznan.pl/contact?token=abcxyz123,poznan.pl
5529.0,http://meraki-sdavc-saas.com,0,tranco,http://meraki-sdavc-saas.com,meraki-sdavc-saas.com
7189.0,http://www.protonmail.ch/about?ref=twitter,0,tranco,http://www.protonmail.ch/about?ref=twitter,protonmail.ch
8071.0,http://www.usaid.gov/api/v1/users?utm_source=newsletter&utm_medium=email,0,tranco,http://www.usaid.gov/api/v1/users?utm_source=newsletter&utm_medium=email,usaid.gov
1746.0,http://mobcup.fm/about?utm_source=newsletter&utm_medium=email,0,tranco,http://mobcup.fm/about?utm_source=newsletter&utm_medium=email,mobcup.fm
1454.0,http://www.inxxx.com/wp-content/uploads/image.jpg?action=verify&token=abcxyz123abcxyz123abcxyz123abcxyz123abcxyz123abcxyz123abcxyz123abcxyz123,0,tranco,http://www.inxxx.com/wp-content/uploads/image.jpg?action=verify&token=abcxyz123abcxyz123abcxyz123abcxyz123abcxyz123abcxyz123abcxyz123abcxyz123,inxxx.com
3395.0,http://trouble-free.net/assets/css/style.css,0,tranco,http://trouble-free.net/assets/css/style.css,trouble-free.net
9526.0,http://blurb.com/api/v1/users,0,tranco,http://blurb.com/api/v1/users,blurb.com
9884.0,http://www.allsectech.com/blog/article-name-here,0,tranco,http://www.allsectech.com/blog/article-name-here,allsectech.com
7570.0,http://www.sojern.com/contact?utm_source=newsletter&utm_medium=email,0,tranco,http://www.sojern.com/contact?utm_source=newsletter&utm_medium=email,sojern.com
3291.0,http://cosmopolitan.com/download?page=2,0,tranco,http://cosmopolitan.com/download?page=2,cosmopolitan.com
6548.0,http://www.news.ru/products/view/123,0,tranco,http://www.news.ru/products/view/123,news.ru
3993.0,http://awsdns-21.com/wp-content/uploads/image.jpg,0,tranco,http://awsdns-21.com/wp-content/uploads/image.jpg,awsdns-21.com
5238.0,http://www.buffalo.edu/download?action=verify&token=abcxyz123abcxyz123abcxyz123abcxyz123abcxyz123abcxyz123abcxyz123abcxyz123,0,tranco,http://www.buffalo.edu/download?action=verify&token=abcxyz123abcxyz123abcxyz123abcxyz123abcxyz123abcxyz123abcxyz123abcxyz123,buffalo.edu
3567.0,http://opensource.org/index.html,0,tranco,http://opensource.org/index.html,opensource.org
3926.0,http://www.axis.com/about,0,tranco,http://www.axis.com/about,axis.com
2176.0,http://pnas.org/register,0,tranco,http://pnas.org/register,pnas.org
45.0,http://digicert.com/api/v1/users,0,tranco,http://digicert.com/api/v1/users,digicert.com
5749.0,http://autoscout24.de,0,tranco,http://autoscout24.de,autoscout24.de
6079.0,http://5ch.io/search?q=test,0,tranco,http://5ch.io/search?q=test,5ch.io
591.0,http://www.adobedc.net/register,0,tranco,http://www.adobedc.net/register,adobedc.net
622.0,http://alicdn.com/products/view/123,0,tranco,http://alicdn.com/products/view/123,alicdn.com
991.0,http://faphouse.com/register,0,tranco,http://faphouse.com/register,faphouse.com
6064.0,http://www.delfi.lt/index.html?id=123,0,tranco,http://www.delfi.lt/index.html?id=123,delfi.lt
8700.0,http://www.thehentai.net/register?action=verify&token=abcxyz123abcxyz123abcxyz123abcxyz123abcxyz123abcxyz123abcxyz123abcxyz123,0,tranco,http://www.thehentai.net/register?action=verify&token=abcxyz123abcxyz123abcxyz123abcxyz123abcxyz123abcxyz123abcxyz123abcxyz123,thehentai.net
4919.0,http://www.zdnscloud.net/about?page=2,0,tranco,http://www.zdnscloud.net/about?page=2,zdnscloud.net
4925.0,http://cadenaser.com/api/v1/users?id=123,0,tranco,http://cadenaser.com/api/v1/users?id=123,cadenaser.com
6700.0,http://www.cnnindonesia.com/contact,0,tranco,http://www.cnnindonesia.com/contact,cnnindonesia.com
4770.0,http://www.chapturist.com/blog/article-name-here,0,tranco,http://www.chapturist.com/blog/article-name-here,chapturist.com
3960.0,http://www.google.fi/assets/css/style.css,0,tranco,http://www.google.fi/assets/css/style.css,google.fi
6882.0,http://www.asurahosting.com/register?redirect_url=https%3A%2F%2Fexample.com%2Fdashboard&session_id=abcdef1234567890abcdef1234567890,0,tranco,http://www.asurahosting.com/register?redirect_url=https://example.com/dashboard&session_id=abcdef1234567890abcdef1234567890,asurahosting.com
6317.0,http://www.razerzone.com/search,0,tranco,http://www.razerzone.com/search,razerzone.com
4643.0,http://www.todoist.com/blog/article-name-here?lang=en,0,tranco,http://www.todoist.com/blog/article-name-here?lang=en,todoist.com
8604.0,http://www.eneba.com/index.html,0,tranco,http://www.eneba.com/index.html,eneba.com
533.0,http://wired.com/index.html,0,tranco,http://wired.com/index.html,wired.com
8486.0,http://www.ap.gov.in/search,0,tranco,http://www.ap.gov.in/search,ap.gov.in
482.0,http://www.docker.com/wp-content/uploads/image.jpg,0,tranco,http://www.docker.com/wp-content/uploads/image.jpg,docker.com
1004.0,http://heytapmobi.com/login?q=test,0,tranco,http://heytapmobi.com/login?q=test,heytapmobi.com
2088.0,http://apple.news,0,tranco,http://apple.news,apple.news
6157.0,http://ochanges.com/assets/css/style.css?page=2,0,tranco,http://ochanges.com/assets/css/style.css?page=2,ochanges.com
9788.0,http://suki-kira.com,0,tranco,http://suki-kira.com,suki-kira.com
1514.0,http://www.255md.com/wp-content/uploads/image.jpg,0,tranco,http://www.255md.com/wp-content/uploads/image.jpg,255md.com
1594.0,http://www.ijavhd.com/blog/article-name-here?action=verify&token=abcxyz123abcxyz123abcxyz123abcxyz123abcxyz123abcxyz123abcxyz123abcxyz123,0,tranco,http://www.ijavhd.com/blog/article-name-here?action=verify&token=abcxyz123abcxyz123abcxyz123abcxyz123abcxyz123abcxyz123abcxyz123abcxyz123,ijavhd.com
7040.0,http://www.sunrise.ch/,0,tranco,http://www.sunrise.ch/,sunrise.ch
1727.0,http://www.hdhub4u.med/register,0,tranco,http://www.hdhub4u.med/register,hdhub4u.med
7912.0,http://www.keenetic.ru/?page=2,0,tranco,http://www.keenetic.ru/?page=2,keenetic.ru
6944.0,http://cudaops.com,0,tranco,http://cudaops.com,cudaops.com
4255.0,http://hostmonster.com/login?redirect_url=https%3A%2F%2Fexample.com%2Fdashboard&session_id=abcdef1234567890abcdef1234567890,0,tranco,http://hostmonster.com/login?redirect_url=https://example.com/dashboard&session_id=abcdef1234567890abcdef1234567890,hostmonster.com
114.0,http://europa.eu/wp-content/uploads/image.jpg?token=abcxyz123,0,tranco,http://europa.eu/wp-content/uploads/image.jpg?token=abcxyz123,europa.eu
,http://admirable-tiramisu-f8d761.netlify.app/,1,openphish,http://admirable-tiramisu-f8d761.netlify.app/,netlify.app
962.0,http://tplinknbu.com/download,0,tranco,http://tplinknbu.com/download,tplinknbu.com
9478.0,http://24videos.space/index.html,0,tranco,http://24videos.space/index.html,24videos.space
6809.0,http://www.natalie.mu/register?q=test,0,tranco,http://www.natalie.mu/register?q=test,natalie.mu
3950.0,http://www.trkn.us/search?lang=en,0,tranco,http://www.trkn.us/search?lang=en,trkn.us
5774.0,http://bulbagarden.net/login?id=123,0,tranco,http://bulbagarden.net/login?id=123,bulbagarden.net
4325.0,http://homestead.com/api/v1/users?ref=twitter,0,tranco,http://homestead.com/api/v1/users?ref=twitter,homestead.com
,https://93v-nmyhz-t1g9-5du-6pj3xl.pages.dev/,1,openphish,https://93v-nmyhz-t1g9-5du-6pj3xl.pages.dev/,pages.dev
1494.0,http://www.xnxx-arabic.com/assets/css/style.css,0,tranco,http://www.xnxx-arabic.com/assets/css/style.css,xnxx-arabic.com
7187.0,http://allthefallen.moe,0,tranco,http://allthefallen.moe,allthefallen.moe
6504.0,http://www.telstra.com.au/assets/css/style.css?lang=en,0,tranco,http://www.telstra.com.au/assets/css/style.css?lang=en,telstra.com.au
,https://sec365officlient.webcindario.com/index05.html,1,openphish,https://sec365officlient.webcindario.com/index05.html,webcindario.com
8423.0,http://g4media.ro/?action=verify&token=abcxyz123abcxyz123abcxyz123abcxyz123abcxyz123abcxyz123abcxyz123abcxyz123,0,tranco,http://g4media.ro/?action=verify&token=abcxyz123abcxyz123abcxyz123abcxyz123abcxyz123abcxyz123abcxyz123abcxyz123,g4media.ro
7851.0,http://www.interpals.net/download?utm_source=newsletter&utm_medium=email,0,tranco,http://www.interpals.net/download?utm_source=newsletter&utm_medium=email,interpals.net
1902.0,http://systemdns.com,0,tranco,http://systemdns.com,systemdns.com
6962.0,http://www.google.lu/download,0,tranco,http://www.google.lu/download,google.lu
7704.0,http://www.1cbit.ru/search?utm_source=newsletter&utm_medium=email,0,tranco,http://www.1cbit.ru/search?utm_source=newsletter&utm_medium=email,1cbit.ru
4746.0,http://azure.us/wp-content/uploads/image.jpg?utm_source=newsletter&utm_medium=email,0,tranco,http://azure.us/wp-content/uploads/image.jpg?utm_source=newsletter&utm_medium=email,azure.us
2540.0,http://tenable.com,0,tranco,http://tenable.com,tenable.com
8249.0,http://personal.com.ar/blog/article-name-here,0,tranco,http://personal.com.ar/blog/article-name-here,personal.com.ar
6735.0,http://telekom.hu/wp-content/uploads/image.jpg?utm_source=newsletter&utm_medium=email,0,tranco,http://telekom.hu/wp-content/uploads/image.jpg?utm_source=newsletter&utm_medium=email,telekom.hu
2233.0,http://semanticscholar.org,0,tranco,http://semanticscholar.org,semanticscholar.org
5576.0,http://certum.pl/index.html,0,tranco,http://certum.pl/index.html,certum.pl
7010.0,http://tuasaude.com/login,0,tranco,http://tuasaude.com/login,tuasaude.com
8193.0,http://khaleejtimes.com,0,tranco,http://khaleejtimes.com,khaleejtimes.com
664.0,http://anydesk.com,0,tranco,http://anydesk.com,anydesk.com
7987.0,http://allianz.de/search?ref=twitter,0,tranco,http://allianz.de/search?ref=twitter,allianz.de
3575.0,http://500px.com,0,tranco,http://500px.com,500px.com
5911.0,http://kgns3.com,0,tranco,http://kgns3.com,kgns3.com
7221.0,http://www.secomtrust.net/contact?q=test,0,tranco,http://www.secomtrust.net/contact?q=test,secomtrust.net
1021.0,http://www.ecosia.org/products/view/123,0,tranco,http://www.ecosia.org/products/view/123,ecosia.org
3313.0,http://monday.com,0,tranco,http://monday.com,monday.com
1862.0,http://elegantthemes.com/api/v1/users,0,tranco,http://elegantthemes.com/api/v1/users,elegantthemes.com
4102.0,http://awsdns-55.com/login,0,tranco,http://awsdns-55.com/login,awsdns-55.com
852.0,http://agoda.com/contact,0,tranco,http://agoda.com/contact,agoda.com
2203.0,http://ixl.com/register,0,tranco,http://ixl.com/register,ixl.com
9932.0,http://pulaujudinx.com,0,tranco,http://pulaujudinx.com,pulaujudinx.com
493.0,http://stackoverflow.com/products/view/123,0,tranco,http://stackoverflow.com/products/view/123,stackoverflow.com
3081.0,http://www.imgix.net/contact?token=abcxyz123,0,tranco,http://www.imgix.net/contact?token=abcxyz123,imgix.net
2722.0,http://www.int08h.com/index.html,0,tranco,http://www.int08h.com/index.html,int08h.com
4485.0,http://www.mercadopago.com/contact,0,tranco,http://www.mercadopago.com/contact,mercadopago.com
432.0,http://www.espn.com/?lang=en,0,tranco,http://www.espn.com/?lang=en,espn.com
9933.0,http://arabx88.mobi/contact,0,tranco,http://arabx88.mobi/contact,arabx88.mobi
8343.0,http://www.jpmorganchase.com/index.html,0,tranco,http://www.jpmorganchase.com/index.html,jpmorganchase.com
5814.0,http://www.tracker.gg/about?token=abcxyz123,0,tranco,http://www.tracker.gg/about?token=abcxyz123,tracker.gg
1917.0,http://deepintent.com,0,tranco,http://deepintent.com,deepintent.com
1857.0,http://www.udemy.com/api/v1/users,0,tranco,http://www.udemy.com/api/v1/users,udemy.com
5452.0,http://www.flysleep.cn/products/view/123?token=abcxyz123,0,tranco,http://www.flysleep.cn/products/view/123?token=abcxyz123,flysleep.cn
3923.0,http://pndsn.com,0,tranco,http://pndsn.com,pndsn.com
5362.0,http://www.pearson.com/api/v1/users?ref=twitter,0,tranco,http://www.pearson.com/api/v1/users?ref=twitter,pearson.com
7182.0,http://www.sport.de/wp-content/uploads/image.jpg,0,tranco,http://www.sport.de/wp-content/uploads/image.jpg,sport.de
4329.0,http://plala.or.jp/register?token=abcxyz123,0,tranco,http://plala.or.jp/register?token=abcxyz123,plala.or.jp
9038.0,http://www.abhibus.com/about,0,tranco,http://www.abhibus.com/about,abhibus.com
8611.0,http://ifilo.net/search?lang=en,0,tranco,http://ifilo.net/search?lang=en,ifilo.net
1860.0,http://www.igamecj.com/wp-content/uploads/image.jpg,0,tranco,http://www.igamecj.com/wp-content/uploads/image.jpg,igamecj.com
1289.0,http://www.microsoftpersonalcontent.com/assets/css/style.css,0,tranco,http://www.microsoftpersonalcontent.com/assets/css/style.css,microsoftpersonalcontent.com
287.0,http://www.tiktokcdn-us.com/api/v1/users?action=verify&token=abcxyz123abcxyz123abcxyz123abcxyz123abcxyz123abcxyz123abcxyz123abcxyz123,0,tranco,http://www.tiktokcdn-us.com/api/v1/users?action=verify&token=abcxyz123abcxyz123abcxyz123abcxyz123abcxyz123abcxyz123abcxyz123abcxyz123,tiktokcdn-us.com
7298.0,http://dunelm.com/wp-content/uploads/image.jpg,0,tranco,http://dunelm.com/wp-content/uploads/image.jpg,dunelm.com
1661.0,http://www.indown.io/products/view/123,0,tranco,http://www.indown.io/products/view/123,indown.io
1808.0,http://qcloud.com/products/view/123,0,tranco,http://qcloud.com/products/view/123,qcloud.com
9369.0,http://aniagotuje.pl/assets/css/style.css?q=test,0,tranco,http://aniagotuje.pl/assets/css/style.css?q=test,aniagotuje.pl
724.0,http://stripchat.com/products/view/123,0,tranco,http://stripchat.com/products/view/123,stripchat.com
7048.0,http://ku.dk/contact?action=verify&token=abcxyz123abcxyz123abcxyz123abcxyz123abcxyz123abcxyz123abcxyz123abcxyz123,0,tranco,http://ku.dk/contact?action=verify&token=abcxyz123abcxyz123abcxyz123abcxyz123abcxyz123abcxyz123abcxyz123abcxyz123,ku.dk
688.0,http://www.nel.goog/?page=2,0,tranco,http://www.nel.goog/?page=2,nel.goog
1330.0,http://www.hollywoodbets.net/about,0,tranco,http://www.hollywoodbets.net/about,hollywoodbets.net
3412.0,http://www.blacktoon415.com/download,0,tranco,http://www.blacktoon415.com/download,blacktoon415.com
5195.0,http://www.biblehub.com/blog/article-name-here?utm_source=newsletter&utm_medium=email,0,tranco,http://www.biblehub.com/blog/article-name-here?utm_source=newsletter&utm_medium=email,biblehub.com
3031.0,http://anybunny.org/download,0,tranco,http://anybunny.org/download,anybunny.org
7131.0,http://mambu.com/?q=test,0,tranco,http://mambu.com/?q=test,mambu.com
1585.0,http://www.desitales2.com/wp-content/uploads/image.jpg?redirect_url=https%3A%2F%2Fexample.com%2Fdashboard&session_id=abcdef1234567890abcdef1234567890,0,tranco,http://www.desitales2.com/wp-content/uploads/image.jpg?redirect_url=https://example.com/dashboard&session_id=abcdef1234567890abcdef1234567890,desitales2.com
2634.0,http://www.5movierulz.school/wp-content/uploads/image.jpg?ref=twitter,0,tranco,http://www.5movierulz.school/wp-content/uploads/image.jpg?ref=twitter,5movierulz.school
2479.0,http://urbanairship.com/api/v1/users,0,tranco,http://urbanairship.com/api/v1/users,urbanairship.com
9749.0,http://locanto.org/register,0,tranco,http://locanto.org/register,locanto.org
5882.0,http://vps-vids.com/register,0,tranco,http://vps-vids.com/register,vps-vids.com
4439.0,http://nanit.com,0,tranco,http://nanit.com,nanit.com
228.0,http://t.co,0,tranco,http://t.co,t.co
9258.0,http://proxyium.com/products/view/123,0,tranco,http://proxyium.com/products/view/123,proxyium.com
902.0,http://porkbun.com,0,tranco,http://porkbun.com,porkbun.com
9576.0,http://kgirls.net,0,tranco,http://kgirls.net,kgirls.net
1713.0,http://www.futbol-libres.su/about,0,tranco,http://www.futbol-libres.su/about,futbol-libres.su
692.0,http://www.quantserve.com/download,0,tranco,http://www.quantserve.com/download,quantserve.com
649.0,http://www.service.gov.uk/about?id=123,0,tranco,http://www.service.gov.uk/about?id=123,service.gov.uk
1200.0,http://pornpics.com/products/view/123,0,tranco,http://pornpics.com/products/view/123,pornpics.com
4207.0,http://eia.gov/products/view/123,0,tranco,http://eia.gov/products/view/123,eia.gov
5791.0,http://www.r2.dev/login?ref=twitter,0,tranco,http://www.r2.dev/login?ref=twitter,r2.dev
1195.0,http://www.biomedcentral.com/api/v1/users?lang=en,0,tranco,http://www.biomedcentral.com/api/v1/users?lang=en,biomedcentral.com
237.0,http://ksyuncdn.com/products/view/123,0,tranco,http://ksyuncdn.com/products/view/123,ksyuncdn.com
4041.0,http://sspnet.tech/assets/css/style.css,0,tranco,http://sspnet.tech/assets/css/style.css,sspnet.tech
2123.0,http://pacloudflare.com/contact?token=abcxyz123,0,tranco,http://pacloudflare.com/contact?token=abcxyz123,pacloudflare.com
7327.0,http://novartis.com/contact,0,tranco,http://novartis.com/contact,novartis.com
8978.0,http://emc.com/wp-content/uploads/image.jpg,0,tranco,http://emc.com/wp-content/uploads/image.jpg,emc.com
1555.0,http://www.foreca.fi/register?token=abcxyz123,0,tranco,http://www.foreca.fi/register?token=abcxyz123,foreca.fi
4930.0,http://www.cloudlinks.cn/search?action=verify&token=abcxyz123abcxyz123abcxyz123abcxyz123abcxyz123abcxyz123abcxyz123abcxyz123,0,tranco,http://www.cloudlinks.cn/search?action=verify&token=abcxyz123abcxyz123abcxyz123abcxyz123abcxyz123abcxyz123abcxyz123abcxyz123,cloudlinks.cn
9495.0,http://zproxy.org/wp-content/uploads/image.jpg,0,tranco,http://zproxy.org/wp-content/uploads/image.jpg,zproxy.org
4755.0,http://huaweicloud-dns.com,0,tranco,http://huaweicloud-dns.com,huaweicloud-dns.com
5196.0,http://zappos.com/index.html?ref=twitter,0,tranco,http://zappos.com/index.html?ref=twitter,zappos.com
5955.0,http://www.nairaland.com/login?token=abcxyz123,0,tranco,http://www.nairaland.com/login?token=abcxyz123,nairaland.com
7701.0,http://www.clearscore.com/login?page=2,0,tranco,http://www.clearscore.com/login?page=2,clearscore.com
6476.0,http://stabletransit.com/contact,0,tranco,http://stabletransit.com/contact,stabletransit.com
7816.0,http://cloud86.nl/api/v1/users,0,tranco,http://cloud86.nl/api/v1/users,cloud86.nl
3095.0,http://www.luugy.com/register,0,tranco,http://www.luugy.com/register,luugy.com
8642.0,http://ampaeservices.com,0,tranco,http://ampaeservices.com,ampaeservices.com
5040.0,http://govinfo.gov,0,tranco,http://govinfo.gov,govinfo.gov
3220.0,http://www.avs.io/about?q=test,0,tranco,http://www.avs.io/about?q=test,avs.io
2959.0,http://eyeota.net/api/v1/users,0,tranco,http://eyeota.net/api/v1/users,eyeota.net
4940.0,http://www.campaign-archive.com/assets/css/style.css,0,tranco,http://www.campaign-archive.com/assets/css/style.css,campaign-archive.com
2631.0,http://allyonoapp.in/api/v1/users?id=123,0,tranco,http://allyonoapp.in/api/v1/users?id=123,allyonoapp.in
4813.0,http://www.bspb.ru/wp-content/uploads/image.jpg,0,tranco,http://www.bspb.ru/wp-content/uploads/image.jpg,bspb.ru
431.0,http://gandi-ns.fr/wp-content/uploads/image.jpg?action=verify&token=abcxyz123abcxyz123abcxyz123abcxyz123abcxyz123abcxyz123abcxyz123abcxyz123,0,tranco,http://gandi-ns.fr/wp-content/uploads/image.jpg?action=verify&token=abcxyz123abcxyz123abcxyz123abcxyz123abcxyz123abcxyz123abcxyz123abcxyz123,gandi-ns.fr
2421.0,http://entrepreneur.com/wp-content/uploads/image.jpg,0,tranco,http://entrepreneur.com/wp-content/uploads/image.jpg,entrepreneur.com
3222.0,http://loom.com,0,tranco,http://loom.com,loom.com
7086.0,http://liu.se/wp-content/uploads/image.jpg,0,tranco,http://liu.se/wp-content/uploads/image.jpg,liu.se
20.0,http://www.googlevideo.com/register?q=test,0,tranco,http://www.googlevideo.com/register?q=test,googlevideo.com
2362.0,http://ny.gov/,0,tranco,http://ny.gov/,ny.gov
6665.0,http://wyze.com,0,tranco,http://wyze.com,wyze.com
2913.0,http://rottentomatoes.com,0,tranco,http://rottentomatoes.com,rottentomatoes.com
8842.0,http://tolunastart.com/search,0,tranco,http://tolunastart.com/search,tolunastart.com
6602.0,http://racingpost.com/,0,tranco,http://racingpost.com/,racingpost.com
7195.0,http://www.lynk.id/?redirect_url=https%3A%2F%2Fexample.com%2Fdashboard&session_id=abcdef1234567890abcdef1234567890,0,tranco,http://www.lynk.id/?redirect_url=https://example.com/dashboard&session_id=abcdef1234567890abcdef1234567890,lynk.id
5854.0,http://www.dnb.com/contact,0,tranco,http://www.dnb.com/contact,dnb.com
2756.0,http://addthis.com/,0,tranco,http://addthis.com/,addthis.com
2096.0,http://www.discomax.com/api/v1/users,0,tranco,http://www.discomax.com/api/v1/users,discomax.com
5625.0,http://www.webstaurantstore.com/blog/article-name-here?q=test,0,tranco,http://www.webstaurantstore.com/blog/article-name-here?q=test,webstaurantstore.com
7403.0,http://ets.org/products/view/123?token=abcxyz123,0,tranco,http://ets.org/products/view/123?token=abcxyz123,ets.org
,https://ioldgres-live.pages.dev/,1,openphish,https://ioldgres-live.pages.dev/,pages.dev
422.0,http://avcdn.net/blog/article-name-here?q=test,0,tranco,http://avcdn.net/blog/article-name-here?q=test,avcdn.net
992.0,http://whitehouse.gov,0,tranco,http://whitehouse.gov,whitehouse.gov
6338.0,http://nseindia.com/,0,tranco,http://nseindia.com/,nseindia.com
1263.0,http://www.cdn90.cn/login,0,tranco,http://www.cdn90.cn/login,cdn90.cn
,http://portugal-demo-b809c22957159f4.webflow.io/,1,openphish,http://portugal-demo-b809c22957159f4.webflow.io/,webflow.io
3403.0,http://xhpro.live,0,tranco,http://xhpro.live,xhpro.live
7825.0,http://catracalivre.com.br/api/v1/users,0,tranco,http://catracalivre.com.br/api/v1/users,catracalivre.com.br
5632.0,http://milanuncios.com/wp-content/uploads/image.jpg?lang=en,0,tranco,http://milanuncios.com/wp-content/uploads/image.jpg?lang=en,milanuncios.com
4305.0,http://wp.me,0,tranco,http://wp.me,wp.me
1658.0,http://arionplay.com/blog/article-name-here,0,tranco,http://arionplay.com/blog/article-name-here,arionplay.com
3128.0,http://curl.se/contact?redirect_url=https%3A%2F%2Fexample.com%2Fdashboard&session_id=abcdef1234567890abcdef1234567890,0,tranco,http://curl.se/contact?redirect_url=https://example.com/dashboard&session_id=abcdef1234567890abcdef1234567890,curl.se
,https://dbcc0f.icefactory.cl/CQeNV30RvX1s3odkmAFzzmBIUKZpuPlcLJc14C5mTUeTELgKrysk6yPlsVXMkyLF/?rotated=1,1,openphish,https://dbcc0f.icefactory.cl/CQeNV30RvX1s3odkmAFzzmBIUKZpuPlcLJc14C5mTUeTELgKrysk6yPlsVXMkyLF/?rotated=1,icefactory.cl
6724.0,http://vivawebhost.com/wp-content/uploads/image.jpg?utm_source=newsletter&utm_medium=email,0,tranco,http://vivawebhost.com/wp-content/uploads/image.jpg?utm_source=newsletter&utm_medium=email,vivawebhost.com
4099.0,http://awsdns-28.com,0,tranco,http://awsdns-28.com,awsdns-28.com
7613.0,http://www.filmstarts.de/api/v1/users,0,tranco,http://www.filmstarts.de/api/v1/users,filmstarts.de
9491.0,http://juegosonce.es/register,0,tranco,http://juegosonce.es/register,juegosonce.es
6603.0,http://www.google.hr/?redirect_url=https%3A%2F%2Fexample.com%2Fdashboard&session_id=abcdef1234567890abcdef1234567890,0,tranco,http://www.google.hr/?redirect_url=https://example.com/dashboard&session_id=abcdef1234567890abcdef1234567890,google.hr
6464.0,http://ilpost.it,0,tranco,http://ilpost.it,ilpost.it
1609.0,http://mi-img.com/wp-content/uploads/image.jpg?id=123,0,tranco,http://mi-img.com/wp-content/uploads/image.jpg?id=123,mi-img.com
3208.0,http://n-able.com/index.html,0,tranco,http://n-able.com/index.html,n-able.com
5485.0,http://spectrum.net/api/v1/users?id=123,0,tranco,http://spectrum.net/api/v1/users?id=123,spectrum.net
1916.0,http://themeisle.com,0,tranco,http://themeisle.com,themeisle.com
9083.0,http://mheducation.com/login,0,tranco,http://mheducation.com/login,mheducation.com
3680.0,http://termsfeed.com/download,0,tranco,http://termsfeed.com/download,termsfeed.com
87.0,http://www.ripn.net/?token=abcxyz123,0,tranco,http://www.ripn.net/?token=abcxyz123,ripn.net
7971.0,http://www.ojrq.net/products/view/123?ref=twitter,0,tranco,http://www.ojrq.net/products/view/123?ref=twitter,ojrq.net
65.0,http://www.spotify.com/,0,tranco,http://www.spotify.com/,spotify.com
3571.0,http://www.stickyadstv.com/wp-content/uploads/image.jpg?token=abcxyz123,0,tranco,http://www.stickyadstv.com/wp-content/uploads/image.jpg?token=abcxyz123,stickyadstv.com
7442.0,http://www.bodis.com/about?lang=en,0,tranco,http://www.bodis.com/about?lang=en,bodis.com
5408.0,http://rainbird.com/login?utm_source=newsletter&utm_medium=email,0,tranco,http://rainbird.com/login?utm_source=newsletter&utm_medium=email,rainbird.com
4689.0,http://www.tplinkra.com/about?q=test,0,tranco,http://www.tplinkra.com/about?q=test,tplinkra.com
8360.0,http://www.drift-pixel.ai/products/view/123,0,tranco,http://www.drift-pixel.ai/products/view/123,drift-pixel.ai
6493.0,http://www.bedbathandbeyond.com/products/view/123?action=verify&token=abcxyz123abcxyz123abcxyz123abcxyz123abcxyz123abcxyz123abcxyz123abcxyz123,0,tranco,http://www.bedbathandbeyond.com/products/view/123?action=verify&token=abcxyz123abcxyz123abcxyz123abcxyz123abcxyz123abcxyz123abcxyz123abcxyz123,bedbathandbeyond.com
7739.0,http://impactcdn.com/blog/article-name-here,0,tranco,http://impactcdn.com/blog/article-name-here,impactcdn.com
717.0,http://wps.com,0,tranco,http://wps.com,wps.com
9069.0,http://wbur.org/contact,0,tranco,http://wbur.org/contact,wbur.org
5325.0,http://myrostelecom.ru,0,tranco,http://myrostelecom.ru,myrostelecom.ru
4220.0,http://www.mcr-msedge.net/search?lang=en,0,tranco,http://www.mcr-msedge.net/search?lang=en,mcr-msedge.net
4661.0,http://52.in-addr.arpa/assets/css/style.css?id=123,0,tranco,http://52.in-addr.arpa/assets/css/style.css?id=123,52.in-addr.arpa
718.0,http://www.agkn.com/login?page=2,0,tranco,http://www.agkn.com/login?page=2,agkn.com
5839.0,http://www.codecanyon.net/wp-content/uploads/image.jpg?q=test,0,tranco,http://www.codecanyon.net/wp-content/uploads/image.jpg?q=test,codecanyon.net
7099.0,http://www.gitea.io/blog/article-name-here?lang=en,0,tranco,http://www.gitea.io/blog/article-name-here?lang=en,gitea.io
9960.0,http://www.vpsvc.com/blog/article-name-here?ref=twitter,0,tranco,http://www.vpsvc.com/blog/article-name-here?ref=twitter,vpsvc.com
9798.0,http://au.dk,0,tranco,http://au.dk,au.dk
9769.0,http://www.freedot.info/search,0,tranco,http://www.freedot.info/search,freedot.info
6122.0,http://jeuxvideo.com/about,0,tranco,http://jeuxvideo.com/about,jeuxvideo.com
6286.0,http://punchmedia.ru,0,tranco,http://punchmedia.ru,punchmedia.ru
2897.0,http://affirm.com/about,0,tranco,http://affirm.com/about,affirm.com
7696.0,http://awsdns-39.co.uk,0,tranco,http://awsdns-39.co.uk,awsdns-39.co.uk
5264.0,http://www.gamestop.com/?ref=twitter,0,tranco,http://www.gamestop.com/?ref=twitter,gamestop.com
7216.0,http://cadent.com/download,0,tranco,http://cadent.com/download,cadent.com
6329.0,http://adnkronos.com/assets/css/style.css,0,tranco,http://adnkronos.com/assets/css/style.css,adnkronos.com
7039.0,http://www.newsnow.co.uk/register,0,tranco,http://www.newsnow.co.uk/register,newsnow.co.uk
553.0,http://www.e2ro.com/index.html?id=123,0,tranco,http://www.e2ro.com/index.html?id=123,e2ro.com
7098.0,http://ors.at/register?lang=en,0,tranco,http://ors.at/register?lang=en,ors.at
5942.0,http://www.churchofjesuschrist.org/login?action=verify&token=abcxyz123abcxyz123abcxyz123abcxyz123abcxyz123abcxyz123abcxyz123abcxyz123,0,tranco,http://www.churchofjesuschrist.org/login?action=verify&token=abcxyz123abcxyz123abcxyz123abcxyz123abcxyz123abcxyz123abcxyz123abcxyz123,churchofjesuschrist.org
5877.0,http://freebit.net/download,0,tranco,http://freebit.net/download,freebit.net
9557.0,http://www.tixcraft.com/,0,tranco,http://www.tixcraft.com/,tixcraft.com
3534.0,http://www.lenovomm.com/api/v1/users,0,tranco,http://www.lenovomm.com/api/v1/users,lenovomm.com
1172.0,http://fb.me,0,tranco,http://fb.me,fb.me
2671.0,http://douyinpic.com/search,0,tranco,http://douyinpic.com/search,douyinpic.com
4004.0,http://www.guardingvision.com/,0,tranco,http://www.guardingvision.com/,guardingvision.com
2198.0,http://verizon.com/products/view/123,0,tranco,http://verizon.com/products/view/123,verizon.com
1854.0,http://pluto.tv/products/view/123?token=abcxyz123,0,tranco,http://pluto.tv/products/view/123?token=abcxyz123,pluto.tv
7582.0,http://americanas.com.br,0,tranco,http://americanas.com.br,americanas.com.br
7241.0,http://openlibrary.org/wp-content/uploads/image.jpg?token=abcxyz123,0,tranco,http://openlibrary.org/wp-content/uploads/image.jpg?token=abcxyz123,openlibrary.org
788.0,http://aiv-delivery.net/assets/css/style.css,0,tranco,http://aiv-delivery.net/assets/css/style.css,aiv-delivery.net
753.0,http://www.marriott.com/products/view/123?action=verify&token=abcxyz123abcxyz123abcxyz123abcxyz123abcxyz123abcxyz123abcxyz123abcxyz123,0,tranco,http://www.marriott.com/products/view/123?action=verify&token=abcxyz123abcxyz123abcxyz123abcxyz123abcxyz123abcxyz123abcxyz123abcxyz123,marriott.com
4272.0,http://abtasty.com/api/v1/users?q=test,0,tranco,http://abtasty.com/api/v1/users?q=test,abtasty.com
1871.0,http://sciencemag.org,0,tranco,http://sciencemag.org,sciencemag.org
451.0,http://sina.com.cn,0,tranco,http://sina.com.cn,sina.com.cn
5199.0,http://www.dns1.co.za/contact?token=abcxyz123,0,tranco,http://www.dns1.co.za/contact?token=abcxyz123,dns1.co.za
7753.0,http://snai.it/,0,tranco,http://snai.it/,snai.it
5481.0,http://dndbeyond.com/contact?redirect_url=https%3A%2F%2Fexample.com%2Fdashboard&session_id=abcdef1234567890abcdef1234567890,0,tranco,http://dndbeyond.com/contact?redirect_url=https://example.com/dashboard&session_id=abcdef1234567890abcdef1234567890,dndbeyond.com
9937.0,http://www.dark-manga.com/download?page=2,0,tranco,http://www.dark-manga.com/download?page=2,dark-manga.com
7358.0,http://www.niedersachsen.de/index.html,0,tranco,http://www.niedersachsen.de/index.html,niedersachsen.de
9342.0,http://dialmyapp.com/login,0,tranco,http://dialmyapp.com/login,dialmyapp.com
564.0,http://tripadvisor.com/products/view/123,0,tranco,http://tripadvisor.com/products/view/123,tripadvisor.com
8584.0,http://www.musixmatch.com/contact?id=123,0,tranco,http://www.musixmatch.com/contact?id=123,musixmatch.com
6551.0,http://www.gsa.gov/assets/css/style.css?action=verify&token=abcxyz123abcxyz123abcxyz123abcxyz123abcxyz123abcxyz123abcxyz123abcxyz123,0,tranco,http://www.gsa.gov/assets/css/style.css?action=verify&token=abcxyz123abcxyz123abcxyz123abcxyz123abcxyz123abcxyz123abcxyz123abcxyz123,gsa.gov
1406.0,http://inps.it/api/v1/users,0,tranco,http://inps.it/api/v1/users,inps.it
5329.0,http://www.kerala.gov.in/wp-content/uploads/image.jpg,0,tranco,http://www.kerala.gov.in/wp-content/uploads/image.jpg,kerala.gov.in
6076.0,http://www.playerok.com/download?id=123,0,tranco,http://www.playerok.com/download?id=123,playerok.com
8498.0,http://zhaopin.com/index.html,0,tranco,http://zhaopin.com/index.html,zhaopin.com
7683.0,http://icrc.org,0,tranco,http://icrc.org,icrc.org
8320.0,http://www.cwa.gov.tw/about,0,tranco,http://www.cwa.gov.tw/about,cwa.gov.tw
6911.0,http://www.autotrader.com/index.html?token=abcxyz123,0,tranco,http://www.autotrader.com/index.html?token=abcxyz123,autotrader.com
5077.0,http://alexa.com/wp-content/uploads/image.jpg?ref=twitter,0,tranco,http://alexa.com/wp-content/uploads/image.jpg?ref=twitter,alexa.com
6472.0,http://telecinco.es/register?id=123,0,tranco,http://telecinco.es/register?id=123,telecinco.es
3697.0,http://awsdns-43.com,0,tranco,http://awsdns-43.com,awsdns-43.com
6036.0,http://www.namemc.com/,0,tranco,http://www.namemc.com/,namemc.com
5397.0,http://pixels.com,0,tranco,http://pixels.com,pixels.com
5956.0,http://www.musical.ly/search,0,tranco,http://www.musical.ly/search,musical.ly
5034.0,http://anker-in.com/blog/article-name-here,0,tranco,http://anker-in.com/blog/article-name-here,anker-in.com
2445.0,http://staticflickr.com/search?page=2,0,tranco,http://staticflickr.com/search?page=2,staticflickr.com
3033.0,http://lecturas.com/wp-content/uploads/image.jpg,0,tranco,http://lecturas.com/wp-content/uploads/image.jpg,lecturas.com
4229.0,http://www.google.com.bd/register?ref=twitter,0,tranco,http://www.google.com.bd/register?ref=twitter,google.com.bd
3419.0,http://www.ethdisco.net/products/view/123?page=2,0,tranco,http://www.ethdisco.net/products/view/123?page=2,ethdisco.net
4280.0,http://os-lb.com,0,tranco,http://os-lb.com,os-lb.com
7392.0,http://delish.com,0,tranco,http://delish.com,delish.com
3658.0,http://www.braintreegateway.com/?token=abcxyz123,0,tranco,http://www.braintreegateway.com/?token=abcxyz123,braintreegateway.com
4808.0,http://worldometers.info/register,0,tranco,http://worldometers.info/register,worldometers.info
1217.0,http://icanhazip.com/login?ref=twitter,0,tranco,http://icanhazip.com/login?ref=twitter,icanhazip.com
8348.0,http://www.c-span.org/contact?token=abcxyz123,0,tranco,http://www.c-span.org/contact?token=abcxyz123,c-span.org
2636.0,http://blacktoon414.com/assets/css/style.css,0,tranco,http://blacktoon414.com/assets/css/style.css,blacktoon414.com
5940.0,http://tuoitre.vn/contact,0,tranco,http://tuoitre.vn/contact,tuoitre.vn
6427.0,http://www.fanpage.it/products/view/123?id=123,0,tranco,http://www.fanpage.it/products/view/123?id=123,fanpage.it
865.0,http://www.zpath.net/products/view/123?action=verify&token=abcxyz123abcxyz123abcxyz123abcxyz123abcxyz123abcxyz123abcxyz123abcxyz123,0,tranco,http://www.zpath.net/products/view/123?action=verify&token=abcxyz123abcxyz123abcxyz123abcxyz123abcxyz123abcxyz123abcxyz123abcxyz123,zpath.net
3262.0,http://www.nic.xyz/search,0,tranco,http://www.nic.xyz/search,nic.xyz
8520.0,http://onlinesbi.sbi,0,tranco,http://onlinesbi.sbi,onlinesbi.sbi
2124.0,http://itu.int,0,tranco,http://itu.int,itu.int
8778.0,http://storysaver.net,0,tranco,http://storysaver.net,storysaver.net
5985.0,http://bidster.net/contact,0,tranco,http://bidster.net/contact,bidster.net
7891.0,http://easybell.de/about?redirect_url=https%3A%2F%2Fexample.com%2Fdashboard&session_id=abcdef1234567890abcdef1234567890,0,tranco,http://easybell.de/about?redirect_url=https://example.com/dashboard&session_id=abcdef1234567890abcdef1234567890,easybell.de
3618.0,http://gatech.edu/blog/article-name-here,0,tranco,http://gatech.edu/blog/article-name-here,gatech.edu
8187.0,http://vbrtex.cc/contact,0,tranco,http://vbrtex.cc/contact,vbrtex.cc
5662.0,http://reference.com,0,tranco,http://reference.com,reference.com
9862.0,http://www.av-th.io/assets/css/style.css,0,tranco,http://www.av-th.io/assets/css/style.css,av-th.io
8617.0,http://mjt.lu/api/v1/users,0,tranco,http://mjt.lu/api/v1/users,mjt.lu
,https://lj4704.craftum.io/?naps,1,openphish,https://lj4704.craftum.io/?naps,craftum.io
7160.0,http://beeg.porn/contact?id=123,0,tranco,http://beeg.porn/contact?id=123,beeg.porn
4109.0,http://www.prismaaccess.com/register?redirect_url=https%3A%2F%2Fexample.com%2Fdashboard&session_id=abcdef1234567890abcdef1234567890,0,tranco,http://www.prismaaccess.com/register?redirect_url=https://example.com/dashboard&session_id=abcdef1234567890abcdef1234567890,prismaaccess.com
7121.0,http://tchibo.de,0,tranco,http://tchibo.de,tchibo.de
2695.0,http://1password.com/products/view/123?token=abcxyz123,0,tranco,http://1password.com/products/view/123?token=abcxyz123,1password.com
9453.0,http://google.al,0,tranco,http://google.al,google.al
4843.0,http://www.gfx.ms/products/view/123?redirect_url=https%3A%2F%2Fexample.com%2Fdashboard&session_id=abcdef1234567890abcdef1234567890,0,tranco,http://www.gfx.ms/products/view/123?redirect_url=https://example.com/dashboard&session_id=abcdef1234567890abcdef1234567890,gfx.ms
9206.0,http://www.vinted.net/login,0,tranco,http://www.vinted.net/login,vinted.net
7228.0,http://ishe88.com/api/v1/users,0,tranco,http://ishe88.com/api/v1/users,ishe88.com
8477.0,http://newsday.com/login?ref=twitter,0,tranco,http://newsday.com/login?ref=twitter,newsday.com
1653.0,http://www.arbada.com/?lang=en,0,tranco,http://www.arbada.com/?lang=en,arbada.com
6523.0,http://www.device9.com/assets/css/style.css,0,tranco,http://www.device9.com/assets/css/style.css,device9.com
1449.0,http://www.luxuretv.com/wp-content/uploads/image.jpg,0,tranco,http://www.luxuretv.com/wp-content/uploads/image.jpg,luxuretv.com
8997.0,http://hsforms.net/,0,tranco,http://hsforms.net/,hsforms.net
,http://openup.to/nfc0gtae,1,openphish,http://openup.to/nfc0gtae,openup.to
2557.0,http://mosspf.net/api/v1/users?utm_source=newsletter&utm_medium=email,0,tranco,http://mosspf.net/api/v1/users?utm_source=newsletter&utm_medium=email,mosspf.net
6639.0,http://jornada.com.mx,0,tranco,http://jornada.com.mx,jornada.com.mx
446.0,http://www.spaceweb.pro/register,0,tranco,http://www.spaceweb.pro/register,spaceweb.pro
841.0,http://appspot.com,0,tranco,http://appspot.com,appspot.com
7493.0,http://www.wow.xxx/?page=2,0,tranco,http://www.wow.xxx/?page=2,wow.xxx
9382.0,http://www.otter.ai/index.html?redirect_url=https%3A%2F%2Fexample.com%2Fdashboard&session_id=abcdef1234567890abcdef1234567890,0,tranco,http://www.otter.ai/index.html?redirect_url=https://example.com/dashboard&session_id=abcdef1234567890abcdef1234567890,otter.ai
5980.0,http://dual-s-dc-msedge.net/search,0,tranco,http://dual-s-dc-msedge.net/search,dual-s-dc-msedge.net
6806.0,http://google.com.pr,0,tranco,http://google.com.pr,google.com.pr
3627.0,http://www.azureedge.us/login,0,tranco,http://www.azureedge.us/login,azureedge.us
7292.0,http://www.aniwaves.ru/api/v1/users,0,tranco,http://www.aniwaves.ru/api/v1/users,aniwaves.ru
3127.0,http://dion.ne.jp/contact?id=123,0,tranco,http://dion.ne.jp/contact?id=123,dion.ne.jp
8420.0,http://www.ouedkniss.com/about?q=test,0,tranco,http://www.ouedkniss.com/about?q=test,ouedkniss.com
9385.0,http://sparkdriverapp.com/index.html?id=123,0,tranco,http://sparkdriverapp.com/index.html?id=123,sparkdriverapp.com
9774.0,http://steadfast.com.bd/products/view/123?token=abcxyz123,0,tranco,http://steadfast.com.bd/products/view/123?token=abcxyz123,steadfast.com.bd
8219.0,http://www.platinmods.com/api/v1/users?ref=twitter,0,tranco,http://www.platinmods.com/api/v1/users?ref=twitter,platinmods.com
2519.0,http://www.akaquill.net/,0,tranco,http://www.akaquill.net/,akaquill.net
4267.0,http://www.news18.com/login,0,tranco,http://www.news18.com/login,news18.com
4143.0,http://www.topdns.me/download?redirect_url=https%3A%2F%2Fexample.com%2Fdashboard&session_id=abcdef1234567890abcdef1234567890,0,tranco,http://www.topdns.me/download?redirect_url=https://example.com/dashboard&session_id=abcdef1234567890abcdef1234567890,topdns.me
4147.0,http://topdns.com,0,tranco,http://topdns.com,topdns.com
9562.0,http://crickexnow.com,0,tranco,http://crickexnow.com,crickexnow.com
2622.0,http://www.vid30s.com/index.html?lang=en,0,tranco,http://www.vid30s.com/index.html?lang=en,vid30s.com
1413.0,http://protothema.gr/login,0,tranco,http://protothema.gr/login,protothema.gr
3810.0,http://awsdns-46.com/,0,tranco,http://awsdns-46.com/,awsdns-46.com
5340.0,http://www.gofile.io/login,0,tranco,http://www.gofile.io/login,gofile.io
1536.0,http://theqoo.net,0,tranco,http://theqoo.net,theqoo.net
2341.0,http://www.discordapp.net/login,0,tranco,http://www.discordapp.net/login,discordapp.net
641.0,http://googletagservices.com,0,tranco,http://googletagservices.com,googletagservices.com
7112.0,http://www.volkswagen.de/search?ref=twitter,0,tranco,http://www.volkswagen.de/search?ref=twitter,volkswagen.de
3253.0,http://billboard.com/search,0,tranco,http://billboard.com/search,billboard.com
7426.0,http://www.batch.com/api/v1/users?lang=en,0,tranco,http://www.batch.com/api/v1/users?lang=en,batch.com
8888.0,http://www.ulisboa.pt/about,0,tranco,http://www.ulisboa.pt/about,ulisboa.pt
905.0,http://mailinabox.email,0,tranco,http://mailinabox.email,mailinabox.email
1189.0,http://aftonbladet.se/blog/article-name-here?id=123,0,tranco,http://aftonbladet.se/blog/article-name-here?id=123,aftonbladet.se
7919.0,http://skai.gr/api/v1/users?action=verify&token=abcxyz123abcxyz123abcxyz123abcxyz123abcxyz123abcxyz123abcxyz123abcxyz123,0,tranco,http://skai.gr/api/v1/users?action=verify&token=abcxyz123abcxyz123abcxyz123abcxyz123abcxyz123abcxyz123abcxyz123abcxyz123,skai.gr
7999.0,http://www.bongacams.com/contact?action=verify&token=abcxyz123abcxyz123abcxyz123abcxyz123abcxyz123abcxyz123abcxyz123abcxyz123,0,tranco,http://www.bongacams.com/contact?action=verify&token=abcxyz123abcxyz123abcxyz123abcxyz123abcxyz123abcxyz123abcxyz123abcxyz123,bongacams.com
8930.0,http://www.hasznaltauto.hu/download,0,tranco,http://www.hasznaltauto.hu/download,hasznaltauto.hu
5288.0,http://www.uky.edu/api/v1/users?page=2,0,tranco,http://www.uky.edu/api/v1/users?page=2,uky.edu
5427.0,http://musescore.com,0,tranco,http://musescore.com,musescore.com
2046.0,http://ezvizru.com/download,0,tranco,http://ezvizru.com/download,ezvizru.com
3901.0,http://dnsv2.com/assets/css/style.css,0,tranco,http://dnsv2.com/assets/css/style.css,dnsv2.com
8515.0,http://www.redwap.tv/login,0,tranco,http://www.redwap.tv/login,redwap.tv
5870.0,http://www.paho.org/assets/css/style.css,0,tranco,http://www.paho.org/assets/css/style.css,paho.org
4463.0,http://steptofsvo.com/register,0,tranco,http://steptofsvo.com/register,steptofsvo.com
657.0,http://fontawesome.com/blog/article-name-here,0,tranco,http://fontawesome.com/blog/article-name-here,fontawesome.com
1805.0,http://rayjump.com,0,tranco,http://rayjump.com,rayjump.com
3018.0,http://awsdns-03.com/wp-content/uploads/image.jpg?q=test,0,tranco,http://awsdns-03.com/wp-content/uploads/image.jpg?q=test,awsdns-03.com
6480.0,http://www.rtcfront.net/register?q=test,0,tranco,http://www.rtcfront.net/register?q=test,rtcfront.net
8779.0,http://www.haremaltin.com/login,0,tranco,http://www.haremaltin.com/login,haremaltin.com
831.0,http://www.focus.de/,0,tranco,http://www.focus.de/,focus.de
9341.0,http://bysex.click/blog/article-name-here,0,tranco,http://bysex.click/blog/article-name-here,bysex.click
6796.0,http://fragrantica.com/assets/css/style.css,0,tranco,http://fragrantica.com/assets/css/style.css,fragrantica.com
514.0,http://atlassian.net,0,tranco,http://atlassian.net,atlassian.net
3703.0,http://www.blacktoon416.com/contact,0,tranco,http://www.blacktoon416.com/contact,blacktoon416.com
129.0,http://cdn77.org/products/view/123?utm_source=newsletter&utm_medium=email,0,tranco,http://cdn77.org/products/view/123?utm_source=newsletter&utm_medium=email,cdn77.org
8161.0,http://www.ge.com/search?id=123,0,tranco,http://www.ge.com/search?id=123,ge.com
2303.0,http://icann.org,0,tranco,http://icann.org,icann.org
7009.0,http://homeip.net/index.html?ref=twitter,0,tranco,http://homeip.net/index.html?ref=twitter,homeip.net
9714.0,http://downloadwella.com/search?ref=twitter,0,tranco,http://downloadwella.com/search?ref=twitter,downloadwella.com
2890.0,http://evo-games.com,0,tranco,http://evo-games.com,evo-games.com
7445.0,http://o3.ru/products/view/123?utm_source=newsletter&utm_medium=email,0,tranco,http://o3.ru/products/view/123?utm_source=newsletter&utm_medium=email,o3.ru
1508.0,http://kooora.com,0,tranco,http://kooora.com,kooora.com
826.0,http://www.sc-cdn.net/login?q=test,0,tranco,http://www.sc-cdn.net/login?q=test,sc-cdn.net
945.0,http://www.hm.com/products/view/123?utm_source=newsletter&utm_medium=email,0,tranco,http://www.hm.com/products/view/123?utm_source=newsletter&utm_medium=email,hm.com
4428.0,http://www.growcdnssedge.com/download,0,tranco,http://www.growcdnssedge.com/download,growcdnssedge.com
5697.0,http://oclc.org/login,0,tranco,http://oclc.org/login,oclc.org
1450.0,http://www.hdporncomics.com/about?lang=en,0,tranco,http://www.hdporncomics.com/about?lang=en,hdporncomics.com
9793.0,http://set.gov.py/blog/article-name-here?id=123,0,tranco,http://set.gov.py/blog/article-name-here?id=123,set.gov.py
5635.0,http://sleepfoundation.org,0,tranco,http://sleepfoundation.org,sleepfoundation.org
9379.0,http://themoviebox.xyz/,0,tranco,http://themoviebox.xyz/,themoviebox.xyz
9752.0,http://www.3iskk.xyz/contact,0,tranco,http://www.3iskk.xyz/contact,3iskk.xyz
7374.0,http://www.in.gr/index.html,0,tranco,http://www.in.gr/index.html,in.gr
7369.0,http://your-storagebox.de/register,0,tranco,http://your-storagebox.de/register,your-storagebox.de
6621.0,http://narvar.com/register?action=verify&token=abcxyz123abcxyz123abcxyz123abcxyz123abcxyz123abcxyz123abcxyz123abcxyz123,0,tranco,http://narvar.com/register?action=verify&token=abcxyz123abcxyz123abcxyz123abcxyz123abcxyz123abcxyz123abcxyz123abcxyz123,narvar.com
9266.0,http://www.txxx.com/api/v1/users,0,tranco,http://www.txxx.com/api/v1/users,txxx.com
3668.0,http://awsdns-35.com/?id=123,0,tranco,http://awsdns-35.com/?id=123,awsdns-35.com
2490.0,http://www.wayfair.com/index.html?id=123,0,tranco,http://www.wayfair.com/index.html?id=123,wayfair.com
8429.0,http://partsouq.com/blog/article-name-here?id=123,0,tranco,http://partsouq.com/blog/article-name-here?id=123,partsouq.com
1551.0,http://fastdl.app,0,tranco,http://fastdl.app,fastdl.app
3939.0,http://awsdns-17.com/login,0,tranco,http://awsdns-17.com/login,awsdns-17.com
3540.0,http://cuny.edu/about?utm_source=newsletter&utm_medium=email,0,tranco,http://cuny.edu/about?utm_source=newsletter&utm_medium=email,cuny.edu
9922.0,http://idealmedia.io/contact?lang=en,0,tranco,http://idealmedia.io/contact?lang=en,idealmedia.io
604.0,http://www.digitalocean.com/download?ref=twitter,0,tranco,http://www.digitalocean.com/download?ref=twitter,digitalocean.com
4872.0,http://www.op.gg/blog/article-name-here?id=123,0,tranco,http://www.op.gg/blog/article-name-here?id=123,op.gg
9352.0,http://www.turfomania.fr/,0,tranco,http://www.turfomania.fr/,turfomania.fr
,http://portls-ledgr-live-io.pages.dev/,1,openphish,http://portls-ledgr-live-io.pages.dev/,pages.dev
5032.0,http://king.com/register,0,tranco,http://king.com/register,king.com
9676.0,http://leaktube.net/contact,0,tranco,http://leaktube.net/contact,leaktube.net
6855.0,http://carrefour.es,0,tranco,http://carrefour.es,carrefour.es
6439.0,http://uni-koeln.de/wp-content/uploads/image.jpg?utm_source=newsletter&utm_medium=email,0,tranco,http://uni-koeln.de/wp-content/uploads/image.jpg?utm_source=newsletter&utm_medium=email,uni-koeln.de
6498.0,http://www.lazada.com/assets/css/style.css,0,tranco,http://www.lazada.com/assets/css/style.css,lazada.com
1635.0,http://skipthegames.com/about?ref=twitter,0,tranco,http://skipthegames.com/about?ref=twitter,skipthegames.com
413.0,http://www.huawei.com/register?q=test,0,tranco,http://www.huawei.com/register?q=test,huawei.com
2927.0,http://www.uribl.com/api/v1/users?lang=en,0,tranco,http://www.uribl.com/api/v1/users?lang=en,uribl.com
7951.0,http://juris.de/download?action=verify&token=abcxyz123abcxyz123abcxyz123abcxyz123abcxyz123abcxyz123abcxyz123abcxyz123,0,tranco,http://juris.de/download?action=verify&token=abcxyz123abcxyz123abcxyz123abcxyz123abcxyz123abcxyz123abcxyz123abcxyz123,juris.de
5310.0,http://www.kotaku.com/login,0,tranco,http://www.kotaku.com/login,kotaku.com
269.0,http://vecdnlb.com/assets/css/style.css?page=2,0,tranco,http://vecdnlb.com/assets/css/style.css?page=2,vecdnlb.com
7619.0,http://r-line.ru/download?redirect_url=https%3A%2F%2Fexample.com%2Fdashboard&session_id=abcdef1234567890abcdef1234567890,0,tranco,http://r-line.ru/download?redirect_url=https://example.com/dashboard&session_id=abcdef1234567890abcdef1234567890,r-line.ru
5571.0,http://thalia.de,0,tranco,http://thalia.de,thalia.de
7294.0,http://fakt.pl,0,tranco,http://fakt.pl,fakt.pl
3647.0,http://www.x-arxx.com/index.html,0,tranco,http://www.x-arxx.com/index.html,x-arxx.com
3336.0,http://thetimes.com/api/v1/users,0,tranco,http://thetimes.com/api/v1/users,thetimes.com
8504.0,http://www.google.com.bo/wp-content/uploads/image.jpg,0,tranco,http://www.google.com.bo/wp-content/uploads/image.jpg,google.com.bo
3921.0,http://nssvc.net/products/view/123,0,tranco,http://nssvc.net/products/view/123,nssvc.net
9113.0,http://www.micasino.com/?q=test,0,tranco,http://www.micasino.com/?q=test,micasino.com
1349.0,http://xnxx.tv/blog/article-name-here?redirect_url=https%3A%2F%2Fexample.com%2Fdashboard&session_id=abcdef1234567890abcdef1234567890,0,tranco,http://xnxx.tv/blog/article-name-here?redirect_url=https://example.com/dashboard&session_id=abcdef1234567890abcdef1234567890,xnxx.tv
5290.0,http://michigan.gov/products/view/123,0,tranco,http://michigan.gov/products/view/123,michigan.gov
6672.0,http://gmw.cn,0,tranco,http://gmw.cn,gmw.cn
7021.0,http://www.dm.de/api/v1/users,0,tranco,http://www.dm.de/api/v1/users,dm.de
741.0,http://sophos.com,0,tranco,http://sophos.com,sophos.com
6899.0,http://www.bystys.tech/wp-content/uploads/image.jpg,0,tranco,http://www.bystys.tech/wp-content/uploads/image.jpg,bystys.tech
9165.0,http://gegen-hartz.de,0,tranco,http://gegen-hartz.de,gegen-hartz.de
7371.0,http://www.gunbroker.com/search,0,tranco,http://www.gunbroker.com/search,gunbroker.com
2796.0,http://mfadsrvr.com/contact,0,tranco,http://mfadsrvr.com/contact,mfadsrvr.com
505.0,http://foxnews.com/about,0,tranco,http://foxnews.com/about,foxnews.com
8250.0,http://hdfilmcehennemi.nl/?token=abcxyz123,0,tranco,http://hdfilmcehennemi.nl/?token=abcxyz123,hdfilmcehennemi.nl
1797.0,http://www.enable-javascript.com/index.html?redirect_url=https%3A%2F%2Fexample.com%2Fdashboard&session_id=abcdef1234567890abcdef1234567890,0,tranco,http://www.enable-javascript.com/index.html?redirect_url=https://example.com/dashboard&session_id=abcdef1234567890abcdef1234567890,enable-javascript.com
8474.0,http://69shuba.com,0,tranco,http://69shuba.com,69shuba.com
1173.0,http://www.admin.ch/blog/article-name-here?id=123,0,tranco,http://www.admin.ch/blog/article-name-here?id=123,admin.ch
,http://uber-driver-support.netlify.app/,1,openphish,http://uber-driver-support.netlify.app/,netlify.app
2150.0,http://thousandeyes.com,0,tranco,http://thousandeyes.com,thousandeyes.com
4063.0,http://awsdns-09.com/search?utm_source=newsletter&utm_medium=email,0,tranco,http://awsdns-09.com/search?utm_source=newsletter&utm_medium=email,awsdns-09.com
4816.0,http://polygon.com/api/v1/users?lang=en,0,tranco,http://polygon.com/api/v1/users?lang=en,polygon.com
5836.0,http://brivo.com,0,tranco,http://brivo.com,brivo.com
1198.0,http://www.huggingface.co/login,0,tranco,http://www.huggingface.co/login,huggingface.co
3967.0,http://lazada.com.ph/assets/css/style.css?redirect_url=https%3A%2F%2Fexample.com%2Fdashboard&session_id=abcdef1234567890abcdef1234567890,0,tranco,http://lazada.com.ph/assets/css/style.css?redirect_url=https://example.com/dashboard&session_id=abcdef1234567890abcdef1234567890,lazada.com.ph
1685.0,http://goal7.co,0,tranco,http://goal7.co,goal7.co
7375.0,http://islonline.net/search,0,tranco,http://islonline.net/search,islonline.net
9606.0,http://www.easyhomescreen.com/products/view/123?id=123,0,tranco,http://www.easyhomescreen.com/products/view/123?id=123,easyhomescreen.com
8177.0,http://mxplayer.in/?id=123,0,tranco,http://mxplayer.in/?id=123,mxplayer.in
3862.0,http://zimbra.com/index.html?id=123,0,tranco,http://zimbra.com/index.html?id=123,zimbra.com
,https://www.roblox.com.gr/users/622177948453/profilemalwarenetworkstealer,1,openphish,https://www.roblox.com.gr/users/622177948453/profilemalwarenetworkstealer,roblox.com.gr
9505.0,http://soton.ac.uk/about?page=2,0,tranco,http://soton.ac.uk/about?page=2,soton.ac.uk
8284.0,http://www.brightree.net/blog/article-name-here?q=test,0,tranco,http://www.brightree.net/blog/article-name-here?q=test,brightree.net
8664.0,http://www.voetbalzone.nl/download,0,tranco,http://www.voetbalzone.nl/download,voetbalzone.nl
6897.0,http://www.zalando.fr/wp-content/uploads/image.jpg,0,tranco,http://www.zalando.fr/wp-content/uploads/image.jpg,zalando.fr
9436.0,http://udiseplus.gov.in/wp-content/uploads/image.jpg?lang=en,0,tranco,http://udiseplus.gov.in/wp-content/uploads/image.jpg?lang=en,udiseplus.gov.in
2560.0,http://audible.com/index.html?utm_source=newsletter&utm_medium=email,0,tranco,http://audible.com/index.html?utm_source=newsletter&utm_medium=email,audible.com
3918.0,http://rte.ie/api/v1/users,0,tranco,http://rte.ie/api/v1/users,rte.ie
3353.0,http://wireshark.org,0,tranco,http://wireshark.org,wireshark.org
2201.0,http://gos-gsp.io/contact,0,tranco,http://gos-gsp.io/contact,gos-gsp.io
1257.0,http://ap4r.com,0,tranco,http://ap4r.com,ap4r.com
8355.0,http://eki-net.com/?id=123,0,tranco,http://eki-net.com/?id=123,eki-net.com
7537.0,http://tmn141246.ru/index.html,0,tranco,http://tmn141246.ru/index.html,tmn141246.ru
1590.0,http://ey43.com/wp-content/uploads/image.jpg,0,tranco,http://ey43.com/wp-content/uploads/image.jpg,ey43.com
1752.0,http://www.admissions.nic.in/assets/css/style.css,0,tranco,http://www.admissions.nic.in/assets/css/style.css,admissions.nic.in
8445.0,http://awsdns-44.co.uk,0,tranco,http://awsdns-44.co.uk,awsdns-44.co.uk
315.0,http://www.salesforce.com/wp-content/uploads/image.jpg?utm_source=newsletter&utm_medium=email,0,tranco,http://www.salesforce.com/wp-content/uploads/image.jpg?utm_source=newsletter&utm_medium=email,salesforce.com
,http://www.2129.win/,1,openphish,http://www.2129.win/,2129.win
8058.0,http://www.soccer365.ru/?page=2,0,tranco,http://www.soccer365.ru/?page=2,soccer365.ru
942.0,http://repubblica.it/contact,0,tranco,http://repubblica.it/contact,repubblica.it
1999.0,http://www.amazonaws.com.cn/search,0,tranco,http://www.amazonaws.com.cn/search,amazonaws.com.cn
360.0,http://google.cn,0,tranco,http://google.cn,google.cn
6442.0,http://mtu.ru,0,tranco,http://mtu.ru,mtu.ru
6259.0,http://tango.me/blog/article-name-here,0,tranco,http://tango.me/blog/article-name-here,tango.me
5726.0,http://www.chefkoch.de/about?lang=en,0,tranco,http://www.chefkoch.de/about?lang=en,chefkoch.de
6149.0,http://www.lavozdegalicia.es/api/v1/users,0,tranco,http://www.lavozdegalicia.es/api/v1/users,lavozdegalicia.es
924.0,http://www.ys7.com/assets/css/style.css,0,tranco,http://www.ys7.com/assets/css/style.css,ys7.com
9221.0,http://tencentcs.com/download?redirect_url=https%3A%2F%2Fexample.com%2Fdashboard&session_id=abcdef1234567890abcdef1234567890,0,tranco,http://tencentcs.com/download?redirect_url=https://example.com/dashboard&session_id=abcdef1234567890abcdef1234567890,tencentcs.com
2893.0,http://www.bu.edu/wp-content/uploads/image.jpg,0,tranco,http://www.bu.edu/wp-content/uploads/image.jpg,bu.edu
6816.0,http://www.maxroll.gg/search,0,tranco,http://www.maxroll.gg/search,maxroll.gg
6102.0,http://netcologne.de/contact?ref=twitter,0,tranco,http://netcologne.de/contact?ref=twitter,netcologne.de
6891.0,http://hiddenvpn.ru/about,0,tranco,http://hiddenvpn.ru/about,hiddenvpn.ru
5024.0,http://ghcr.io,0,tranco,http://ghcr.io,ghcr.io
3281.0,http://www.heyzine.com/assets/css/style.css,0,tranco,http://www.heyzine.com/assets/css/style.css,heyzine.com
7744.0,http://wikiwiki.jp/,0,tranco,http://wikiwiki.jp/,wikiwiki.jp
,http://roblox.com.bi/users/948999725954/profilemalwarenetworkstealer,1,openphish,http://roblox.com.bi/users/948999725954/profilemalwarenetworkstealer,roblox.com.bi
4691.0,http://www.nationalacademies.org/products/view/123,0,tranco,http://www.nationalacademies.org/products/view/123,nationalacademies.org
4369.0,http://abcp.ru/api/v1/users?redirect_url=https%3A%2F%2Fexample.com%2Fdashboard&session_id=abcdef1234567890abcdef1234567890,0,tranco,http://abcp.ru/api/v1/users?redirect_url=https://example.com/dashboard&session_id=abcdef1234567890abcdef1234567890,abcp.ru
3294.0,http://watchguard.com,0,tranco,http://watchguard.com,watchguard.com
9552.0,http://www.avdbs.com/about?utm_source=newsletter&utm_medium=email,0,tranco,http://www.avdbs.com/about?utm_source=newsletter&utm_medium=email,avdbs.com
7406.0,http://eonet.ne.jp/assets/css/style.css,0,tranco,http://eonet.ne.jp/assets/css/style.css,eonet.ne.jp
2678.0,http://ikarem.io,0,tranco,http://ikarem.io,ikarem.io
2115.0,http://mirror.co.uk/index.html,0,tranco,http://mirror.co.uk/index.html,mirror.co.uk
3343.0,http://mxptint.net/download?page=2,0,tranco,http://mxptint.net/download?page=2,mxptint.net
7486.0,http://www.basalam.com/products/view/123?q=test,0,tranco,http://www.basalam.com/products/view/123?q=test,basalam.com
1439.0,http://toyhou.se/wp-content/uploads/image.jpg,0,tranco,http://toyhou.se/wp-content/uploads/image.jpg,toyhou.se
729.0,http://www.shopee.co.id/about,0,tranco,http://www.shopee.co.id/about,shopee.co.id
3822.0,http://securityfocus.com/about,0,tranco,http://securityfocus.com/about,securityfocus.com
9874.0,http://www.awsdns-00.co.uk/,0,tranco,http://www.awsdns-00.co.uk/,awsdns-00.co.uk
9943.0,http://djpunjab.is/index.html,0,tranco,http://djpunjab.is/index.html,djpunjab.is
2062.0,http://www.nba.com/index.html,0,tranco,http://www.nba.com/index.html,nba.com
873.0,http://azure-devices.net/about,0,tranco,http://azure-devices.net/about,azure-devices.net
2147.0,http://www.dropboxusercontent.com/assets/css/style.css?id=123,0,tranco,http://www.dropboxusercontent.com/assets/css/style.css?id=123,dropboxusercontent.com
8055.0,http://gendai.media,0,tranco,http://gendai.media,gendai.media
9473.0,http://crex.com/products/view/123?id=123,0,tranco,http://crex.com/products/view/123?id=123,crex.com
8599.0,http://www.soccerway.com/download?utm_source=newsletter&utm_medium=email,0,tranco,http://www.soccerway.com/download?utm_source=newsletter&utm_medium=email,soccerway.com
8293.0,http://www.livechatenterprise.com/about,0,tranco,http://www.livechatenterprise.com/about,livechatenterprise.com
4790.0,http://stocrm.ru/register,0,tranco,http://stocrm.ru/register,stocrm.ru
933.0,http://agora.io/wp-content/uploads/image.jpg?ref=twitter,0,tranco,http://agora.io/wp-content/uploads/image.jpg?ref=twitter,agora.io
6124.0,http://wn.com/wp-content/uploads/image.jpg,0,tranco,http://wn.com/wp-content/uploads/image.jpg,wn.com
8345.0,http://uba.ar,0,tranco,http://uba.ar,uba.ar
5987.0,http://www.ucalgary.ca/assets/css/style.css?lang=en,0,tranco,http://www.ucalgary.ca/assets/css/style.css?lang=en,ucalgary.ca
6767.0,http://britishmuseum.org/wp-content/uploads/image.jpg?token=abcxyz123,0,tranco,http://britishmuseum.org/wp-content/uploads/image.jpg?token=abcxyz123,britishmuseum.org
2879.0,http://www.traveloka.com/assets/css/style.css?q=test,0,tranco,http://www.traveloka.com/assets/css/style.css?q=test,traveloka.com
2027.0,http://cloudflarestorage.com/index.html?lang=en,0,tranco,http://cloudflarestorage.com/index.html?lang=en,cloudflarestorage.com
7682.0,http://www.ghostery.net/search?id=123,0,tranco,http://www.ghostery.net/search?id=123,ghostery.net
102.0,http://www.yandex.ru/index.html,0,tranco,http://www.yandex.ru/index.html,yandex.ru
3318.0,http://www.awsdns-52.com/login?ref=twitter,0,tranco,http://www.awsdns-52.com/login?ref=twitter,awsdns-52.com
6940.0,http://bhg.com,0,tranco,http://bhg.com,bhg.com
9594.0,http://mcpedl.org/search?utm_source=newsletter&utm_medium=email,0,tranco,http://mcpedl.org/search?utm_source=newsletter&utm_medium=email,mcpedl.org
2337.0,http://filgoal.com/index.html?action=verify&token=abcxyz123abcxyz123abcxyz123abcxyz123abcxyz123abcxyz123abcxyz123abcxyz123,0,tranco,http://filgoal.com/index.html?action=verify&token=abcxyz123abcxyz123abcxyz123abcxyz123abcxyz123abcxyz123abcxyz123abcxyz123,filgoal.com
9489.0,http://www.dhlottery.co.kr/about?q=test,0,tranco,http://www.dhlottery.co.kr/about?q=test,dhlottery.co.kr
1544.0,http://www.croxyproxy.com/search?token=abcxyz123,0,tranco,http://www.croxyproxy.com/search?token=abcxyz123,croxyproxy.com
4887.0,http://www.google.com.pg/,0,tranco,http://www.google.com.pg/,google.com.pg
9682.0,http://whc.ca/register,0,tranco,http://whc.ca/register,whc.ca
5872.0,http://www.alza.cz/?utm_source=newsletter&utm_medium=email,0,tranco,http://www.alza.cz/?utm_source=newsletter&utm_medium=email,alza.cz
7892.0,http://www.ssllabs.com/index.html?utm_source=newsletter&utm_medium=email,0,tranco,http://www.ssllabs.com/index.html?utm_source=newsletter&utm_medium=email,ssllabs.com
9048.0,http://vsco.co/wp-content/uploads/image.jpg?lang=en,0,tranco,http://vsco.co/wp-content/uploads/image.jpg?lang=en,vsco.co
2182.0,http://clients-cdnnow.ru/register,0,tranco,http://clients-cdnnow.ru/register,clients-cdnnow.ru
1623.0,http://afribaba.com,0,tranco,http://afribaba.com,afribaba.com
7835.0,http://steelseries.com/index.html,0,tranco,http://steelseries.com/index.html,steelseries.com
8893.0,http://reliancedigital.in,0,tranco,http://reliancedigital.in,reliancedigital.in
,https://ledger-livedsktpp.pages.dev/,1,openphish,https://ledger-livedsktpp.pages.dev/,pages.dev
1419.0,http://xserver.jp/contact,0,tranco,http://xserver.jp/contact,xserver.jp
545.0,http://vidaahub.com/,0,tranco,http://vidaahub.com/,vidaahub.com
837.0,http://www.msftauth.net/index.html?q=test,0,tranco,http://www.msftauth.net/index.html?q=test,msftauth.net
3845.0,http://www.net.ru/download?redirect_url=https%3A%2F%2Fexample.com%2Fdashboard&session_id=abcdef1234567890abcdef1234567890,0,tranco,http://www.net.ru/download?redirect_url=https://example.com/dashboard&session_id=abcdef1234567890abcdef1234567890,net.ru
1925.0,http://moengage.com/wp-content/uploads/image.jpg,0,tranco,http://moengage.com/wp-content/uploads/image.jpg,moengage.com
3382.0,http://www.samsclub.com/assets/css/style.css,0,tranco,http://www.samsclub.com/assets/css/style.css,samsclub.com
4501.0,http://www.google.co.ao/about,0,tranco,http://www.google.co.ao/about,google.co.ao
170.0,http://www.ax-msedge.net/index.html?utm_source=newsletter&utm_medium=email,0,tranco,http://www.ax-msedge.net/index.html?utm_source=newsletter&utm_medium=email,ax-msedge.net
880.0,http://worldbank.org,0,tranco,http://worldbank.org,worldbank.org
7581.0,http://www.smartape.ru/login?utm_source=newsletter&utm_medium=email,0,tranco,http://www.smartape.ru/login?utm_source=newsletter&utm_medium=email,smartape.ru
1135.0,http://www.vivo.com/contact,0,tranco,http://www.vivo.com/contact,vivo.com
5386.0,http://aa.com.tr/index.html,0,tranco,http://aa.com.tr/index.html,aa.com.tr
5968.0,http://www.gingerall.com/login,0,tranco,http://www.gingerall.com/login,gingerall.com
2428.0,http://splunkcloud.com/download,0,tranco,http://splunkcloud.com/download,splunkcloud.com
6638.0,http://www.ugent.be/download,0,tranco,http://www.ugent.be/download,ugent.be
6900.0,http://inkscape.org/contact,0,tranco,http://inkscape.org/contact,inkscape.org
138.0,http://trbcdn.net/assets/css/style.css?action=verify&token=abcxyz123abcxyz123abcxyz123abcxyz123abcxyz123abcxyz123abcxyz123abcxyz123,0,tranco,http://trbcdn.net/assets/css/style.css?action=verify&token=abcxyz123abcxyz123abcxyz123abcxyz123abcxyz123abcxyz123abcxyz123abcxyz123,trbcdn.net
134.0,http://www.nih.gov/index.html,0,tranco,http://www.nih.gov/index.html,nih.gov
1261.0,http://naukri.com/register?action=verify&token=abcxyz123abcxyz123abcxyz123abcxyz123abcxyz123abcxyz123abcxyz123abcxyz123,0,tranco,http://naukri.com/register?action=verify&token=abcxyz123abcxyz123abcxyz123abcxyz123abcxyz123abcxyz123abcxyz123abcxyz123,naukri.com
4177.0,http://rnp.br,0,tranco,http://rnp.br,rnp.br
2840.0,http://www.bumble.com/contact?q=test,0,tranco,http://www.bumble.com/contact?q=test,bumble.com
400.0,http://www.vivoglobal.com/products/view/123,0,tranco,http://www.vivoglobal.com/products/view/123,vivoglobal.com
2191.0,http://www.onrender.com/download?id=123,0,tranco,http://www.onrender.com/download?id=123,onrender.com
7226.0,http://awsdns-34.net/api/v1/users,0,tranco,http://awsdns-34.net/api/v1/users,awsdns-34.net
2063.0,http://www.google.co.id/blog/article-name-here?redirect_url=https%3A%2F%2Fexample.com%2Fdashboard&session_id=abcdef1234567890abcdef1234567890,0,tranco,http://www.google.co.id/blog/article-name-here?redirect_url=https://example.com/dashboard&session_id=abcdef1234567890abcdef1234567890,google.co.id
4968.0,http://www.ameli.fr/login?ref=twitter,0,tranco,http://www.ameli.fr/login?ref=twitter,ameli.fr
9560.0,http://snplow.net,0,tranco,http://snplow.net,snplow.net
9444.0,http://google.ms/assets/css/style.css?q=test,0,tranco,http://google.ms/assets/css/style.css?q=test,google.ms
1294.0,http://justdial.com,0,tranco,http://justdial.com,justdial.com
2014.0,http://julydns.com/download,0,tranco,http://julydns.com/download,julydns.com
7787.0,http://www.danas.rs/contact?q=test,0,tranco,http://www.danas.rs/contact?q=test,danas.rs
8653.0,http://tohotheater.jp,0,tranco,http://tohotheater.jp,tohotheater.jp
8243.0,http://www.myshn.net/products/view/123?ref=twitter,0,tranco,http://www.myshn.net/products/view/123?ref=twitter,myshn.net
3035.0,http://www.kir2kos.net/about,0,tranco,http://www.kir2kos.net/about,kir2kos.net
4573.0,http://fujitsu.com/download,0,tranco,http://fujitsu.com/download,fujitsu.com
1665.0,http://www.gartner.com/about?action=verify&token=abcxyz123abcxyz123abcxyz123abcxyz123abcxyz123abcxyz123abcxyz123abcxyz123,0,tranco,http://www.gartner.com/about?action=verify&token=abcxyz123abcxyz123abcxyz123abcxyz123abcxyz123abcxyz123abcxyz123abcxyz123,gartner.com
4478.0,http://www.pochta.ru/assets/css/style.css?lang=en,0,tranco,http://www.pochta.ru/assets/css/style.css?lang=en,pochta.ru
,https://f35f44.icefactory.cl/,1,openphish,https://f35f44.icefactory.cl/,icefactory.cl
3341.0,http://www.fox.com/search,0,tranco,http://www.fox.com/search,fox.com
9705.0,http://google.so/wp-content/uploads/image.jpg,0,tranco,http://google.so/wp-content/uploads/image.jpg,google.so
2595.0,http://woocommerce.com/about,0,tranco,http://woocommerce.com/about,woocommerce.com
6751.0,http://www.d-zone.ca/register,0,tranco,http://www.d-zone.ca/register,d-zone.ca
9889.0,http://dwin1.com/api/v1/users,0,tranco,http://dwin1.com/api/v1/users,dwin1.com
3616.0,http://foxbusiness.com/blog/article-name-here,0,tranco,http://foxbusiness.com/blog/article-name-here,foxbusiness.com
7723.0,http://ks-live.com/assets/css/style.css?ref=twitter,0,tranco,http://ks-live.com/assets/css/style.css?ref=twitter,ks-live.com
6707.0,http://proximus.be,0,tranco,http://proximus.be,proximus.be
5197.0,http://www.qunaer.com/assets/css/style.css,0,tranco,http://www.qunaer.com/assets/css/style.css,qunaer.com
4866.0,http://www.channel4.com/?action=verify&token=abcxyz123abcxyz123abcxyz123abcxyz123abcxyz123abcxyz123abcxyz123abcxyz123,0,tranco,http://www.channel4.com/?action=verify&token=abcxyz123abcxyz123abcxyz123abcxyz123abcxyz123abcxyz123abcxyz123abcxyz123,channel4.com
8061.0,http://autotrader.co.za/register,0,tranco,http://autotrader.co.za/register,autotrader.co.za
3688.0,http://bounceexchange.com,0,tranco,http://bounceexchange.com,bounceexchange.com
1362.0,http://comix.to/download?token=abcxyz123,0,tranco,http://comix.to/download?token=abcxyz123,comix.to
2301.0,http://wpengine.com,0,tranco,http://wpengine.com,wpengine.com
193.0,http://theguardian.com/index.html,0,tranco,http://theguardian.com/index.html,theguardian.com
6708.0,http://domain.com.au,0,tranco,http://domain.com.au,domain.com.au
6540.0,http://mercadoclics.com/wp-content/uploads/image.jpg?ref=twitter,0,tranco,http://mercadoclics.com/wp-content/uploads/image.jpg?ref=twitter,mercadoclics.com
6979.0,http://bancsabadell.com/contact,0,tranco,http://bancsabadell.com/contact,bancsabadell.com
2620.0,http://www.expressapisv2.net/assets/css/style.css?lang=en,0,tranco,http://www.expressapisv2.net/assets/css/style.css?lang=en,expressapisv2.net
5134.0,http://alldatasheet.com/products/view/123,0,tranco,http://alldatasheet.com/products/view/123,alldatasheet.com
699.0,http://globalsign.com,0,tranco,http://globalsign.com,globalsign.com
4119.0,http://www.gcloudcs.com/wp-content/uploads/image.jpg,0,tranco,http://www.gcloudcs.com/wp-content/uploads/image.jpg,gcloudcs.com
2849.0,http://www.gumroad.com/?redirect_url=https%3A%2F%2Fexample.com%2Fdashboard&session_id=abcdef1234567890abcdef1234567890,0,tranco,http://www.gumroad.com/?redirect_url=https://example.com/dashboard&session_id=abcdef1234567890abcdef1234567890,gumroad.com
8631.0,http://www.samarth.edu.in/login?utm_source=newsletter&utm_medium=email,0,tranco,http://www.samarth.edu.in/login?utm_source=newsletter&utm_medium=email,samarth.edu.in
5051.0,http://yango.com/about?redirect_url=https%3A%2F%2Fexample.com%2Fdashboard&session_id=abcdef1234567890abcdef1234567890,0,tranco,http://yango.com/about?redirect_url=https://example.com/dashboard&session_id=abcdef1234567890abcdef1234567890,yango.com
6354.0,http://cimri.com/blog/article-name-here?redirect_url=https%3A%2F%2Fexample.com%2Fdashboard&session_id=abcdef1234567890abcdef1234567890,0,tranco,http://cimri.com/blog/article-name-here?redirect_url=https://example.com/dashboard&session_id=abcdef1234567890abcdef1234567890,cimri.com
5876.0,http://dmitriy-mevedev-tor.top,0,tranco,http://dmitriy-mevedev-tor.top,dmitriy-mevedev-tor.top
1247.0,http://www.zalando.de/products/view/123?id=123,0,tranco,http://www.zalando.de/products/view/123?id=123,zalando.de
9035.0,http://www.dizibox.live/about?action=verify&token=abcxyz123abcxyz123abcxyz123abcxyz123abcxyz123abcxyz123abcxyz123abcxyz123,0,tranco,http://www.dizibox.live/about?action=verify&token=abcxyz123abcxyz123abcxyz123abcxyz123abcxyz123abcxyz123abcxyz123abcxyz123,dizibox.live
9540.0,http://www.tsdtocl.com/index.html?token=abcxyz123,0,tranco,http://www.tsdtocl.com/index.html?token=abcxyz123,tsdtocl.com
6896.0,http://www.upcloudlb.com/contact,0,tranco,http://www.upcloudlb.com/contact,upcloudlb.com
2598.0,http://oath.cloud/search,0,tranco,http://oath.cloud/search,oath.cloud
7995.0,http://www.bash.com/search?ref=twitter,0,tranco,http://www.bash.com/search?ref=twitter,bash.com
9396.0,http://myhentaigallery.com/index.html?redirect_url=https%3A%2F%2Fexample.com%2Fdashboard&session_id=abcdef1234567890abcdef1234567890,0,tranco,http://myhentaigallery.com/index.html?redirect_url=https://example.com/dashboard&session_id=abcdef1234567890abcdef1234567890,myhentaigallery.com
7738.0,http://pitchfork.com,0,tranco,http://pitchfork.com,pitchfork.com
636.0,http://dyndns.org/wp-content/uploads/image.jpg?lang=en,0,tranco,http://dyndns.org/wp-content/uploads/image.jpg?lang=en,dyndns.org
8175.0,http://creative-serving.com/contact?token=abcxyz123,0,tranco,http://creative-serving.com/contact?token=abcxyz123,creative-serving.com
7173.0,http://maariv.co.il,0,tranco,http://maariv.co.il,maariv.co.il
4603.0,http://www.wsu.edu/login,0,tranco,http://www.wsu.edu/login,wsu.edu
,https://www.robiox.com.gr/users/9536463287/profilemalwarenetworkrat,1,openphish,https://www.robiox.com.gr/users/9536463287/profilemalwarenetworkrat,robiox.com.gr
4671.0,http://newgrounds.com/search?redirect_url=https%3A%2F%2Fexample.com%2Fdashboard&session_id=abcdef1234567890abcdef1234567890,0,tranco,http://newgrounds.com/search?redirect_url=https://example.com/dashboard&session_id=abcdef1234567890abcdef1234567890,newgrounds.com
5684.0,http://www.theepochtimes.com/?redirect_url=https%3A%2F%2Fexample.com%2Fdashboard&session_id=abcdef1234567890abcdef1234567890,0,tranco,http://www.theepochtimes.com/?redirect_url=https://example.com/dashboard&session_id=abcdef1234567890abcdef1234567890,theepochtimes.com
4314.0,http://www.rapidssl.com/assets/css/style.css?utm_source=newsletter&utm_medium=email,0,tranco,http://www.rapidssl.com/assets/css/style.css?utm_source=newsletter&utm_medium=email,rapidssl.com
5886.0,http://www.catawiki.com/download?ref=twitter,0,tranco,http://www.catawiki.com/download?ref=twitter,catawiki.com
7276.0,http://www.treehugger.com/login,0,tranco,http://www.treehugger.com/login,treehugger.com
2978.0,http://citrix.com,0,tranco,http://citrix.com,citrix.com
3815.0,http://www.aruba.it/search?lang=en,0,tranco,http://www.aruba.it/search?lang=en,aruba.it
7007.0,http://mullvad.net/download?lang=en,0,tranco,http://mullvad.net/download?lang=en,mullvad.net
1237.0,http://kernel.org/blog/article-name-here,0,tranco,http://kernel.org/blog/article-name-here,kernel.org
8537.0,http://xnxx-ru.com/download?lang=en,0,tranco,http://xnxx-ru.com/download?lang=en,xnxx-ru.com
5552.0,http://onfinality.io/search,0,tranco,http://onfinality.io/search,onfinality.io
5033.0,http://expressvpn.com/products/view/123?lang=en,0,tranco,http://expressvpn.com/products/view/123?lang=en,expressvpn.com
401.0,http://yandexcloud.net/contact,0,tranco,http://yandexcloud.net/contact,yandexcloud.net
80.0,http://www.tiktokv.com/register,0,tranco,http://www.tiktokv.com/register,tiktokv.com
9316.0,http://manhwa-online.com/search?page=2,0,tranco,http://manhwa-online.com/search?page=2,manhwa-online.com
9955.0,http://hef.co.ke/blog/article-name-here,0,tranco,http://hef.co.ke/blog/article-name-here,hef.co.ke
5917.0,http://konghq.com/wp-content/uploads/image.jpg?utm_source=newsletter&utm_medium=email,0,tranco,http://konghq.com/wp-content/uploads/image.jpg?utm_source=newsletter&utm_medium=email,konghq.com
8941.0,http://stroyserviceru.ru/index.html?q=test,0,tranco,http://stroyserviceru.ru/index.html?q=test,stroyserviceru.ru
4697.0,http://thairath.co.th,0,tranco,http://thairath.co.th,thairath.co.th
7043.0,http://www.lamoda.ru/login?lang=en,0,tranco,http://www.lamoda.ru/login?lang=en,lamoda.ru
8185.0,http://shalove.net/about,0,tranco,http://shalove.net/about,shalove.net
7640.0,http://www.gva.es/api/v1/users,0,tranco,http://www.gva.es/api/v1/users,gva.es
6818.0,http://nobroker.in/products/view/123?lang=en,0,tranco,http://nobroker.in/products/view/123?lang=en,nobroker.in
1276.0,http://www.tendawifi.com/assets/css/style.css,0,tranco,http://www.tendawifi.com/assets/css/style.css,tendawifi.com
7262.0,http://awsdns-29.net/login,0,tranco,http://awsdns-29.net/login,awsdns-29.net
7257.0,http://www.ns14.net/assets/css/style.css,0,tranco,http://www.ns14.net/assets/css/style.css,ns14.net
410.0,http://casalemedia.com/about,0,tranco,http://casalemedia.com/about,casalemedia.com
7689.0,http://envoyer.io/download?redirect_url=https%3A%2F%2Fexample.com%2Fdashboard&session_id=abcdef1234567890abcdef1234567890,0,tranco,http://envoyer.io/download?redirect_url=https://example.com/dashboard&session_id=abcdef1234567890abcdef1234567890,envoyer.io
6160.0,http://claro.com.br,0,tranco,http://claro.com.br,claro.com.br
2513.0,http://www.ssc.gov.in/index.html,0,tranco,http://www.ssc.gov.in/index.html,ssc.gov.in
3284.0,http://malwarebytes.com/?redirect_url=https%3A%2F%2Fexample.com%2Fdashboard&session_id=abcdef1234567890abcdef1234567890,0,tranco,http://malwarebytes.com/?redirect_url=https://example.com/dashboard&session_id=abcdef1234567890abcdef1234567890,malwarebytes.com
7411.0,http://majordomo.ru/search?action=verify&token=abcxyz123abcxyz123abcxyz123abcxyz123abcxyz123abcxyz123abcxyz123abcxyz123,0,tranco,http://majordomo.ru/search?action=verify&token=abcxyz123abcxyz123abcxyz123abcxyz123abcxyz123abcxyz123abcxyz123abcxyz123,majordomo.ru
9620.0,http://best-hit.tv/index.html?id=123,0,tranco,http://best-hit.tv/index.html?id=123,best-hit.tv
2443.0,http://www.baifentan.com/login,0,tranco,http://www.baifentan.com/login,baifentan.com
1280.0,http://polybuzz.ai,0,tranco,http://polybuzz.ai,polybuzz.ai
9132.0,http://www.dropmms.com/index.html,0,tranco,http://www.dropmms.com/index.html,dropmms.com
4506.0,http://belkin.com/login,0,tranco,http://belkin.com/login,belkin.com
234.0,http://userapi.com/index.html?token=abcxyz123,0,tranco,http://userapi.com/index.html?token=abcxyz123,userapi.com
9765.0,http://racing.nl/about?token=abcxyz123,0,tranco,http://racing.nl/about?token=abcxyz123,racing.nl
8079.0,http://www.bom.gov.au/register?token=abcxyz123,0,tranco,http://www.bom.gov.au/register?token=abcxyz123,bom.gov.au
752.0,http://mlb.com/download?q=test,0,tranco,http://mlb.com/download?q=test,mlb.com
5004.0,http://espressif.com/blog/article-name-here?q=test,0,tranco,http://espressif.com/blog/article-name-here?q=test,espressif.com
6789.0,http://goo-net.com/assets/css/style.css?action=verify&token=abcxyz123abcxyz123abcxyz123abcxyz123abcxyz123abcxyz123abcxyz123abcxyz123,0,tranco,http://goo-net.com/assets/css/style.css?action=verify&token=abcxyz123abcxyz123abcxyz123abcxyz123abcxyz123abcxyz123abcxyz123abcxyz123,goo-net.com
1958.0,http://lnkd.in,0,tranco,http://lnkd.in,lnkd.in
3767.0,http://abb.com/index.html,0,tranco,http://abb.com/index.html,abb.com
9472.0,http://uafix.net/products/view/123?ref=twitter,0,tranco,http://uafix.net/products/view/123?ref=twitter,uafix.net
9403.0,http://chimpstatic.com,0,tranco,http://chimpstatic.com,chimpstatic.com
9073.0,http://sdna.gr/search,0,tranco,http://sdna.gr/search,sdna.gr
3347.0,http://consumerreports.org,0,tranco,http://consumerreports.org,consumerreports.org
6779.0,http://vsassets.io/?ref=twitter,0,tranco,http://vsassets.io/?ref=twitter,vsassets.io
7564.0,http://fca.org.uk/download,0,tranco,http://fca.org.uk/download,fca.org.uk
7831.0,http://www.aylanetworks.com/search,0,tranco,http://www.aylanetworks.com/search,aylanetworks.com
4442.0,http://www.maticooads.com/search,0,tranco,http://www.maticooads.com/search,maticooads.com
3930.0,http://www.mogujie.com/index.html,0,tranco,http://www.mogujie.com/index.html,mogujie.com
2338.0,http://www.banvenez.com/about?ref=twitter,0,tranco,http://www.banvenez.com/about?ref=twitter,banvenez.com
5283.0,http://bip.com,0,tranco,http://bip.com,bip.com
1161.0,http://www.xhname.com/assets/css/style.css?redirect_url=https%3A%2F%2Fexample.com%2Fdashboard&session_id=abcdef1234567890abcdef1234567890,0,tranco,http://www.xhname.com/assets/css/style.css?redirect_url=https://example.com/dashboard&session_id=abcdef1234567890abcdef1234567890,xhname.com
,http://start-io-treser-en.pages.dev/,1,openphish,http://start-io-treser-en.pages.dev/,pages.dev
1553.0,http://porno666.fo/download,0,tranco,http://porno666.fo/download,porno666.fo
6137.0,http://www.govdelivery.com/register,0,tranco,http://www.govdelivery.com/register,govdelivery.com
985.0,http://namecheaphosting.com,0,tranco,http://namecheaphosting.com,namecheaphosting.com
8417.0,http://www.wartank.ru/contact?action=verify&token=abcxyz123abcxyz123abcxyz123abcxyz123abcxyz123abcxyz123abcxyz123abcxyz123,0,tranco,http://www.wartank.ru/contact?action=verify&token=abcxyz123abcxyz123abcxyz123abcxyz123abcxyz123abcxyz123abcxyz123abcxyz123,wartank.ru
,http://magenta-dieffenbachia-de4f3f.netlify.app/,1,openphish,http://magenta-dieffenbachia-de4f3f.netlify.app/,netlify.app
6020.0,http://giga.de,0,tranco,http://giga.de,giga.de
5484.0,http://www.willhaben.at/products/view/123,0,tranco,http://www.willhaben.at/products/view/123,willhaben.at
8523.0,http://www.sl.pt/login?action=verify&token=abcxyz123abcxyz123abcxyz123abcxyz123abcxyz123abcxyz123abcxyz123abcxyz123,0,tranco,http://www.sl.pt/login?action=verify&token=abcxyz123abcxyz123abcxyz123abcxyz123abcxyz123abcxyz123abcxyz123abcxyz123,sl.pt
8127.0,http://my-personaltrainer.it/contact,0,tranco,http://my-personaltrainer.it/contact,my-personaltrainer.it
971.0,http://4dex.io/contact?page=2,0,tranco,http://4dex.io/contact?page=2,4dex.io
8265.0,http://t-static.ru/products/view/123?lang=en,0,tranco,http://t-static.ru/products/view/123?lang=en,t-static.ru
1520.0,http://shahvani.com/login,0,tranco,http://shahvani.com/login,shahvani.com
4669.0,http://capcutapi.us/about?page=2,0,tranco,http://capcutapi.us/about?page=2,capcutapi.us
8792.0,http://natomanga.com/wp-content/uploads/image.jpg?redirect_url=https%3A%2F%2Fexample.com%2Fdashboard&session_id=abcdef1234567890abcdef1234567890,0,tranco,http://natomanga.com/wp-content/uploads/image.jpg?redirect_url=https://example.com/dashboard&session_id=abcdef1234567890abcdef1234567890,natomanga.com
1192.0,http://phncdn.com,0,tranco,http://phncdn.com,phncdn.com
3397.0,http://www.xhtv.today/index.html,0,tranco,http://www.xhtv.today/index.html,xhtv.today
6884.0,http://s-onetag.com,0,tranco,http://s-onetag.com,s-onetag.com
7407.0,http://www.vedantu.com/assets/css/style.css,0,tranco,http://www.vedantu.com/assets/css/style.css,vedantu.com
8017.0,http://booklive.jp/search,0,tranco,http://booklive.jp/search,booklive.jp
4433.0,http://nrw.de,0,tranco,http://nrw.de,nrw.de
5532.0,http://www.githubassets.com/about,0,tranco,http://www.githubassets.com/about,githubassets.com
2503.0,http://ifeng.com/assets/css/style.css?token=abcxyz123,0,tranco,http://ifeng.com/assets/css/style.css?token=abcxyz123,ifeng.com
1690.0,http://ak2yy.com/?lang=en,0,tranco,http://ak2yy.com/?lang=en,ak2yy.com
4351.0,http://www.ucweb.com/login,0,tranco,http://www.ucweb.com/login,ucweb.com
9279.0,http://www.claveunica.gob.cl/index.html,0,tranco,http://www.claveunica.gob.cl/index.html,claveunica.gob.cl
4996.0,http://aps.org,0,tranco,http://aps.org,aps.org
8224.0,http://www.fresha.com/index.html,0,tranco,http://www.fresha.com/index.html,fresha.com
7050.0,http://assets-yammer.com/wp-content/uploads/image.jpg,0,tranco,http://assets-yammer.com/wp-content/uploads/image.jpg,assets-yammer.com
6081.0,http://yodobashi.com/search,0,tranco,http://yodobashi.com/search,yodobashi.com
2972.0,http://www.heart.org/register,0,tranco,http://www.heart.org/register,heart.org
5393.0,http://www.neocities.org/about?utm_source=newsletter&utm_medium=email,0,tranco,http://www.neocities.org/about?utm_source=newsletter&utm_medium=email,neocities.org
8485.0,http://google.cat,0,tranco,http://google.cat,google.cat
8575.0,http://www.scribehow.com/assets/css/style.css,0,tranco,http://www.scribehow.com/assets/css/style.css,scribehow.com
4641.0,http://www.victoriassecret.com/contact,0,tranco,http://www.victoriassecret.com/contact,victoriassecret.com
3732.0,http://cian.ru/wp-content/uploads/image.jpg,0,tranco,http://cian.ru/wp-content/uploads/image.jpg,cian.ru
5480.0,http://dropz-k.com/contact?ref=twitter,0,tranco,http://dropz-k.com/contact?ref=twitter,dropz-k.com
5725.0,http://www.rtactivate.com/api/v1/users?action=verify&token=abcxyz123abcxyz123abcxyz123abcxyz123abcxyz123abcxyz123abcxyz123abcxyz123,0,tranco,http://www.rtactivate.com/api/v1/users?action=verify&token=abcxyz123abcxyz123abcxyz123abcxyz123abcxyz123abcxyz123abcxyz123abcxyz123,rtactivate.com
8154.0,http://www.cleverreach.com/search?page=2,0,tranco,http://www.cleverreach.com/search?page=2,cleverreach.com
1122.0,http://gofundme.com/blog/article-name-here?q=test,0,tranco,http://gofundme.com/blog/article-name-here?q=test,gofundme.com
6362.0,http://aemet.es/search?action=verify&token=abcxyz123abcxyz123abcxyz123abcxyz123abcxyz123abcxyz123abcxyz123abcxyz123,0,tranco,http://aemet.es/search?action=verify&token=abcxyz123abcxyz123abcxyz123abcxyz123abcxyz123abcxyz123abcxyz123abcxyz123,aemet.es
8845.0,http://ok.porn/blog/article-name-here,0,tranco,http://ok.porn/blog/article-name-here,ok.porn
4634.0,http://latamairlines.com/index.html?token=abcxyz123,0,tranco,http://latamairlines.com/index.html?token=abcxyz123,latamairlines.com
3491.0,http://servenobid.com/login,0,tranco,http://servenobid.com/login,servenobid.com
2429.0,http://samsungads.com/blog/article-name-here,0,tranco,http://samsungads.com/blog/article-name-here,samsungads.com
9411.0,http://jecontacte.com,0,tranco,http://jecontacte.com,jecontacte.com
8981.0,http://hentaiheroes.com/register?action=verify&token=abcxyz123abcxyz123abcxyz123abcxyz123abcxyz123abcxyz123abcxyz123abcxyz123,0,tranco,http://hentaiheroes.com/register?action=verify&token=abcxyz123abcxyz123abcxyz123abcxyz123abcxyz123abcxyz123abcxyz123abcxyz123,hentaiheroes.com
1926.0,http://usgs.gov,0,tranco,http://usgs.gov,usgs.gov
3622.0,http://www.unl.edu/api/v1/users?utm_source=newsletter&utm_medium=email,0,tranco,http://www.unl.edu/api/v1/users?utm_source=newsletter&utm_medium=email,unl.edu
5374.0,http://www.ohthree.com/contact,0,tranco,http://www.ohthree.com/contact,ohthree.com
9659.0,http://arm.com/search?page=2,0,tranco,http://arm.com/search?page=2,arm.com
8112.0,http://cinepolis.com/api/v1/users,0,tranco,http://cinepolis.com/api/v1/users,cinepolis.com
1677.0,http://www.manhwaweb.com/search?q=test,0,tranco,http://www.manhwaweb.com/search?q=test,manhwaweb.com
1486.0,http://ioh.co.id,0,tranco,http://ioh.co.id,ioh.co.id
5830.0,http://queniurc.com/download?ref=twitter,0,tranco,http://queniurc.com/download?ref=twitter,queniurc.com
5931.0,http://forpsi.cz,0,tranco,http://forpsi.cz,forpsi.cz
5458.0,http://muumuu-domain.com,0,tranco,http://muumuu-domain.com,muumuu-domain.com
4570.0,http://kandji.io/blog/article-name-here?ref=twitter,0,tranco,http://kandji.io/blog/article-name-here?ref=twitter,kandji.io
7939.0,http://www.awsdns-47.co.uk/login,0,tranco,http://www.awsdns-47.co.uk/login,awsdns-47.co.uk
4963.0,http://www.menards.com/api/v1/users?ref=twitter,0,tranco,http://www.menards.com/api/v1/users?ref=twitter,menards.com
6044.0,http://www.castbox.fm/contact,0,tranco,http://www.castbox.fm/contact,castbox.fm
4670.0,http://www.pardot.com/blog/article-name-here?ref=twitter,0,tranco,http://www.pardot.com/blog/article-name-here?ref=twitter,pardot.com
6704.0,http://irctc.co.in,0,tranco,http://irctc.co.in,irctc.co.in
5763.0,http://www.obihai.com/contact?token=abcxyz123,0,tranco,http://www.obihai.com/contact?token=abcxyz123,obihai.com
746.0,http://blackhub.team/wp-content/uploads/image.jpg,0,tranco,http://blackhub.team/wp-content/uploads/image.jpg,blackhub.team
2847.0,http://captcha-delivery.com/register?redirect_url=https%3A%2F%2Fexample.com%2Fdashboard&session_id=abcdef1234567890abcdef1234567890,0,tranco,http://captcha-delivery.com/register?redirect_url=https://example.com/dashboard&session_id=abcdef1234567890abcdef1234567890,captcha-delivery.com
8775.0,http://www.crocobet.com/assets/css/style.css,0,tranco,http://www.crocobet.com/assets/css/style.css,crocobet.com
7847.0,http://www.novotelecom.ru/download,0,tranco,http://www.novotelecom.ru/download,novotelecom.ru
8321.0,http://confirmtkt.com/,0,tranco,http://confirmtkt.com/,confirmtkt.com
2738.0,http://www.mmstat.com/download,0,tranco,http://www.mmstat.com/download,mmstat.com
6875.0,http://umontreal.ca/blog/article-name-here?lang=en,0,tranco,http://umontreal.ca/blog/article-name-here?lang=en,umontreal.ca
1181.0,http://spankbang.com,0,tranco,http://spankbang.com,spankbang.com
2393.0,http://x5.ru/about,0,tranco,http://x5.ru/about,x5.ru
5457.0,http://diigo.com/blog/article-name-here?id=123,0,tranco,http://diigo.com/blog/article-name-here?id=123,diigo.com
7390.0,http://vodafone.com/register?id=123,0,tranco,http://vodafone.com/register?id=123,vodafone.com
9159.0,http://apuestasroyal.com/assets/css/style.css,0,tranco,http://apuestasroyal.com/assets/css/style.css,apuestasroyal.com
5450.0,http://inmarsat.com/about,0,tranco,http://inmarsat.com/about,inmarsat.com
8712.0,http://wo-cloud.com,0,tranco,http://wo-cloud.com,wo-cloud.com
2129.0,http://coinbase.com/assets/css/style.css,0,tranco,http://coinbase.com/assets/css/style.css,coinbase.com
5562.0,http://www.kidoz.net/register,0,tranco,http://www.kidoz.net/register,kidoz.net
4254.0,http://gldn.net/download,0,tranco,http://gldn.net/download,gldn.net
2529.0,http://douban.com/wp-content/uploads/image.jpg,0,tranco,http://douban.com/wp-content/uploads/image.jpg,douban.com
1716.0,http://www.xahani.com/register?redirect_url=https%3A%2F%2Fexample.com%2Fdashboard&session_id=abcdef1234567890abcdef1234567890,0,tranco,http://www.xahani.com/register?redirect_url=https://example.com/dashboard&session_id=abcdef1234567890abcdef1234567890,xahani.com
5226.0,http://www.ortb.net/register?redirect_url=https%3A%2F%2Fexample.com%2Fdashboard&session_id=abcdef1234567890abcdef1234567890,0,tranco,http://www.ortb.net/register?redirect_url=https://example.com/dashboard&session_id=abcdef1234567890abcdef1234567890,ortb.net
3873.0,http://space.com/api/v1/users?q=test,0,tranco,http://space.com/api/v1/users?q=test,space.com
8884.0,http://totalbattle.com/wp-content/uploads/image.jpg,0,tranco,http://totalbattle.com/wp-content/uploads/image.jpg,totalbattle.com
2442.0,http://queniuck.com/wp-content/uploads/image.jpg,0,tranco,http://queniuck.com/wp-content/uploads/image.jpg,queniuck.com
9458.0,http://goraggio.com/assets/css/style.css?page=2,0,tranco,http://goraggio.com/assets/css/style.css?page=2,goraggio.com
9275.0,http://www.truper.com/register,0,tranco,http://www.truper.com/register,truper.com
2307.0,http://www.senate.gov/contact?action=verify&token=abcxyz123abcxyz123abcxyz123abcxyz123abcxyz123abcxyz123abcxyz123abcxyz123,0,tranco,http://www.senate.gov/contact?action=verify&token=abcxyz123abcxyz123abcxyz123abcxyz123abcxyz123abcxyz123abcxyz123abcxyz123,senate.gov
,https://supports.ewc-event.com/,1,openphish,https://supports.ewc-event.com/,ewc-event.com
8972.0,http://www.hentaimama.io/api/v1/users,0,tranco,http://www.hentaimama.io/api/v1/users,hentaimama.io
2586.0,http://atom.com/login?q=test,0,tranco,http://atom.com/login?q=test,atom.com
3485.0,http://asuscomm.com/products/view/123,0,tranco,http://asuscomm.com/products/view/123,asuscomm.com
4453.0,http://www.openxcdn.net/contact,0,tranco,http://www.openxcdn.net/contact,openxcdn.net
1379.0,http://9ffyu1g9c.com,0,tranco,http://9ffyu1g9c.com,9ffyu1g9c.com
9475.0,http://rxnvg.com/download,0,tranco,http://rxnvg.com/download,rxnvg.com
2336.0,http://www.pavietnam.vn/login,0,tranco,http://www.pavietnam.vn/login,pavietnam.vn
5516.0,http://framer.com/about,0,tranco,http://framer.com/about,framer.com
7652.0,http://taz.bz/assets/css/style.css?token=abcxyz123,0,tranco,http://taz.bz/assets/css/style.css?token=abcxyz123,taz.bz
2476.0,http://ctlcdn.cn/api/v1/users,0,tranco,http://ctlcdn.cn/api/v1/users,ctlcdn.cn
7470.0,http://wknd.ai/search,0,tranco,http://wknd.ai/search,wknd.ai
4291.0,http://www.siteforce.com/download?page=2,0,tranco,http://www.siteforce.com/download?page=2,siteforce.com
638.0,http://www.bx-msedge.net/assets/css/style.css,0,tranco,http://www.bx-msedge.net/assets/css/style.css,bx-msedge.net
2317.0,http://www.redbus.in/api/v1/users,0,tranco,http://www.redbus.in/api/v1/users,redbus.in
7923.0,http://dienmayxanh.com,0,tranco,http://dienmayxanh.com,dienmayxanh.com
6703.0,http://newsmax.com/assets/css/style.css,0,tranco,http://newsmax.com/assets/css/style.css,newsmax.com
2455.0,http://www.made-in-china.com/contact?q=test,0,tranco,http://www.made-in-china.com/contact?q=test,made-in-china.com
6526.0,http://www.setrol.com/?action=verify&token=abcxyz123abcxyz123abcxyz123abcxyz123abcxyz123abcxyz123abcxyz123abcxyz123,0,tranco,http://www.setrol.com/?action=verify&token=abcxyz123abcxyz123abcxyz123abcxyz123abcxyz123abcxyz123abcxyz123abcxyz123,setrol.com
7450.0,http://videojs.com/index.html,0,tranco,http://videojs.com/index.html,videojs.com
1741.0,http://education.ne.jp/index.html?page=2,0,tranco,http://education.ne.jp/index.html?page=2,education.ne.jp
661.0,http://www.mobolize.com/download?page=2,0,tranco,http://www.mobolize.com/download?page=2,mobolize.com
1686.0,http://www.animanch.com/?page=2,0,tranco,http://www.animanch.com/?page=2,animanch.com
8276.0,http://playmods.net/products/view/123,0,tranco,http://playmods.net/products/view/123,playmods.net
6396.0,http://parismatch.com/contact?redirect_url=https%3A%2F%2Fexample.com%2Fdashboard&session_id=abcdef1234567890abcdef1234567890,0,tranco,http://parismatch.com/contact?redirect_url=https://example.com/dashboard&session_id=abcdef1234567890abcdef1234567890,parismatch.com
9614.0,http://verisoul.ai/contact,0,tranco,http://verisoul.ai/contact,verisoul.ai
8199.0,http://gotoresolve.com,0,tranco,http://gotoresolve.com,gotoresolve.com
2188.0,http://lin.ee/register,0,tranco,http://lin.ee/register,lin.ee
261.0,http://www.name-services.com/login,0,tranco,http://www.name-services.com/login,name-services.com
3527.0,http://awsdns-33.com,0,tranco,http://awsdns-33.com,awsdns-33.com
4959.0,http://www.sendsay.ru/,0,tranco,http://www.sendsay.ru/,sendsay.ru
5866.0,http://gamer.com.tw/contact,0,tranco,http://gamer.com.tw/contact,gamer.com.tw
5690.0,http://uh.edu/products/view/123?lang=en,0,tranco,http://uh.edu/products/view/123?lang=en,uh.edu
7751.0,http://famethemes.com,0,tranco,http://famethemes.com,famethemes.com
5451.0,http://pyrus.com/about?lang=en,0,tranco,http://pyrus.com/about?lang=en,pyrus.com
3885.0,http://clean.gg,0,tranco,http://clean.gg,clean.gg
3396.0,http://www.walgreens.com/index.html,0,tranco,http://www.walgreens.com/index.html,walgreens.com
5602.0,http://www.travelaudience.com/search?utm_source=newsletter&utm_medium=email,0,tranco,http://www.travelaudience.com/search?utm_source=newsletter&utm_medium=email,travelaudience.com
6946.0,http://qcloudcdn.com,0,tranco,http://qcloudcdn.com,qcloudcdn.com
3435.0,http://gnome.org/contact,0,tranco,http://gnome.org/contact,gnome.org
7430.0,http://www.awsdns-30.net/wp-content/uploads/image.jpg,0,tranco,http://www.awsdns-30.net/wp-content/uploads/image.jpg,awsdns-30.net
2713.0,http://www.comodoca.com/search?id=123,0,tranco,http://www.comodoca.com/search?id=123,comodoca.com
2050.0,http://unicef.org,0,tranco,http://unicef.org,unicef.org
1822.0,http://www.trustarc.com/,0,tranco,http://www.trustarc.com/,trustarc.com
5402.0,http://www.infobip.com/blog/article-name-here,0,tranco,http://www.infobip.com/blog/article-name-here,infobip.com
2017.0,http://amocrm.ru,0,tranco,http://amocrm.ru,amocrm.ru
190.0,http://www.cnn.com/,0,tranco,http://www.cnn.com/,cnn.com
9014.0,http://www.yanmaga.jp/api/v1/users?q=test,0,tranco,http://www.yanmaga.jp/api/v1/users?q=test,yanmaga.jp
3138.0,http://zscaler.com,0,tranco,http://zscaler.com,zscaler.com
6823.0,http://www.pracuj.pl/login?action=verify&token=abcxyz123abcxyz123abcxyz123abcxyz123abcxyz123abcxyz123abcxyz123abcxyz123,0,tranco,http://www.pracuj.pl/login?action=verify&token=abcxyz123abcxyz123abcxyz123abcxyz123abcxyz123abcxyz123abcxyz123abcxyz123,pracuj.pl
4357.0,http://disney.co.jp/register,0,tranco,http://disney.co.jp/register,disney.co.jp
368.0,http://openx.net,0,tranco,http://openx.net,openx.net
1626.0,http://site.com/api/v1/users?action=verify&token=abcxyz123abcxyz123abcxyz123abcxyz123abcxyz123abcxyz123abcxyz123abcxyz123,0,tranco,http://site.com/api/v1/users?action=verify&token=abcxyz123abcxyz123abcxyz123abcxyz123abcxyz123abcxyz123abcxyz123abcxyz123,site.com
4709.0,http://strip2.co/wp-content/uploads/image.jpg?page=2,0,tranco,http://strip2.co/wp-content/uploads/image.jpg?page=2,strip2.co
3823.0,http://apptentive.com/download?token=abcxyz123,0,tranco,http://apptentive.com/download?token=abcxyz123,apptentive.com
308.0,http://wiley.com/blog/article-name-here?id=123,0,tranco,http://wiley.com/blog/article-name-here?id=123,wiley.com
2891.0,http://www.1mg.com/,0,tranco,http://www.1mg.com/,1mg.com
8208.0,http://www.wsj.net/products/view/123?action=verify&token=abcxyz123abcxyz123abcxyz123abcxyz123abcxyz123abcxyz123abcxyz123abcxyz123,0,tranco,http://www.wsj.net/products/view/123?action=verify&token=abcxyz123abcxyz123abcxyz123abcxyz123abcxyz123abcxyz123abcxyz123abcxyz123,wsj.net
5355.0,http://mcldns.com/index.html?utm_source=newsletter&utm_medium=email,0,tranco,http://mcldns.com/index.html?utm_source=newsletter&utm_medium=email,mcldns.com
9230.0,http://pubnubapi.com/about,0,tranco,http://pubnubapi.com/about,pubnubapi.com
4845.0,http://msftauthimages.net/index.html?ref=twitter,0,tranco,http://msftauthimages.net/index.html?ref=twitter,msftauthimages.net
3126.0,http://www.usp.br/search?redirect_url=https%3A%2F%2Fexample.com%2Fdashboard&session_id=abcdef1234567890abcdef1234567890,0,tranco,http://www.usp.br/search?redirect_url=https://example.com/dashboard&session_id=abcdef1234567890abcdef1234567890,usp.br
6400.0,http://digitaltarget.ru/contact?utm_source=newsletter&utm_medium=email,0,tranco,http://digitaltarget.ru/contact?utm_source=newsletter&utm_medium=email,digitaltarget.ru
9032.0,http://shopsy.in/assets/css/style.css,0,tranco,http://shopsy.in/assets/css/style.css,shopsy.in
3564.0,http://www.mariadb.org/contact,0,tranco,http://www.mariadb.org/contact,mariadb.org
5027.0,http://libreoffice.org/about,0,tranco,http://libreoffice.org/about,libreoffice.org
9970.0,http://www.indianbfvideos.com/products/view/123,0,tranco,http://www.indianbfvideos.com/products/view/123,indianbfvideos.com
946.0,http://www.nationalgeographic.com/about,0,tranco,http://www.nationalgeographic.com/about,nationalgeographic.com
7312.0,http://www.decolar.com/login,0,tranco,http://www.decolar.com/login,decolar.com
6589.0,http://playbattlegrounds.com/?redirect_url=https%3A%2F%2Fexample.com%2Fdashboard&session_id=abcdef1234567890abcdef1234567890,0,tranco,http://playbattlegrounds.com/?redirect_url=https://example.com/dashboard&session_id=abcdef1234567890abcdef1234567890,playbattlegrounds.com
7297.0,http://impact-ad.jp,0,tranco,http://impact-ad.jp,impact-ad.jp
3646.0,http://parsely.com/blog/article-name-here,0,tranco,http://parsely.com/blog/article-name-here,parsely.com
1166.0,http://wetter.com,0,tranco,http://wetter.com,wetter.com
5724.0,http://jiveip.net,0,tranco,http://jiveip.net,jiveip.net
8146.0,http://www.lexmark.com/login,0,tranco,http://www.lexmark.com/login,lexmark.com
1479.0,http://www.everesttech.net/blog/article-name-here,0,tranco,http://www.everesttech.net/blog/article-name-here,everesttech.net
8714.0,http://www.bluesystem.me/wp-content/uploads/image.jpg?utm_source=newsletter&utm_medium=email,0,tranco,http://www.bluesystem.me/wp-content/uploads/image.jpg?utm_source=newsletter&utm_medium=email,bluesystem.me
6557.0,http://sportingnews.com/contact,0,tranco,http://sportingnews.com/contact,sportingnews.com
3884.0,http://uniqlo.com/api/v1/users,0,tranco,http://uniqlo.com/api/v1/users,uniqlo.com
5300.0,http://louisvuitton.com/index.html?id=123,0,tranco,http://louisvuitton.com/index.html?id=123,louisvuitton.com
9334.0,http://www.rcdn-web.com/products/view/123?redirect_url=https%3A%2F%2Fexample.com%2Fdashboard&session_id=abcdef1234567890abcdef1234567890,0,tranco,http://www.rcdn-web.com/products/view/123?redirect_url=https://example.com/dashboard&session_id=abcdef1234567890abcdef1234567890,rcdn-web.com
7623.0,http://www.nabu.casa/products/view/123,0,tranco,http://www.nabu.casa/products/view/123,nabu.casa
1735.0,http://cbl.gov.ly/index.html?utm_source=newsletter&utm_medium=email,0,tranco,http://cbl.gov.ly/index.html?utm_source=newsletter&utm_medium=email,cbl.gov.ly
6071.0,http://upstart.com,0,tranco,http://upstart.com,upstart.com
3237.0,http://adingo.jp/assets/css/style.css,0,tranco,http://adingo.jp/assets/css/style.css,adingo.jp
6144.0,http://www.yesstyle.com/,0,tranco,http://www.yesstyle.com/,yesstyle.com
6647.0,http://www.2dehands.be/download,0,tranco,http://www.2dehands.be/download,2dehands.be
1639.0,http://www.darkero.com/index.html,0,tranco,http://www.darkero.com/index.html,darkero.com
4511.0,http://www.justpaste.it/about,0,tranco,http://www.justpaste.it/about,justpaste.it
4331.0,http://outbrainimg.com,0,tranco,http://outbrainimg.com,outbrainimg.com
874.0,http://thenai.org/blog/article-name-here,0,tranco,http://thenai.org/blog/article-name-here,thenai.org
3955.0,http://uscis.gov/index.html?lang=en,0,tranco,http://uscis.gov/index.html?lang=en,uscis.gov
7458.0,http://ndm9.net/assets/css/style.css?action=verify&token=abcxyz123abcxyz123abcxyz123abcxyz123abcxyz123abcxyz123abcxyz123abcxyz123,0,tranco,http://ndm9.net/assets/css/style.css?action=verify&token=abcxyz123abcxyz123abcxyz123abcxyz123abcxyz123abcxyz123abcxyz123abcxyz123,ndm9.net
6817.0,http://funnyjunk.com/register?q=test,0,tranco,http://funnyjunk.com/register?q=test,funnyjunk.com
9365.0,http://www.learncbse.in/register,0,tranco,http://www.learncbse.in/register,learncbse.in
9.0,http://www.youtube.com/index.html?lang=en,0,tranco,http://www.youtube.com/index.html?lang=en,youtube.com
3059.0,http://flic.kr/search,0,tranco,http://flic.kr/search,flic.kr
3516.0,http://qnap.com/wp-content/uploads/image.jpg,0,tranco,http://qnap.com/wp-content/uploads/image.jpg,qnap.com
2727.0,http://ctripgslb.net,0,tranco,http://ctripgslb.net,ctripgslb.net
8278.0,http://google.mn/api/v1/users,0,tranco,http://google.mn/api/v1/users,google.mn
9919.0,http://mobile-tracker-free.com/wp-content/uploads/image.jpg,0,tranco,http://mobile-tracker-free.com/wp-content/uploads/image.jpg,mobile-tracker-free.com
4677.0,http://google.ps/about?token=abcxyz123,0,tranco,http://google.ps/about?token=abcxyz123,google.ps
9355.0,http://www.windscribe.com/index.html,0,tranco,http://www.windscribe.com/index.html,windscribe.com
8685.0,http://news-cdn.site/search,0,tranco,http://news-cdn.site/search,news-cdn.site
4934.0,http://geneanet.org/blog/article-name-here?ref=twitter,0,tranco,http://geneanet.org/blog/article-name-here?ref=twitter,geneanet.org
110.0,http://b-cdn.net/wp-content/uploads/image.jpg?token=abcxyz123,0,tranco,http://b-cdn.net/wp-content/uploads/image.jpg?token=abcxyz123,b-cdn.net
2760.0,http://jtvnw.net/login?lang=en,0,tranco,http://jtvnw.net/login?lang=en,jtvnw.net
4735.0,http://lazybumblebee.com/download,0,tranco,http://lazybumblebee.com/download,lazybumblebee.com
6753.0,http://dnacdn.net,0,tranco,http://dnacdn.net,dnacdn.net
3175.0,http://www.llamarpc.com/contact?lang=en,0,tranco,http://www.llamarpc.com/contact?lang=en,llamarpc.com
7287.0,http://www.korona.net/download,0,tranco,http://www.korona.net/download,korona.net
,http://roblox.com.gr/,1,openphish,http://roblox.com.gr/,roblox.com.gr
8595.0,http://www.xn--mgbkt9eckr.net/about,0,tranco,http://www.xn--mgbkt9eckr.net/about,xn--mgbkt9eckr.net
8090.0,http://www.zoomit.ir/products/view/123?action=verify&token=abcxyz123abcxyz123abcxyz123abcxyz123abcxyz123abcxyz123abcxyz123abcxyz123,0,tranco,http://www.zoomit.ir/products/view/123?action=verify&token=abcxyz123abcxyz123abcxyz123abcxyz123abcxyz123abcxyz123abcxyz123abcxyz123,zoomit.ir
4416.0,http://www.ketchcdn.com/login,0,tranco,http://www.ketchcdn.com/login,ketchcdn.com
8970.0,http://www.vhostgo.com/register,0,tranco,http://www.vhostgo.com/register,vhostgo.com
3274.0,http://www.ultradns.net/about,0,tranco,http://www.ultradns.net/about,ultradns.net
3359.0,http://deere.com/blog/article-name-here?ref=twitter,0,tranco,http://deere.com/blog/article-name-here?ref=twitter,deere.com
5673.0,http://www.cfr.org/index.html,0,tranco,http://www.cfr.org/index.html,cfr.org
3103.0,http://www.assamesesexvideos.com/index.html,0,tranco,http://www.assamesesexvideos.com/index.html,assamesesexvideos.com
2486.0,http://wikia.com,0,tranco,http://wikia.com,wikia.com
776.0,http://comcast.com,0,tranco,http://comcast.com,comcast.com
3247.0,http://mediawiki.org,0,tranco,http://mediawiki.org,mediawiki.org
1005.0,http://costco.com/download?redirect_url=https%3A%2F%2Fexample.com%2Fdashboard&session_id=abcdef1234567890abcdef1234567890,0,tranco,http://costco.com/download?redirect_url=https://example.com/dashboard&session_id=abcdef1234567890abcdef1234567890,costco.com
8102.0,http://www.nrdc.org/products/view/123?q=test,0,tranco,http://www.nrdc.org/products/view/123?q=test,nrdc.org
8411.0,http://saveclip.app,0,tranco,http://saveclip.app,saveclip.app
5742.0,http://gorgias.chat/login?id=123,0,tranco,http://gorgias.chat/login?id=123,gorgias.chat
7559.0,http://palmettostatearmory.com,0,tranco,http://palmettostatearmory.com,palmettostatearmory.com
6173.0,http://www.spdns.de/,0,tranco,http://www.spdns.de/,spdns.de
7960.0,http://esper.cloud,0,tranco,http://esper.cloud,esper.cloud
6947.0,http://travian.com/index.html,0,tranco,http://travian.com/index.html,travian.com
6034.0,http://globalpay.com/login,0,tranco,http://globalpay.com/login,globalpay.com
3645.0,http://www.pushwoosh.com/assets/css/style.css?utm_source=newsletter&utm_medium=email,0,tranco,http://www.pushwoosh.com/assets/css/style.css?utm_source=newsletter&utm_medium=email,pushwoosh.com
3829.0,http://ioriveredge.net/search,0,tranco,http://ioriveredge.net/search,ioriveredge.net
7792.0,http://www.oneget.org/register,0,tranco,http://www.oneget.org/register,oneget.org
7800.0,http://www.ndmais.com.br/blog/article-name-here,0,tranco,http://www.ndmais.com.br/blog/article-name-here,ndmais.com.br
9256.0,http://idos.cz,0,tranco,http://idos.cz,idos.cz
2065.0,http://aniview.com/login,0,tranco,http://aniview.com/login,aniview.com
2764.0,http://www.match.com/register,0,tranco,http://www.match.com/register,match.com
5663.0,http://higgsfield.ai,0,tranco,http://higgsfield.ai,higgsfield.ai
4737.0,http://westernunion.com/,0,tranco,http://westernunion.com/,westernunion.com
3708.0,http://adscale.de/assets/css/style.css?q=test,0,tranco,http://adscale.de/assets/css/style.css?q=test,adscale.de
,http://rob2222.netlify.app/,1,openphish,http://rob2222.netlify.app/,netlify.app
4407.0,http://www.20minutos.es/?id=123,0,tranco,http://www.20minutos.es/?id=123,20minutos.es
4510.0,http://viglink.com/index.html,0,tranco,http://viglink.com/index.html,viglink.com
2794.0,http://dropboxapi.com,0,tranco,http://dropboxapi.com,dropboxapi.com
7251.0,http://www.syr.edu/wp-content/uploads/image.jpg,0,tranco,http://www.syr.edu/wp-content/uploads/image.jpg,syr.edu
7769.0,http://www.yuga.ru/login?ref=twitter,0,tranco,http://www.yuga.ru/login?ref=twitter,yuga.ru
4529.0,http://www.qvdt3feo.com/api/v1/users,0,tranco,http://www.qvdt3feo.com/api/v1/users,qvdt3feo.com
5287.0,http://micpn.com/blog/article-name-here,0,tranco,http://micpn.com/blog/article-name-here,micpn.com
6403.0,http://drogasil.com.br/contact?lang=en,0,tranco,http://drogasil.com.br/contact?lang=en,drogasil.com.br
3306.0,http://www.pendingrenewaldeletion.com/login?id=123,0,tranco,http://www.pendingrenewaldeletion.com/login?id=123,pendingrenewaldeletion.com
6364.0,http://coppel.com/download,0,tranco,http://coppel.com/download,coppel.com
7596.0,http://boulanger.com/download,0,tranco,http://boulanger.com/download,boulanger.com
9711.0,http://awsdns-54.co.uk,0,tranco,http://awsdns-54.co.uk,awsdns-54.co.uk
2948.0,http://www.foggymorningmist.com/blog/article-name-here,0,tranco,http://www.foggymorningmist.com/blog/article-name-here,foggymorningmist.com
4608.0,http://qq.com.cn/register?action=verify&token=abcxyz123abcxyz123abcxyz123abcxyz123abcxyz123abcxyz123abcxyz123abcxyz123,0,tranco,http://qq.com.cn/register?action=verify&token=abcxyz123abcxyz123abcxyz123abcxyz123abcxyz123abcxyz123abcxyz123abcxyz123,qq.com.cn
9373.0,http://www.kryptex.network/wp-content/uploads/image.jpg?token=abcxyz123,0,tranco,http://www.kryptex.network/wp-content/uploads/image.jpg?token=abcxyz123,kryptex.network
2736.0,http://www.hostingradio.ru/download?redirect_url=https%3A%2F%2Fexample.com%2Fdashboard&session_id=abcdef1234567890abcdef1234567890,0,tranco,http://www.hostingradio.ru/download?redirect_url=https://example.com/dashboard&session_id=abcdef1234567890abcdef1234567890,hostingradio.ru
7541.0,http://bata.com/register,0,tranco,http://bata.com/register,bata.com
1753.0,http://gree-pf.net/,0,tranco,http://gree-pf.net/,gree-pf.net
3625.0,http://www.rtbwise.com/wp-content/uploads/image.jpg?id=123,0,tranco,http://www.rtbwise.com/wp-content/uploads/image.jpg?id=123,rtbwise.com
1304.0,http://datadome.co/contact,0,tranco,http://datadome.co/contact,datadome.co
5298.0,http://www.fstr.rocks/blog/article-name-here,0,tranco,http://www.fstr.rocks/blog/article-name-here,fstr.rocks
3892.0,http://www.bdtelemetry.amazon/contact,0,tranco,http://www.bdtelemetry.amazon/contact,bdtelemetry.amazon
7858.0,http://wolvden.com,0,tranco,http://wolvden.com,wolvden.com
8699.0,http://www.freeporno.xxx/search,0,tranco,http://www.freeporno.xxx/search,freeporno.xxx
5330.0,http://fr.de,0,tranco,http://fr.de,fr.de
5354.0,http://www.uio.no/login?page=2,0,tranco,http://www.uio.no/login?page=2,uio.no
8539.0,http://eu.cc,0,tranco,http://eu.cc,eu.cc
1908.0,http://adobelogin.com,0,tranco,http://adobelogin.com,adobelogin.com
7942.0,http://www.tiava.com/blog/article-name-here,0,tranco,http://www.tiava.com/blog/article-name-here,tiava.com
9104.0,http://www.pornolandia.xxx/search,0,tranco,http://www.pornolandia.xxx/search,pornolandia.xxx
2750.0,http://aliexpress-media.com/wp-content/uploads/image.jpg?token=abcxyz123,0,tranco,http://aliexpress-media.com/wp-content/uploads/image.jpg?token=abcxyz123,aliexpress-media.com
3008.0,http://bgtee.com/blog/article-name-here,0,tranco,http://bgtee.com/blog/article-name-here,bgtee.com
4628.0,http://www.redditspace.com/login?id=123,0,tranco,http://www.redditspace.com/login?id=123,redditspace.com
8522.0,http://mts-nn.ru/assets/css/style.css,0,tranco,http://mts-nn.ru/assets/css/style.css,mts-nn.ru
7109.0,http://military.com,0,tranco,http://military.com,military.com
7707.0,http://www.freshservice.com/assets/css/style.css?utm_source=newsletter&utm_medium=email,0,tranco,http://www.freshservice.com/assets/css/style.css?utm_source=newsletter&utm_medium=email,freshservice.com
1082.0,http://rutube.ru/,0,tranco,http://rutube.ru/,rutube.ru
5046.0,http://marksandspencer.com,0,tranco,http://marksandspencer.com,marksandspencer.com
3610.0,http://minecraft-services.net,0,tranco,http://minecraft-services.net,minecraft-services.net
8155.0,http://tpgi.com.au,0,tranco,http://tpgi.com.au,tpgi.com.au
9803.0,http://googlemail.com/assets/css/style.css?lang=en,0,tranco,http://googlemail.com/assets/css/style.css?lang=en,googlemail.com
7745.0,http://huffingtonpost.jp,0,tranco,http://huffingtonpost.jp,huffingtonpost.jp
9640.0,http://www.muscache.com/index.html,0,tranco,http://www.muscache.com/index.html,muscache.com
5280.0,http://www.tinder.com/wp-content/uploads/image.jpg,0,tranco,http://www.tinder.com/wp-content/uploads/image.jpg,tinder.com
3087.0,http://bisp.gov.pk/api/v1/users,0,tranco,http://bisp.gov.pk/api/v1/users,bisp.gov.pk
7270.0,http://www.piwik.pro/blog/article-name-here?lang=en,0,tranco,http://www.piwik.pro/blog/article-name-here?lang=en,piwik.pro
9535.0,http://www.surabaya.go.id/about,0,tranco,http://www.surabaya.go.id/about,surabaya.go.id
3013.0,http://1drv.ms/search?token=abcxyz123,0,tranco,http://1drv.ms/search?token=abcxyz123,1drv.ms
840.0,http://www.no-ip.com/,0,tranco,http://www.no-ip.com/,no-ip.com
525.0,http://slideshare.net/assets/css/style.css?q=test,0,tranco,http://slideshare.net/assets/css/style.css?q=test,slideshare.net
698.0,http://www.dbankcloud.com/assets/css/style.css,0,tranco,http://www.dbankcloud.com/assets/css/style.css,dbankcloud.com
8758.0,http://www.online-reservations.com/download?id=123,0,tranco,http://www.online-reservations.com/download?id=123,online-reservations.com
5707.0,http://www.immowelt.de/register?page=2,0,tranco,http://www.immowelt.de/register?page=2,immowelt.de
307.0,http://samsungcloud.com,0,tranco,http://samsungcloud.com,samsungcloud.com
1566.0,http://jav.guru/search?page=2,0,tranco,http://jav.guru/search?page=2,jav.guru
9998.0,http://www.ratkojat.fi/search?page=2,0,tranco,http://www.ratkojat.fi/search?page=2,ratkojat.fi
4274.0,http://gmarket.co.kr/search?redirect_url=https%3A%2F%2Fexample.com%2Fdashboard&session_id=abcdef1234567890abcdef1234567890,0,tranco,http://gmarket.co.kr/search?redirect_url=https://example.com/dashboard&session_id=abcdef1234567890abcdef1234567890,gmarket.co.kr
7448.0,http://jet2holidays.com/wp-content/uploads/image.jpg?action=verify&token=abcxyz123abcxyz123abcxyz123abcxyz123abcxyz123abcxyz123abcxyz123abcxyz123,0,tranco,http://jet2holidays.com/wp-content/uploads/image.jpg?action=verify&token=abcxyz123abcxyz123abcxyz123abcxyz123abcxyz123abcxyz123abcxyz123abcxyz123,jet2holidays.com
6628.0,http://www.paymaya.com/about,0,tranco,http://www.paymaya.com/about,paymaya.com
4881.0,http://infoseek.co.jp/login,0,tranco,http://infoseek.co.jp/login,infoseek.co.jp
6255.0,http://www.colorado.gov/wp-content/uploads/image.jpg?action=verify&token=abcxyz123abcxyz123abcxyz123abcxyz123abcxyz123abcxyz123abcxyz123abcxyz123,0,tranco,http://www.colorado.gov/wp-content/uploads/image.jpg?action=verify&token=abcxyz123abcxyz123abcxyz123abcxyz123abcxyz123abcxyz123abcxyz123abcxyz123,colorado.gov
6207.0,http://www.newrepublic.com/blog/article-name-here,0,tranco,http://www.newrepublic.com/blog/article-name-here,newrepublic.com
8580.0,http://www.aabdw.com/blog/article-name-here,0,tranco,http://www.aabdw.com/blog/article-name-here,aabdw.com
6198.0,http://www.ricoh.com/contact?token=abcxyz123,0,tranco,http://www.ricoh.com/contact?token=abcxyz123,ricoh.com
2792.0,http://firwinds.site,0,tranco,http://firwinds.site,firwinds.site
9790.0,http://iqgamehub.com/contact,0,tranco,http://iqgamehub.com/contact,iqgamehub.com
9156.0,http://bongdaplus.vn/blog/article-name-here?id=123,0,tranco,http://bongdaplus.vn/blog/article-name-here?id=123,bongdaplus.vn
,https://whotsapp-web.hl.cn/,1,openphish,https://whotsapp-web.hl.cn/,whotsapp-web.hl.cn
9760.0,http://www.siftscience.com/,0,tranco,http://www.siftscience.com/,siftscience.com
5062.0,http://www.kzhi.tech/about?redirect_url=https%3A%2F%2Fexample.com%2Fdashboard&session_id=abcdef1234567890abcdef1234567890,0,tranco,http://www.kzhi.tech/about?redirect_url=https://example.com/dashboard&session_id=abcdef1234567890abcdef1234567890,kzhi.tech
8119.0,http://www.nexcess.net/wp-content/uploads/image.jpg,0,tranco,http://www.nexcess.net/wp-content/uploads/image.jpg,nexcess.net
3695.0,http://sba.gov,0,tranco,http://sba.gov,sba.gov
2940.0,http://www.s-microsoft.com/contact?token=abcxyz123,0,tranco,http://www.s-microsoft.com/contact?token=abcxyz123,s-microsoft.com
3358.0,http://www.greenpeace.org/download,0,tranco,http://www.greenpeace.org/download,greenpeace.org
6119.0,http://pointclickcare.com,0,tranco,http://pointclickcare.com,pointclickcare.com
3026.0,http://www.theregister.com/index.html,0,tranco,http://www.theregister.com/index.html,theregister.com
5945.0,http://www.idc.com/register,0,tranco,http://www.idc.com/register,idc.com
6746.0,http://albumoftheyear.org,0,tranco,http://albumoftheyear.org,albumoftheyear.org
4137.0,http://browsiprod.com,0,tranco,http://browsiprod.com,browsiprod.com
9573.0,http://afun.mx,0,tranco,http://afun.mx,afun.mx
4859.0,http://www.ecombdapi.com/api/v1/users,0,tranco,http://www.ecombdapi.com/api/v1/users,ecombdapi.com
1503.0,http://missav.ai/index.html?lang=en,0,tranco,http://missav.ai/index.html?lang=en,missav.ai
807.0,http://www.it.com/login,0,tranco,http://www.it.com/login,it.com
6847.0,http://biobiochile.cl,0,tranco,http://biobiochile.cl,biobiochile.cl
458.0,http://www.skyhigh.cloud/assets/css/style.css?redirect_url=https%3A%2F%2Fexample.com%2Fdashboard&session_id=abcdef1234567890abcdef1234567890,0,tranco,http://www.skyhigh.cloud/assets/css/style.css?redirect_url=https://example.com/dashboard&session_id=abcdef1234567890abcdef1234567890,skyhigh.cloud
8424.0,http://router-network.com/about,0,tranco,http://router-network.com/about,router-network.com
1338.0,http://publicnode.com/index.html,0,tranco,http://publicnode.com/index.html,publicnode.com
1127.0,http://wskam.com/about?lang=en,0,tranco,http://wskam.com/about?lang=en,wskam.com
9172.0,http://rosenergo.com/assets/css/style.css?utm_source=newsletter&utm_medium=email,0,tranco,http://rosenergo.com/assets/css/style.css?utm_source=newsletter&utm_medium=email,rosenergo.com
1744.0,http://xvideo.vlog.br,0,tranco,http://xvideo.vlog.br,xvideo.vlog.br
8698.0,http://shmu.sk/blog/article-name-here,0,tranco,http://shmu.sk/blog/article-name-here,shmu.sk
9161.0,http://redtube.com.br/contact?q=test,0,tranco,http://redtube.com.br/contact?q=test,redtube.com.br
3084.0,http://giantpanda.com/?action=verify&token=abcxyz123abcxyz123abcxyz123abcxyz123abcxyz123abcxyz123abcxyz123abcxyz123,0,tranco,http://giantpanda.com/?action=verify&token=abcxyz123abcxyz123abcxyz123abcxyz123abcxyz123abcxyz123abcxyz123abcxyz123,giantpanda.com
1700.0,http://www.linkmake.in/products/view/123?token=abcxyz123,0,tranco,http://www.linkmake.in/products/view/123?token=abcxyz123,linkmake.in
6743.0,http://www.freewebs.com/wp-content/uploads/image.jpg,0,tranco,http://www.freewebs.com/wp-content/uploads/image.jpg,freewebs.com
2311.0,http://moviebox.ph/download?token=abcxyz123,0,tranco,http://moviebox.ph/download?token=abcxyz123,moviebox.ph
6995.0,http://lemon8-app.com,0,tranco,http://lemon8-app.com,lemon8-app.com
2411.0,http://imf.org/contact,0,tranco,http://imf.org/contact,imf.org
786.0,http://fiverr.com/contact?q=test,0,tranco,http://fiverr.com/contact?q=test,fiverr.com
3094.0,http://www.faqs.org/login,0,tranco,http://www.faqs.org/login,faqs.org
4582.0,http://aiscore.com/blog/article-name-here?utm_source=newsletter&utm_medium=email,0,tranco,http://aiscore.com/blog/article-name-here?utm_source=newsletter&utm_medium=email,aiscore.com
9017.0,http://www.hentai20.io/login?lang=en,0,tranco,http://www.hentai20.io/login?lang=en,hentai20.io
6554.0,http://osf.io/blog/article-name-here,0,tranco,http://osf.io/blog/article-name-here,osf.io
15.0,http://www.fbcdn.net/register?page=2,0,tranco,http://www.fbcdn.net/register?page=2,fbcdn.net
9753.0,http://alaskaair.com/download?q=test,0,tranco,http://alaskaair.com/download?q=test,alaskaair.com
1672.0,http://pornobrasil.com/blog/article-name-here?utm_source=newsletter&utm_medium=email,0,tranco,http://pornobrasil.com/blog/article-name-here?utm_source=newsletter&utm_medium=email,pornobrasil.com
4161.0,http://www.kompas.com/?ref=twitter,0,tranco,http://www.kompas.com/?ref=twitter,kompas.com
4701.0,http://dish.com,0,tranco,http://dish.com,dish.com
2553.0,http://www.azure-dns.net/register?page=2,0,tranco,http://www.azure-dns.net/register?page=2,azure-dns.net
7763.0,http://tkmaxx.com/download,0,tranco,http://tkmaxx.com/download,tkmaxx.com
5585.0,http://rshb.ru/contact,0,tranco,http://rshb.ru/contact,rshb.ru
8473.0,http://www.mpsuadv.ru/contact,0,tranco,http://www.mpsuadv.ru/contact,mpsuadv.ru
4924.0,http://hardened-php.net/login,0,tranco,http://hardened-php.net/login,hardened-php.net
9990.0,http://symphony.com,0,tranco,http://symphony.com,symphony.com
9896.0,http://www.xnxxsex.net/about?token=abcxyz123,0,tranco,http://www.xnxxsex.net/about?token=abcxyz123,xnxxsex.net
9439.0,http://buchstaben.com/register,0,tranco,http://buchstaben.com/register,buchstaben.com
4680.0,http://www.appnext.com/download,0,tranco,http://www.appnext.com/download,appnext.com
5202.0,http://yummyani.me/search?ref=twitter,0,tranco,http://yummyani.me/search?ref=twitter,yummyani.me
6422.0,http://trovaprezzi.it/login?utm_source=newsletter&utm_medium=email,0,tranco,http://trovaprezzi.it/login?utm_source=newsletter&utm_medium=email,trovaprezzi.it
2851.0,http://www.hdslb.com/login,0,tranco,http://www.hdslb.com/login,hdslb.com
438.0,http://att.com/login?ref=twitter,0,tranco,http://att.com/login?ref=twitter,att.com
1558.0,http://meteociel.fr/index.html,0,tranco,http://meteociel.fr/index.html,meteociel.fr
6052.0,http://www.netperf.org/api/v1/users?token=abcxyz123,0,tranco,http://www.netperf.org/api/v1/users?token=abcxyz123,netperf.org
5126.0,http://liquidweb.com/download?id=123,0,tranco,http://liquidweb.com/download?id=123,liquidweb.com
7699.0,http://vanguardngr.com,0,tranco,http://vanguardngr.com,vanguardngr.com
6463.0,http://www.theporndude.com/wp-content/uploads/image.jpg?token=abcxyz123,0,tranco,http://www.theporndude.com/wp-content/uploads/image.jpg?token=abcxyz123,theporndude.com
4922.0,http://www.adsurge.com/login,0,tranco,http://www.adsurge.com/login,adsurge.com
257.0,http://www.linktr.ee/about?token=abcxyz123,0,tranco,http://www.linktr.ee/about?token=abcxyz123,linktr.ee
7003.0,http://www.netfirms.com/register?id=123,0,tranco,http://www.netfirms.com/register?id=123,netfirms.com
209.0,http://www.pki.goog/index.html,0,tranco,http://www.pki.goog/index.html,pki.goog
3452.0,http://mimecast.com/search?redirect_url=https%3A%2F%2Fexample.com%2Fdashboard&session_id=abcdef1234567890abcdef1234567890,0,tranco,http://mimecast.com/search?redirect_url=https://example.com/dashboard&session_id=abcdef1234567890abcdef1234567890,mimecast.com
859.0,http://frontiersin.org,0,tranco,http://frontiersin.org,frontiersin.org
2912.0,http://www.cdnhwc3.com/about,0,tranco,http://www.cdnhwc3.com/about,cdnhwc3.com
4125.0,http://tns-counter.ru/,0,tranco,http://tns-counter.ru/,tns-counter.ru
5415.0,http://wallpapers.com/api/v1/users,0,tranco,http://wallpapers.com/api/v1/users,wallpapers.com
4897.0,http://komoot.com/download,0,tranco,http://komoot.com/download,komoot.com
7290.0,http://www.opentext.com/products/view/123,0,tranco,http://www.opentext.com/products/view/123,opentext.com
1630.0,http://patria.org.ve/download?action=verify&token=abcxyz123abcxyz123abcxyz123abcxyz123abcxyz123abcxyz123abcxyz123abcxyz123,0,tranco,http://patria.org.ve/download?action=verify&token=abcxyz123abcxyz123abcxyz123abcxyz123abcxyz123abcxyz123abcxyz123abcxyz123,patria.org.ve
9119.0,http://yaoimangaonline.com/wp-content/uploads/image.jpg?ref=twitter,0,tranco,http://yaoimangaonline.com/wp-content/uploads/image.jpg?ref=twitter,yaoimangaonline.com
5826.0,http://tivo.com/download,0,tranco,http://tivo.com/download,tivo.com
1366.0,http://www.action.com/wp-content/uploads/image.jpg,0,tranco,http://www.action.com/wp-content/uploads/image.jpg,action.com
855.0,http://princeton.edu,0,tranco,http://princeton.edu,princeton.edu
6904.0,http://www.livekit.cloud/products/view/123,0,tranco,http://www.livekit.cloud/products/view/123,livekit.cloud
2759.0,http://pemsrv.com,0,tranco,http://pemsrv.com,pemsrv.com
,http://sp22ct-zamel-biz-loru-kemu-17o.pages.dev/,1,openphish,http://sp22ct-zamel-biz-loru-kemu-17o.pages.dev/,pages.dev
8459.0,http://musinsa.com/login,0,tranco,http://musinsa.com/login,musinsa.com
2154.0,http://semrush.com/register,0,tranco,http://semrush.com/register,semrush.com
,https://vmi523165.duckdns.org/cff/,1,openphish,https://vmi523165.duckdns.org/cff/,duckdns.org
9354.0,http://www.samehadaku.how/api/v1/users,0,tranco,http://www.samehadaku.how/api/v1/users,samehadaku.how
2143.0,http://www.ci-servers.net/index.html?lang=en,0,tranco,http://www.ci-servers.net/index.html?lang=en,ci-servers.net
2509.0,http://www.news.com.au/login,0,tranco,http://www.news.com.au/login,news.com.au
,https://www.roblox.com.am/users/245289165572/profile,1,openphish,https://www.roblox.com.am/users/245289165572/profile,roblox.com.am
8576.0,http://www.nikkei225jp.com/products/view/123,0,tranco,http://www.nikkei225jp.com/products/view/123,nikkei225jp.com
4993.0,http://www.google.ie/search?ref=twitter,0,tranco,http://www.google.ie/search?ref=twitter,google.ie
412.0,http://globo.com/register,0,tranco,http://globo.com/register,globo.com
5498.0,http://mail.com/register?action=verify&token=abcxyz123abcxyz123abcxyz123abcxyz123abcxyz123abcxyz123abcxyz123abcxyz123,0,tranco,http://mail.com/register?action=verify&token=abcxyz123abcxyz123abcxyz123abcxyz123abcxyz123abcxyz123abcxyz123abcxyz123,mail.com
4447.0,http://www.us.org/login,0,tranco,http://www.us.org/login,us.org
2138.0,http://mastercard.com/download?ref=twitter,0,tranco,http://mastercard.com/download?ref=twitter,mastercard.com
1598.0,http://www.sexalarab.com/index.html,0,tranco,http://www.sexalarab.com/index.html,sexalarab.com
3365.0,http://www.mfms.ru/register?page=2,0,tranco,http://www.mfms.ru/register?page=2,mfms.ru
4800.0,http://trulia.com/products/view/123,0,tranco,http://trulia.com/products/view/123,trulia.com
8285.0,http://chichi-pui.com/products/view/123,0,tranco,http://chichi-pui.com/products/view/123,chichi-pui.com
4798.0,http://lnkdns.net,0,tranco,http://lnkdns.net,lnkdns.net
4025.0,http://www.capitaloneshopping.com/products/view/123?redirect_url=https%3A%2F%2Fexample.com%2Fdashboard&session_id=abcdef1234567890abcdef1234567890,0,tranco,http://www.capitaloneshopping.com/products/view/123?redirect_url=https://example.com/dashboard&session_id=abcdef1234567890abcdef1234567890,capitaloneshopping.com
6534.0,http://www.qatarairways.com/download?redirect_url=https%3A%2F%2Fexample.com%2Fdashboard&session_id=abcdef1234567890abcdef1234567890,0,tranco,http://www.qatarairways.com/download?redirect_url=https://example.com/dashboard&session_id=abcdef1234567890abcdef1234567890,qatarairways.com
3872.0,http://cia.gov,0,tranco,http://cia.gov,cia.gov
6939.0,http://www.awsdns-48.net/register,0,tranco,http://www.awsdns-48.net/register,awsdns-48.net
361.0,http://quickconnect.to/contact,0,tranco,http://quickconnect.to/contact,quickconnect.to
7752.0,http://voz.vn,0,tranco,http://voz.vn,voz.vn
1791.0,http://www.hh.ru/login,0,tranco,http://www.hh.ru/login,hh.ru
7141.0,http://ok.xxx/?utm_source=newsletter&utm_medium=email,0,tranco,http://ok.xxx/?utm_source=newsletter&utm_medium=email,ok.xxx
4658.0,http://www.rg.ru/contact,0,tranco,http://www.rg.ru/contact,rg.ru
3675.0,http://www.timeout.com/wp-content/uploads/image.jpg?token=abcxyz123,0,tranco,http://www.timeout.com/wp-content/uploads/image.jpg?token=abcxyz123,timeout.com
6784.0,http://www.libertaddigital.com/index.html,0,tranco,http://www.libertaddigital.com/index.html,libertaddigital.com
3401.0,http://demandbase.com/products/view/123?page=2,0,tranco,http://demandbase.com/products/view/123?page=2,demandbase.com
7314.0,http://www.equant.net/products/view/123,0,tranco,http://www.equant.net/products/view/123,equant.net
4215.0,http://qlogo.cn,0,tranco,http://qlogo.cn,qlogo.cn
894.0,http://lwsdns.com,0,tranco,http://lwsdns.com,lwsdns.com
9717.0,http://www.google.mg/login,0,tranco,http://www.google.mg/login,google.mg
1620.0,http://www.jra.go.jp/?action=verify&token=abcxyz123abcxyz123abcxyz123abcxyz123abcxyz123abcxyz123abcxyz123abcxyz123,0,tranco,http://www.jra.go.jp/?action=verify&token=abcxyz123abcxyz123abcxyz123abcxyz123abcxyz123abcxyz123abcxyz123abcxyz123,jra.go.jp
144.0,http://dns-parking.com/search,0,tranco,http://dns-parking.com/search,dns-parking.com
1701.0,http://www.mobiledokan.com/index.html?page=2,0,tranco,http://www.mobiledokan.com/index.html?page=2,mobiledokan.com
8926.0,http://www.toroporno.com/download?ref=twitter,0,tranco,http://www.toroporno.com/download?ref=twitter,toroporno.com
3449.0,http://www.coca-cola.com/about?id=123,0,tranco,http://www.coca-cola.com/about?id=123,coca-cola.com
3389.0,http://signalr.net/index.html,0,tranco,http://signalr.net/index.html,signalr.net
8757.0,http://www.tpmn.io/blog/article-name-here,0,tranco,http://www.tpmn.io/blog/article-name-here,tpmn.io
4740.0,http://bible.com/search,0,tranco,http://bible.com/search,bible.com
5225.0,http://kakaku.com,0,tranco,http://kakaku.com,kakaku.com
8600.0,http://cdnhwcuwd107.cn/assets/css/style.css,0,tranco,http://cdnhwcuwd107.cn/assets/css/style.css,cdnhwcuwd107.cn
3273.0,http://www.ning.com/products/view/123?action=verify&token=abcxyz123abcxyz123abcxyz123abcxyz123abcxyz123abcxyz123abcxyz123abcxyz123,0,tranco,http://www.ning.com/products/view/123?action=verify&token=abcxyz123abcxyz123abcxyz123abcxyz123abcxyz123abcxyz123abcxyz123abcxyz123,ning.com
6552.0,http://amplreq.com,0,tranco,http://amplreq.com,amplreq.com
7727.0,http://gdt.gov.vn/wp-content/uploads/image.jpg,0,tranco,http://gdt.gov.vn/wp-content/uploads/image.jpg,gdt.gov.vn
8002.0,http://dot-st.com/about?action=verify&token=abcxyz123abcxyz123abcxyz123abcxyz123abcxyz123abcxyz123abcxyz123abcxyz123,0,tranco,http://dot-st.com/about?action=verify&token=abcxyz123abcxyz123abcxyz123abcxyz123abcxyz123abcxyz123abcxyz123abcxyz123,dot-st.com
1410.0,http://0xrpc.io/search,0,tranco,http://0xrpc.io/search,0xrpc.io
1688.0,http://www.xsmn.mobi/register,0,tranco,http://www.xsmn.mobi/register,xsmn.mobi
,https://lnk.ink/PKKdV,1,openphish,https://lnk.ink/PKKdV,lnk.ink
7895.0,http://www.polsatnews.pl/blog/article-name-here,0,tranco,http://www.polsatnews.pl/blog/article-name-here,polsatnews.pl
3643.0,http://dns.jp/blog/article-name-here,0,tranco,http://dns.jp/blog/article-name-here,dns.jp
6086.0,http://www.star4live.com/?utm_source=newsletter&utm_medium=email,0,tranco,http://www.star4live.com/?utm_source=newsletter&utm_medium=email,star4live.com
7857.0,http://xhbox.today,0,tranco,http://xhbox.today,xhbox.today
,http://gfytvd-wiyn-np4qjd-g9ewg7.pages.dev/,1,openphish,http://gfytvd-wiyn-np4qjd-g9ewg7.pages.dev/,pages.dev
6166.0,http://www.europepmc.org/search?action=verify&token=abcxyz123abcxyz123abcxyz123abcxyz123abcxyz123abcxyz123abcxyz123abcxyz123,0,tranco,http://www.europepmc.org/search?action=verify&token=abcxyz123abcxyz123abcxyz123abcxyz123abcxyz123abcxyz123abcxyz123abcxyz123,europepmc.org
2778.0,http://bihar.gov.in,0,tranco,http://bihar.gov.in,bihar.gov.in
7839.0,http://revolve.com/blog/article-name-here?redirect_url=https%3A%2F%2Fexample.com%2Fdashboard&session_id=abcdef1234567890abcdef1234567890,0,tranco,http://revolve.com/blog/article-name-here?redirect_url=https://example.com/dashboard&session_id=abcdef1234567890abcdef1234567890,revolve.com
2518.0,http://www.crowdstrike.com/login?lang=en,0,tranco,http://www.crowdstrike.com/login?lang=en,crowdstrike.com
5035.0,http://echostarcdn.com,0,tranco,http://echostarcdn.com,echostarcdn.com
2916.0,http://ctmail.com,0,tranco,http://ctmail.com,ctmail.com
8747.0,http://www.st-andrews.ac.uk/login?action=verify&token=abcxyz123abcxyz123abcxyz123abcxyz123abcxyz123abcxyz123abcxyz123abcxyz123,0,tranco,http://www.st-andrews.ac.uk/login?action=verify&token=abcxyz123abcxyz123abcxyz123abcxyz123abcxyz123abcxyz123abcxyz123abcxyz123,st-andrews.ac.uk
3936.0,http://lazada.co.id/about,0,tranco,http://lazada.co.id/about,lazada.co.id
1006.0,http://www.app-ads-services.com/search,0,tranco,http://www.app-ads-services.com/search,app-ads-services.com
42.0,http://trafficmanager.net/api/v1/users,0,tranco,http://trafficmanager.net/api/v1/users,trafficmanager.net
3500.0,http://movetv.com/register,0,tranco,http://movetv.com/register,movetv.com
6000.0,http://irna.ir,0,tranco,http://irna.ir,irna.ir
9524.0,http://www.mobiledokan.co/wp-content/uploads/image.jpg,0,tranco,http://www.mobiledokan.co/wp-content/uploads/image.jpg,mobiledokan.co
4123.0,http://macrumors.com/register,0,tranco,http://macrumors.com/register,macrumors.com
5341.0,http://www.tinypass.com/register,0,tranco,http://www.tinypass.com/register,tinypass.com
196.0,http://bytefcdn-oversea.com/index.html,0,tranco,http://bytefcdn-oversea.com/index.html,bytefcdn-oversea.com
7966.0,http://www.olympic.org/assets/css/style.css?id=123,0,tranco,http://www.olympic.org/assets/css/style.css?id=123,olympic.org
468.0,http://eye4.cn,0,tranco,http://eye4.cn,eye4.cn
1559.0,http://www.nya2.com/assets/css/style.css,0,tranco,http://www.nya2.com/assets/css/style.css,nya2.com
7903.0,http://www.marvel.com/?q=test,0,tranco,http://www.marvel.com/?q=test,marvel.com
4976.0,http://ztat.net,0,tranco,http://ztat.net,ztat.net
9181.0,http://awsdns-46.co.uk/contact,0,tranco,http://awsdns-46.co.uk/contact,awsdns-46.co.uk
9837.0,http://thenkiri.com,0,tranco,http://thenkiri.com,thenkiri.com
5631.0,http://www.cdn-vk.net/products/view/123,0,tranco,http://www.cdn-vk.net/products/view/123,cdn-vk.net
5636.0,http://www.jiosaavn.com/api/v1/users,0,tranco,http://www.jiosaavn.com/api/v1/users,jiosaavn.com
2873.0,http://www.capitalonegslbex.com/wp-content/uploads/image.jpg?action=verify&token=abcxyz123abcxyz123abcxyz123abcxyz123abcxyz123abcxyz123abcxyz123abcxyz123,0,tranco,http://www.capitalonegslbex.com/wp-content/uploads/image.jpg?action=verify&token=abcxyz123abcxyz123abcxyz123abcxyz123abcxyz123abcxyz123abcxyz123abcxyz123,capitalonegslbex.com
3014.0,http://www.buzzoola.com/about?ref=twitter,0,tranco,http://www.buzzoola.com/about?ref=twitter,buzzoola.com
7144.0,http://drogariasaopaulo.com.br/about,0,tranco,http://drogariasaopaulo.com.br/about,drogariasaopaulo.com.br
1680.0,http://ojogodobicho.com/?page=2,0,tranco,http://ojogodobicho.com/?page=2,ojogodobicho.com
,http://c089be.icefactory.cl/,1,openphish,http://c089be.icefactory.cl/,icefactory.cl
3379.0,http://www.scw.cloud/contact?id=123,0,tranco,http://www.scw.cloud/contact?id=123,scw.cloud
9775.0,http://teamstoday.com/register,0,tranco,http://teamstoday.com/register,teamstoday.com
5912.0,http://www.pagesix.com/register?lang=en,0,tranco,http://www.pagesix.com/register?lang=en,pagesix.com
2579.0,http://roskazna.ru,0,tranco,http://roskazna.ru,roskazna.ru
4100.0,http://google.ae/,0,tranco,http://google.ae/,google.ae
8834.0,http://beebom.com/api/v1/users?token=abcxyz123,0,tranco,http://beebom.com/api/v1/users?token=abcxyz123,beebom.com
668.0,http://fb.com/contact?id=123,0,tranco,http://fb.com/contact?id=123,fb.com
9108.0,http://www.pornogratisdiario.com/search?page=2,0,tranco,http://www.pornogratisdiario.com/search?page=2,pornogratisdiario.com
3974.0,http://www.aljazeera.net/about?utm_source=newsletter&utm_medium=email,0,tranco,http://www.aljazeera.net/about?utm_source=newsletter&utm_medium=email,aljazeera.net
2300.0,http://clickup.com/search,0,tranco,http://clickup.com/search,clickup.com
5721.0,http://overdrive.com/api/v1/users,0,tranco,http://overdrive.com/api/v1/users,overdrive.com
5448.0,http://liveperson.net/?page=2,0,tranco,http://liveperson.net/?page=2,liveperson.net
4554.0,http://www.libpng.org/blog/article-name-here,0,tranco,http://www.libpng.org/blog/article-name-here,libpng.org
539.0,http://oup.com,0,tranco,http://oup.com,oup.com
4549.0,http://shutterfly.com,0,tranco,http://shutterfly.com,shutterfly.com
6143.0,http://firstbytedns.ru/about,0,tranco,http://firstbytedns.ru/about,firstbytedns.ru
8590.0,http://www.91porn.com/products/view/123?id=123,0,tranco,http://www.91porn.com/products/view/123?id=123,91porn.com
6469.0,http://reserved.com/index.html,0,tranco,http://reserved.com/index.html,reserved.com
4276.0,http://google.co.ve/?page=2,0,tranco,http://google.co.ve/?page=2,google.co.ve
5102.0,http://nj.gov/wp-content/uploads/image.jpg?id=123,0,tranco,http://nj.gov/wp-content/uploads/image.jpg?id=123,nj.gov
958.0,http://ancestry.com/login?q=test,0,tranco,http://ancestry.com/login?q=test,ancestry.com
2711.0,http://snowflake.com,0,tranco,http://snowflake.com,snowflake.com
1613.0,http://arabx.cam,0,tranco,http://arabx.cam,arabx.cam
404.0,http://netangels.ru/products/view/123?page=2,0,tranco,http://netangels.ru/products/view/123?page=2,netangels.ru
7641.0,http://bambulab.com/products/view/123,0,tranco,http://bambulab.com/products/view/123,bambulab.com
6383.0,http://www.google.tm/blog/article-name-here?q=test,0,tranco,http://www.google.tm/blog/article-name-here?q=test,google.tm
2856.0,http://www.t2.ru/index.html?action=verify&token=abcxyz123abcxyz123abcxyz123abcxyz123abcxyz123abcxyz123abcxyz123abcxyz123,0,tranco,http://www.t2.ru/index.html?action=verify&token=abcxyz123abcxyz123abcxyz123abcxyz123abcxyz123abcxyz123abcxyz123abcxyz123,t2.ru
6544.0,http://www.rtvslo.si/contact,0,tranco,http://www.rtvslo.si/contact,rtvslo.si
4571.0,http://homes.com/register,0,tranco,http://homes.com/register,homes.com
3194.0,http://iionads.com,0,tranco,http://iionads.com,iionads.com
1967.0,http://www.matterport.com/wp-content/uploads/image.jpg?id=123,0,tranco,http://www.matterport.com/wp-content/uploads/image.jpg?id=123,matterport.com
9694.0,http://www.news-img.site/index.html,0,tranco,http://www.news-img.site/index.html,news-img.site
2863.0,http://brandbucket.com,0,tranco,http://brandbucket.com,brandbucket.com
7194.0,http://awsdns-09.net/about,0,tranco,http://awsdns-09.net/about,awsdns-09.net
7124.0,http://poynter.org,0,tranco,http://poynter.org,poynter.org
9244.0,http://krikya11.club/download?action=verify&token=abcxyz123abcxyz123abcxyz123abcxyz123abcxyz123abcxyz123abcxyz123abcxyz123,0,tranco,http://krikya11.club/download?action=verify&token=abcxyz123abcxyz123abcxyz123abcxyz123abcxyz123abcxyz123abcxyz123abcxyz123,krikya11.club
637.0,http://cdnvideo.ru,0,tranco,http://cdnvideo.ru,cdnvideo.ru
7796.0,http://uncn.jp/wp-content/uploads/image.jpg,0,tranco,http://uncn.jp/wp-content/uploads/image.jpg,uncn.jp
2665.0,http://googlesource.com/wp-content/uploads/image.jpg?page=2,0,tranco,http://googlesource.com/wp-content/uploads/image.jpg?page=2,googlesource.com
4725.0,http://directadmin.com/index.html?utm_source=newsletter&utm_medium=email,0,tranco,http://directadmin.com/index.html?utm_source=newsletter&utm_medium=email,directadmin.com
9055.0,http://porn-comic.com/index.html,0,tranco,http://porn-comic.com/index.html,porn-comic.com
5902.0,http://www.illusionblack.com/register?token=abcxyz123,0,tranco,http://www.illusionblack.com/register?token=abcxyz123,illusionblack.com
2405.0,http://www.kkstories.com/products/view/123,0,tranco,http://www.kkstories.com/products/view/123,kkstories.com
5478.0,http://we.tl,0,tranco,http://we.tl,we.tl
8312.0,http://antena3.ro,0,tranco,http://antena3.ro,antena3.ro
9390.0,http://www.novelfull.com/blog/article-name-here,0,tranco,http://www.novelfull.com/blog/article-name-here,novelfull.com
8480.0,http://www.privateinternetaccess.com/login?page=2,0,tranco,http://www.privateinternetaccess.com/login?page=2,privateinternetaccess.com
4326.0,http://www.wiki.gg/search?page=2,0,tranco,http://www.wiki.gg/search?page=2,wiki.gg
2112.0,http://dnsv.jp,0,tranco,http://dnsv.jp,dnsv.jp
3189.0,http://thedailybeast.com/assets/css/style.css?utm_source=newsletter&utm_medium=email,0,tranco,http://thedailybeast.com/assets/css/style.css?utm_source=newsletter&utm_medium=email,thedailybeast.com
6869.0,http://di.se/wp-content/uploads/image.jpg?lang=en,0,tranco,http://di.se/wp-content/uploads/image.jpg?lang=en,di.se
4907.0,http://peatix.com/blog/article-name-here,0,tranco,http://peatix.com/blog/article-name-here,peatix.com
4386.0,http://postimg.cc,0,tranco,http://postimg.cc,postimg.cc
9993.0,http://awsdns-01.co.uk/blog/article-name-here?lang=en,0,tranco,http://awsdns-01.co.uk/blog/article-name-here?lang=en,awsdns-01.co.uk
8873.0,http://www.heap-api.com/search,0,tranco,http://www.heap-api.com/search,heap-api.com
5468.0,http://cometchat.io,0,tranco,http://cometchat.io,cometchat.io
4557.0,http://www.telogis.com/search,0,tranco,http://www.telogis.com/search,telogis.com
644.0,http://ovh.net/blog/article-name-here?lang=en,0,tranco,http://ovh.net/blog/article-name-here?lang=en,ovh.net
5230.0,http://ms.now,0,tranco,http://ms.now,ms.now
8680.0,http://www.boots.com/products/view/123?utm_source=newsletter&utm_medium=email,0,tranco,http://www.boots.com/products/view/123?utm_source=newsletter&utm_medium=email,boots.com
226.0,http://www.bbc.co.uk/products/view/123,0,tranco,http://www.bbc.co.uk/products/view/123,bbc.co.uk
3670.0,http://www.se.com/products/view/123,0,tranco,http://www.se.com/products/view/123,se.com
7158.0,http://www.bigpond.net.au/,0,tranco,http://www.bigpond.net.au/,bigpond.net.au
7606.0,http://www.zani64.com/about,0,tranco,http://www.zani64.com/about,zani64.com
8725.0,http://www.timebucks.com/?lang=en,0,tranco,http://www.timebucks.com/?lang=en,timebucks.com
5896.0,http://bgchprod.info,0,tranco,http://bgchprod.info,bgchprod.info
3876.0,http://www.coupangcdn.com/assets/css/style.css,0,tranco,http://www.coupangcdn.com/assets/css/style.css,coupangcdn.com
,https://d30sec8k5ond2x.cloudfront.net/your-books?tabView=library&discoveryType=on&viewType=genres&ref=ebooks_dsk_sn_yb_ip_lib_dis_d_t1,1,openphish,https://d30sec8k5ond2x.cloudfront.net/your-books?tabView=library&discoveryType=on&viewType=genres&ref=ebooks_dsk_sn_yb_ip_lib_dis_d_t1,cloudfront.net
3678.0,http://www.man7.org/contact?page=2,0,tranco,http://www.man7.org/contact?page=2,man7.org
5717.0,http://www.telus.com/search,0,tranco,http://www.telus.com/search,telus.com
8450.0,http://complex.com/contact,0,tranco,http://complex.com/contact,complex.com
804.0,http://disneyplus.com,0,tranco,http://disneyplus.com,disneyplus.com
4000.0,http://google.com.pe/api/v1/users?utm_source=newsletter&utm_medium=email,0,tranco,http://google.com.pe/api/v1/users?utm_source=newsletter&utm_medium=email,google.com.pe
4289.0,http://www.bldrdoc.gov/api/v1/users,0,tranco,http://www.bldrdoc.gov/api/v1/users,bldrdoc.gov
5513.0,http://www.cafe24.co.kr/index.html?lang=en,0,tranco,http://www.cafe24.co.kr/index.html?lang=en,cafe24.co.kr
5594.0,http://www.rand.org/search,0,tranco,http://www.rand.org/search,rand.org
9164.0,http://vegalb.com/assets/css/style.css,0,tranco,http://vegalb.com/assets/css/style.css,vegalb.com
8911.0,http://danword.com/search?page=2,0,tranco,http://danword.com/search?page=2,danword.com
1281.0,http://noodlemagazine.com/register?redirect_url=https%3A%2F%2Fexample.com%2Fdashboard&session_id=abcdef1234567890abcdef1234567890,0,tranco,http://noodlemagazine.com/register?redirect_url=https://example.com/dashboard&session_id=abcdef1234567890abcdef1234567890,noodlemagazine.com
358.0,http://www.bloomberg.com/blog/article-name-here?q=test,0,tranco,http://www.bloomberg.com/blog/article-name-here?q=test,bloomberg.com
3261.0,http://docusign.com,0,tranco,http://docusign.com,docusign.com
3789.0,http://www.worldcat.org/download?utm_source=newsletter&utm_medium=email,0,tranco,http://www.worldcat.org/download?utm_source=newsletter&utm_medium=email,worldcat.org
2564.0,http://www.registraduria.gov.co/about,0,tranco,http://www.registraduria.gov.co/about,registraduria.gov.co
4852.0,http://vedomosti.ru,0,tranco,http://vedomosti.ru,vedomosti.ru
1160.0,http://www.plex.direct/wp-content/uploads/image.jpg?redirect_url=https%3A%2F%2Fexample.com%2Fdashboard&session_id=abcdef1234567890abcdef1234567890,0,tranco,http://www.plex.direct/wp-content/uploads/image.jpg?redirect_url=https://example.com/dashboard&session_id=abcdef1234567890abcdef1234567890,plex.direct
1666.0,http://sarkariresult.com.cm,0,tranco,http://sarkariresult.com.cm,sarkariresult.com.cm
7355.0,http://bandlab.com,0,tranco,http://bandlab.com,bandlab.com
3303.0,http://www.symcb.com/products/view/123,0,tranco,http://www.symcb.com/products/view/123,symcb.com
2887.0,http://grok.com/contact?utm_source=newsletter&utm_medium=email,0,tranco,http://grok.com/contact?utm_source=newsletter&utm_medium=email,grok.com
1764.0,http://yimg.com,0,tranco,http://yimg.com,yimg.com
4481.0,http://www.syncthing.net/register,0,tranco,http://www.syncthing.net/register,syncthing.net
6658.0,http://www.utk.edu/login,0,tranco,http://www.utk.edu/login,utk.edu
8977.0,http://www.unitedcinemas.jp/login,0,tranco,http://www.unitedcinemas.jp/login,unitedcinemas.jp
8075.0,http://dagospia.com/contact,0,tranco,http://dagospia.com/contact,dagospia.com
2266.0,http://digicertdns.com/products/view/123,0,tranco,http://digicertdns.com/products/view/123,digicertdns.com
7677.0,http://ukrainealarm.com/api/v1/users,0,tranco,http://ukrainealarm.com/api/v1/users,ukrainealarm.com
4692.0,http://parade.com/api/v1/users,0,tranco,http://parade.com/api/v1/users,parade.com
7273.0,http://bayer.com/register?utm_source=newsletter&utm_medium=email,0,tranco,http://bayer.com/register?utm_source=newsletter&utm_medium=email,bayer.com
9802.0,http://www.isipp.com/api/v1/users?id=123,0,tranco,http://www.isipp.com/api/v1/users?id=123,isipp.com
2697.0,http://www.google.pl/login?page=2,0,tranco,http://www.google.pl/login?page=2,google.pl
5184.0,http://cbsivideo.com/assets/css/style.css,0,tranco,http://cbsivideo.com/assets/css/style.css,cbsivideo.com
5692.0,http://www.tudelft.nl/login?ref=twitter,0,tranco,http://www.tudelft.nl/login?ref=twitter,tudelft.nl
4304.0,http://www.tvtropes.org/wp-content/uploads/image.jpg?ref=twitter,0,tranco,http://www.tvtropes.org/wp-content/uploads/image.jpg?ref=twitter,tvtropes.org
6625.0,http://tue.nl/register?lang=en,0,tranco,http://tue.nl/register?lang=en,tue.nl
4373.0,http://protek.ru/search,0,tranco,http://protek.ru/search,protek.ru
8692.0,http://olympusxyz.com/products/view/123?redirect_url=https%3A%2F%2Fexample.com%2Fdashboard&session_id=abcdef1234567890abcdef1234567890,0,tranco,http://olympusxyz.com/products/view/123?redirect_url=https://example.com/dashboard&session_id=abcdef1234567890abcdef1234567890,olympusxyz.com
1420.0,http://iporntv.net,0,tranco,http://iporntv.net,iporntv.net
3739.0,http://mobiuspace.net,0,tranco,http://mobiuspace.net,mobiuspace.net
7630.0,http://www.wikimapia.org/api/v1/users?token=abcxyz123,0,tranco,http://www.wikimapia.org/api/v1/users?token=abcxyz123,wikimapia.org
817.0,http://akamaitech.net/assets/css/style.css,0,tranco,http://akamaitech.net/assets/css/style.css,akamaitech.net
4783.0,http://www.srv53.net/about,0,tranco,http://www.srv53.net/about,srv53.net
7795.0,http://stirileprotv.ro,0,tranco,http://stirileprotv.ro,stirileprotv.ro
8167.0,http://www.flashscore.com.br/login?lang=en,0,tranco,http://www.flashscore.com.br/login?lang=en,flashscore.com.br
437.0,http://www.wbx2.com/login,0,tranco,http://www.wbx2.com/login,wbx2.com
5525.0,http://www.laztys.tech/download?lang=en,0,tranco,http://www.laztys.tech/download?lang=en,laztys.tech
4021.0,http://dreame.tech/login,0,tranco,http://dreame.tech/login,dreame.tech
8100.0,http://loudecho.ai/blog/article-name-here,0,tranco,http://loudecho.ai/blog/article-name-here,loudecho.ai
599.0,http://imgsmail.ru,0,tranco,http://imgsmail.ru,imgsmail.ru
1142.0,http://msauth.net,0,tranco,http://msauth.net,msauth.net
3465.0,http://ladsp.com/login,0,tranco,http://ladsp.com/login,ladsp.com
860.0,http://ebay.co.uk/blog/article-name-here?ref=twitter,0,tranco,http://ebay.co.uk/blog/article-name-here?ref=twitter,ebay.co.uk
9093.0,http://www.alkosto.com/wp-content/uploads/image.jpg,0,tranco,http://www.alkosto.com/wp-content/uploads/image.jpg,alkosto.com
5331.0,http://beeg.com/assets/css/style.css?id=123,0,tranco,http://beeg.com/assets/css/style.css?id=123,beeg.com
465.0,http://featureassets.org/index.html,0,tranco,http://featureassets.org/index.html,featureassets.org
6689.0,http://js7k.com,0,tranco,http://js7k.com,js7k.com
9274.0,http://scba.gov.ar/search?id=123,0,tranco,http://scba.gov.ar/search?id=123,scba.gov.ar
9030.0,http://www.loilonote.app/register,0,tranco,http://www.loilonote.app/register,loilonote.app
3833.0,http://yomiuri.co.jp/download?id=123,0,tranco,http://yomiuri.co.jp/download?id=123,yomiuri.co.jp
8178.0,http://lpsg.com,0,tranco,http://lpsg.com,lpsg.com
6591.0,http://lifeaiot.com/,0,tranco,http://lifeaiot.com/,lifeaiot.com
8870.0,http://clarivate.com,0,tranco,http://clarivate.com,clarivate.com
1391.0,http://nic.uk,0,tranco,http://nic.uk,nic.uk
6083.0,http://findmykids.org,0,tranco,http://findmykids.org,findmykids.org
8670.0,http://sbrf.ru/blog/article-name-here,0,tranco,http://sbrf.ru/blog/article-name-here,sbrf.ru
7046.0,http://www.easy4ip.com/,0,tranco,http://www.easy4ip.com/,easy4ip.com
9644.0,http://educacao.sp.gov.br/api/v1/users?token=abcxyz123,0,tranco,http://educacao.sp.gov.br/api/v1/users?token=abcxyz123,educacao.sp.gov.br
4333.0,http://www.derstandard.at/,0,tranco,http://www.derstandard.at/,derstandard.at
1920.0,http://www.appier.net/login,0,tranco,http://www.appier.net/login,appier.net
2079.0,http://salesforceliveagent.com/download?action=verify&token=abcxyz123abcxyz123abcxyz123abcxyz123abcxyz123abcxyz123abcxyz123abcxyz123,0,tranco,http://salesforceliveagent.com/download?action=verify&token=abcxyz123abcxyz123abcxyz123abcxyz123abcxyz123abcxyz123abcxyz123abcxyz123,salesforceliveagent.com
8001.0,http://www.topky.sk/api/v1/users?token=abcxyz123,0,tranco,http://www.topky.sk/api/v1/users?token=abcxyz123,topky.sk
4806.0,http://www.alltel24.ru/contact,0,tranco,http://www.alltel24.ru/contact,alltel24.ru
4473.0,http://fnac.com/register?lang=en,0,tranco,http://fnac.com/register?lang=en,fnac.com
4472.0,http://viator.com/index.html?id=123,0,tranco,http://viator.com/index.html?id=123,viator.com
8031.0,http://calm.com/,0,tranco,http://calm.com/,calm.com
4497.0,http://www.gazeta.pl/blog/article-name-here,0,tranco,http://www.gazeta.pl/blog/article-name-here,gazeta.pl
4488.0,http://www.pstatp.com/index.html?utm_source=newsletter&utm_medium=email,0,tranco,http://www.pstatp.com/index.html?utm_source=newsletter&utm_medium=email,pstatp.com
4015.0,http://reolink.com/contact?q=test,0,tranco,http://reolink.com/contact?q=test,reolink.com
7272.0,http://ext-twitch.tv/,0,tranco,http://ext-twitch.tv/,ext-twitch.tv
5659.0,http://www.nodes.ac/blog/article-name-here,0,tranco,http://www.nodes.ac/blog/article-name-here,nodes.ac
8121.0,http://yadi.sk/about,0,tranco,http://yadi.sk/about,yadi.sk
3155.0,http://www.wellsfargo.com/wp-content/uploads/image.jpg,0,tranco,http://www.wellsfargo.com/wp-content/uploads/image.jpg,wellsfargo.com
2164.0,http://www.xincache.com/register,0,tranco,http://www.xincache.com/register,xincache.com
2995.0,http://usa.gov/about,0,tranco,http://usa.gov/about,usa.gov
3209.0,http://lenta.ru/search,0,tranco,http://lenta.ru/search,lenta.ru
4477.0,http://www.google.com.np/contact,0,tranco,http://www.google.com.np/contact,google.com.np
5719.0,http://cordkit.online/about?q=test,0,tranco,http://cordkit.online/about?q=test,cordkit.online
7762.0,http://www.masrawy.com/download?id=123,0,tranco,http://www.masrawy.com/download?id=123,masrawy.com
9272.0,http://f-secure.com,0,tranco,http://f-secure.com,f-secure.com
5187.0,http://ggblueshark.com/about?id=123,0,tranco,http://ggblueshark.com/about?id=123,ggblueshark.com
,https://www.roblox.com.am/users/236788363081/profile,1,openphish,https://www.roblox.com.am/users/236788363081/profile,roblox.com.am
205.0,http://doi.org,0,tranco,http://doi.org,doi.org
6712.0,http://sophosupd.com/contact?ref=twitter,0,tranco,http://sophosupd.com/contact?ref=twitter,sophosupd.com
9547.0,http://www.abbott.com/download?ref=twitter,0,tranco,http://www.abbott.com/download?ref=twitter,abbott.com
761.0,http://www.google.com.br/assets/css/style.css?id=123,0,tranco,http://www.google.com.br/assets/css/style.css?id=123,google.com.br
9787.0,http://www.futbol11.com/blog/article-name-here,0,tranco,http://www.futbol11.com/blog/article-name-here,futbol11.com
7722.0,http://mcdonalds.co.jp,0,tranco,http://mcdonalds.co.jp,mcdonalds.co.jp
999.0,http://www.ddns.net/index.html?token=abcxyz123,0,tranco,http://www.ddns.net/index.html?token=abcxyz123,ddns.net
5869.0,http://www.csic.es/wp-content/uploads/image.jpg?ref=twitter,0,tranco,http://www.csic.es/wp-content/uploads/image.jpg?ref=twitter,csic.es
1183.0,http://www.itmedia.co.jp/blog/article-name-here,0,tranco,http://www.itmedia.co.jp/blog/article-name-here,itmedia.co.jp
5731.0,http://www.rtl.nl/login,0,tranco,http://www.rtl.nl/login,rtl.nl
2140.0,http://armgs.team,0,tranco,http://armgs.team,armgs.team
715.0,http://seznam.cz/products/view/123?utm_source=newsletter&utm_medium=email,0,tranco,http://seznam.cz/products/view/123?utm_source=newsletter&utm_medium=email,seznam.cz
8375.0,http://cal.com/search?ref=twitter,0,tranco,http://cal.com/search?ref=twitter,cal.com
2077.0,http://www.datto.com/wp-content/uploads/image.jpg?redirect_url=https%3A%2F%2Fexample.com%2Fdashboard&session_id=abcdef1234567890abcdef1234567890,0,tranco,http://www.datto.com/wp-content/uploads/image.jpg?redirect_url=https://example.com/dashboard&session_id=abcdef1234567890abcdef1234567890,datto.com
452.0,http://paloaltonetworks.com/products/view/123?q=test,0,tranco,http://paloaltonetworks.com/products/view/123?q=test,paloaltonetworks.com
1243.0,http://myntra.com/register?page=2,0,tranco,http://myntra.com/register?page=2,myntra.com
5921.0,http://webshare.io/download?id=123,0,tranco,http://webshare.io/download?id=123,webshare.io
7595.0,http://ncl.ac.uk/download,0,tranco,http://ncl.ac.uk/download,ncl.ac.uk
1877.0,http://ryanair.com/login?ref=twitter,0,tranco,http://ryanair.com/login?ref=twitter,ryanair.com
3985.0,http://tum.de,0,tranco,http://tum.de,tum.de
236.0,http://www.azureedge.net/blog/article-name-here,0,tranco,http://www.azureedge.net/blog/article-name-here,azureedge.net
9078.0,http://widen.net/login?redirect_url=https%3A%2F%2Fexample.com%2Fdashboard&session_id=abcdef1234567890abcdef1234567890,0,tranco,http://widen.net/login?redirect_url=https://example.com/dashboard&session_id=abcdef1234567890abcdef1234567890,widen.net
8204.0,http://www.p-bandai.jp/blog/article-name-here,0,tranco,http://www.p-bandai.jp/blog/article-name-here,p-bandai.jp
2821.0,http://realtor.com/products/view/123,0,tranco,http://realtor.com/products/view/123,realtor.com
9894.0,http://www.isitmaal.com/search,0,tranco,http://www.isitmaal.com/search,isitmaal.com
7328.0,http://www.zerozero.pt/assets/css/style.css,0,tranco,http://www.zerozero.pt/assets/css/style.css,zerozero.pt
2460.0,http://khanacademy.org/download,0,tranco,http://khanacademy.org/download,khanacademy.org
5861.0,http://beinsports.com/login?lang=en,0,tranco,http://beinsports.com/login?lang=en,beinsports.com
9271.0,http://cityu.edu.hk,0,tranco,http://cityu.edu.hk,cityu.edu.hk
8129.0,http://www.clips4sale.com/download,0,tranco,http://www.clips4sale.com/download,clips4sale.com
4933.0,http://www.qualys.com/?page=2,0,tranco,http://www.qualys.com/?page=2,qualys.com
6382.0,http://thuvienphapluat.vn/,0,tranco,http://thuvienphapluat.vn/,thuvienphapluat.vn
587.0,http://target.com/wp-content/uploads/image.jpg,0,tranco,http://target.com/wp-content/uploads/image.jpg,target.com
3245.0,http://hootsuite.com/login?lang=en,0,tranco,http://hootsuite.com/login?lang=en,hootsuite.com
5506.0,http://atptour.com/products/view/123?lang=en,0,tranco,http://atptour.com/products/view/123?lang=en,atptour.com
9287.0,http://ntp.org.cn,0,tranco,http://ntp.org.cn,ntp.org.cn
3539.0,http://com.com/assets/css/style.css?action=verify&token=abcxyz123abcxyz123abcxyz123abcxyz123abcxyz123abcxyz123abcxyz123abcxyz123,0,tranco,http://com.com/assets/css/style.css?action=verify&token=abcxyz123abcxyz123abcxyz123abcxyz123abcxyz123abcxyz123abcxyz123abcxyz123,com.com
5463.0,http://rainews.it,0,tranco,http://rainews.it,rainews.it
4533.0,http://popsci.com/,0,tranco,http://popsci.com/,popsci.com
3436.0,http://gitbook.io/products/view/123,0,tranco,http://gitbook.io/products/view/123,gitbook.io
886.0,http://spotifycdn.com,0,tranco,http://spotifycdn.com,spotifycdn.com
6907.0,http://www.carvana.com/login?redirect_url=https%3A%2F%2Fexample.com%2Fdashboard&session_id=abcdef1234567890abcdef1234567890,0,tranco,http://www.carvana.com/login?redirect_url=https://example.com/dashboard&session_id=abcdef1234567890abcdef1234567890,carvana.com
5469.0,http://www.apple.co/wp-content/uploads/image.jpg,0,tranco,http://www.apple.co/wp-content/uploads/image.jpg,apple.co
7950.0,http://adafruit.com/contact,0,tranco,http://adafruit.com/contact,adafruit.com
2642.0,http://visuys.space/download,0,tranco,http://visuys.space/download,visuys.space
4014.0,http://www.eurekalert.org/blog/article-name-here?id=123,0,tranco,http://www.eurekalert.org/blog/article-name-here?id=123,eurekalert.org
4912.0,http://thestreet.com/blog/article-name-here?token=abcxyz123,0,tranco,http://thestreet.com/blog/article-name-here?token=abcxyz123,thestreet.com
7811.0,http://www.alibabachengdun.com/login,0,tranco,http://www.alibabachengdun.com/login,alibabachengdun.com
921.0,http://seedtag.com/about,0,tranco,http://seedtag.com/about,seedtag.com
9681.0,http://eprocure.gov.bd/wp-content/uploads/image.jpg?lang=en,0,tranco,http://eprocure.gov.bd/wp-content/uploads/image.jpg?lang=en,eprocure.gov.bd
9437.0,http://avizoone.com,0,tranco,http://avizoone.com,avizoone.com
6164.0,http://hostedrmm.com/search,0,tranco,http://hostedrmm.com/search,hostedrmm.com
7084.0,http://spacebattles.com/api/v1/users?token=abcxyz123,0,tranco,http://spacebattles.com/api/v1/users?token=abcxyz123,spacebattles.com
3819.0,http://www.pointtoserver.com/register,0,tranco,http://www.pointtoserver.com/register,pointtoserver.com
8640.0,http://www.anandabazar.com/search?id=123,0,tranco,http://www.anandabazar.com/search?id=123,anandabazar.com
2240.0,http://www.ria.ru/contact,0,tranco,http://www.ria.ru/contact,ria.ru
6120.0,http://www.appdynamics.com/blog/article-name-here,0,tranco,http://www.appdynamics.com/blog/article-name-here,appdynamics.com
9777.0,http://www.punjabpolice.gov.pk/register?action=verify&token=abcxyz123abcxyz123abcxyz123abcxyz123abcxyz123abcxyz123abcxyz123abcxyz123,0,tranco,http://www.punjabpolice.gov.pk/register?action=verify&token=abcxyz123abcxyz123abcxyz123abcxyz123abcxyz123abcxyz123abcxyz123abcxyz123,punjabpolice.gov.pk
3961.0,http://unhcr.org/login?page=2,0,tranco,http://unhcr.org/login?page=2,unhcr.org
9175.0,http://mycima.cc/,0,tranco,http://mycima.cc/,mycima.cc
6890.0,http://www.zbporn.com/search,0,tranco,http://www.zbporn.com/search,zbporn.com
1423.0,http://index.hr/assets/css/style.css?action=verify&token=abcxyz123abcxyz123abcxyz123abcxyz123abcxyz123abcxyz123abcxyz123abcxyz123,0,tranco,http://index.hr/assets/css/style.css?action=verify&token=abcxyz123abcxyz123abcxyz123abcxyz123abcxyz123abcxyz123abcxyz123abcxyz123,index.hr
1772.0,http://ahacdn.me/index.html?id=123,0,tranco,http://ahacdn.me/index.html?id=123,ahacdn.me
8702.0,http://gsxt.gov.cn/contact,0,tranco,http://gsxt.gov.cn/contact,gsxt.gov.cn
6853.0,http://www.bartleby.com/assets/css/style.css,0,tranco,http://www.bartleby.com/assets/css/style.css,bartleby.com
8200.0,http://tukif.porn/assets/css/style.css,0,tranco,http://tukif.porn/assets/css/style.css,tukif.porn
2734.0,http://www.phantom.app/contact?id=123,0,tranco,http://www.phantom.app/contact?id=123,phantom.app
,http://nxtflix-clone-by-harshit.netlify.app/,1,openphish,http://nxtflix-clone-by-harshit.netlify.app/,netlify.app
2377.0,http://www.nubank.com.br/register,0,tranco,http://www.nubank.com.br/register,nubank.com.br
3321.0,http://value-domain.com,0,tranco,http://value-domain.com,value-domain.com
2195.0,http://www.gofin.io/register,0,tranco,http://www.gofin.io/register,gofin.io
6537.0,http://www.adda247.com/blog/article-name-here,0,tranco,http://www.adda247.com/blog/article-name-here,adda247.com
4112.0,http://www.insightexpressai.com/download,0,tranco,http://www.insightexpressai.com/download,insightexpressai.com
5130.0,http://krone.at,0,tranco,http://krone.at,krone.at
2011.0,http://clevertap-prod.com/about,0,tranco,http://clevertap-prod.com/about,clevertap-prod.com
394.0,http://www.tiktokv.us/about?page=2,0,tranco,http://www.tiktokv.us/about?page=2,tiktokv.us
1560.0,http://ladies.de/download?redirect_url=https%3A%2F%2Fexample.com%2Fdashboard&session_id=abcdef1234567890abcdef1234567890,0,tranco,http://ladies.de/download?redirect_url=https://example.com/dashboard&session_id=abcdef1234567890abcdef1234567890,ladies.de
9923.0,http://allgabar.com/wp-content/uploads/image.jpg?page=2,0,tranco,http://allgabar.com/wp-content/uploads/image.jpg?page=2,allgabar.com
9087.0,http://www.poder360.com.br/download?token=abcxyz123,0,tranco,http://www.poder360.com.br/download?token=abcxyz123,poder360.com.br
8371.0,http://uwa.edu.au/about,0,tranco,http://uwa.edu.au/about,uwa.edu.au
7512.0,http://thenounproject.com/register,0,tranco,http://thenounproject.com/register,thenounproject.com
584.0,http://ca.gov/,0,tranco,http://ca.gov/,ca.gov
4356.0,http://adfox.ru/products/view/123?redirect_url=https%3A%2F%2Fexample.com%2Fdashboard&session_id=abcdef1234567890abcdef1234567890,0,tranco,http://adfox.ru/products/view/123?redirect_url=https://example.com/dashboard&session_id=abcdef1234567890abcdef1234567890,adfox.ru
934.0,http://docker.io,0,tranco,http://docker.io,docker.io
8435.0,http://www.thecut.com/wp-content/uploads/image.jpg?redirect_url=https%3A%2F%2Fexample.com%2Fdashboard&session_id=abcdef1234567890abcdef1234567890,0,tranco,http://www.thecut.com/wp-content/uploads/image.jpg?redirect_url=https://example.com/dashboard&session_id=abcdef1234567890abcdef1234567890,thecut.com
1074.0,http://flashscore.com,0,tranco,http://flashscore.com,flashscore.com
5110.0,http://www.activision.com/download,0,tranco,http://www.activision.com/download,activision.com
4871.0,http://learnings.ai/search?q=test,0,tranco,http://learnings.ai/search?q=test,learnings.ai
1301.0,http://wiktionary.org,0,tranco,http://wiktionary.org,wiktionary.org
8238.0,http://cbse.gov.in/?utm_source=newsletter&utm_medium=email,0,tranco,http://cbse.gov.in/?utm_source=newsletter&utm_medium=email,cbse.gov.in
9311.0,http://ninthdecimal.com/login,0,tranco,http://ninthdecimal.com/login,ninthdecimal.com
8069.0,http://www.deakin.edu.au/register?ref=twitter,0,tranco,http://www.deakin.edu.au/register?ref=twitter,deakin.edu.au
5779.0,http://radiopotok.ru/register?action=verify&token=abcxyz123abcxyz123abcxyz123abcxyz123abcxyz123abcxyz123abcxyz123abcxyz123,0,tranco,http://radiopotok.ru/register?action=verify&token=abcxyz123abcxyz123abcxyz123abcxyz123abcxyz123abcxyz123abcxyz123abcxyz123,radiopotok.ru
3288.0,http://ripe.net,0,tranco,http://ripe.net,ripe.net
885.0,http://www.biblegateway.com/download,0,tranco,http://www.biblegateway.com/download,biblegateway.com
6239.0,http://chatgpt.site/assets/css/style.css?utm_source=newsletter&utm_medium=email,0,tranco,http://chatgpt.site/assets/css/style.css?utm_source=newsletter&utm_medium=email,chatgpt.site
6744.0,http://www.dafiti.com.br/contact?ref=twitter,0,tranco,http://www.dafiti.com.br/contact?ref=twitter,dafiti.com.br
1793.0,http://www.newyorker.com/login?page=2,0,tranco,http://www.newyorker.com/login?page=2,newyorker.com
4954.0,http://nbcuott.com/wp-content/uploads/image.jpg,0,tranco,http://nbcuott.com/wp-content/uploads/image.jpg,nbcuott.com
3421.0,http://www.lovable.app/blog/article-name-here,0,tranco,http://www.lovable.app/blog/article-name-here,lovable.app
6334.0,http://smotrim.ru/products/view/123?page=2,0,tranco,http://smotrim.ru/products/view/123?page=2,smotrim.ru
5577.0,http://www.gao.gov/wp-content/uploads/image.jpg,0,tranco,http://www.gao.gov/wp-content/uploads/image.jpg,gao.gov
3377.0,http://apple-dns.cn/assets/css/style.css,0,tranco,http://apple-dns.cn/assets/css/style.css,apple-dns.cn
1795.0,http://tiktokglobalshopv.com/contact,0,tranco,http://tiktokglobalshopv.com/contact,tiktokglobalshopv.com
6989.0,http://no-ip.org/api/v1/users,0,tranco,http://no-ip.org/api/v1/users,no-ip.org
4556.0,http://filezilla-project.org/assets/css/style.css,0,tranco,http://filezilla-project.org/assets/css/style.css,filezilla-project.org
666.0,http://twimg.com/products/view/123?action=verify&token=abcxyz123abcxyz123abcxyz123abcxyz123abcxyz123abcxyz123abcxyz123abcxyz123,0,tranco,http://twimg.com/products/view/123?action=verify&token=abcxyz123abcxyz123abcxyz123abcxyz123abcxyz123abcxyz123abcxyz123abcxyz123,twimg.com
8682.0,http://www.happy-porn.com/index.html,0,tranco,http://www.happy-porn.com/index.html,happy-porn.com
3698.0,http://mp4moviez.soccer,0,tranco,http://mp4moviez.soccer,mp4moviez.soccer
6773.0,http://www.joinmastodon.org/wp-content/uploads/image.jpg?token=abcxyz123,0,tranco,http://www.joinmastodon.org/wp-content/uploads/image.jpg?token=abcxyz123,joinmastodon.org
9642.0,http://betsson.pe,0,tranco,http://betsson.pe,betsson.pe
5241.0,http://www.wassenaar.org/api/v1/users,0,tranco,http://www.wassenaar.org/api/v1/users,wassenaar.org
6420.0,http://nflximg.net,0,tranco,http://nflximg.net,nflximg.net
7555.0,http://ui-dns.biz/register?token=abcxyz123,0,tranco,http://ui-dns.biz/register?token=abcxyz123,ui-dns.biz
8518.0,http://www.imss.gob.mx/search?lang=en,0,tranco,http://www.imss.gob.mx/search?lang=en,imss.gob.mx
7135.0,http://www.exponea.com/login,0,tranco,http://www.exponea.com/login,exponea.com
4757.0,http://bittorrent.com/download?redirect_url=https%3A%2F%2Fexample.com%2Fdashboard&session_id=abcdef1234567890abcdef1234567890,0,tranco,http://bittorrent.com/download?redirect_url=https://example.com/dashboard&session_id=abcdef1234567890abcdef1234567890,bittorrent.com
7405.0,http://awsdns-33.net,0,tranco,http://awsdns-33.net,awsdns-33.net
8557.0,http://pestpac.com,0,tranco,http://pestpac.com,pestpac.com
7203.0,http://tiermaker.com/wp-content/uploads/image.jpg?lang=en,0,tranco,http://tiermaker.com/wp-content/uploads/image.jpg?lang=en,tiermaker.com
6766.0,http://www.dnshigh.com/download,0,tranco,http://www.dnshigh.com/download,dnshigh.com
6807.0,http://voodoo-tech.io/index.html,0,tranco,http://voodoo-tech.io/index.html,voodoo-tech.io
9467.0,http://moddb.com/index.html,0,tranco,http://moddb.com/index.html,moddb.com
2044.0,http://www.ninjarmm.com/api/v1/users,0,tranco,http://www.ninjarmm.com/api/v1/users,ninjarmm.com
7489.0,http://www.ilrestodelcarlino.it/contact,0,tranco,http://www.ilrestodelcarlino.it/contact,ilrestodelcarlino.it
2998.0,http://feishu.cn/products/view/123,0,tranco,http://feishu.cn/products/view/123,feishu.cn
7340.0,http://hal.science/api/v1/users,0,tranco,http://hal.science/api/v1/users,hal.science
4762.0,http://www.cloudflare-gateway.com/,0,tranco,http://www.cloudflare-gateway.com/,cloudflare-gateway.com
1253.0,http://googleapis.cn,0,tranco,http://googleapis.cn,googleapis.cn
9364.0,http://24xxx.men,0,tranco,http://24xxx.men,24xxx.men
6067.0,http://beacons.ai/wp-content/uploads/image.jpg?redirect_url=https%3A%2F%2Fexample.com%2Fdashboard&session_id=abcdef1234567890abcdef1234567890,0,tranco,http://beacons.ai/wp-content/uploads/image.jpg?redirect_url=https://example.com/dashboard&session_id=abcdef1234567890abcdef1234567890,beacons.ai
7490.0,http://www.newlook.com/api/v1/users?ref=twitter,0,tranco,http://www.newlook.com/api/v1/users?ref=twitter,newlook.com
7994.0,http://www.cdn-website.com/assets/css/style.css,0,tranco,http://www.cdn-website.com/assets/css/style.css,cdn-website.com
5848.0,http://xlgmedia.com,0,tranco,http://xlgmedia.com,xlgmedia.com
3028.0,http://pla3.com/contact,0,tranco,http://pla3.com/contact,pla3.com
7542.0,http://www.reson8.com/?id=123,0,tranco,http://www.reson8.com/?id=123,reson8.com
6489.0,http://www.bunnings.com.au/login?q=test,0,tranco,http://www.bunnings.com.au/login?q=test,bunnings.com.au
7215.0,http://digi24.ro/download,0,tranco,http://digi24.ro/download,digi24.ro
1899.0,http://jamanetwork.com,0,tranco,http://jamanetwork.com,jamanetwork.com
8068.0,http://axonixgrid.com,0,tranco,http://axonixgrid.com,axonixgrid.com
4544.0,http://pik.ru/about,0,tranco,http://pik.ru/about,pik.ru
9126.0,http://www.ffmpeg.org/products/view/123?lang=en,0,tranco,http://www.ffmpeg.org/products/view/123?lang=en,ffmpeg.org
177.0,http://flickr.com/products/view/123,0,tranco,http://flickr.com/products/view/123,flickr.com
6549.0,http://www.midilibre.fr/contact,0,tranco,http://www.midilibre.fr/contact,midilibre.fr
9821.0,http://google.co.vi/download,0,tranco,http://google.co.vi/download,google.co.vi
4675.0,http://www.oppo.com/search,0,tranco,http://www.oppo.com/search,oppo.com
3965.0,http://fotostrana.ru,0,tranco,http://fotostrana.ru,fotostrana.ru
5951.0,http://www.kion.ru/about?utm_source=newsletter&utm_medium=email,0,tranco,http://www.kion.ru/about?utm_source=newsletter&utm_medium=email,kion.ru
7185.0,http://awsdns-11.net,0,tranco,http://awsdns-11.net,awsdns-11.net
9643.0,http://viralkand.com/wp-content/uploads/image.jpg?q=test,0,tranco,http://viralkand.com/wp-content/uploads/image.jpg?q=test,viralkand.com
2449.0,http://meituan.com/assets/css/style.css,0,tranco,http://meituan.com/assets/css/style.css,meituan.com
8476.0,http://bloomberglaw.com/login,0,tranco,http://bloomberglaw.com/login,bloomberglaw.com
8256.0,http://datezone.com/wp-content/uploads/image.jpg,0,tranco,http://datezone.com/wp-content/uploads/image.jpg,datezone.com
1527.0,http://tvazteca.com/products/view/123?action=verify&token=abcxyz123abcxyz123abcxyz123abcxyz123abcxyz123abcxyz123abcxyz123abcxyz123,0,tranco,http://tvazteca.com/products/view/123?action=verify&token=abcxyz123abcxyz123abcxyz123abcxyz123abcxyz123abcxyz123abcxyz123abcxyz123,tvazteca.com
,https://ciu-epo5ai-v57-qro2-640-5wz.pages.dev/,1,openphish,https://ciu-epo5ai-v57-qro2-640-5wz.pages.dev/,pages.dev
9319.0,http://tala.ir,0,tranco,http://tala.ir,tala.ir
1596.0,http://www.jcphi.com/blog/article-name-here?action=verify&token=abcxyz123abcxyz123abcxyz123abcxyz123abcxyz123abcxyz123abcxyz123abcxyz123,0,tranco,http://www.jcphi.com/blog/article-name-here?action=verify&token=abcxyz123abcxyz123abcxyz123abcxyz123abcxyz123abcxyz123abcxyz123abcxyz123,jcphi.com
4023.0,http://awsdns-06.com/assets/css/style.css,0,tranco,http://awsdns-06.com/assets/css/style.css,awsdns-06.com
9284.0,http://asianet.co.th/?lang=en,0,tranco,http://asianet.co.th/?lang=en,asianet.co.th
1131.0,http://cam.ac.uk/api/v1/users?id=123,0,tranco,http://cam.ac.uk/api/v1/users?id=123,cam.ac.uk
8995.0,http://www.rawstory.com/api/v1/users,0,tranco,http://www.rawstory.com/api/v1/users,rawstory.com
7410.0,http://donedeal.ie/api/v1/users,0,tranco,http://donedeal.ie/api/v1/users,donedeal.ie
8707.0,http://juicexxx.com/register?q=test,0,tranco,http://juicexxx.com/register?q=test,juicexxx.com
4204.0,http://www.steaminventoryhelper.com/login,0,tranco,http://www.steaminventoryhelper.com/login,steaminventoryhelper.com
3112.0,http://weibocdn.com/register,0,tranco,http://weibocdn.com/register,weibocdn.com
773.0,http://www.adjust.com/register,0,tranco,http://www.adjust.com/register,adjust.com
5843.0,http://www.internet-measurement.com/about?page=2,0,tranco,http://www.internet-measurement.com/about?page=2,internet-measurement.com
3317.0,http://www.the-ozone-project.com/assets/css/style.css?q=test,0,tranco,http://www.the-ozone-project.com/assets/css/style.css?q=test,the-ozone-project.com
3117.0,http://www.wikibooks.org/index.html,0,tranco,http://www.wikibooks.org/index.html,wikibooks.org
1696.0,http://www.packzy.com/register?redirect_url=https%3A%2F%2Fexample.com%2Fdashboard&session_id=abcdef1234567890abcdef1234567890,0,tranco,http://www.packzy.com/register?redirect_url=https://example.com/dashboard&session_id=abcdef1234567890abcdef1234567890,packzy.com
719.0,http://eeroup.com,0,tranco,http://eeroup.com,eeroup.com
4846.0,http://cnblogs.com/products/view/123,0,tranco,http://cnblogs.com/products/view/123,cnblogs.com
5000.0,http://queniuso.com/?token=abcxyz123,0,tranco,http://queniuso.com/?token=abcxyz123,queniuso.com
5008.0,http://9mod.com,0,tranco,http://9mod.com,9mod.com
7776.0,http://www.paykeeper.ru/wp-content/uploads/image.jpg?token=abcxyz123,0,tranco,http://www.paykeeper.ru/wp-content/uploads/image.jpg?token=abcxyz123,paykeeper.ru
6429.0,http://emol.com/api/v1/users,0,tranco,http://emol.com/api/v1/users,emol.com
9250.0,http://portaltemponovo.com.br/wp-content/uploads/image.jpg?page=2,0,tranco,http://portaltemponovo.com.br/wp-content/uploads/image.jpg?page=2,portaltemponovo.com.br
1615.0,http://xvideos-ar.com/wp-content/uploads/image.jpg?redirect_url=https%3A%2F%2Fexample.com%2Fdashboard&session_id=abcdef1234567890abcdef1234567890,0,tranco,http://xvideos-ar.com/wp-content/uploads/image.jpg?redirect_url=https://example.com/dashboard&session_id=abcdef1234567890abcdef1234567890,xvideos-ar.com
2800.0,http://dnsv4.com,0,tranco,http://dnsv4.com,dnsv4.com
897.0,http://www.ln-msedge.net/wp-content/uploads/image.jpg?token=abcxyz123,0,tranco,http://www.ln-msedge.net/wp-content/uploads/image.jpg?token=abcxyz123,ln-msedge.net
7710.0,http://www.district.in/contact,0,tranco,http://www.district.in/contact,district.in
8814.0,http://afrointroductions.com/register,0,tranco,http://afrointroductions.com/register,afrointroductions.com
6679.0,http://www.jagex.com/assets/css/style.css?lang=en,0,tranco,http://www.jagex.com/assets/css/style.css?lang=en,jagex.com
5394.0,http://www.acint.net/api/v1/users,0,tranco,http://www.acint.net/api/v1/users,acint.net
1801.0,http://www.xhscdn.com/assets/css/style.css,0,tranco,http://www.xhscdn.com/assets/css/style.css,xhscdn.com
8835.0,http://www.eyefinity.com/products/view/123,0,tranco,http://www.eyefinity.com/products/view/123,eyefinity.com
9259.0,http://ahwaktv.net/register?action=verify&token=abcxyz123abcxyz123abcxyz123abcxyz123abcxyz123abcxyz123abcxyz123abcxyz123,0,tranco,http://ahwaktv.net/register?action=verify&token=abcxyz123abcxyz123abcxyz123abcxyz123abcxyz123abcxyz123abcxyz123abcxyz123,ahwaktv.net
2535.0,http://www.browser-intake-us5-datadoghq.com/download,0,tranco,http://www.browser-intake-us5-datadoghq.com/download,browser-intake-us5-datadoghq.com
6192.0,http://muni.cz/search,0,tranco,http://muni.cz/search,muni.cz
3782.0,http://elementor.com,0,tranco,http://elementor.com,elementor.com
2547.0,http://www.illinois.edu/,0,tranco,http://www.illinois.edu/,illinois.edu
2157.0,http://cpmstar.com,0,tranco,http://cpmstar.com,cpmstar.com
5686.0,http://seriouseats.com/download?redirect_url=https%3A%2F%2Fexample.com%2Fdashboard&session_id=abcdef1234567890abcdef1234567890,0,tranco,http://seriouseats.com/download?redirect_url=https://example.com/dashboard&session_id=abcdef1234567890abcdef1234567890,seriouseats.com
5319.0,http://www.skynet.be/register,0,tranco,http://www.skynet.be/register,skynet.be
6227.0,http://www.besoccer.com/login?ref=twitter,0,tranco,http://www.besoccer.com/login?ref=twitter,besoccer.com
7218.0,http://ripley.cl/login?token=abcxyz123,0,tranco,http://ripley.cl/login?token=abcxyz123,ripley.cl
4526.0,http://msdn.com,0,tranco,http://msdn.com,msdn.com
4049.0,http://www.rwth-aachen.de/blog/article-name-here,0,tranco,http://www.rwth-aachen.de/blog/article-name-here,rwth-aachen.de
4341.0,http://box.net,0,tranco,http://box.net,box.net
3640.0,http://awsdns-25.com/about,0,tranco,http://awsdns-25.com/about,awsdns-25.com
8675.0,http://typingtest.com,0,tranco,http://typingtest.com,typingtest.com
8505.0,http://lotterypost.com,0,tranco,http://lotterypost.com,lotterypost.com
5822.0,http://www.docs.rs/api/v1/users?redirect_url=https%3A%2F%2Fexample.com%2Fdashboard&session_id=abcdef1234567890abcdef1234567890,0,tranco,http://www.docs.rs/api/v1/users?redirect_url=https://example.com/dashboard&session_id=abcdef1234567890abcdef1234567890,docs.rs
9945.0,http://www.pagalnew.com/index.html?page=2,0,tranco,http://www.pagalnew.com/index.html?page=2,pagalnew.com
9405.0,http://mydesi2.net,0,tranco,http://mydesi2.net,mydesi2.net
6135.0,http://amplify.com,0,tranco,http://amplify.com,amplify.com
6321.0,http://www.techsmith.com/download,0,tranco,http://www.techsmith.com/download,techsmith.com
3096.0,http://ydparty04.tv/about?ref=twitter,0,tranco,http://ydparty04.tv/about?ref=twitter,ydparty04.tv
5092.0,http://google.co.ls/contact,0,tranco,http://google.co.ls/contact,google.co.ls
2558.0,http://www.trustindex.io/blog/article-name-here,0,tranco,http://www.trustindex.io/blog/article-name-here,trustindex.io
3723.0,http://cloudappsecurity.com/register,0,tranco,http://cloudappsecurity.com/register,cloudappsecurity.com
,http://gilded-baklava-b9e48a.netlify.app/,1,openphish,http://gilded-baklava-b9e48a.netlify.app/,netlify.app
9336.0,http://arabxn.com,0,tranco,http://arabxn.com,arabxn.com
7864.0,http://portaldasfinancas.gov.pt/about?q=test,0,tranco,http://portaldasfinancas.gov.pt/about?q=test,portaldasfinancas.gov.pt
3724.0,http://lonelyplanet.com,0,tranco,http://lonelyplanet.com,lonelyplanet.com
4824.0,http://www.prweb.com/download?action=verify&token=abcxyz123abcxyz123abcxyz123abcxyz123abcxyz123abcxyz123abcxyz123abcxyz123,0,tranco,http://www.prweb.com/download?action=verify&token=abcxyz123abcxyz123abcxyz123abcxyz123abcxyz123abcxyz123abcxyz123abcxyz123,prweb.com
6723.0,http://chess-results.com,0,tranco,http://chess-results.com,chess-results.com
8059.0,http://www.pocketoption.com/?token=abcxyz123,0,tranco,http://www.pocketoption.com/?token=abcxyz123,pocketoption.com
7224.0,http://www.playgamesonline.ru/login?redirect_url=https%3A%2F%2Fexample.com%2Fdashboard&session_id=abcdef1234567890abcdef1234567890,0,tranco,http://www.playgamesonline.ru/login?redirect_url=https://example.com/dashboard&session_id=abcdef1234567890abcdef1234567890,playgamesonline.ru
7924.0,http://mangago.zone,0,tranco,http://mangago.zone,mangago.zone
9976.0,http://www.mext.go.jp/about,0,tranco,http://www.mext.go.jp/about,mext.go.jp
6662.0,http://www.nicehash.com/assets/css/style.css,0,tranco,http://www.nicehash.com/assets/css/style.css,nicehash.com
8467.0,http://cuisineaz.com/assets/css/style.css?lang=en,0,tranco,http://cuisineaz.com/assets/css/style.css?lang=en,cuisineaz.com
2626.0,http://5movierulz.discount/contact?action=verify&token=abcxyz123abcxyz123abcxyz123abcxyz123abcxyz123abcxyz123abcxyz123abcxyz123,0,tranco,http://5movierulz.discount/contact?action=verify&token=abcxyz123abcxyz123abcxyz123abcxyz123abcxyz123abcxyz123abcxyz123abcxyz123,5movierulz.discount
943.0,http://fidelity.com/login?utm_source=newsletter&utm_medium=email,0,tranco,http://fidelity.com/login?utm_source=newsletter&utm_medium=email,fidelity.com
6627.0,http://www.abema.tv/about?q=test,0,tranco,http://www.abema.tv/about?q=test,abema.tv
3920.0,http://leagueoflegends.com,0,tranco,http://leagueoflegends.com,leagueoflegends.com
5391.0,http://nic.cz,0,tranco,http://nic.cz,nic.cz
8871.0,http://pokemoncenter-online.com/login?utm_source=newsletter&utm_medium=email,0,tranco,http://pokemoncenter-online.com/login?utm_source=newsletter&utm_medium=email,pokemoncenter-online.com
2326.0,http://www.privacy-center.org/,0,tranco,http://www.privacy-center.org/,privacy-center.org
9563.0,http://afthemes.com,0,tranco,http://afthemes.com,afthemes.com
9834.0,http://www.hostwindsdns.com/about?ref=twitter,0,tranco,http://www.hostwindsdns.com/about?ref=twitter,hostwindsdns.com
503.0,http://www.shein.com/blog/article-name-here,0,tranco,http://www.shein.com/blog/article-name-here,shein.com
5326.0,http://stripchatgirls.com/download,0,tranco,http://stripchatgirls.com/download,stripchatgirls.com
8004.0,http://awsdns-37.net/about,0,tranco,http://awsdns-37.net/about,awsdns-37.net
6264.0,http://www.humbedooh.com/products/view/123?ref=twitter,0,tranco,http://www.humbedooh.com/products/view/123?ref=twitter,humbedooh.com
5168.0,http://laposte.fr,0,tranco,http://laposte.fr,laposte.fr
4997.0,http://www.youngjoygame.com/,0,tranco,http://www.youngjoygame.com/,youngjoygame.com
6831.0,http://google.com.kw,0,tranco,http://google.com.kw,google.com.kw
9833.0,http://www.wizards.com/,0,tranco,http://www.wizards.com/,wizards.com
3039.0,http://cdnhwczba04.com/contact,0,tranco,http://cdnhwczba04.com/contact,cdnhwczba04.com
3371.0,http://nymag.com/wp-content/uploads/image.jpg?q=test,0,tranco,http://nymag.com/wp-content/uploads/image.jpg?q=test,nymag.com
1197.0,http://buydomains.com/products/view/123?redirect_url=https%3A%2F%2Fexample.com%2Fdashboard&session_id=abcdef1234567890abcdef1234567890,0,tranco,http://buydomains.com/products/view/123?redirect_url=https://example.com/dashboard&session_id=abcdef1234567890abcdef1234567890,buydomains.com
5151.0,http://infogram.com/assets/css/style.css,0,tranco,http://infogram.com/assets/css/style.css,infogram.com
6378.0,http://www.solitaired.com/blog/article-name-here?utm_source=newsletter&utm_medium=email,0,tranco,http://www.solitaired.com/blog/article-name-here?utm_source=newsletter&utm_medium=email,solitaired.com
8073.0,http://cdn-net.com/assets/css/style.css?token=abcxyz123,0,tranco,http://cdn-net.com/assets/css/style.css?token=abcxyz123,cdn-net.com
5418.0,http://www.capcutvod.com/register?action=verify&token=abcxyz123abcxyz123abcxyz123abcxyz123abcxyz123abcxyz123abcxyz123abcxyz123,0,tranco,http://www.capcutvod.com/register?action=verify&token=abcxyz123abcxyz123abcxyz123abcxyz123abcxyz123abcxyz123abcxyz123abcxyz123,capcutvod.com
779.0,http://wp.pl/download?page=2,0,tranco,http://wp.pl/download?page=2,wp.pl
5192.0,http://www.webtoons.com/wp-content/uploads/image.jpg?page=2,0,tranco,http://www.webtoons.com/wp-content/uploads/image.jpg?page=2,webtoons.com
5356.0,http://pagesjaunes.fr/blog/article-name-here,0,tranco,http://pagesjaunes.fr/blog/article-name-here,pagesjaunes.fr
2592.0,http://www.lgthinq.com/index.html?id=123,0,tranco,http://www.lgthinq.com/index.html?id=123,lgthinq.com
7597.0,http://awsdns-04.net,0,tranco,http://awsdns-04.net,awsdns-04.net
1256.0,http://www.poste.it/index.html?action=verify&token=abcxyz123abcxyz123abcxyz123abcxyz123abcxyz123abcxyz123abcxyz123abcxyz123,0,tranco,http://www.poste.it/index.html?action=verify&token=abcxyz123abcxyz123abcxyz123abcxyz123abcxyz123abcxyz123abcxyz123abcxyz123,poste.it
250.0,http://rbxcdn.com,0,tranco,http://rbxcdn.com,rbxcdn.com
3512.0,http://ec-lyon.fr/contact,0,tranco,http://ec-lyon.fr/contact,ec-lyon.fr
7285.0,http://www.browserstack.com/,0,tranco,http://www.browserstack.com/,browserstack.com
9931.0,http://www.sat.co.id/about,0,tranco,http://www.sat.co.id/about,sat.co.id
8057.0,http://tudocelular.com/products/view/123,0,tranco,http://tudocelular.com/products/view/123,tudocelular.com
3726.0,http://owasp.org/search?page=2,0,tranco,http://owasp.org/search?page=2,owasp.org
1190.0,http://ad.nl/index.html?redirect_url=https%3A%2F%2Fexample.com%2Fdashboard&session_id=abcdef1234567890abcdef1234567890,0,tranco,http://ad.nl/index.html?redirect_url=https://example.com/dashboard&session_id=abcdef1234567890abcdef1234567890,ad.nl
9590.0,http://giga.chat,0,tranco,http://giga.chat,giga.chat
5715.0,http://www.wolfram.com/products/view/123,0,tranco,http://www.wolfram.com/products/view/123,wolfram.com
6630.0,http://gsu.edu/index.html?page=2,0,tranco,http://gsu.edu/index.html?page=2,gsu.edu
833.0,http://amazon.com.br/api/v1/users?utm_source=newsletter&utm_medium=email,0,tranco,http://amazon.com.br/api/v1/users?utm_source=newsletter&utm_medium=email,amazon.com.br
7720.0,http://bancoestado.cl,0,tranco,http://bancoestado.cl,bancoestado.cl
842.0,http://www.360safe.com/assets/css/style.css,0,tranco,http://www.360safe.com/assets/css/style.css,360safe.com
9633.0,http://www.bkn.go.id/products/view/123,0,tranco,http://www.bkn.go.id/products/view/123,bkn.go.id
2835.0,http://www.ctfassets.net/index.html,0,tranco,http://www.ctfassets.net/index.html,ctfassets.net
9554.0,http://playinmatch99.com/search,0,tranco,http://playinmatch99.com/search,playinmatch99.com
9123.0,http://gov.ru/assets/css/style.css?page=2,0,tranco,http://gov.ru/assets/css/style.css?page=2,gov.ru
2501.0,http://www.glassdoor.com/?ref=twitter,0,tranco,http://www.glassdoor.com/?ref=twitter,glassdoor.com
3532.0,http://betcity.ru/assets/css/style.css?action=verify&token=abcxyz123abcxyz123abcxyz123abcxyz123abcxyz123abcxyz123abcxyz123abcxyz123,0,tranco,http://betcity.ru/assets/css/style.css?action=verify&token=abcxyz123abcxyz123abcxyz123abcxyz123abcxyz123abcxyz123abcxyz123abcxyz123,betcity.ru
1035.0,http://samsungcloudsolution.net,0,tranco,http://samsungcloudsolution.net,samsungcloudsolution.net
9024.0,http://www.anikoto.cz/blog/article-name-here,0,tranco,http://www.anikoto.cz/blog/article-name-here,anikoto.cz
1633.0,http://www.salonboard.com/download?lang=en,0,tranco,http://www.salonboard.com/download?lang=en,salonboard.com
79.0,http://vimeo.com/index.html,0,tranco,http://vimeo.com/index.html,vimeo.com
8633.0,http://usemessages.com/login?token=abcxyz123,0,tranco,http://usemessages.com/login?token=abcxyz123,usemessages.com
1137.0,http://www.gtm-a2b2.com/index.html,0,tranco,http://www.gtm-a2b2.com/index.html,gtm-a2b2.com
7349.0,http://rae.es,0,tranco,http://rae.es,rae.es
1030.0,http://wise.com/assets/css/style.css,0,tranco,http://wise.com/assets/css/style.css,wise.com
1724.0,http://xxxhindi.to/about,0,tranco,http://xxxhindi.to/about,xxxhindi.to
1268.0,http://www.canada.ca/index.html?utm_source=newsletter&utm_medium=email,0,tranco,http://www.canada.ca/index.html?utm_source=newsletter&utm_medium=email,canada.ca
2391.0,http://betway.co.bw,0,tranco,http://betway.co.bw,betway.co.bw
3644.0,http://google.com.vn,0,tranco,http://google.com.vn,google.com.vn
7386.0,http://moneyforward.com,0,tranco,http://moneyforward.com,moneyforward.com
9025.0,http://samsungdive.com/index.html?redirect_url=https%3A%2F%2Fexample.com%2Fdashboard&session_id=abcdef1234567890abcdef1234567890,0,tranco,http://samsungdive.com/index.html?redirect_url=https://example.com/dashboard&session_id=abcdef1234567890abcdef1234567890,samsungdive.com
2473.0,http://moodle.com/products/view/123,0,tranco,http://moodle.com/products/view/123,moodle.com
6788.0,http://spacedaily.com,0,tranco,http://spacedaily.com,spacedaily.com
4600.0,http://www.whost-solutions.ru/index.html,0,tranco,http://www.whost-solutions.ru/index.html,whost-solutions.ru
3478.0,http://www.sentry-cdn.com/download,0,tranco,http://www.sentry-cdn.com/download,sentry-cdn.com
6868.0,http://www.nameshift.com/about,0,tranco,http://www.nameshift.com/about,nameshift.com
7300.0,http://www.cnstrc.com/api/v1/users?page=2,0,tranco,http://www.cnstrc.com/api/v1/users?page=2,cnstrc.com
8654.0,http://react.dev/download,0,tranco,http://react.dev/download,react.dev
84.0,http://www.gvt2.com/wp-content/uploads/image.jpg?id=123,0,tranco,http://www.gvt2.com/wp-content/uploads/image.jpg?id=123,gvt2.com
4249.0,http://kroger.com,0,tranco,http://kroger.com,kroger.com
254.0,http://wixsite.com,0,tranco,http://wixsite.com,wixsite.com
286.0,http://imcmdb.net,0,tranco,http://imcmdb.net,imcmdb.net
8358.0,http://tsa.gov/contact,0,tranco,http://tsa.gov/contact,tsa.gov
3870.0,http://onenote.net,0,tranco,http://onenote.net,onenote.net
1500.0,http://sondakika.com/wp-content/uploads/image.jpg?id=123,0,tranco,http://sondakika.com/wp-content/uploads/image.jpg?id=123,sondakika.com
7261.0,http://windowsphone.com/products/view/123?id=123,0,tranco,http://windowsphone.com/products/view/123?id=123,windowsphone.com
9857.0,http://unicamp.br/blog/article-name-here,0,tranco,http://unicamp.br/blog/article-name-here,unicamp.br
5682.0,http://ask.com/blog/article-name-here,0,tranco,http://ask.com/blog/article-name-here,ask.com
9060.0,http://alo.bg/,0,tranco,http://alo.bg/,alo.bg
4869.0,http://www.ipecho.net/assets/css/style.css,0,tranco,http://www.ipecho.net/assets/css/style.css,ipecho.net
1515.0,http://www.umn.edu/contact?action=verify&token=abcxyz123abcxyz123abcxyz123abcxyz123abcxyz123abcxyz123abcxyz123abcxyz123,0,tranco,http://www.umn.edu/contact?action=verify&token=abcxyz123abcxyz123abcxyz123abcxyz123abcxyz123abcxyz123abcxyz123abcxyz123,umn.edu
7282.0,http://www.instant-gaming.com/register?token=abcxyz123,0,tranco,http://www.instant-gaming.com/register?token=abcxyz123,instant-gaming.com
8822.0,http://linkssp.ru/assets/css/style.css?q=test,0,tranco,http://linkssp.ru/assets/css/style.css?q=test,linkssp.ru
11.0,http://instagram.com/search?page=2,0,tranco,http://instagram.com/search?page=2,instagram.com
1579.0,http://pussyboy.net/download,0,tranco,http://pussyboy.net/download,pussyboy.net
4219.0,http://www.mk.ru/wp-content/uploads/image.jpg?q=test,0,tranco,http://www.mk.ru/wp-content/uploads/image.jpg?q=test,mk.ru
8710.0,http://rezultati.com,0,tranco,http://rezultati.com,rezultati.com
2650.0,http://www.xnhau.la/register,0,tranco,http://www.xnhau.la/register,xnhau.la
6871.0,http://www.minecraftskins.com/assets/css/style.css?q=test,0,tranco,http://www.minecraftskins.com/assets/css/style.css?q=test,minecraftskins.com
2511.0,http://www.lastpass.com/download,0,tranco,http://www.lastpass.com/download,lastpass.com
,https://www.268365h.com/,1,openphish,https://www.268365h.com/,268365h.com
5270.0,http://invisioncic.com,0,tranco,http://invisioncic.com,invisioncic.com
7685.0,http://www.iamcook.ru/index.html,0,tranco,http://www.iamcook.ru/index.html,iamcook.ru
2836.0,http://www.ssl.com/download,0,tranco,http://www.ssl.com/download,ssl.com
6017.0,http://www.repec.org/index.html,0,tranco,http://www.repec.org/index.html,repec.org
8479.0,http://www.camstreams.tv/about,0,tranco,http://www.camstreams.tv/about,camstreams.tv
3434.0,http://iastate.edu,0,tranco,http://iastate.edu,iastate.edu
179.0,http://jomodns.com/login,0,tranco,http://jomodns.com/login,jomodns.com
,http://sso--netcoins-com-cdn-n-auuth.webflow.io/,1,openphish,http://sso--netcoins-com-cdn-n-auuth.webflow.io/,webflow.io
7678.0,http://www.highwebmedia.com/login,0,tranco,http://www.highwebmedia.com/login,highwebmedia.com
4470.0,http://sfdc.net/login,0,tranco,http://sfdc.net/login,sfdc.net
9611.0,http://sushida.net/search?redirect_url=https%3A%2F%2Fexample.com%2Fdashboard&session_id=abcdef1234567890abcdef1234567890,0,tranco,http://sushida.net/search?redirect_url=https://example.com/dashboard&session_id=abcdef1234567890abcdef1234567890,sushida.net
4614.0,http://www.ngxcld.com/products/view/123,0,tranco,http://www.ngxcld.com/products/view/123,ngxcld.com
5691.0,http://www.skool.com/download,0,tranco,http://www.skool.com/download,skool.com
399.0,http://www.aliexpress.com/products/view/123?lang=en,0,tranco,http://www.aliexpress.com/products/view/123?lang=en,aliexpress.com
4372.0,http://pananames.com/search?redirect_url=https%3A%2F%2Fexample.com%2Fdashboard&session_id=abcdef1234567890abcdef1234567890,0,tranco,http://pananames.com/search?redirect_url=https://example.com/dashboard&session_id=abcdef1234567890abcdef1234567890,pananames.com
720.0,http://translate.goog/download?redirect_url=https%3A%2F%2Fexample.com%2Fdashboard&session_id=abcdef1234567890abcdef1234567890,0,tranco,http://translate.goog/download?redirect_url=https://example.com/dashboard&session_id=abcdef1234567890abcdef1234567890,translate.goog
6650.0,http://twitchcdn.net/register?utm_source=newsletter&utm_medium=email,0,tranco,http://twitchcdn.net/register?utm_source=newsletter&utm_medium=email,twitchcdn.net
4916.0,http://www.zdnscloud.biz/api/v1/users?q=test,0,tranco,http://www.zdnscloud.biz/api/v1/users?q=test,zdnscloud.biz
3386.0,http://www.trs-dns.org/register,0,tranco,http://www.trs-dns.org/register,trs-dns.org
1185.0,http://elconfidencial.com/api/v1/users,0,tranco,http://elconfidencial.com/api/v1/users,elconfidencial.com
7629.0,http://kaptcha.com/contact?token=abcxyz123,0,tranco,http://kaptcha.com/contact?token=abcxyz123,kaptcha.com
,http://trezore-started-get.webflow.io/,1,openphish,http://trezore-started-get.webflow.io/,webflow.io
4319.0,http://pinterest.net,0,tranco,http://pinterest.net,pinterest.net
3078.0,http://www.meteored.cl/login?q=test,0,tranco,http://www.meteored.cl/login?q=test,meteored.cl
6361.0,http://ici.fr/index.html,0,tranco,http://ici.fr/index.html,ici.fr
1552.0,http://acm.org,0,tranco,http://acm.org,acm.org
1316.0,http://xxxbp.tv/wp-content/uploads/image.jpg?lang=en,0,tranco,http://xxxbp.tv/wp-content/uploads/image.jpg?lang=en,xxxbp.tv
6325.0,http://controlup.com/products/view/123,0,tranco,http://controlup.com/products/view/123,controlup.com
8825.0,http://www.runsignup.com/register,0,tranco,http://www.runsignup.com/register,runsignup.com
9986.0,http://theplatform.com/about,0,tranco,http://theplatform.com/about,theplatform.com
3792.0,http://hugedomainsdns.com/,0,tranco,http://hugedomainsdns.com/,hugedomainsdns.com
8131.0,http://wsglb0.info/contact,0,tranco,http://wsglb0.info/contact,wsglb0.info
6238.0,http://www.gambleaware.org/products/view/123?id=123,0,tranco,http://www.gambleaware.org/products/view/123?id=123,gambleaware.org
8688.0,http://www.bigrockservers.com/register?redirect_url=https%3A%2F%2Fexample.com%2Fdashboard&session_id=abcdef1234567890abcdef1234567890,0,tranco,http://www.bigrockservers.com/register?redirect_url=https://example.com/dashboard&session_id=abcdef1234567890abcdef1234567890,bigrockservers.com
2099.0,http://www.house.gov/wp-content/uploads/image.jpg,0,tranco,http://www.house.gov/wp-content/uploads/image.jpg,house.gov
6518.0,http://msdmanuals.com/index.html,0,tranco,http://msdmanuals.com/index.html,msdmanuals.com
3422.0,http://samplicio.us,0,tranco,http://samplicio.us,samplicio.us
5772.0,http://zetaglobal.net/assets/css/style.css,0,tranco,http://zetaglobal.net/assets/css/style.css,zetaglobal.net
1158.0,http://www.dribbble.com/contact?ref=twitter,0,tranco,http://www.dribbble.com/contact?ref=twitter,dribbble.com
5147.0,http://saasprotection.com/contact,0,tranco,http://saasprotection.com/contact,saasprotection.com
615.0,http://force.com,0,tranco,http://force.com,force.com
1199.0,http://www.inven.co.kr/about,0,tranco,http://www.inven.co.kr/about,inven.co.kr
7268.0,http://nzz.ch,0,tranco,http://nzz.ch,nzz.ch
3804.0,http://www.fastlydns.net/search?utm_source=newsletter&utm_medium=email,0,tranco,http://www.fastlydns.net/search?utm_source=newsletter&utm_medium=email,fastlydns.net
5218.0,http://iherb.com,0,tranco,http://iherb.com,iherb.com
7012.0,http://boosty.to/login?token=abcxyz123,0,tranco,http://boosty.to/login?token=abcxyz123,boosty.to
9308.0,http://www.bakecaincontrii.com/index.html,0,tranco,http://www.bakecaincontrii.com/index.html,bakecaincontrii.com
1961.0,http://www.logitech.com/download?id=123,0,tranco,http://www.logitech.com/download?id=123,logitech.com
1844.0,http://livechatinc.com,0,tranco,http://livechatinc.com,livechatinc.com
5743.0,http://www.corel.com/assets/css/style.css?page=2,0,tranco,http://www.corel.com/assets/css/style.css?page=2,corel.com
1213.0,http://acesso.gov.br,0,tranco,http://acesso.gov.br,acesso.gov.br
6826.0,http://cra.cz/assets/css/style.css?q=test,0,tranco,http://cra.cz/assets/css/style.css?q=test,cra.cz
5688.0,http://credit-agricole.fr/blog/article-name-here,0,tranco,http://credit-agricole.fr/blog/article-name-here,credit-agricole.fr
1164.0,http://nsone.net/products/view/123,0,tranco,http://nsone.net/products/view/123,nsone.net
3298.0,http://hotjar.io,0,tranco,http://hotjar.io,hotjar.io
9558.0,http://truyenqqko.com/index.html,0,tranco,http://truyenqqko.com/index.html,truyenqqko.com
8506.0,http://www.nya5.com/,0,tranco,http://www.nya5.com/,nya5.com
9773.0,http://www.headtopics.com/download?redirect_url=https%3A%2F%2Fexample.com%2Fdashboard&session_id=abcdef1234567890abcdef1234567890,0,tranco,http://www.headtopics.com/download?redirect_url=https://example.com/dashboard&session_id=abcdef1234567890abcdef1234567890,headtopics.com
222.0,http://adsafeprotected.com/download,0,tranco,http://adsafeprotected.com/download,adsafeprotected.com
1469.0,http://liteapks.com/assets/css/style.css?q=test,0,tranco,http://liteapks.com/assets/css/style.css?q=test,liteapks.com
7515.0,http://intimissimi.com/wp-content/uploads/image.jpg,0,tranco,http://intimissimi.com/wp-content/uploads/image.jpg,intimissimi.com
2031.0,http://websupport.sk/register,0,tranco,http://websupport.sk/register,websupport.sk
4518.0,http://www.zmaticoo.com/?utm_source=newsletter&utm_medium=email,0,tranco,http://www.zmaticoo.com/?utm_source=newsletter&utm_medium=email,zmaticoo.com
6952.0,http://lithium.com/register,0,tranco,http://lithium.com/register,lithium.com
8583.0,http://www.gocache.net/about?token=abcxyz123,0,tranco,http://www.gocache.net/about?token=abcxyz123,gocache.net
8811.0,http://www.rtm.gov.my/index.html?token=abcxyz123,0,tranco,http://www.rtm.gov.my/index.html?token=abcxyz123,rtm.gov.my
9542.0,http://findnovel.net/assets/css/style.css,0,tranco,http://findnovel.net/assets/css/style.css,findnovel.net
5621.0,http://www.lufthansa.com/search?id=123,0,tranco,http://www.lufthansa.com/search?id=123,lufthansa.com
4087.0,http://realestate.com.au/,0,tranco,http://realestate.com.au/,realestate.com.au
6292.0,http://ui-dns.de/api/v1/users,0,tranco,http://ui-dns.de/api/v1/users,ui-dns.de
9137.0,http://cas.cn,0,tranco,http://cas.cn,cas.cn
7067.0,http://www.kameleoon.eu/login,0,tranco,http://www.kameleoon.eu/login,kameleoon.eu
2637.0,http://filmyfly.builders/products/view/123,0,tranco,http://filmyfly.builders/products/view/123,filmyfly.builders
8143.0,http://bms.com,0,tranco,http://bms.com,bms.com
8932.0,http://targetads.io/api/v1/users?action=verify&token=abcxyz123abcxyz123abcxyz123abcxyz123abcxyz123abcxyz123abcxyz123abcxyz123,0,tranco,http://targetads.io/api/v1/users?action=verify&token=abcxyz123abcxyz123abcxyz123abcxyz123abcxyz123abcxyz123abcxyz123abcxyz123,targetads.io
9693.0,http://winner.bet/register,0,tranco,http://winner.bet/register,winner.bet
1939.0,http://cloud.com,0,tranco,http://cloud.com,cloud.com
5755.0,http://onclouddns.com/,0,tranco,http://onclouddns.com/,onclouddns.com
3335.0,http://infojobs.net/index.html,0,tranco,http://infojobs.net/index.html,infojobs.net
9363.0,http://ck444app.net,0,tranco,http://ck444app.net,ck444app.net
3798.0,http://lnk.to,0,tranco,http://lnk.to,lnk.to
7757.0,http://www.falabella.com.co/products/view/123?id=123,0,tranco,http://www.falabella.com.co/products/view/123?id=123,falabella.com.co
7872.0,http://www.chronopost.fr/api/v1/users,0,tranco,http://www.chronopost.fr/api/v1/users,chronopost.fr
8103.0,http://fitgirl-repacks.site,0,tranco,http://fitgirl-repacks.site,fitgirl-repacks.site
1490.0,http://www.ptt.cc/api/v1/users?lang=en,0,tranco,http://www.ptt.cc/api/v1/users?lang=en,ptt.cc
5604.0,http://www.aircanada.com/wp-content/uploads/image.jpg?id=123,0,tranco,http://www.aircanada.com/wp-content/uploads/image.jpg?id=123,aircanada.com
1427.0,http://hitomi.la/api/v1/users,0,tranco,http://hitomi.la/api/v1/users,hitomi.la
1084.0,http://ameba.jp,0,tranco,http://ameba.jp,ameba.jp
3602.0,http://wasabisys.com/?q=test,0,tranco,http://wasabisys.com/?q=test,wasabisys.com
9929.0,http://thlivehub.com/search,0,tranco,http://thlivehub.com/search,thlivehub.com
2148.0,http://trustedstack.com,0,tranco,http://trustedstack.com,trustedstack.com
,https://848297.icefactory.cl/,1,openphish,https://848297.icefactory.cl/,icefactory.cl
9047.0,http://www.iliad.it/about,0,tranco,http://www.iliad.it/about,iliad.it
3721.0,http://www.apnic.net/api/v1/users?ref=twitter,0,tranco,http://www.apnic.net/api/v1/users?ref=twitter,apnic.net
4039.0,http://quad9.net,0,tranco,http://quad9.net,quad9.net
86.0,http://cloudflare-dns.com/assets/css/style.css?page=2,0,tranco,http://cloudflare-dns.com/assets/css/style.css?page=2,cloudflare-dns.com
175.0,http://ggpht.com,0,tranco,http://ggpht.com,ggpht.com
3999.0,http://wsdvs.info,0,tranco,http://wsdvs.info,wsdvs.info
3597.0,http://undertone.com,0,tranco,http://undertone.com,undertone.com
8406.0,http://www.doz.pl/assets/css/style.css,0,tranco,http://www.doz.pl/assets/css/style.css,doz.pl
1533.0,http://namasha.com/download,0,tranco,http://namasha.com/download,namasha.com
3660.0,http://ax-dc-msedge.net/about,0,tranco,http://ax-dc-msedge.net/about,ax-dc-msedge.net
1274.0,http://www.heylink.me/api/v1/users,0,tranco,http://www.heylink.me/api/v1/users,heylink.me
7817.0,http://www.shopcider.com/products/view/123?q=test,0,tranco,http://www.shopcider.com/products/view/123?q=test,shopcider.com
898.0,http://kleinanzeigen.de,0,tranco,http://kleinanzeigen.de,kleinanzeigen.de
2101.0,http://shodan.io/search,0,tranco,http://shodan.io/search,shodan.io
1991.0,http://umeng.com/blog/article-name-here,0,tranco,http://umeng.com/blog/article-name-here,umeng.com
4629.0,http://www.volc-dns.com/index.html?page=2,0,tranco,http://www.volc-dns.com/index.html?page=2,volc-dns.com
1067.0,http://skroutz.gr/login,0,tranco,http://skroutz.gr/login,skroutz.gr
6747.0,http://diamond.jp,0,tranco,http://diamond.jp,diamond.jp
5167.0,http://www.blick.ch/blog/article-name-here,0,tranco,http://www.blick.ch/blog/article-name-here,blick.ch
2623.0,http://snssdk.com/?id=123,0,tranco,http://snssdk.com/?id=123,snssdk.com
5549.0,http://justgiving.com/contact?id=123,0,tranco,http://justgiving.com/contact?id=123,justgiving.com
2006.0,http://www.amazon.eg/wp-content/uploads/image.jpg?redirect_url=https%3A%2F%2Fexample.com%2Fdashboard&session_id=abcdef1234567890abcdef1234567890,0,tranco,http://www.amazon.eg/wp-content/uploads/image.jpg?redirect_url=https://example.com/dashboard&session_id=abcdef1234567890abcdef1234567890,amazon.eg
3775.0,http://sfr.fr/?q=test,0,tranco,http://sfr.fr/?q=test,sfr.fr
8924.0,http://corevibe-network.com,0,tranco,http://corevibe-network.com,corevibe-network.com
6010.0,http://so-net.ne.jp/download,0,tranco,http://so-net.ne.jp/download,so-net.ne.jp
331.0,http://www.name.com/api/v1/users?page=2,0,tranco,http://www.name.com/api/v1/users?page=2,name.com
9383.0,http://vrtcal.com/blog/article-name-here,0,tranco,http://vrtcal.com/blog/article-name-here,vrtcal.com
,http://k9n4wu-lyo-vy6qg-v9dmfh-6mk0.pages.dev/,1,openphish,http://k9n4wu-lyo-vy6qg-v9dmfh-6mk0.pages.dev/,pages.dev
6482.0,http://airbridge.io,0,tranco,http://airbridge.io,airbridge.io
7850.0,http://www.lachainemeteo.com/api/v1/users,0,tranco,http://www.lachainemeteo.com/api/v1/users,lachainemeteo.com
862.0,http://arcgis.com,0,tranco,http://arcgis.com,arcgis.com
7889.0,http://www.google.com.bn/login?id=123,0,tranco,http://www.google.com.bn/login?id=123,google.com.bn
9096.0,http://securly.com,0,tranco,http://securly.com,securly.com
2502.0,http://tds.net/login?utm_source=newsletter&utm_medium=email,0,tranco,http://tds.net/login?utm_source=newsletter&utm_medium=email,tds.net
9856.0,http://arbpay.me/api/v1/users,0,tranco,http://arbpay.me/api/v1/users,arbpay.me
210.0,http://miui.com/about?id=123,0,tranco,http://miui.com/about?id=123,miui.com
5820.0,http://intermedia.net/contact,0,tranco,http://intermedia.net/contact,intermedia.net
8882.0,http://www.wb.com/products/view/123,0,tranco,http://www.wb.com/products/view/123,wb.com
4776.0,http://www.myqnapcloud.com/register,0,tranco,http://www.myqnapcloud.com/register,myqnapcloud.com
863.0,http://ad-tech.ru,0,tranco,http://ad-tech.ru,ad-tech.ru
2830.0,http://toasttab.com/,0,tranco,http://toasttab.com/,toasttab.com
7381.0,http://awsdns-09.co.uk,0,tranco,http://awsdns-09.co.uk,awsdns-09.co.uk
3811.0,http://www.aws.com/assets/css/style.css?ref=twitter,0,tranco,http://www.aws.com/assets/css/style.css?ref=twitter,aws.com
709.0,http://www.uber.com/about,0,tranco,http://www.uber.com/about,uber.com
1567.0,http://www.skokka.com/blog/article-name-here,0,tranco,http://www.skokka.com/blog/article-name-here,skokka.com
5013.0,http://www.faipod.com/about,0,tranco,http://www.faipod.com/about,faipod.com
3650.0,http://www.5movierulz.vote/index.html?lang=en,0,tranco,http://www.5movierulz.vote/index.html?lang=en,5movierulz.vote
646.0,http://ups.com/products/view/123?redirect_url=https%3A%2F%2Fexample.com%2Fdashboard&session_id=abcdef1234567890abcdef1234567890,0,tranco,http://ups.com/products/view/123?redirect_url=https://example.com/dashboard&session_id=abcdef1234567890abcdef1234567890,ups.com
5805.0,http://www.thekitchn.com/download,0,tranco,http://www.thekitchn.com/download,thekitchn.com
5699.0,http://uconn.edu,0,tranco,http://uconn.edu,uconn.edu
4469.0,http://hse.ru/wp-content/uploads/image.jpg,0,tranco,http://hse.ru/wp-content/uploads/image.jpg,hse.ru
9924.0,http://zmaal.net,0,tranco,http://zmaal.net,zmaal.net
2942.0,http://www.ufileos.com/blog/article-name-here,0,tranco,http://www.ufileos.com/blog/article-name-here,ufileos.com
4955.0,http://unicode.org/index.html?token=abcxyz123,0,tranco,http://unicode.org/index.html?token=abcxyz123,unicode.org
6794.0,http://www.ekitan.com/index.html?id=123,0,tranco,http://www.ekitan.com/index.html?id=123,ekitan.com
48.0,http://www.skype.com/blog/article-name-here,0,tranco,http://www.skype.com/blog/article-name-here,skype.com
4414.0,http://www.htsc.com/search,0,tranco,http://www.htsc.com/search,htsc.com
3302.0,http://nianticlabs.com/blog/article-name-here,0,tranco,http://nianticlabs.com/blog/article-name-here,nianticlabs.com
6848.0,http://awsdns-08.net/,0,tranco,http://awsdns-08.net/,awsdns-08.net
8189.0,http://www.giize.com/wp-content/uploads/image.jpg,0,tranco,http://www.giize.com/wp-content/uploads/image.jpg,giize.com
1395.0,http://hath.network/?redirect_url=https%3A%2F%2Fexample.com%2Fdashboard&session_id=abcdef1234567890abcdef1234567890,0,tranco,http://hath.network/?redirect_url=https://example.com/dashboard&session_id=abcdef1234567890abcdef1234567890,hath.network
4714.0,http://www.casio.com/about,0,tranco,http://www.casio.com/about,casio.com
6710.0,http://www.pro-market.net/about,0,tranco,http://www.pro-market.net/about,pro-market.net
6923.0,http://www.rapidgator.net/login?token=abcxyz123,0,tranco,http://www.rapidgator.net/login?token=abcxyz123,rapidgator.net
9855.0,http://www.mcmaster.ca/contact,0,tranco,http://www.mcmaster.ca/contact,mcmaster.ca
5587.0,http://facebook-hardware.com,0,tranco,http://facebook-hardware.com,facebook-hardware.com
4611.0,http://www.farlightgames.com/register,0,tranco,http://www.farlightgames.com/register,farlightgames.com
3178.0,http://gog.com/search,0,tranco,http://gog.com/search,gog.com
6953.0,http://www.laodong.vn/api/v1/users?q=test,0,tranco,http://www.laodong.vn/api/v1/users?q=test,laodong.vn
4927.0,http://www.iol.co.za/about,0,tranco,http://www.iol.co.za/about,iol.co.za
1977.0,http://www.getbootstrap.com/blog/article-name-here,0,tranco,http://www.getbootstrap.com/blog/article-name-here,getbootstrap.com
5395.0,http://makeuseof.com/blog/article-name-here,0,tranco,http://makeuseof.com/blog/article-name-here,makeuseof.com
2045.0,http://npmjs.com/products/view/123,0,tranco,http://npmjs.com/products/view/123,npmjs.com
6785.0,http://russianfood.com/products/view/123?ref=twitter,0,tranco,http://russianfood.com/products/view/123?ref=twitter,russianfood.com
1047.0,http://app-analytics-services-att.com,0,tranco,http://app-analytics-services-att.com,app-analytics-services-att.com
8390.0,http://tensorflow.org,0,tranco,http://tensorflow.org,tensorflow.org
3976.0,http://histats.com,0,tranco,http://histats.com,histats.com
4923.0,http://verisign.net/products/view/123?redirect_url=https%3A%2F%2Fexample.com%2Fdashboard&session_id=abcdef1234567890abcdef1234567890,0,tranco,http://verisign.net/products/view/123?redirect_url=https://example.com/dashboard&session_id=abcdef1234567890abcdef1234567890,verisign.net
4456.0,http://www.kingsgroupgames.com/blog/article-name-here,0,tranco,http://www.kingsgroupgames.com/blog/article-name-here,kingsgroupgames.com
5005.0,http://sndcdn.com/contact,0,tranco,http://sndcdn.com/contact,sndcdn.com
9864.0,http://www.fsiblogx.com/about,0,tranco,http://www.fsiblogx.com/about,fsiblogx.com
3323.0,http://domaindetails.com,0,tranco,http://domaindetails.com,domaindetails.com
,http://sunny-vacherin-33a11a.netlify.app/,1,openphish,http://sunny-vacherin-33a11a.netlify.app/,netlify.app
4347.0,http://www.advolve.io/assets/css/style.css?q=test,0,tranco,http://www.advolve.io/assets/css/style.css?q=test,advolve.io
2114.0,http://sap.com/download?q=test,0,tranco,http://sap.com/download?q=test,sap.com
5163.0,http://www.dns.kr/register,0,tranco,http://www.dns.kr/register,dns.kr
9747.0,http://meteofor.lt,0,tranco,http://meteofor.lt,meteofor.lt
6252.0,http://mgtv.com,0,tranco,http://mgtv.com,mgtv.com
8551.0,http://anal.media/contact,0,tranco,http://anal.media/contact,anal.media
1597.0,http://www.nustargame.com/index.html,0,tranco,http://www.nustargame.com/index.html,nustargame.com
8346.0,http://authorize.net/login,0,tranco,http://authorize.net/login,authorize.net
221.0,http://ozon.ru/about?utm_source=newsletter&utm_medium=email,0,tranco,http://ozon.ru/about?utm_source=newsletter&utm_medium=email,ozon.ru
9914.0,http://pruebat.org/login,0,tranco,http://pruebat.org/login,pruebat.org
2270.0,http://www.jup9.com/contact,0,tranco,http://www.jup9.com/contact,jup9.com
3227.0,http://kbz0pwvxmv.com/index.html?page=2,0,tranco,http://kbz0pwvxmv.com/index.html?page=2,kbz0pwvxmv.com
7459.0,http://fastly.com,0,tranco,http://fastly.com,fastly.com
9109.0,http://www.ygles.com/search,0,tranco,http://www.ygles.com/search,ygles.com
4867.0,http://www.freetype.org/index.html,0,tranco,http://www.freetype.org/index.html,freetype.org
2566.0,http://colorado.edu/search?redirect_url=https%3A%2F%2Fexample.com%2Fdashboard&session_id=abcdef1234567890abcdef1234567890,0,tranco,http://colorado.edu/search?redirect_url=https://example.com/dashboard&session_id=abcdef1234567890abcdef1234567890,colorado.edu
7117.0,http://www.kyoto-u.ac.jp/search,0,tranco,http://www.kyoto-u.ac.jp/search,kyoto-u.ac.jp
9247.0,http://zeturf.fr/products/view/123,0,tranco,http://zeturf.fr/products/view/123,zeturf.fr
1580.0,http://freepornvideo.sex,0,tranco,http://freepornvideo.sex,freepornvideo.sex
2674.0,http://www.screenconnect.com/about,0,tranco,http://www.screenconnect.com/about,screenconnect.com
1757.0,http://www.sattamatkano1.me/register?page=2,0,tranco,http://www.sattamatkano1.me/register?page=2,sattamatkano1.me
7734.0,http://tf1.fr/assets/css/style.css?page=2,0,tranco,http://tf1.fr/assets/css/style.css?page=2,tf1.fr
6162.0,http://tomtom.com/blog/article-name-here?id=123,0,tranco,http://tomtom.com/blog/article-name-here?id=123,tomtom.com
2023.0,http://intentiq.com/contact?redirect_url=https%3A%2F%2Fexample.com%2Fdashboard&session_id=abcdef1234567890abcdef1234567890,0,tranco,http://intentiq.com/contact?redirect_url=https://example.com/dashboard&session_id=abcdef1234567890abcdef1234567890,intentiq.com
5901.0,http://lsu.edu/about?q=test,0,tranco,http://lsu.edu/about?q=test,lsu.edu
379.0,http://capcutapi.com,0,tranco,http://capcutapi.com,capcutapi.com
3145.0,http://sfu.ca,0,tranco,http://sfu.ca,sfu.ca
3733.0,http://cnr.it/api/v1/users?lang=en,0,tranco,http://cnr.it/api/v1/users?lang=en,cnr.it
6437.0,http://google.com.cy/products/view/123,0,tranco,http://google.com.cy/products/view/123,google.com.cy
3497.0,http://eum-appdynamics.com,0,tranco,http://eum-appdynamics.com,eum-appdynamics.com
3295.0,http://www.goodhousekeeping.com/register,0,tranco,http://www.goodhousekeeping.com/register,goodhousekeeping.com
3971.0,http://www.awsdns-01.com/about,0,tranco,http://www.awsdns-01.com/about,awsdns-01.com
4559.0,http://www.leetcode.com/assets/css/style.css,0,tranco,http://www.leetcode.com/assets/css/style.css,leetcode.com
3649.0,http://abbyyjapan.com,0,tranco,http://abbyyjapan.com,abbyyjapan.com
1220.0,http://siemens.com/api/v1/users,0,tranco,http://siemens.com/api/v1/users,siemens.com
5071.0,http://vc.ru/,0,tranco,http://vc.ru/,vc.ru
1040.0,http://moe.video/?token=abcxyz123,0,tranco,http://moe.video/?token=abcxyz123,moe.video
9661.0,http://xxxindianstories.com/register,0,tranco,http://xxxindianstories.com/register,xxxindianstories.com
2573.0,http://www.churnzero.net/assets/css/style.css,0,tranco,http://www.churnzero.net/assets/css/style.css,churnzero.net
289.0,http://www.byteoversea.net/about,0,tranco,http://www.byteoversea.net/about,byteoversea.net
4985.0,http://dyn.com/api/v1/users,0,tranco,http://dyn.com/api/v1/users,dyn.com
4210.0,http://getui.com/api/v1/users,0,tranco,http://getui.com/api/v1/users,getui.com
77.0,http://www.gwfb.net/wp-content/uploads/image.jpg,0,tranco,http://www.gwfb.net/wp-content/uploads/image.jpg,gwfb.net
8684.0,http://sucursalelectronica.com/wp-content/uploads/image.jpg?lang=en,0,tranco,http://sucursalelectronica.com/wp-content/uploads/image.jpg?lang=en,sucursalelectronica.com
9456.0,http://www.buumal.com/download?q=test,0,tranco,http://www.buumal.com/download?q=test,buumal.com
4951.0,http://strln.net/products/view/123?utm_source=newsletter&utm_medium=email,0,tranco,http://strln.net/products/view/123?utm_source=newsletter&utm_medium=email,strln.net
7961.0,http://pw.live/api/v1/users?q=test,0,tranco,http://pw.live/api/v1/users?q=test,pw.live
9598.0,http://zefoy.com/assets/css/style.css,0,tranco,http://zefoy.com/assets/css/style.css,zefoy.com
6601.0,http://awsdns-23.net,0,tranco,http://awsdns-23.net,awsdns-23.net
523.0,http://www.adobedtm.com/login,0,tranco,http://www.adobedtm.com/login,adobedtm.com
5306.0,http://moma.org,0,tranco,http://moma.org,moma.org
7028.0,http://www.jbhifi.com.au/blog/article-name-here,0,tranco,http://www.jbhifi.com.au/blog/article-name-here,jbhifi.com.au
4415.0,http://www.ucsf.edu/login,0,tranco,http://www.ucsf.edu/login,ucsf.edu
8311.0,http://moe.gov.my/contact,0,tranco,http://moe.gov.my/contact,moe.gov.my
214.0,http://sciencedirect.com,0,tranco,http://sciencedirect.com,sciencedirect.com
5165.0,http://kxcdn.com/wp-content/uploads/image.jpg?q=test,0,tranco,http://kxcdn.com/wp-content/uploads/image.jpg?q=test,kxcdn.com
9876.0,http://www.microad.jp/wp-content/uploads/image.jpg,0,tranco,http://www.microad.jp/wp-content/uploads/image.jpg,microad.jp
4765.0,http://enlightenment.org/contact,0,tranco,http://enlightenment.org/contact,enlightenment.org
,https://www.xfinityrefunds.com/token/A040ECD6920448619F6EE9C86AD3FEF8,1,openphish,https://www.xfinityrefunds.com/token/A040ECD6920448619F6EE9C86AD3FEF8,xfinityrefunds.com
5419.0,http://auto.ru,0,tranco,http://auto.ru,auto.ru
5897.0,http://www.zstaticcdn.com/index.html?page=2,0,tranco,http://www.zstaticcdn.com/index.html?page=2,zstaticcdn.com
9556.0,http://javmix.tv/index.html?lang=en,0,tranco,http://javmix.tv/index.html?lang=en,javmix.tv
1501.0,http://xnxx.health,0,tranco,http://xnxx.health,xnxx.health
7472.0,http://fly.dev,0,tranco,http://fly.dev,fly.dev
4794.0,http://browser-intake-datadoghq.eu/login,0,tranco,http://browser-intake-datadoghq.eu/login,browser-intake-datadoghq.eu
4073.0,http://dmca.com/assets/css/style.css,0,tranco,http://dmca.com/assets/css/style.css,dmca.com
1738.0,http://maynoe.com,0,tranco,http://maynoe.com,maynoe.com
4826.0,http://bnf.fr,0,tranco,http://bnf.fr,bnf.fr
36.0,http://appsflyersdk.com/api/v1/users,0,tranco,http://appsflyersdk.com/api/v1/users,appsflyersdk.com
6290.0,http://www.boursorama.com/search?q=test,0,tranco,http://www.boursorama.com/search?q=test,boursorama.com
7231.0,http://www.abxxx.com/blog/article-name-here,0,tranco,http://www.abxxx.com/blog/article-name-here,abxxx.com
9616.0,http://www.sexneka.com/register?utm_source=newsletter&utm_medium=email,0,tranco,http://www.sexneka.com/register?utm_source=newsletter&utm_medium=email,sexneka.com
4779.0,http://cdnhwcuim119.com,0,tranco,http://cdnhwcuim119.com,cdnhwcuim119.com
8540.0,http://kaliscan.io/search,0,tranco,http://kaliscan.io/search,kaliscan.io
4545.0,http://lloydsbank.co.uk/about?ref=twitter,0,tranco,http://lloydsbank.co.uk/about?ref=twitter,lloydsbank.co.uk
3043.0,http://shaalaa.com/download?utm_source=newsletter&utm_medium=email,0,tranco,http://shaalaa.com/download?utm_source=newsletter&utm_medium=email,shaalaa.com
6881.0,http://kameleoon.io/blog/article-name-here?redirect_url=https%3A%2F%2Fexample.com%2Fdashboard&session_id=abcdef1234567890abcdef1234567890,0,tranco,http://kameleoon.io/blog/article-name-here?redirect_url=https://example.com/dashboard&session_id=abcdef1234567890abcdef1234567890,kameleoon.io
4521.0,http://www.virtualbox.org/login,0,tranco,http://www.virtualbox.org/login,virtualbox.org
6924.0,http://www.pinklion.io/search,0,tranco,http://www.pinklion.io/search,pinklion.io
8999.0,http://eleadcrm.com/products/view/123,0,tranco,http://eleadcrm.com/products/view/123,eleadcrm.com
6054.0,http://www.google.com.lb/,0,tranco,http://www.google.com.lb/,google.com.lb
5156.0,http://www.airtel.in/wp-content/uploads/image.jpg,0,tranco,http://www.airtel.in/wp-content/uploads/image.jpg,airtel.in
4706.0,http://www.jobstreet.com/login,0,tranco,http://www.jobstreet.com/login,jobstreet.com
9689.0,http://www.xvideo.blog/contact,0,tranco,http://www.xvideo.blog/contact,xvideo.blog
3129.0,http://byteimg.com,0,tranco,http://byteimg.com,byteimg.com
9499.0,http://xnalgas.com/register,0,tranco,http://xnalgas.com/register,xnalgas.com
701.0,http://footprintdns.com/index.html,0,tranco,http://footprintdns.com/index.html,footprintdns.com
700.0,http://www.telephony.goog/assets/css/style.css?page=2,0,tranco,http://www.telephony.goog/assets/css/style.css?page=2,telephony.goog
1229.0,http://www.h264.io/register?action=verify&token=abcxyz123abcxyz123abcxyz123abcxyz123abcxyz123abcxyz123abcxyz123abcxyz123,0,tranco,http://www.h264.io/register?action=verify&token=abcxyz123abcxyz123abcxyz123abcxyz123abcxyz123abcxyz123abcxyz123abcxyz123,h264.io
9409.0,http://inecnigeria.org/wp-content/uploads/image.jpg,0,tranco,http://inecnigeria.org/wp-content/uploads/image.jpg,inecnigeria.org
4047.0,http://livedoor.jp/products/view/123?action=verify&token=abcxyz123abcxyz123abcxyz123abcxyz123abcxyz123abcxyz123abcxyz123abcxyz123,0,tranco,http://livedoor.jp/products/view/123?action=verify&token=abcxyz123abcxyz123abcxyz123abcxyz123abcxyz123abcxyz123abcxyz123abcxyz123,livedoor.jp
9890.0,http://epicgamescdn.com,0,tranco,http://epicgamescdn.com,epicgamescdn.com
4005.0,http://www.dnsswitch.net/products/view/123?action=verify&token=abcxyz123abcxyz123abcxyz123abcxyz123abcxyz123abcxyz123abcxyz123abcxyz123,0,tranco,http://www.dnsswitch.net/products/view/123?action=verify&token=abcxyz123abcxyz123abcxyz123abcxyz123abcxyz123abcxyz123abcxyz123abcxyz123,dnsswitch.net
7562.0,http://nettavisen.no/register,0,tranco,http://nettavisen.no/register,nettavisen.no
6293.0,http://oneindia.com,0,tranco,http://oneindia.com,oneindia.com
7265.0,http://megapath.com/,0,tranco,http://megapath.com/,megapath.com
1607.0,http://www.arabxn.sex/products/view/123?utm_source=newsletter&utm_medium=email,0,tranco,http://www.arabxn.sex/products/view/123?utm_source=newsletter&utm_medium=email,arabxn.sex
6750.0,http://comparethemarket.com/contact,0,tranco,http://comparethemarket.com/contact,comparethemarket.com
1319.0,http://calculator.net/assets/css/style.css?token=abcxyz123,0,tranco,http://calculator.net/assets/css/style.css?token=abcxyz123,calculator.net
7505.0,http://firebasedatabase.app/assets/css/style.css,0,tranco,http://firebasedatabase.app/assets/css/style.css,firebasedatabase.app
2388.0,http://lolpol2.com,0,tranco,http://lolpol2.com,lolpol2.com
9708.0,http://baidu.cn/register,0,tranco,http://baidu.cn/register,baidu.cn
8152.0,http://www.123moviesfree.net/products/view/123,0,tranco,http://www.123moviesfree.net/products/view/123,123moviesfree.net
7612.0,http://marmiton.org/contact,0,tranco,http://marmiton.org/contact,marmiton.org
6487.0,http://www.mynet.com/api/v1/users?redirect_url=https%3A%2F%2Fexample.com%2Fdashboard&session_id=abcdef1234567890abcdef1234567890,0,tranco,http://www.mynet.com/api/v1/users?redirect_url=https://example.com/dashboard&session_id=abcdef1234567890abcdef1234567890,mynet.com
1020.0,http://www.docomo.ne.jp/index.html?utm_source=newsletter&utm_medium=email,0,tranco,http://www.docomo.ne.jp/index.html?utm_source=newsletter&utm_medium=email,docomo.ne.jp
1798.0,http://www.twilio.com/about?action=verify&token=abcxyz123abcxyz123abcxyz123abcxyz123abcxyz123abcxyz123abcxyz123abcxyz123,0,tranco,http://www.twilio.com/about?action=verify&token=abcxyz123abcxyz123abcxyz123abcxyz123abcxyz123abcxyz123abcxyz123abcxyz123,twilio.com
7771.0,http://olxcdn.com/assets/css/style.css,0,tranco,http://olxcdn.com/assets/css/style.css,olxcdn.com
5346.0,http://playtopgames.ru,0,tranco,http://playtopgames.ru,playtopgames.ru
2783.0,http://www.google.com.tr/blog/article-name-here,0,tranco,http://www.google.com.tr/blog/article-name-here,google.com.tr
7684.0,http://vzbi.com/about?q=test,0,tranco,http://vzbi.com/about?q=test,vzbi.com
1145.0,http://meethue.com/about,0,tranco,http://meethue.com/about,meethue.com
7347.0,http://www.heapanalytics.com/api/v1/users?q=test,0,tranco,http://www.heapanalytics.com/api/v1/users?q=test,heapanalytics.com
5050.0,http://eleconomista.es/search,0,tranco,http://eleconomista.es/search,eleconomista.es
5112.0,http://aap.org,0,tranco,http://aap.org,aap.org
8207.0,http://www.flashscore.pl/login?redirect_url=https%3A%2F%2Fexample.com%2Fdashboard&session_id=abcdef1234567890abcdef1234567890,0,tranco,http://www.flashscore.pl/login?redirect_url=https://example.com/dashboard&session_id=abcdef1234567890abcdef1234567890,flashscore.pl
7750.0,http://kenh14.vn/about?action=verify&token=abcxyz123abcxyz123abcxyz123abcxyz123abcxyz123abcxyz123abcxyz123abcxyz123,0,tranco,http://kenh14.vn/about?action=verify&token=abcxyz123abcxyz123abcxyz123abcxyz123abcxyz123abcxyz123abcxyz123abcxyz123,kenh14.vn
777.0,http://bestbuy.com/index.html?q=test,0,tranco,http://bestbuy.com/index.html?q=test,bestbuy.com
6046.0,http://bmw.cloud/index.html?page=2,0,tranco,http://bmw.cloud/index.html?page=2,bmw.cloud
251.0,http://wikimedia.org,0,tranco,http://wikimedia.org,wikimedia.org
2360.0,http://manhwaread.com/download,0,tranco,http://manhwaread.com/download,manhwaread.com
4126.0,http://leadconnectorhq.com/assets/css/style.css?token=abcxyz123,0,tranco,http://leadconnectorhq.com/assets/css/style.css?token=abcxyz123,leadconnectorhq.com
707.0,http://linode.com/wp-content/uploads/image.jpg?q=test,0,tranco,http://linode.com/wp-content/uploads/image.jpg?q=test,linode.com
4257.0,http://virtualmin.com/download?id=123,0,tranco,http://virtualmin.com/download?id=123,virtualmin.com
9916.0,http://matchwithneighbors.com,0,tranco,http://matchwithneighbors.com,matchwithneighbors.com
742.0,http://criteo.net/assets/css/style.css?q=test,0,tranco,http://criteo.net/assets/css/style.css?q=test,criteo.net
2955.0,http://auth0app.com/index.html?lang=en,0,tranco,http://auth0app.com/index.html?lang=en,auth0app.com
2815.0,http://oricon.co.jp/blog/article-name-here?page=2,0,tranco,http://oricon.co.jp/blog/article-name-here?page=2,oricon.co.jp
7833.0,http://truist.com,0,tranco,http://truist.com,truist.com
2297.0,http://here.com/register?redirect_url=https%3A%2F%2Fexample.com%2Fdashboard&session_id=abcdef1234567890abcdef1234567890,0,tranco,http://here.com/register?redirect_url=https://example.com/dashboard&session_id=abcdef1234567890abcdef1234567890,here.com
9338.0,http://alicesw.com,0,tranco,http://alicesw.com,alicesw.com
489.0,http://www.eventbrite.com/contact?page=2,0,tranco,http://www.eventbrite.com/contact?page=2,eventbrite.com
8053.0,http://www.vivint.ai/index.html,0,tranco,http://www.vivint.ai/index.html,vivint.ai
9865.0,http://espacioapk.com,0,tranco,http://espacioapk.com,espacioapk.com
8587.0,http://www.govee.com/products/view/123,0,tranco,http://www.govee.com/products/view/123,govee.com
4558.0,http://www.google.sk/login,0,tranco,http://www.google.sk/login,google.sk
1792.0,http://adroll.com,0,tranco,http://adroll.com,adroll.com
961.0,http://www.tailscale.com/api/v1/users,0,tranco,http://www.tailscale.com/api/v1/users,tailscale.com
2575.0,http://librus.pl/login?id=123,0,tranco,http://librus.pl/login?id=123,librus.pl
2340.0,http://www.unruly.co/index.html,0,tranco,http://www.unruly.co/index.html,unruly.co
1750.0,http://www.isaidub.ceo/index.html,0,tranco,http://www.isaidub.ceo/index.html,isaidub.ceo
345.0,http://media.net,0,tranco,http://media.net,media.net
3109.0,http://ctvnews.ca/contact?id=123,0,tranco,http://ctvnews.ca/contact?id=123,ctvnews.ca
1157.0,http://www.economist.com/contact,0,tranco,http://www.economist.com/contact,economist.com
7621.0,http://ospserver.net/,0,tranco,http://ospserver.net/,ospserver.net
220.0,http://gmail.com/index.html?token=abcxyz123,0,tranco,http://gmail.com/index.html?token=abcxyz123,gmail.com
7408.0,http://gs.com,0,tranco,http://gs.com,gs.com
7136.0,http://programmaticx.ai/register?id=123,0,tranco,http://programmaticx.ai/register?id=123,programmaticx.ai
8885.0,http://www.doublelist.com/products/view/123,0,tranco,http://www.doublelist.com/products/view/123,doublelist.com
4900.0,http://ertelecom.ru/wp-content/uploads/image.jpg,0,tranco,http://ertelecom.ru/wp-content/uploads/image.jpg,ertelecom.ru
2304.0,http://mongodb.net/about?action=verify&token=abcxyz123abcxyz123abcxyz123abcxyz123abcxyz123abcxyz123abcxyz123abcxyz123,0,tranco,http://mongodb.net/about?action=verify&token=abcxyz123abcxyz123abcxyz123abcxyz123abcxyz123abcxyz123abcxyz123abcxyz123,mongodb.net
7620.0,http://www.khabaronline.ir/register?action=verify&token=abcxyz123abcxyz123abcxyz123abcxyz123abcxyz123abcxyz123abcxyz123abcxyz123,0,tranco,http://www.khabaronline.ir/register?action=verify&token=abcxyz123abcxyz123abcxyz123abcxyz123abcxyz123abcxyz123abcxyz123abcxyz123,khabaronline.ir
4744.0,http://www.patch.com/index.html?action=verify&token=abcxyz123abcxyz123abcxyz123abcxyz123abcxyz123abcxyz123abcxyz123abcxyz123,0,tranco,http://www.patch.com/index.html?action=verify&token=abcxyz123abcxyz123abcxyz123abcxyz123abcxyz123abcxyz123abcxyz123abcxyz123,patch.com
6846.0,http://www.galaxydata.ru/index.html,0,tranco,http://www.galaxydata.ru/index.html,galaxydata.ru
6643.0,http://newatlas.com,0,tranco,http://newatlas.com,newatlas.com
7565.0,http://mlive.com/login?lang=en,0,tranco,http://mlive.com/login?lang=en,mlive.com
1460.0,http://myinstants.com/blog/article-name-here?action=verify&token=abcxyz123abcxyz123abcxyz123abcxyz123abcxyz123abcxyz123abcxyz123abcxyz123,0,tranco,http://myinstants.com/blog/article-name-here?action=verify&token=abcxyz123abcxyz123abcxyz123abcxyz123abcxyz123abcxyz123abcxyz123abcxyz123,myinstants.com
3072.0,http://www.dord.gov.in/wp-content/uploads/image.jpg,0,tranco,http://www.dord.gov.in/wp-content/uploads/image.jpg,dord.gov.in
5456.0,http://www.ohio.gov/login,0,tranco,http://www.ohio.gov/login,ohio.gov
3972.0,http://www.openldap.org/login,0,tranco,http://www.openldap.org/login,openldap.org
9012.0,http://ably.net/search?lang=en,0,tranco,http://ably.net/search?lang=en,ably.net
4246.0,http://www.uefa.com/,0,tranco,http://www.uefa.com/,uefa.com
7356.0,http://www.awsdns-44.net/products/view/123,0,tranco,http://www.awsdns-44.net/products/view/123,awsdns-44.net
7047.0,http://www.cnbcindonesia.com/index.html,0,tranco,http://www.cnbcindonesia.com/index.html,cnbcindonesia.com
7155.0,http://wpenginepowered.com,0,tranco,http://wpenginepowered.com,wpenginepowered.com
928.0,http://smartthings.com/login?utm_source=newsletter&utm_medium=email,0,tranco,http://smartthings.com/login?utm_source=newsletter&utm_medium=email,smartthings.com
7041.0,http://observer.com,0,tranco,http://observer.com,observer.com
5778.0,http://specbench.org,0,tranco,http://specbench.org,specbench.org
8582.0,http://www.axa.com/download?page=2,0,tranco,http://www.axa.com/download?page=2,axa.com
5031.0,http://ladbrokes.com,0,tranco,http://ladbrokes.com,ladbrokes.com
5953.0,http://www.networksolutions.com/,0,tranco,http://www.networksolutions.com/,networksolutions.com
347.0,http://www.akamaihd.net/products/view/123,0,tranco,http://www.akamaihd.net/products/view/123,akamaihd.net
5624.0,http://grserver.gr,0,tranco,http://grserver.gr,grserver.gr
2276.0,http://www.earthlink.net/search?ref=twitter,0,tranco,http://www.earthlink.net/search?ref=twitter,earthlink.net
1048.0,http://www.immedia-semi.com/register?page=2,0,tranco,http://www.immedia-semi.com/register?page=2,immedia-semi.com
2894.0,http://skycdn.it/products/view/123?ref=twitter,0,tranco,http://skycdn.it/products/view/123?ref=twitter,skycdn.it
1912.0,http://www.aadrm.com/contact?lang=en,0,tranco,http://www.aadrm.com/contact?lang=en,aadrm.com
4121.0,http://www.bpigagtm.com/index.html,0,tranco,http://www.bpigagtm.com/index.html,bpigagtm.com
2507.0,http://ureca-lab.com/?page=2,0,tranco,http://ureca-lab.com/?page=2,ureca-lab.com
2057.0,http://fyber.com/search,0,tranco,http://fyber.com/search,fyber.com
168.0,http://adtrafficquality.google/wp-content/uploads/image.jpg?redirect_url=https%3A%2F%2Fexample.com%2Fdashboard&session_id=abcdef1234567890abcdef1234567890,0,tranco,http://adtrafficquality.google/wp-content/uploads/image.jpg?redirect_url=https://example.com/dashboard&session_id=abcdef1234567890abcdef1234567890,adtrafficquality.google
4129.0,http://www.nic.de/login?q=test,0,tranco,http://www.nic.de/login?q=test,nic.de
8969.0,http://www.bustybus.com/api/v1/users,0,tranco,http://www.bustybus.com/api/v1/users,bustybus.com
5824.0,http://crazymaplestudios.com/api/v1/users,0,tranco,http://crazymaplestudios.com/api/v1/users,crazymaplestudios.com
9722.0,http://awsdns-18.co.uk/blog/article-name-here,0,tranco,http://awsdns-18.co.uk/blog/article-name-here,awsdns-18.co.uk
2604.0,http://www.spinnovax.org/contact?id=123,0,tranco,http://www.spinnovax.org/contact?id=123,spinnovax.org
4302.0,http://www.zlib.net/download,0,tranco,http://www.zlib.net/download,zlib.net
1812.0,http://www.api.aws/register,0,tranco,http://www.api.aws/register,api.aws
5338.0,http://oktacdn.com,0,tranco,http://oktacdn.com,oktacdn.com
6315.0,http://geodema.network/register,0,tranco,http://geodema.network/register,geodema.network
696.0,http://www.wswebcdn.com/search,0,tranco,http://www.wswebcdn.com/search,wswebcdn.com
8780.0,http://www.thehackernews.com/login,0,tranco,http://www.thehackernews.com/login,thehackernews.com
4113.0,http://www.unfccc.int/contact,0,tranco,http://www.unfccc.int/contact,unfccc.int
7348.0,http://www.leakgallery.com/download,0,tranco,http://www.leakgallery.com/download,leakgallery.com
5113.0,http://www.miamiherald.com/wp-content/uploads/image.jpg,0,tranco,http://www.miamiherald.com/wp-content/uploads/image.jpg,miamiherald.com
9381.0,http://phonepe.com/contact,0,tranco,http://phonepe.com/contact,phonepe.com
9490.0,http://escortsandbabes.com.au/register?utm_source=newsletter&utm_medium=email,0,tranco,http://escortsandbabes.com.au/register?utm_source=newsletter&utm_medium=email,escortsandbabes.com.au
1116.0,http://riotgames.com,0,tranco,http://riotgames.com,riotgames.com
4136.0,http://tfl.gov.uk/api/v1/users,0,tranco,http://tfl.gov.uk/api/v1/users,tfl.gov.uk
7404.0,http://pfizer.com/register?action=verify&token=abcxyz123abcxyz123abcxyz123abcxyz123abcxyz123abcxyz123abcxyz123abcxyz123,0,tranco,http://pfizer.com/register?action=verify&token=abcxyz123abcxyz123abcxyz123abcxyz123abcxyz123abcxyz123abcxyz123abcxyz123,pfizer.com
9781.0,http://www.locanto.com.mx/blog/article-name-here,0,tranco,http://www.locanto.com.mx/blog/article-name-here,locanto.com.mx
1924.0,http://people.com.cn/download,0,tranco,http://people.com.cn/download,people.com.cn
4027.0,http://codepen.io/index.html,0,tranco,http://codepen.io/index.html,codepen.io
2162.0,http://www.didiglobal.com/wp-content/uploads/image.jpg,0,tranco,http://www.didiglobal.com/wp-content/uploads/image.jpg,didiglobal.com
6094.0,http://tn.gov,0,tranco,http://tn.gov,tn.gov
4298.0,http://www.hereapi.com/contact?lang=en,0,tranco,http://www.hereapi.com/contact?lang=en,hereapi.com
996.0,http://zenecn.net/,0,tranco,http://zenecn.net/,zenecn.net
262.0,http://www.meraki.com/login,0,tranco,http://www.meraki.com/login,meraki.com
2051.0,http://www.cnnbrasil.com.br/download?q=test,0,tranco,http://www.cnnbrasil.com.br/download?q=test,cnnbrasil.com.br
408.0,http://www.tld-servers.ru/index.html,0,tranco,http://www.tld-servers.ru/index.html,tld-servers.ru
5640.0,http://alice.it/api/v1/users,0,tranco,http://alice.it/api/v1/users,alice.it
4877.0,http://www.cnki.net/index.html,0,tranco,http://www.cnki.net/index.html,cnki.net
2327.0,http://freefiremobile.com/,0,tranco,http://freefiremobile.com/,freefiremobile.com
616.0,http://www.jotform.com/api/v1/users,0,tranco,http://www.jotform.com/api/v1/users,jotform.com
2184.0,http://garena.com/blog/article-name-here,0,tranco,http://garena.com/blog/article-name-here,garena.com
547.0,http://2gis.com/search,0,tranco,http://2gis.com/search,2gis.com
2898.0,http://www.cnil.fr/contact?redirect_url=https%3A%2F%2Fexample.com%2Fdashboard&session_id=abcdef1234567890abcdef1234567890,0,tranco,http://www.cnil.fr/contact?redirect_url=https://example.com/dashboard&session_id=abcdef1234567890abcdef1234567890,cnil.fr
819.0,http://www.zoho.com/blog/article-name-here,0,tranco,http://www.zoho.com/blog/article-name-here,zoho.com
484.0,http://sc-gw.com/login,0,tranco,http://sc-gw.com/login,sc-gw.com
723.0,http://twc.com/register,0,tranco,http://twc.com/register,twc.com
4169.0,http://frontiernet.net,0,tranco,http://frontiernet.net,frontiernet.net
2653.0,http://www.blacktoon413.com/api/v1/users?q=test,0,tranco,http://www.blacktoon413.com/api/v1/users?q=test,blacktoon413.com
4736.0,http://finanzen.net,0,tranco,http://finanzen.net,finanzen.net
5915.0,http://goindigo.in,0,tranco,http://goindigo.in,goindigo.in
6232.0,http://aiv-cdn.net,0,tranco,http://aiv-cdn.net,aiv-cdn.net
2167.0,http://duke.edu/contact,0,tranco,http://duke.edu/contact,duke.edu
1530.0,http://listcrawler.eu,0,tranco,http://listcrawler.eu,listcrawler.eu
9763.0,http://xvideosporno.blog.br,0,tranco,http://xvideosporno.blog.br,xvideosporno.blog.br
9921.0,http://usabilla.com/about,0,tranco,http://usabilla.com/about,usabilla.com
7959.0,http://www.mail-archive.com/wp-content/uploads/image.jpg?action=verify&token=abcxyz123abcxyz123abcxyz123abcxyz123abcxyz123abcxyz123abcxyz123abcxyz123,0,tranco,http://www.mail-archive.com/wp-content/uploads/image.jpg?action=verify&token=abcxyz123abcxyz123abcxyz123abcxyz123abcxyz123abcxyz123abcxyz123abcxyz123,mail-archive.com
3249.0,http://www.nate.com/contact?redirect_url=https%3A%2F%2Fexample.com%2Fdashboard&session_id=abcdef1234567890abcdef1234567890,0,tranco,http://www.nate.com/contact?redirect_url=https://example.com/dashboard&session_id=abcdef1234567890abcdef1234567890,nate.com
3522.0,http://www.rgnameserver.com/download,0,tranco,http://www.rgnameserver.com/download,rgnameserver.com
,http://www.m-whatapp.hl.cn/,1,openphish,http://www.m-whatapp.hl.cn/,m-whatapp.hl.cn
1542.0,http://www.kakuyomu.jp/api/v1/users,0,tranco,http://www.kakuyomu.jp/api/v1/users,kakuyomu.jp
6176.0,http://lgdacom.net/assets/css/style.css,0,tranco,http://lgdacom.net/assets/css/style.css,lgdacom.net
456.0,http://www.cloudns.net/products/view/123,0,tranco,http://www.cloudns.net/products/view/123,cloudns.net
5590.0,http://www.asm.org/download?redirect_url=https%3A%2F%2Fexample.com%2Fdashboard&session_id=abcdef1234567890abcdef1234567890,0,tranco,http://www.asm.org/download?redirect_url=https://example.com/dashboard&session_id=abcdef1234567890abcdef1234567890,asm.org
8217.0,http://vasdgame.com,0,tranco,http://vasdgame.com,vasdgame.com
6138.0,http://bentley.com/assets/css/style.css?ref=twitter,0,tranco,http://bentley.com/assets/css/style.css?ref=twitter,bentley.com
4476.0,http://boutell.com/register,0,tranco,http://boutell.com/register,boutell.com
7718.0,http://adtec.ru/wp-content/uploads/image.jpg?action=verify&token=abcxyz123abcxyz123abcxyz123abcxyz123abcxyz123abcxyz123abcxyz123abcxyz123,0,tranco,http://adtec.ru/wp-content/uploads/image.jpg?action=verify&token=abcxyz123abcxyz123abcxyz123abcxyz123abcxyz123abcxyz123abcxyz123abcxyz123,adtec.ru
6185.0,http://www.trustedshops.com/api/v1/users,0,tranco,http://www.trustedshops.com/api/v1/users,trustedshops.com
5818.0,http://www.elcomercio.pe/wp-content/uploads/image.jpg,0,tranco,http://www.elcomercio.pe/wp-content/uploads/image.jpg,elcomercio.pe
7145.0,http://www.comdirect.de/register?id=123,0,tranco,http://www.comdirect.de/register?id=123,comdirect.de
3550.0,http://zdxcloud.net,0,tranco,http://zdxcloud.net,zdxcloud.net
9226.0,http://www.sevilmusics.com/login?action=verify&token=abcxyz123abcxyz123abcxyz123abcxyz123abcxyz123abcxyz123abcxyz123abcxyz123,0,tranco,http://www.sevilmusics.com/login?action=verify&token=abcxyz123abcxyz123abcxyz123abcxyz123abcxyz123abcxyz123abcxyz123abcxyz123,sevilmusics.com
4197.0,http://byte008.com,0,tranco,http://byte008.com,byte008.com
6450.0,http://very.co.uk/contact,0,tranco,http://very.co.uk/contact,very.co.uk
1269.0,http://www.youporn.com/search,0,tranco,http://www.youporn.com/search,youporn.com
7861.0,http://picks.my/api/v1/users,0,tranco,http://picks.my/api/v1/users,picks.my
3853.0,http://anu.edu.au/,0,tranco,http://anu.edu.au/,anu.edu.au
4413.0,http://nbc.com,0,tranco,http://nbc.com,nbc.com
1358.0,http://trello.com,0,tranco,http://trello.com,trello.com
7380.0,http://www.goxh.today/api/v1/users,0,tranco,http://www.goxh.today/api/v1/users,goxh.today
7538.0,http://amspbs.com/contact,0,tranco,http://amspbs.com/contact,amspbs.com
8744.0,http://www.rtblab.net/register?action=verify&token=abcxyz123abcxyz123abcxyz123abcxyz123abcxyz123abcxyz123abcxyz123abcxyz123,0,tranco,http://www.rtblab.net/register?action=verify&token=abcxyz123abcxyz123abcxyz123abcxyz123abcxyz123abcxyz123abcxyz123abcxyz123,rtblab.net
4926.0,http://www.conn3ct.space/download,0,tranco,http://www.conn3ct.space/download,conn3ct.space
959.0,http://www.tsyndicate.com/login,0,tranco,http://www.tsyndicate.com/login,tsyndicate.com
9215.0,http://gdatasecurity.de/assets/css/style.css,0,tranco,http://gdatasecurity.de/assets/css/style.css,gdatasecurity.de
9302.0,http://macworld.com/index.html,0,tranco,http://macworld.com/index.html,macworld.com
4151.0,http://raspberrypi.org/contact,0,tranco,http://raspberrypi.org/contact,raspberrypi.org
5563.0,http://e5.sk/blog/article-name-here,0,tranco,http://e5.sk/blog/article-name-here,e5.sk
9347.0,http://uipath.com/blog/article-name-here,0,tranco,http://uipath.com/blog/article-name-here,uipath.com
6184.0,http://www.nyt.com/products/view/123,0,tranco,http://www.nyt.com/products/view/123,nyt.com
9222.0,http://bondeddarkenedswerve.com/register?utm_source=newsletter&utm_medium=email,0,tranco,http://bondeddarkenedswerve.com/register?utm_source=newsletter&utm_medium=email,bondeddarkenedswerve.com
7477.0,http://dior.com/register,0,tranco,http://dior.com/register,dior.com
3098.0,http://www.hoster.ru/register,0,tranco,http://www.hoster.ru/register,hoster.ru
66.0,http://www.windows.net/download,0,tranco,http://www.windows.net/download,windows.net
1463.0,http://pussyspace.com/blog/article-name-here?id=123,0,tranco,http://pussyspace.com/blog/article-name-here?id=123,pussyspace.com
517.0,http://www.google.com.hk/download,0,tranco,http://www.google.com.hk/download,google.com.hk
7732.0,http://www.rolimons.com/download?ref=twitter,0,tranco,http://www.rolimons.com/download?ref=twitter,rolimons.com
3809.0,http://osano.com/contact,0,tranco,http://osano.com/contact,osano.com
6717.0,http://bfv.de/products/view/123,0,tranco,http://bfv.de/products/view/123,bfv.de
563.0,http://nstld.com/products/view/123,0,tranco,http://nstld.com/products/view/123,nstld.com
1380.0,http://spankbang.party/index.html,0,tranco,http://spankbang.party/index.html,spankbang.party
,http://a6fc86.icefactory.cl/,1,openphish,http://a6fc86.icefactory.cl/,icefactory.cl
357.0,http://tradingview.com,0,tranco,http://tradingview.com,tradingview.com
4016.0,http://awsdns-04.com,0,tranco,http://awsdns-04.com,awsdns-04.com
7866.0,http://bcb.gov.br/download,0,tranco,http://bcb.gov.br/download,bcb.gov.br
494.0,http://www.amazon.co.jp/search,0,tranco,http://www.amazon.co.jp/search,amazon.co.jp
810.0,http://www.moloco.com/,0,tranco,http://www.moloco.com/,moloco.com
5460.0,http://infura.io/login?lang=en,0,tranco,http://infura.io/login?lang=en,infura.io
2657.0,http://deepl-cdn.com/search,0,tranco,http://deepl-cdn.com/search,deepl-cdn.com
7838.0,http://ibispaint.com/download?redirect_url=https%3A%2F%2Fexample.com%2Fdashboard&session_id=abcdef1234567890abcdef1234567890,0,tranco,http://ibispaint.com/download?redirect_url=https://example.com/dashboard&session_id=abcdef1234567890abcdef1234567890,ibispaint.com
1167.0,http://www.sectigo.com/about?action=verify&token=abcxyz123abcxyz123abcxyz123abcxyz123abcxyz123abcxyz123abcxyz123abcxyz123,0,tranco,http://www.sectigo.com/about?action=verify&token=abcxyz123abcxyz123abcxyz123abcxyz123abcxyz123abcxyz123abcxyz123abcxyz123,sectigo.com
1353.0,http://www.sexvid.xxx/download,0,tranco,http://www.sexvid.xxx/download,sexvid.xxx
9727.0,http://taplink.cc/contact,0,tranco,http://taplink.cc/contact,taplink.cc
3529.0,http://domaintools.com,0,tranco,http://domaintools.com,domaintools.com
8135.0,http://www.huntington.com/wp-content/uploads/image.jpg,0,tranco,http://www.huntington.com/wp-content/uploads/image.jpg,huntington.com
5884.0,http://sportbox.ru/register,0,tranco,http://sportbox.ru/register,sportbox.ru
7548.0,http://www.magicbricks.com/assets/css/style.css,0,tranco,http://www.magicbricks.com/assets/css/style.css,magicbricks.com
4076.0,http://www.sprig.com/assets/css/style.css,0,tranco,http://www.sprig.com/assets/css/style.css,sprig.com
1968.0,http://www.connatix.com/search,0,tranco,http://www.connatix.com/search,connatix.com
9597.0,http://clashofclans-layouts.com,0,tranco,http://clashofclans-layouts.com,clashofclans-layouts.com
8235.0,http://www.porno666.nl/about,0,tranco,http://www.porno666.nl/about,porno666.nl
7240.0,http://www.kitco.com/?q=test,0,tranco,http://www.kitco.com/?q=test,kitco.com
9263.0,http://pubunit.net/download,0,tranco,http://pubunit.net/download,pubunit.net
6331.0,http://mixi.jp/assets/css/style.css?page=2,0,tranco,http://mixi.jp/assets/css/style.css?page=2,mixi.jp
2804.0,http://www.wpscdn.com/register,0,tranco,http://www.wpscdn.com/register,wpscdn.com
1605.0,http://www.skelbiu.lt/blog/article-name-here,0,tranco,http://www.skelbiu.lt/blog/article-name-here,skelbiu.lt
8881.0,http://ufmg.br/search,0,tranco,http://ufmg.br/search,ufmg.br
1097.0,http://lge.com/products/view/123,0,tranco,http://lge.com/products/view/123,lge.com
4809.0,http://www.seaart.ai/blog/article-name-here,0,tranco,http://www.seaart.ai/blog/article-name-here,seaart.ai
8324.0,http://www.photonengine.io/api/v1/users,0,tranco,http://www.photonengine.io/api/v1/users,photonengine.io
8488.0,http://www.mmscloudtest.com/login,0,tranco,http://www.mmscloudtest.com/login,mmscloudtest.com
5995.0,http://www.digitalsmiths.com/download,0,tranco,http://www.digitalsmiths.com/download,digitalsmiths.com
8070.0,http://www.fortnite.gg/download,0,tranco,http://www.fortnite.gg/download,fortnite.gg
4162.0,http://wixstatic.com/wp-content/uploads/image.jpg?ref=twitter,0,tranco,http://wixstatic.com/wp-content/uploads/image.jpg?ref=twitter,wixstatic.com
647.0,http://www.elpais.com/wp-content/uploads/image.jpg,0,tranco,http://www.elpais.com/wp-content/uploads/image.jpg,elpais.com
7149.0,http://www.rokutime.com/assets/css/style.css,0,tranco,http://www.rokutime.com/assets/css/style.css,rokutime.com
7984.0,http://btttag.com,0,tranco,http://btttag.com,btttag.com
4810.0,http://www.tunein.com/login?q=test,0,tranco,http://www.tunein.com/login?q=test,tunein.com
3394.0,http://siteground.biz,0,tranco,http://siteground.biz,siteground.biz
7120.0,http://adelaide.edu.au/download,0,tranco,http://adelaide.edu.au/download,adelaide.edu.au
6654.0,http://foodandwine.com/,0,tranco,http://foodandwine.com/,foodandwine.com
1731.0,http://freesexkahani.com/index.html,0,tranco,http://freesexkahani.com/index.html,freesexkahani.com
6299.0,http://mtv.com/assets/css/style.css?redirect_url=https%3A%2F%2Fexample.com%2Fdashboard&session_id=abcdef1234567890abcdef1234567890,0,tranco,http://mtv.com/assets/css/style.css?redirect_url=https://example.com/dashboard&session_id=abcdef1234567890abcdef1234567890,mtv.com
2089.0,http://engadget.com/,0,tranco,http://engadget.com/,engadget.com
26.0,http://amazon.com,0,tranco,http://amazon.com,amazon.com
3003.0,http://www.mamastar.jp/register,0,tranco,http://www.mamastar.jp/register,mamastar.jp
5883.0,http://roche.com,0,tranco,http://roche.com,roche.com
3179.0,http://crunchbase.com,0,tranco,http://crunchbase.com,crunchbase.com
7715.0,http://www.skyrock.net/wp-content/uploads/image.jpg,0,tranco,http://www.skyrock.net/wp-content/uploads/image.jpg,skyrock.net
2999.0,http://instructables.com,0,tranco,http://instructables.com,instructables.com
6146.0,http://mcx.ru,0,tranco,http://mcx.ru,mcx.ru
4140.0,http://www.vidazoo.com/search?lang=en,0,tranco,http://www.vidazoo.com/search?lang=en,vidazoo.com
8439.0,http://espn.com.ar/,0,tranco,http://espn.com.ar/,espn.com.ar
4281.0,http://ezoic.net/assets/css/style.css?action=verify&token=abcxyz123abcxyz123abcxyz123abcxyz123abcxyz123abcxyz123abcxyz123abcxyz123,0,tranco,http://ezoic.net/assets/css/style.css?action=verify&token=abcxyz123abcxyz123abcxyz123abcxyz123abcxyz123abcxyz123abcxyz123abcxyz123,ezoic.net
3984.0,http://www.geforce.com/search?utm_source=newsletter&utm_medium=email,0,tranco,http://www.geforce.com/search?utm_source=newsletter&utm_medium=email,geforce.com
3093.0,http://spot.im/api/v1/users,0,tranco,http://spot.im/api/v1/users,spot.im
9649.0,http://www.citapreviadnie.es/assets/css/style.css,0,tranco,http://www.citapreviadnie.es/assets/css/style.css,citapreviadnie.es
,https://www.roblox.com.pt/games/85800076296380/1-Speed-Keyboard-Escape-Underwater?privateServerLinkCode=99382535900423182128231632453729&game_id=85800076296380&game_name=1-Speed-Keyboard-Escape-Underwater,1,openphish,https://www.roblox.com.pt/games/85800076296380/1-Speed-Keyboard-Escape-Underwater?privateServerLinkCode=99382535900423182128231632453729&game_id=85800076296380&game_name=1-Speed-Keyboard-Escape-Underwater,roblox.com.pt
470.0,http://kwai.net/index.html?lang=en,0,tranco,http://kwai.net/index.html?lang=en,kwai.net
211.0,http://spo-msedge.net/blog/article-name-here,0,tranco,http://spo-msedge.net/blog/article-name-here,spo-msedge.net
4905.0,http://kayak.com,0,tranco,http://kayak.com,kayak.com
1475.0,http://www.rat.xxx/wp-content/uploads/image.jpg?utm_source=newsletter&utm_medium=email,0,tranco,http://www.rat.xxx/wp-content/uploads/image.jpg?utm_source=newsletter&utm_medium=email,rat.xxx
9843.0,http://qeseh.net/search,0,tranco,http://qeseh.net/search,qeseh.net
2152.0,http://amp-endpoint3.com/search?action=verify&token=abcxyz123abcxyz123abcxyz123abcxyz123abcxyz123abcxyz123abcxyz123abcxyz123,0,tranco,http://amp-endpoint3.com/search?action=verify&token=abcxyz123abcxyz123abcxyz123abcxyz123abcxyz123abcxyz123abcxyz123abcxyz123,amp-endpoint3.com
6502.0,http://aetna.com,0,tranco,http://aetna.com,aetna.com
9545.0,http://mangabuddy1.co.uk/blog/article-name-here?redirect_url=https%3A%2F%2Fexample.com%2Fdashboard&session_id=abcdef1234567890abcdef1234567890,0,tranco,http://mangabuddy1.co.uk/blog/article-name-here?redirect_url=https://example.com/dashboard&session_id=abcdef1234567890abcdef1234567890,mangabuddy1.co.uk
704.0,http://www.resolver.arpa/wp-content/uploads/image.jpg?token=abcxyz123,0,tranco,http://www.resolver.arpa/wp-content/uploads/image.jpg?token=abcxyz123,resolver.arpa
7444.0,http://lifo.gr/blog/article-name-here,0,tranco,http://lifo.gr/blog/article-name-here,lifo.gr
5990.0,http://mobileiron.com/search,0,tranco,http://mobileiron.com/search,mobileiron.com
9869.0,http://www.azureserv.com/assets/css/style.css,0,tranco,http://www.azureserv.com/assets/css/style.css,azureserv.com
6624.0,http://google.gy,0,tranco,http://google.gy,google.gy
3489.0,http://www.ksyna.net/search,0,tranco,http://www.ksyna.net/search,ksyna.net
5159.0,http://www.sitemaps.org/api/v1/users,0,tranco,http://www.sitemaps.org/api/v1/users,sitemaps.org
5976.0,http://www.mjedge.net/register,0,tranco,http://www.mjedge.net/register,mjedge.net
